{"type": "FeatureCollection", "features": [{"type": "Feature", "geometry": {"type": "Point", "coordinates": [78.1420027, 9.9267975]}, "properties": {"kind": "hospital", "name": "PAMC Hospital (Pandian Advanced Medical Centre)", "osm_id": 518947889, "osm_type": "node", "osm_tag": "amenity=hospital", "operator": ""}}, {"type": "Feature", "geometry": {"type": "Point", "coordinates": [78.1398805, 9.9212003]}, "properties": {"kind": "hospital", "name": "Aravind Eye Hospitals", "osm_id": 518991792, "osm_type": "node", "osm_tag": "amenity=hospital", "operator": ""}}, {"type": "Feature", "geometry": {"type": "Point", "coordinates": [78.146526, 9.9064636]}, "properties": {"kind": "school", "name": "Sourashtra Girls Higher Secondary School", "osm_id": 519011157, "osm_type": "node", "osm_tag": "amenity=school", "operator": ""}}, {"type": "Feature", "geometry": {"type": "Point", "coordinates": [78.1401058, 9.9317265]}, "properties": {"kind": "hospital", "name": "Government Vetinary Hospital", "osm_id": 519011232, "osm_type": "node", "osm_tag": "amenity=hospital", "operator": ""}}, {"type": "Feature", "geometry": {"type": "Point", "coordinates": [78.1394621, 9.9257407]}, "properties": {"kind": "school", "name": "MAVMM Matriculation School", "osm_id": 519011234, "osm_type": "node", "osm_tag": "amenity=school", "operator": ""}}, {"type": "Feature", "geometry": {"type": "Point", "coordinates": [78.148482, 9.9291508]}, "properties": {"kind": "hospital", "name": "Neomed Hospital", "osm_id": 690029213, "osm_type": "node", "osm_tag": "amenity=hospital", "operator": ""}}, {"type": "Feature", "geometry": {"type": "Point", "coordinates": [78.157954, 9.947238]}, "properties": {"kind": "hospital", "name": "Preethi Hospital", "osm_id": 2390492643, "osm_type": "node", "osm_tag": "amenity=hospital", "operator": ""}}, {"type": "Feature", "geometry": {"type": "Point", "coordinates": [78.1625426, 9.9484837]}, "properties": {"kind": "hospital", "name": "Meenakshi Mission Hospital", "osm_id": 2390495901, "osm_type": "node", "osm_tag": "amenity=hospital", "operator": ""}}, {"type": "Feature", "geometry": {"type": "Point", "coordinates": [78.1082564, 9.9025758]}, "properties": {"kind": "school", "name": "KACA Arunachalam Higher Secondary School", "osm_id": 2442777608, "osm_type": "node", "osm_tag": "amenity=school", "operator": ""}}, {"type": "Feature", "geometry": {"type": "Point", "coordinates": [78.1288792, 9.9539078]}, "properties": {"kind": "school", "name": "Balamandiram School", "osm_id": 2858491994, "osm_type": "node", "osm_tag": "amenity=school", "operator": ""}}, {"type": "Feature", "geometry": {"type": "Point", "coordinates": [78.136102, 9.9524657]}, "properties": {"kind": "hospital", "name": "Devi Hospital", "osm_id": 4239162594, "osm_type": "node", "osm_tag": "amenity=hospital", "operator": ""}}, {"type": "Feature", "geometry": {"type": "Point", "coordinates": [78.1647715, 9.9434826]}, "properties": {"kind": "hospital", "name": "Guru Hospital", "osm_id": 4501886621, "osm_type": "node", "osm_tag": "amenity=hospital", "operator": ""}}, {"type": "Feature", "geometry": {"type": "Point", "coordinates": [78.1359185, 9.9577464]}, "properties": {"kind": "school", "name": "", "osm_id": 4519221790, "osm_type": "node", "osm_tag": "amenity=school", "operator": ""}}, {"type": "Feature", "geometry": {"type": "Point", "coordinates": [78.1433993, 9.9068824]}, "properties": {"kind": "school", "name": "Prem school", "osm_id": 4603491701, "osm_type": "node", "osm_tag": "amenity=school", "operator": ""}}, {"type": "Feature", "geometry": {"type": "Point", "coordinates": [78.1494954, 9.9097265]}, "properties": {"kind": "school", "name": "S P V M school", "osm_id": 4603524292, "osm_type": "node", "osm_tag": "amenity=school", "operator": ""}}, {"type": "Feature", "geometry": {"type": "Point", "coordinates": [78.1465025, 9.9109923]}, "properties": {"kind": "school", "name": "S N V M M school", "osm_id": 4603529890, "osm_type": "node", "osm_tag": "amenity=school", "operator": ""}}, {"type": "Feature", "geometry": {"type": "Point", "coordinates": [78.1481971, 9.9088028]}, "properties": {"kind": "school", "name": "Thiagarajar Nursery and Primary School", "osm_id": 4603530989, "osm_type": "node", "osm_tag": "amenity=school", "operator": ""}}, {"type": "Feature", "geometry": {"type": "Point", "coordinates": [78.0143466, 9.8744346]}, "properties": {"kind": "college", "name": "P.T.R COLLEGE OF ENGINEERING AND TECHNOLOGY", "osm_id": 4742410322, "osm_type": "node", "osm_tag": "amenity=college", "operator": ""}}, {"type": "Feature", "geometry": {"type": "Point", "coordinates": [78.1578434, 9.9196714]}, "properties": {"kind": "school", "name": "Asoka nursery school", "osm_id": 4792942522, "osm_type": "node", "osm_tag": "amenity=school", "operator": ""}}, {"type": "Feature", "geometry": {"type": "Point", "coordinates": [78.1551085, 9.9275395]}, "properties": {"kind": "hospital", "name": "Golden Hospital, Madurai", "osm_id": 4881691515, "osm_type": "node", "osm_tag": "amenity=hospital", "operator": ""}}, {"type": "Feature", "geometry": {"type": "Point", "coordinates": [78.1505733, 9.9202211]}, "properties": {"kind": "school", "name": "", "osm_id": 4881692054, "osm_type": "node", "osm_tag": "amenity=school", "operator": ""}}, {"type": "Feature", "geometry": {"type": "Point", "coordinates": [78.1573518, 9.9261661]}, "properties": {"kind": "hospital", "name": "", "osm_id": 4881692096, "osm_type": "node", "osm_tag": "amenity=hospital", "operator": ""}}, {"type": "Feature", "geometry": {"type": "Point", "coordinates": [78.1386133, 9.984869]}, "properties": {"kind": "college", "name": "Yadava College", "osm_id": 5166900861, "osm_type": "node", "osm_tag": "amenity=college", "operator": ""}}, {"type": "Feature", "geometry": {"type": "Point", "coordinates": [77.9653911, 10.022662]}, "properties": {"kind": "rail_station", "name": "Sholavandan", "osm_id": 5338159678, "osm_type": "node", "osm_tag": "railway=station", "operator": "SR"}}, {"type": "Feature", "geometry": {"type": "Point", "coordinates": [78.0336061, 9.9820699]}, "properties": {"kind": "rail_station", "name": "Samayanallur", "osm_id": 5338159679, "osm_type": "node", "osm_tag": "railway=station", "operator": "SR"}}, {"type": "Feature", "geometry": {"type": "Point", "coordinates": [78.1051636, 9.9467225]}, "properties": {"kind": "rail_station", "name": "Kudalnagar", "osm_id": 5338159684, "osm_type": "node", "osm_tag": "railway=station", "operator": "SR"}}, {"type": "Feature", "geometry": {"type": "Point", "coordinates": [78.0651521, 9.8790903]}, "properties": {"kind": "rail_station", "name": "Tiruparankundram", "osm_id": 5338756137, "osm_type": "node", "osm_tag": "railway=station", "operator": "SR"}}, {"type": "Feature", "geometry": {"type": "Point", "coordinates": [77.9900393, 9.824236]}, "properties": {"kind": "rail_station", "name": "Tirumangalam", "osm_id": 5338756172, "osm_type": "node", "osm_tag": "railway=station", "operator": "SR"}}, {"type": "Feature", "geometry": {"type": "Point", "coordinates": [78.1345452, 9.9090767]}, "properties": {"kind": "rail_station", "name": "Madurai East", "osm_id": 5353573460, "osm_type": "node", "osm_tag": "railway=station", "operator": "SR"}}, {"type": "Feature", "geometry": {"type": "Point", "coordinates": [78.2010874, 9.8675104]}, "properties": {"kind": "rail_station", "name": "Silaiman", "osm_id": 5353573468, "osm_type": "node", "osm_tag": "railway=station", "operator": "SR"}}, {"type": "Feature", "geometry": {"type": "Point", "coordinates": [78.2594924, 9.8218179]}, "properties": {"kind": "rail_station", "name": "Tiruppuvanam", "osm_id": 5353573491, "osm_type": "node", "osm_tag": "railway=station", "operator": "SR"}}, {"type": "Feature", "geometry": {"type": "Point", "coordinates": [78.3446512, 9.773777]}, "properties": {"kind": "rail_station", "name": "Tiruppachetti", "osm_id": 5353573522, "osm_type": "node", "osm_tag": "railway=station", "operator": "SR"}}, {"type": "Feature", "geometry": {"type": "Point", "coordinates": [78.1401469, 9.9351831]}, "properties": {"kind": "school", "name": "subaraman memorial school", "osm_id": 5495422321, "osm_type": "node", "osm_tag": "amenity=school", "operator": ""}}, {"type": "Feature", "geometry": {"type": "Point", "coordinates": [78.1197898, 9.9116748]}, "properties": {"kind": "hospital", "name": "Vadamalaiyan hospital", "osm_id": 5893896785, "osm_type": "node", "osm_tag": "amenity=hospital", "operator": ""}}, {"type": "Feature", "geometry": {"type": "Point", "coordinates": [78.1430107, 9.9213756]}, "properties": {"kind": "hospital", "name": "Raksha Hospital", "osm_id": 6914280088, "osm_type": "node", "osm_tag": "amenity=hospital", "operator": ""}}, {"type": "Feature", "geometry": {"type": "Point", "coordinates": [78.0573799, 9.8811644]}, "properties": {"kind": "hospital", "name": "Manjarai Hospital", "osm_id": 6914764660, "osm_type": "node", "osm_tag": "amenity=hospital", "operator": ""}}, {"type": "Feature", "geometry": {"type": "Point", "coordinates": [78.0917959, 9.9340044]}, "properties": {"kind": "hospital", "name": "Vijaya Hospital, Madurai", "osm_id": 6914880526, "osm_type": "node", "osm_tag": "amenity=hospital", "operator": ""}}, {"type": "Feature", "geometry": {"type": "Point", "coordinates": [78.1424099, 9.9358857]}, "properties": {"kind": "hospital", "name": "Mohan's Medicity Hospital", "osm_id": 6914880564, "osm_type": "node", "osm_tag": "amenity=hospital", "operator": ""}}, {"type": "Feature", "geometry": {"type": "Point", "coordinates": [78.1170832, 9.9178708]}, "properties": {"kind": "clinic", "name": "Mohan Nursing Home, Madurai", "osm_id": 6914880579, "osm_type": "node", "osm_tag": "amenity=clinic", "operator": ""}}, {"type": "Feature", "geometry": {"type": "Point", "coordinates": [78.1409588, 9.9259886]}, "properties": {"kind": "hospital", "name": "Mithra Hospital", "osm_id": 6914894000, "osm_type": "node", "osm_tag": "amenity=hospital", "operator": ""}}, {"type": "Feature", "geometry": {"type": "Point", "coordinates": [78.1195521, 9.8945704]}, "properties": {"kind": "hospital", "name": "Meenakshi Sugam Hospital", "osm_id": 6914894017, "osm_type": "node", "osm_tag": "amenity=hospital", "operator": ""}}, {"type": "Feature", "geometry": {"type": "Point", "coordinates": [78.1041764, 9.9175022]}, "properties": {"kind": "hospital", "name": "Quality Care Hospital", "osm_id": 6914896236, "osm_type": "node", "osm_tag": "amenity=hospital", "operator": ""}}, {"type": "Feature", "geometry": {"type": "Point", "coordinates": [78.1428216, 9.9487954]}, "properties": {"kind": "hospital", "name": "Leonard Hospital, Madurai", "osm_id": 6914917459, "osm_type": "node", "osm_tag": "amenity=hospital", "operator": ""}}, {"type": "Feature", "geometry": {"type": "Point", "coordinates": [78.1299752, 9.9428234]}, "properties": {"kind": "hospital", "name": "Vadamalayan Hospitals, Chokkikulam", "osm_id": 6914927163, "osm_type": "node", "osm_tag": "amenity=hospital", "operator": ""}}, {"type": "Feature", "geometry": {"type": "Point", "coordinates": [78.1411332, 9.9414153]}, "properties": {"kind": "clinic", "name": "Sri Omsakthi Clinic", "osm_id": 6914957596, "osm_type": "node", "osm_tag": "amenity=clinic", "operator": ""}}, {"type": "Feature", "geometry": {"type": "Point", "coordinates": [78.1466813, 9.918032]}, "properties": {"kind": "hospital", "name": "Balaji Hospital, Anna Nagar", "osm_id": 6915182454, "osm_type": "node", "osm_tag": "amenity=hospital", "operator": ""}}, {"type": "Feature", "geometry": {"type": "Point", "coordinates": [78.0624036, 9.8809556]}, "properties": {"kind": "hospital", "name": "Vasan Eye Care Hospital, Thirunagar,Madurai", "osm_id": 6916170044, "osm_type": "node", "osm_tag": "amenity=hospital", "operator": ""}}, {"type": "Feature", "geometry": {"type": "Point", "coordinates": [78.1541292, 9.9579038]}, "properties": {"kind": "hospital", "name": "Devadoss Multispeciality Hospital", "osm_id": 6926045317, "osm_type": "node", "osm_tag": "amenity=hospital", "operator": ""}}, {"type": "Feature", "geometry": {"type": "Point", "coordinates": [78.1060284, 9.905298]}, "properties": {"kind": "clinic", "name": "Gowri Nursing Home", "osm_id": 6926049962, "osm_type": "node", "osm_tag": "amenity=clinic", "operator": ""}}, {"type": "Feature", "geometry": {"type": "Point", "coordinates": [78.0943602, 9.9013802]}, "properties": {"kind": "clinic", "name": "Nithilaa Nursing Home", "osm_id": 6926183078, "osm_type": "node", "osm_tag": "amenity=clinic", "operator": ""}}, {"type": "Feature", "geometry": {"type": "Point", "coordinates": [78.154154, 9.9190228]}, "properties": {"kind": "hospital", "name": "Habiba Speciality Hospital", "osm_id": 6926437439, "osm_type": "node", "osm_tag": "amenity=hospital", "operator": ""}}, {"type": "Feature", "geometry": {"type": "Point", "coordinates": [78.1333159, 9.914115]}, "properties": {"kind": "hospital", "name": "Guna Sundari Bose Hospital", "osm_id": 6926437455, "osm_type": "node", "osm_tag": "amenity=hospital", "operator": ""}}, {"type": "Feature", "geometry": {"type": "Point", "coordinates": [78.1147201, 9.9255474]}, "properties": {"kind": "clinic", "name": "Harley Rram Nursing Home", "osm_id": 6926973390, "osm_type": "node", "osm_tag": "amenity=clinic", "operator": ""}}, {"type": "Feature", "geometry": {"type": "Point", "coordinates": [78.1086101, 9.8724258]}, "properties": {"kind": "hospital", "name": "Harshitha Hospital, Virudhunagar", "osm_id": 6926984476, "osm_type": "node", "osm_tag": "amenity=hospital", "operator": ""}}, {"type": "Feature", "geometry": {"type": "Point", "coordinates": [78.1213801, 9.9002236]}, "properties": {"kind": "clinic", "name": "Saroja Poly Clinic", "osm_id": 6927322289, "osm_type": "node", "osm_tag": "amenity=clinic", "operator": ""}}, {"type": "Feature", "geometry": {"type": "Point", "coordinates": [78.1273808, 9.9498205]}, "properties": {"kind": "hospital", "name": "Amba Hospital", "osm_id": 6927358307, "osm_type": "node", "osm_tag": "amenity=hospital", "operator": ""}}, {"type": "Feature", "geometry": {"type": "Point", "coordinates": [78.1255804, 9.9372291]}, "properties": {"kind": "hospital", "name": "Akshayaa Hospitals", "osm_id": 6927604831, "osm_type": "node", "osm_tag": "amenity=hospital", "operator": ""}}, {"type": "Feature", "geometry": {"type": "Point", "coordinates": [78.1095073, 9.9325924]}, "properties": {"kind": "hospital", "name": "Santhya Hospitals", "osm_id": 6927702286, "osm_type": "node", "osm_tag": "amenity=hospital", "operator": ""}}, {"type": "Feature", "geometry": {"type": "Point", "coordinates": [77.9897976, 9.8277052]}, "properties": {"kind": "hospital", "name": "SKG Hospital, Madurai", "osm_id": 6928514011, "osm_type": "node", "osm_tag": "amenity=hospital", "operator": ""}}, {"type": "Feature", "geometry": {"type": "Point", "coordinates": [78.1327808, 9.9256637]}, "properties": {"kind": "hospital", "name": "Venkateswara Hospital, Madurai", "osm_id": 6928682353, "osm_type": "node", "osm_tag": "amenity=hospital", "operator": ""}}, {"type": "Feature", "geometry": {"type": "Point", "coordinates": [78.1405404, 9.925953]}, "properties": {"kind": "clinic", "name": "Sri Harsha Ent Centre", "osm_id": 6928812925, "osm_type": "node", "osm_tag": "amenity=clinic", "operator": ""}}, {"type": "Feature", "geometry": {"type": "Point", "coordinates": [78.1074862, 9.906092]}, "properties": {"kind": "hospital", "name": "Dr. Chidhambaram Memorial Hospital", "osm_id": 6928920474, "osm_type": "node", "osm_tag": "amenity=hospital", "operator": ""}}, {"type": "Feature", "geometry": {"type": "Point", "coordinates": [78.1359941, 9.9662327]}, "properties": {"kind": "hospital", "name": "Bgm Hospital", "osm_id": 6929359079, "osm_type": "node", "osm_tag": "amenity=hospital", "operator": ""}}, {"type": "Feature", "geometry": {"type": "Point", "coordinates": [78.1278871, 9.9396359]}, "properties": {"kind": "hospital", "name": "Andrews Hospital", "osm_id": 6929398067, "osm_type": "node", "osm_tag": "amenity=hospital", "operator": ""}}, {"type": "Feature", "geometry": {"type": "Point", "coordinates": [78.1160666, 9.9211827]}, "properties": {"kind": "hospital", "name": "Vinayagam Laser Hospital, Madurai", "osm_id": 6929421326, "osm_type": "node", "osm_tag": "amenity=hospital", "operator": ""}}, {"type": "Feature", "geometry": {"type": "Point", "coordinates": [78.0517184, 9.8874744]}, "properties": {"kind": "clinic", "name": "Anto Nursing Home", "osm_id": 6931785948, "osm_type": "node", "osm_tag": "amenity=clinic", "operator": ""}}, {"type": "Feature", "geometry": {"type": "Point", "coordinates": [78.1260337, 9.9381168]}, "properties": {"kind": "clinic", "name": "Siva Polyclinic and S L Hospital", "osm_id": 6932075314, "osm_type": "node", "osm_tag": "amenity=clinic", "operator": ""}}, {"type": "Feature", "geometry": {"type": "Point", "coordinates": [78.1428887, 9.9235804]}, "properties": {"kind": "hospital", "name": "Rajeev Hospital", "osm_id": 6932142097, "osm_type": "node", "osm_tag": "amenity=hospital", "operator": ""}}, {"type": "Feature", "geometry": {"type": "Point", "coordinates": [78.1131363, 9.9161732]}, "properties": {"kind": "clinic", "name": "Visaka Poly Clinic", "osm_id": 6932160287, "osm_type": "node", "osm_tag": "amenity=clinic", "operator": ""}}, {"type": "Feature", "geometry": {"type": "Point", "coordinates": [78.1197037, 9.898954]}, "properties": {"kind": "hospital", "name": "Ramanie Hospitals", "osm_id": 6932212794, "osm_type": "node", "osm_tag": "amenity=hospital", "operator": ""}}, {"type": "Feature", "geometry": {"type": "Point", "coordinates": [78.0904515, 9.8983423]}, "properties": {"kind": "hospital", "name": "Lakshmana Hospital", "osm_id": 6932938793, "osm_type": "node", "osm_tag": "amenity=hospital", "operator": ""}}, {"type": "Feature", "geometry": {"type": "Point", "coordinates": [78.1483778, 9.9526208]}, "properties": {"kind": "hospital", "name": "J.K. Hospital, Madurai", "osm_id": 6933010481, "osm_type": "node", "osm_tag": "amenity=hospital", "operator": ""}}, {"type": "Feature", "geometry": {"type": "Point", "coordinates": [78.0974132, 9.9046982]}, "properties": {"kind": "hospital", "name": "Ns Hospital", "osm_id": 6933036788, "osm_type": "node", "osm_tag": "amenity=hospital", "operator": ""}}, {"type": "Feature", "geometry": {"type": "Point", "coordinates": [78.1234387, 9.9113077]}, "properties": {"kind": "hospital", "name": "Infant Jesus and Jesus Vineyard Hospitals", "osm_id": 6933038546, "osm_type": "node", "osm_tag": "amenity=hospital", "operator": ""}}, {"type": "Feature", "geometry": {"type": "Point", "coordinates": [78.1370629, 9.9671995]}, "properties": {"kind": "hospital", "name": "Indira Hospital, Madurai", "osm_id": 6933038561, "osm_type": "node", "osm_tag": "amenity=hospital", "operator": ""}}, {"type": "Feature", "geometry": {"type": "Point", "coordinates": [78.0955034, 9.9286096]}, "properties": {"kind": "hospital", "name": "Vasan Eye Care Hospital, Madurai", "osm_id": 6933105717, "osm_type": "node", "osm_tag": "amenity=hospital", "operator": ""}}, {"type": "Feature", "geometry": {"type": "Point", "coordinates": [78.157669, 9.9647031]}, "properties": {"kind": "hospital", "name": "Shenbagam Hospitals Pvt. Ltd", "osm_id": 6933118659, "osm_type": "node", "osm_tag": "amenity=hospital", "operator": ""}}, {"type": "Feature", "geometry": {"type": "Point", "coordinates": [78.1345712, 9.9171707]}, "properties": {"kind": "hospital", "name": "Jeyan Hospital", "osm_id": 6933510867, "osm_type": "node", "osm_tag": "amenity=hospital", "operator": ""}}, {"type": "Feature", "geometry": {"type": "Point", "coordinates": [78.1454006, 9.9363004]}, "properties": {"kind": "hospital", "name": "A.R. Hospital (P) Ltd", "osm_id": 6933757125, "osm_type": "node", "osm_tag": "amenity=hospital", "operator": ""}}, {"type": "Feature", "geometry": {"type": "Point", "coordinates": [78.1001759, 9.9263044]}, "properties": {"kind": "hospital", "name": "S.K.V. Hospital", "osm_id": 6933833944, "osm_type": "node", "osm_tag": "amenity=hospital", "operator": ""}}, {"type": "Feature", "geometry": {"type": "Point", "coordinates": [78.1455106, 9.938023]}, "properties": {"kind": "hospital", "name": "Madurai Institute Of Orthopaedics And Traumatology", "osm_id": 6933878264, "osm_type": "node", "osm_tag": "amenity=hospital", "operator": ""}}, {"type": "Feature", "geometry": {"type": "Point", "coordinates": [78.1435874, 9.9841405]}, "properties": {"kind": "hospital", "name": "Neuroscience Hospital", "osm_id": 6933983091, "osm_type": "node", "osm_tag": "amenity=hospital", "operator": ""}}, {"type": "Feature", "geometry": {"type": "Point", "coordinates": [78.1015572, 9.9069388]}, "properties": {"kind": "hospital", "name": "Ganga Hospital", "osm_id": 6933990368, "osm_type": "node", "osm_tag": "amenity=hospital", "operator": ""}}, {"type": "Feature", "geometry": {"type": "Point", "coordinates": [78.1216376, 9.9107093]}, "properties": {"kind": "hospital", "name": "Anand Elumalai Hospital", "osm_id": 6933999017, "osm_type": "node", "osm_tag": "amenity=hospital", "operator": ""}}, {"type": "Feature", "geometry": {"type": "Point", "coordinates": [78.0607474, 9.8764912]}, "properties": {"kind": "clinic", "name": "Vijay Nursing Home,Madurai", "osm_id": 6934018807, "osm_type": "node", "osm_tag": "amenity=clinic", "operator": ""}}, {"type": "Feature", "geometry": {"type": "Point", "coordinates": [78.1154416, 9.925373]}, "properties": {"kind": "hospital", "name": "Muthu Hospital", "osm_id": 6934210818, "osm_type": "node", "osm_tag": "amenity=hospital", "operator": ""}}, {"type": "Feature", "geometry": {"type": "Point", "coordinates": [78.1442955, 9.9232779]}, "properties": {"kind": "hospital", "name": "Karthik Hospital, Madurai", "osm_id": 6934240367, "osm_type": "node", "osm_tag": "amenity=hospital", "operator": ""}}, {"type": "Feature", "geometry": {"type": "Point", "coordinates": [78.1477743, 9.919394]}, "properties": {"kind": "clinic", "name": "Anitha Nursing Home", "osm_id": 6934270990, "osm_type": "node", "osm_tag": "amenity=clinic", "operator": ""}}, {"type": "Feature", "geometry": {"type": "Point", "coordinates": [78.107786, 9.9062565]}, "properties": {"kind": "clinic", "name": "Nandhini Nursing Home", "osm_id": 6934340602, "osm_type": "node", "osm_tag": "amenity=clinic", "operator": ""}}, {"type": "Feature", "geometry": {"type": "Point", "coordinates": [78.1190512, 9.898485]}, "properties": {"kind": "clinic", "name": "O.R.V. Clinic", "osm_id": 6934340685, "osm_type": "node", "osm_tag": "amenity=clinic", "operator": ""}}, {"type": "Feature", "geometry": {"type": "Point", "coordinates": [78.1372292, 9.9226596]}, "properties": {"kind": "hospital", "name": "Ohm Sai Hospital", "osm_id": 6934340690, "osm_type": "node", "osm_tag": "amenity=hospital", "operator": ""}}, {"type": "Feature", "geometry": {"type": "Point", "coordinates": [78.1470689, 9.9500318]}, "properties": {"kind": "hospital", "name": "Om Sakthi Hospital, Madurai", "osm_id": 6934340705, "osm_type": "node", "osm_tag": "amenity=hospital", "operator": ""}}, {"type": "Feature", "geometry": {"type": "Point", "coordinates": [78.105789, 9.9068714]}, "properties": {"kind": "hospital", "name": "Padmalaya Medical Centre Pvt Ltd", "osm_id": 6934340761, "osm_type": "node", "osm_tag": "amenity=hospital", "operator": ""}}, {"type": "Feature", "geometry": {"type": "Point", "coordinates": [78.148874, 9.9199528]}, "properties": {"kind": "clinic", "name": "Anu Nursing Home", "osm_id": 6934347094, "osm_type": "node", "osm_tag": "amenity=clinic", "operator": ""}}, {"type": "Feature", "geometry": {"type": "Point", "coordinates": [78.1425132, 9.9350693]}, "properties": {"kind": "hospital", "name": "Taj Hospital and Dheep Clinic", "osm_id": 6934498994, "osm_type": "node", "osm_tag": "amenity=hospital", "operator": ""}}, {"type": "Feature", "geometry": {"type": "Point", "coordinates": [78.1588237, 9.9259926]}, "properties": {"kind": "hospital", "name": "Shastha Dialysis Center", "osm_id": 6934613566, "osm_type": "node", "osm_tag": "amenity=hospital", "operator": ""}}, {"type": "Feature", "geometry": {"type": "Point", "coordinates": [78.1381848, 9.9229404]}, "properties": {"kind": "hospital", "name": "Asirvatham Speciality Hospital", "osm_id": 6936135399, "osm_type": "node", "osm_tag": "amenity=hospital", "operator": ""}}, {"type": "Feature", "geometry": {"type": "Point", "coordinates": [78.1297224, 9.9344121]}, "properties": {"kind": "hospital", "name": "Fenn Hospital", "osm_id": 6936287951, "osm_type": "node", "osm_tag": "amenity=hospital", "operator": ""}}, {"type": "Feature", "geometry": {"type": "Point", "coordinates": [77.9870577, 9.8264181]}, "properties": {"kind": "hospital", "name": "Suma Hospital", "osm_id": 6936310670, "osm_type": "node", "osm_tag": "amenity=hospital", "operator": ""}}, {"type": "Feature", "geometry": {"type": "Point", "coordinates": [78.1446254, 9.9208987]}, "properties": {"kind": "hospital", "name": "Sumathi Hospital And Institute Of Super Specialities", "osm_id": 6936310675, "osm_type": "node", "osm_tag": "amenity=hospital", "operator": ""}}, {"type": "Feature", "geometry": {"type": "Point", "coordinates": [78.1005648, 9.9320191]}, "properties": {"kind": "hospital", "name": "Thembavani Hospital", "osm_id": 6936332749, "osm_type": "node", "osm_tag": "amenity=hospital", "operator": ""}}, {"type": "Feature", "geometry": {"type": "Point", "coordinates": [78.0567133, 9.8814616]}, "properties": {"kind": "hospital", "name": "Tirunagar Hospital", "osm_id": 6936332883, "osm_type": "node", "osm_tag": "amenity=hospital", "operator": ""}}, {"type": "Feature", "geometry": {"type": "Point", "coordinates": [78.1492368, 9.9211001]}, "properties": {"kind": "hospital", "name": "R.R Hospital", "osm_id": 6936339706, "osm_type": "node", "osm_tag": "amenity=hospital", "operator": ""}}, {"type": "Feature", "geometry": {"type": "Point", "coordinates": [78.1184893, 9.9115759]}, "properties": {"kind": "clinic", "name": "Rajan Clinic", "osm_id": 6936339748, "osm_type": "node", "osm_tag": "amenity=clinic", "operator": ""}}, {"type": "Feature", "geometry": {"type": "Point", "coordinates": [78.1478682, 9.9565255]}, "properties": {"kind": "hospital", "name": "St.Mary Of Leuca Hospital", "osm_id": 6936359686, "osm_type": "node", "osm_tag": "amenity=hospital", "operator": ""}}, {"type": "Feature", "geometry": {"type": "Point", "coordinates": [78.0952634, 9.9042398]}, "properties": {"kind": "hospital", "name": "L.P. Hospital", "osm_id": 6936359956, "osm_type": "node", "osm_tag": "amenity=hospital", "operator": ""}}, {"type": "Feature", "geometry": {"type": "Point", "coordinates": [78.1260974, 9.9347522]}, "properties": {"kind": "hospital", "name": "Karpagam Hospital", "osm_id": 6936494384, "osm_type": "node", "osm_tag": "amenity=hospital", "operator": ""}}, {"type": "Feature", "geometry": {"type": "Point", "coordinates": [78.1382619, 9.9139076]}, "properties": {"kind": "hospital", "name": "Kiruba Hospital and Kiruba Diabetess Centre", "osm_id": 6936561457, "osm_type": "node", "osm_tag": "amenity=hospital", "operator": ""}}, {"type": "Feature", "geometry": {"type": "Point", "coordinates": [78.1255046, 9.9414272]}, "properties": {"kind": "hospital", "name": "Saravana Hospitals, Madurai", "osm_id": 6936566484, "osm_type": "node", "osm_tag": "amenity=hospital", "operator": ""}}, {"type": "Feature", "geometry": {"type": "Point", "coordinates": [77.987287, 9.8228463]}, "properties": {"kind": "hospital", "name": "Vigneshwar Hospital", "osm_id": 6936663144, "osm_type": "node", "osm_tag": "amenity=hospital", "operator": ""}}, {"type": "Feature", "geometry": {"type": "Point", "coordinates": [78.1488901, 9.9207837]}, "properties": {"kind": "hospital", "name": "Vasan Eye Care Hospital, Anna Nagar", "osm_id": 6936663181, "osm_type": "node", "osm_tag": "amenity=hospital", "operator": ""}}, {"type": "Feature", "geometry": {"type": "Point", "coordinates": [78.1411265, 9.921439]}, "properties": {"kind": "hospital", "name": "Vikram Hospital and New Vikram Hospital", "osm_id": 6936695138, "osm_type": "node", "osm_tag": "amenity=hospital", "operator": ""}}, {"type": "Feature", "geometry": {"type": "Point", "coordinates": [78.1140697, 9.9229939]}, "properties": {"kind": "hospital", "name": "VN Neuro Hospital and Vn Neuro Center", "osm_id": 6936695189, "osm_type": "node", "osm_tag": "amenity=hospital", "operator": ""}}, {"type": "Feature", "geometry": {"type": "Point", "coordinates": [78.1062001, 9.931422]}, "properties": {"kind": "hospital", "name": "Subam Hospital, Madurai", "osm_id": 6936695200, "osm_type": "node", "osm_tag": "amenity=hospital", "operator": ""}}, {"type": "Feature", "geometry": {"type": "Point", "coordinates": [78.11884, 9.9248843]}, "properties": {"kind": "hospital", "name": "V N Neuro Care Centre and Hospital", "osm_id": 6936696202, "osm_type": "node", "osm_tag": "amenity=hospital", "operator": ""}}, {"type": "Feature", "geometry": {"type": "Point", "coordinates": [78.1434533, 9.9268962]}, "properties": {"kind": "hospital", "name": "Madurai City Hospital", "osm_id": 6936708016, "osm_type": "node", "osm_tag": "amenity=hospital", "operator": ""}}, {"type": "Feature", "geometry": {"type": "Point", "coordinates": [78.1489693, 9.9224443]}, "properties": {"kind": "hospital", "name": "\u0b8e\u0bb8\u0bcd \u0baa\u0bbf \u0bae\u0bb0\u0bc1\u0ba4\u0bcd\u0ba4\u0bc1\u0bb5\u0bae\u0ba9\u0bc8", "osm_id": 6936708995, "osm_type": "node", "osm_tag": "amenity=hospital", "operator": ""}}, {"type": "Feature", "geometry": {"type": "Point", "coordinates": [78.1200148, 9.9104173]}, "properties": {"kind": "hospital", "name": "Chandra Hospital", "osm_id": 6936709076, "osm_type": "node", "osm_tag": "amenity=hospital", "operator": ""}}, {"type": "Feature", "geometry": {"type": "Point", "coordinates": [78.1342573, 9.935562]}, "properties": {"kind": "clinic", "name": "Booma Nursing Home", "osm_id": 6936709096, "osm_type": "node", "osm_tag": "amenity=clinic", "operator": ""}}, {"type": "Feature", "geometry": {"type": "Point", "coordinates": [78.1322095, 9.9179408]}, "properties": {"kind": "hospital", "name": "Krithika Hospital", "osm_id": 6936709116, "osm_type": "node", "osm_tag": "amenity=hospital", "operator": ""}}, {"type": "Feature", "geometry": {"type": "Point", "coordinates": [78.1277597, 9.9288566]}, "properties": {"kind": "hospital", "name": "Srinivasa Hi-Tech Multi Speciality Hospital, Madurai", "osm_id": 6936752624, "osm_type": "node", "osm_tag": "amenity=hospital", "operator": ""}}, {"type": "Feature", "geometry": {"type": "Point", "coordinates": [78.1436424, 9.9270072]}, "properties": {"kind": "hospital", "name": "Abhiram Hospital Childrens Hospital and Vaccination", "osm_id": 6936988337, "osm_type": "node", "osm_tag": "amenity=hospital", "operator": ""}}, {"type": "Feature", "geometry": {"type": "Point", "coordinates": [78.3345392, 10.0309302]}, "properties": {"kind": "hospital", "name": "Dr Raos Services Hospital", "osm_id": 6937041437, "osm_type": "node", "osm_tag": "amenity=hospital", "operator": ""}}, {"type": "Feature", "geometry": {"type": "Point", "coordinates": [78.1271461, 9.9416266]}, "properties": {"kind": "hospital", "name": "Karunai Hospital", "osm_id": 6937478310, "osm_type": "node", "osm_tag": "amenity=hospital", "operator": ""}}, {"type": "Feature", "geometry": {"type": "Point", "coordinates": [78.1256247, 9.9157056]}, "properties": {"kind": "hospital", "name": "Saraswathi Eye Hospital and Research Centre", "osm_id": 6937498375, "osm_type": "node", "osm_tag": "amenity=hospital", "operator": ""}}, {"type": "Feature", "geometry": {"type": "Point", "coordinates": [78.1333676, 9.9600054]}, "properties": {"kind": "hospital", "name": "Ponni Hospital & Fertility And Research Centre", "osm_id": 6937550306, "osm_type": "node", "osm_tag": "amenity=hospital", "operator": ""}}, {"type": "Feature", "geometry": {"type": "Point", "coordinates": [78.0575944, 9.8832823]}, "properties": {"kind": "hospital", "name": "Jaya Hospital, Madurai", "osm_id": 6950339734, "osm_type": "node", "osm_tag": "amenity=hospital", "operator": ""}}, {"type": "Feature", "geometry": {"type": "Point", "coordinates": [78.1374639, 9.9244589]}, "properties": {"kind": "hospital", "name": "Ahana Hospitals", "osm_id": 7181557648, "osm_type": "node", "osm_tag": "amenity=hospital", "operator": ""}}, {"type": "Feature", "geometry": {"type": "Point", "coordinates": [78.1392731, 9.9240771]}, "properties": {"kind": "hospital", "name": "Arthur Asirvatham Hospital", "osm_id": 7181812945, "osm_type": "node", "osm_tag": "amenity=hospital", "operator": ""}}, {"type": "Feature", "geometry": {"type": "Point", "coordinates": [78.1149857, 9.9234022]}, "properties": {"kind": "hospital", "name": "Sri Rama Chandra Hospital", "osm_id": 7210861807, "osm_type": "node", "osm_tag": "amenity=hospital", "operator": ""}}, {"type": "Feature", "geometry": {"type": "Point", "coordinates": [78.124712, 9.9156072]}, "properties": {"kind": "clinic", "name": "Rajam Clinic", "osm_id": 7210861831, "osm_type": "node", "osm_tag": "amenity=clinic", "operator": ""}}, {"type": "Feature", "geometry": {"type": "Point", "coordinates": [78.1190044, 9.92495]}, "properties": {"kind": "hospital", "name": "Muthuvel Rajan Hospital", "osm_id": 7210861836, "osm_type": "node", "osm_tag": "amenity=hospital", "operator": ""}}, {"type": "Feature", "geometry": {"type": "Point", "coordinates": [78.1435794, 9.9238037]}, "properties": {"kind": "hospital", "name": "Shenbegam Hospital", "osm_id": 7252177838, "osm_type": "node", "osm_tag": "amenity=hospital", "operator": ""}}, {"type": "Feature", "geometry": {"type": "Point", "coordinates": [78.057386, 9.879442]}, "properties": {"kind": "hospital", "name": "Gowtham Hospitals", "osm_id": 7252177839, "osm_type": "node", "osm_tag": "amenity=hospital", "operator": ""}}, {"type": "Feature", "geometry": {"type": "Point", "coordinates": [78.099235, 9.914701]}, "properties": {"kind": "hospital", "name": "Sakthi Hospital", "osm_id": 7252177840, "osm_type": "node", "osm_tag": "amenity=hospital", "operator": ""}}, {"type": "Feature", "geometry": {"type": "Point", "coordinates": [78.139696, 9.933019]}, "properties": {"kind": "hospital", "name": "Bright Hospital", "osm_id": 7252177841, "osm_type": "node", "osm_tag": "amenity=hospital", "operator": ""}}, {"type": "Feature", "geometry": {"type": "Point", "coordinates": [78.1883014, 9.9028146]}, "properties": {"kind": "hospital", "name": "Government Hospital", "osm_id": 7252177846, "osm_type": "node", "osm_tag": "amenity=hospital", "operator": ""}}, {"type": "Feature", "geometry": {"type": "Point", "coordinates": [78.175138, 9.939848]}, "properties": {"kind": "hospital", "name": "Shastha Kidney And Multispeciality Hospital", "osm_id": 7252177848, "osm_type": "node", "osm_tag": "amenity=hospital", "operator": ""}}, {"type": "Feature", "geometry": {"type": "Point", "coordinates": [78.185059, 9.844083]}, "properties": {"kind": "hospital", "name": "Government Hospital, Kondagai", "osm_id": 7252177850, "osm_type": "node", "osm_tag": "amenity=hospital", "operator": ""}}, {"type": "Feature", "geometry": {"type": "Point", "coordinates": [78.1043613, 9.9183299]}, "properties": {"kind": "hospital", "name": "Grace Hospital", "osm_id": 7252177851, "osm_type": "node", "osm_tag": "amenity=hospital", "operator": ""}}, {"type": "Feature", "geometry": {"type": "Point", "coordinates": [78.118013, 9.917528]}, "properties": {"kind": "hospital", "name": "Jeya Raj Hospital", "osm_id": 7252177852, "osm_type": "node", "osm_tag": "amenity=hospital", "operator": ""}}, {"type": "Feature", "geometry": {"type": "Point", "coordinates": [77.985609, 9.825613]}, "properties": {"kind": "hospital", "name": "Sivam Hospital", "osm_id": 7252177853, "osm_type": "node", "osm_tag": "amenity=hospital", "operator": ""}}, {"type": "Feature", "geometry": {"type": "Point", "coordinates": [78.1214825, 9.9236629]}, "properties": {"kind": "hospital", "name": "S.S. Hospital", "osm_id": 7252177855, "osm_type": "node", "osm_tag": "amenity=hospital", "operator": ""}}, {"type": "Feature", "geometry": {"type": "Point", "coordinates": [78.0998905, 9.9212771]}, "properties": {"kind": "hospital", "name": "Sundaram Hospital", "osm_id": 7252177859, "osm_type": "node", "osm_tag": "amenity=hospital", "operator": ""}}, {"type": "Feature", "geometry": {"type": "Point", "coordinates": [78.1467176, 9.923737]}, "properties": {"kind": "hospital", "name": "Sumathi Hospital,Anna Nagar,Madurai", "osm_id": 7252177866, "osm_type": "node", "osm_tag": "amenity=hospital", "operator": ""}}, {"type": "Feature", "geometry": {"type": "Point", "coordinates": [78.126468, 9.953659]}, "properties": {"kind": "clinic", "name": "Dinesh Nursing Home", "osm_id": 7252177867, "osm_type": "node", "osm_tag": "amenity=clinic", "operator": ""}}, {"type": "Feature", "geometry": {"type": "Point", "coordinates": [78.066615, 9.8788769]}, "properties": {"kind": "hospital", "name": "Thirupparankundrum Government Hospital", "osm_id": 7252177868, "osm_type": "node", "osm_tag": "amenity=hospital", "operator": ""}}, {"type": "Feature", "geometry": {"type": "Point", "coordinates": [78.1196547, 9.9117135]}, "properties": {"kind": "clinic", "name": "Ganesh Nursing Home", "osm_id": 7252177869, "osm_type": "node", "osm_tag": "amenity=clinic", "operator": ""}}, {"type": "Feature", "geometry": {"type": "Point", "coordinates": [78.0964222, 9.928607]}, "properties": {"kind": "hospital", "name": "Arasi Hospital", "osm_id": 7252177872, "osm_type": "node", "osm_tag": "amenity=hospital", "operator": ""}}, {"type": "Feature", "geometry": {"type": "Point", "coordinates": [78.1274045, 9.942696]}, "properties": {"kind": "hospital", "name": "Karunai Hospital", "osm_id": 7252177874, "osm_type": "node", "osm_tag": "amenity=hospital", "operator": ""}}, {"type": "Feature", "geometry": {"type": "Point", "coordinates": [78.1314755, 9.9362053]}, "properties": {"kind": "clinic", "name": "R.K Gut Clinic", "osm_id": 7252177878, "osm_type": "node", "osm_tag": "amenity=clinic", "operator": ""}}, {"type": "Feature", "geometry": {"type": "Point", "coordinates": [77.986555, 9.8254401]}, "properties": {"kind": "hospital", "name": "Government Hospital, Tirumangalam", "osm_id": 7252177882, "osm_type": "node", "osm_tag": "amenity=hospital", "operator": ""}}, {"type": "Feature", "geometry": {"type": "Point", "coordinates": [78.097006, 9.916351]}, "properties": {"kind": "hospital", "name": "Life Care Hospitals", "osm_id": 7252177883, "osm_type": "node", "osm_tag": "amenity=hospital", "operator": ""}}, {"type": "Feature", "geometry": {"type": "Point", "coordinates": [78.148546, 9.92007]}, "properties": {"kind": "clinic", "name": "Osho Clinic", "osm_id": 7252177888, "osm_type": "node", "osm_tag": "amenity=clinic", "operator": ""}}, {"type": "Feature", "geometry": {"type": "Point", "coordinates": [78.1425622, 9.9442065]}, "properties": {"kind": "hospital", "name": "Aroma Hospital", "osm_id": 7252177889, "osm_type": "node", "osm_tag": "amenity=hospital", "operator": ""}}, {"type": "Feature", "geometry": {"type": "Point", "coordinates": [78.1134833, 9.9252562]}, "properties": {"kind": "hospital", "name": "Sri Krishna Children's Hospital", "osm_id": 7252177894, "osm_type": "node", "osm_tag": "amenity=hospital", "operator": ""}}, {"type": "Feature", "geometry": {"type": "Point", "coordinates": [78.1312982, 9.9128824]}, "properties": {"kind": "hospital", "name": "Government Hospital, Balarengapuram", "osm_id": 7252177896, "osm_type": "node", "osm_tag": "amenity=hospital", "operator": ""}}, {"type": "Feature", "geometry": {"type": "Point", "coordinates": [78.1457357, 9.9348695]}, "properties": {"kind": "hospital", "name": "Mohan Medicity Hospital", "osm_id": 7252177897, "osm_type": "node", "osm_tag": "amenity=hospital", "operator": ""}}, {"type": "Feature", "geometry": {"type": "Point", "coordinates": [78.1096085, 9.9290073]}, "properties": {"kind": "hospital", "name": "Pandian Heart Institute", "osm_id": 7252177899, "osm_type": "node", "osm_tag": "amenity=hospital", "operator": ""}}, {"type": "Feature", "geometry": {"type": "Point", "coordinates": [77.969804, 9.941032]}, "properties": {"kind": "hospital", "name": "Government Hospital", "osm_id": 7252177902, "osm_type": "node", "osm_tag": "amenity=hospital", "operator": ""}}, {"type": "Feature", "geometry": {"type": "Point", "coordinates": [78.1188461, 9.9350427]}, "properties": {"kind": "hospital", "name": "Sellur,Government Maternity Hospital", "osm_id": 7252177903, "osm_type": "node", "osm_tag": "amenity=hospital", "operator": ""}}, {"type": "Feature", "geometry": {"type": "Point", "coordinates": [78.0976752, 9.9255099]}, "properties": {"kind": "hospital", "name": "Jaisee Hospital", "osm_id": 7252177915, "osm_type": "node", "osm_tag": "amenity=hospital", "operator": ""}}, {"type": "Feature", "geometry": {"type": "Point", "coordinates": [78.1414965, 9.9242414]}, "properties": {"kind": "hospital", "name": "J.J Hospital", "osm_id": 7252177919, "osm_type": "node", "osm_tag": "amenity=hospital", "operator": ""}}, {"type": "Feature", "geometry": {"type": "Point", "coordinates": [78.257211, 9.824588]}, "properties": {"kind": "hospital", "name": "Sri Thandeeswarar Hospital", "osm_id": 7252177921, "osm_type": "node", "osm_tag": "amenity=hospital", "operator": ""}}, {"type": "Feature", "geometry": {"type": "Point", "coordinates": [78.1063942, 9.904166]}, "properties": {"kind": "hospital", "name": "Sethu Hospital", "osm_id": 7252177926, "osm_type": "node", "osm_tag": "amenity=hospital", "operator": ""}}, {"type": "Feature", "geometry": {"type": "Point", "coordinates": [77.971485, 9.94163]}, "properties": {"kind": "hospital", "name": "Sugam Hospital", "osm_id": 7252177927, "osm_type": "node", "osm_tag": "amenity=hospital", "operator": ""}}, {"type": "Feature", "geometry": {"type": "Point", "coordinates": [78.0936579, 9.916672]}, "properties": {"kind": "hospital", "name": "Lee Kidney Care", "osm_id": 7252177932, "osm_type": "node", "osm_tag": "amenity=hospital", "operator": ""}}, {"type": "Feature", "geometry": {"type": "Point", "coordinates": [78.1400635, 9.9383929]}, "properties": {"kind": "hospital", "name": "Lakhshmi Hospital", "osm_id": 7252177933, "osm_type": "node", "osm_tag": "amenity=hospital", "operator": ""}}, {"type": "Feature", "geometry": {"type": "Point", "coordinates": [77.990877, 9.826532]}, "properties": {"kind": "hospital", "name": "Priya Hospital", "osm_id": 7252177937, "osm_type": "node", "osm_tag": "amenity=hospital", "operator": ""}}, {"type": "Feature", "geometry": {"type": "Point", "coordinates": [78.0999129, 9.9453203]}, "properties": {"kind": "hospital", "name": "Rasi Hospital", "osm_id": 7252177940, "osm_type": "node", "osm_tag": "amenity=hospital", "operator": ""}}, {"type": "Feature", "geometry": {"type": "Point", "coordinates": [78.0985862, 9.951389]}, "properties": {"kind": "hospital", "name": "Nirmal Hospital", "osm_id": 7252177949, "osm_type": "node", "osm_tag": "amenity=hospital", "operator": ""}}, {"type": "Feature", "geometry": {"type": "Point", "coordinates": [78.0945727, 9.92411]}, "properties": {"kind": "hospital", "name": "Mercy Hospital", "osm_id": 7252177951, "osm_type": "node", "osm_tag": "amenity=hospital", "operator": ""}}, {"type": "Feature", "geometry": {"type": "Point", "coordinates": [78.2578695, 9.8240865]}, "properties": {"kind": "hospital", "name": "Government Hospital, Thiruppuvanam", "osm_id": 7252177953, "osm_type": "node", "osm_tag": "amenity=hospital", "operator": ""}}, {"type": "Feature", "geometry": {"type": "Point", "coordinates": [78.1029381, 9.9155838]}, "properties": {"kind": "hospital", "name": "Family Planning Of India", "osm_id": 7252177954, "osm_type": "node", "osm_tag": "amenity=hospital", "operator": ""}}, {"type": "Feature", "geometry": {"type": "Point", "coordinates": [78.100443, 9.93239]}, "properties": {"kind": "hospital", "name": "Balaji Nurshing Home", "osm_id": 7252177957, "osm_type": "node", "osm_tag": "amenity=hospital", "operator": ""}}, {"type": "Feature", "geometry": {"type": "Point", "coordinates": [78.125155, 9.941448]}, "properties": {"kind": "hospital", "name": "Saravana Multi Speciality Hospital", "osm_id": 7252177960, "osm_type": "node", "osm_tag": "amenity=hospital", "operator": ""}}, {"type": "Feature", "geometry": {"type": "Point", "coordinates": [78.131511, 9.918685]}, "properties": {"kind": "hospital", "name": "Pandiaraj Maternity & Children's Hospital", "osm_id": 7252177966, "osm_type": "node", "osm_tag": "amenity=hospital", "operator": ""}}, {"type": "Feature", "geometry": {"type": "Point", "coordinates": [77.990651, 9.8298382]}, "properties": {"kind": "hospital", "name": "Subam Hospital", "osm_id": 7252177967, "osm_type": "node", "osm_tag": "amenity=hospital", "operator": ""}}, {"type": "Feature", "geometry": {"type": "Point", "coordinates": [78.0953562, 9.9216108]}, "properties": {"kind": "hospital", "name": "Chandrabai Hospital", "osm_id": 7252177970, "osm_type": "node", "osm_tag": "amenity=hospital", "operator": ""}}, {"type": "Feature", "geometry": {"type": "Point", "coordinates": [78.083201, 9.894279]}, "properties": {"kind": "hospital", "name": "Atchay Speciality Hospital", "osm_id": 7252177977, "osm_type": "node", "osm_tag": "amenity=hospital", "operator": ""}}, {"type": "Feature", "geometry": {"type": "Point", "coordinates": [77.963683, 10.0221088]}, "properties": {"kind": "hospital", "name": "Sholavandan Government Hospital", "osm_id": 7252192178, "osm_type": "node", "osm_tag": "amenity=hospital", "operator": ""}}, {"type": "Feature", "geometry": {"type": "Point", "coordinates": [78.026598, 10.01559]}, "properties": {"kind": "hospital", "name": "Government Hospital, Chitalangudi", "osm_id": 7252192182, "osm_type": "node", "osm_tag": "amenity=hospital", "operator": ""}}, {"type": "Feature", "geometry": {"type": "Point", "coordinates": [77.9769219, 10.0706108]}, "properties": {"kind": "hospital", "name": "Government Hospital, Katchakatti", "osm_id": 7252192253, "osm_type": "node", "osm_tag": "amenity=hospital", "operator": ""}}, {"type": "Feature", "geometry": {"type": "Point", "coordinates": [77.965622, 10.08188]}, "properties": {"kind": "hospital", "name": "Government Hospital Vadipatti", "osm_id": 7252192283, "osm_type": "node", "osm_tag": "amenity=hospital", "operator": ""}}, {"type": "Feature", "geometry": {"type": "Point", "coordinates": [78.0909542, 10.0491826]}, "properties": {"kind": "hospital", "name": "Government Hospital, Alanganallur", "osm_id": 7252192292, "osm_type": "node", "osm_tag": "amenity=hospital", "operator": ""}}, {"type": "Feature", "geometry": {"type": "Point", "coordinates": [78.0472585, 9.9763294]}, "properties": {"kind": "hospital", "name": "Samayapuram Government Hospital", "osm_id": 7252192297, "osm_type": "node", "osm_tag": "amenity=hospital", "operator": ""}}, {"type": "Feature", "geometry": {"type": "Point", "coordinates": [78.3355924, 10.0339165]}, "properties": {"kind": "hospital", "name": "Government Hospital, Melur", "osm_id": 7252192312, "osm_type": "node", "osm_tag": "amenity=hospital", "operator": ""}}, {"type": "Feature", "geometry": {"type": "Point", "coordinates": [78.2538724, 9.8280219]}, "properties": {"kind": "clinic", "name": "Rai Clinic", "osm_id": 7829301180, "osm_type": "node", "osm_tag": "amenity=clinic", "operator": ""}}, {"type": "Feature", "geometry": {"type": "Point", "coordinates": [78.2543075, 9.8274653]}, "properties": {"kind": "hospital", "name": "Naveen Hospital", "osm_id": 7829301190, "osm_type": "node", "osm_tag": "amenity=hospital", "operator": ""}}, {"type": "Feature", "geometry": {"type": "Point", "coordinates": [78.2784647, 9.8582174]}, "properties": {"kind": "clinic", "name": "Lakshmi Clinic", "osm_id": 7829301208, "osm_type": "node", "osm_tag": "amenity=clinic", "operator": ""}}, {"type": "Feature", "geometry": {"type": "Point", "coordinates": [78.2528088, 9.8291257]}, "properties": {"kind": "hospital", "name": "Annai Meenakshi Hospital", "osm_id": 7829301212, "osm_type": "node", "osm_tag": "amenity=hospital", "operator": ""}}, {"type": "Feature", "geometry": {"type": "Point", "coordinates": [78.258846, 9.824046]}, "properties": {"kind": "hospital", "name": "Baskar Hospital", "osm_id": 7829301221, "osm_type": "node", "osm_tag": "amenity=hospital", "operator": ""}}, {"type": "Feature", "geometry": {"type": "Point", "coordinates": [78.2606591, 9.8234431]}, "properties": {"kind": "clinic", "name": "Aravind Vision Centre", "osm_id": 7829301247, "osm_type": "node", "osm_tag": "amenity=clinic", "operator": ""}}, {"type": "Feature", "geometry": {"type": "Point", "coordinates": [78.258489, 9.824178]}, "properties": {"kind": "hospital", "name": "Sri Thandeeshwarar Hospital", "osm_id": 7829301254, "osm_type": "node", "osm_tag": "amenity=hospital", "operator": ""}}, {"type": "Feature", "geometry": {"type": "Point", "coordinates": [78.1615189, 9.9212969]}, "properties": {"kind": "hospital", "name": "Tharun Kudil Hospital", "osm_id": 7840285460, "osm_type": "node", "osm_tag": "amenity=hospital", "operator": ""}}, {"type": "Feature", "geometry": {"type": "Point", "coordinates": [78.16973, 9.9305749]}, "properties": {"kind": "hospital", "name": "Vikram Multispeciality Hospital", "osm_id": 7840285461, "osm_type": "node", "osm_tag": "amenity=hospital", "operator": ""}}, {"type": "Feature", "geometry": {"type": "Point", "coordinates": [78.1065633, 9.9030175]}, "properties": {"kind": "clinic", "name": "Pranav Clinic", "osm_id": 7840285462, "osm_type": "node", "osm_tag": "amenity=clinic", "operator": ""}}, {"type": "Feature", "geometry": {"type": "Point", "coordinates": [78.09157, 9.9352872]}, "properties": {"kind": "hospital", "name": "Rameshraja Hospital", "osm_id": 7840285463, "osm_type": "node", "osm_tag": "amenity=hospital", "operator": ""}}, {"type": "Feature", "geometry": {"type": "Point", "coordinates": [78.096756, 9.936116]}, "properties": {"kind": "hospital", "name": "KKR ENT Hospital", "osm_id": 7840285464, "osm_type": "node", "osm_tag": "amenity=hospital", "operator": ""}}, {"type": "Feature", "geometry": {"type": "Point", "coordinates": [78.1983295, 9.8708259]}, "properties": {"kind": "clinic", "name": "Anbu Poly Clinic", "osm_id": 7840285465, "osm_type": "node", "osm_tag": "amenity=clinic", "operator": ""}}, {"type": "Feature", "geometry": {"type": "Point", "coordinates": [78.1579159, 9.9175338]}, "properties": {"kind": "clinic", "name": "Sugam Clinic", "osm_id": 7840285466, "osm_type": "node", "osm_tag": "amenity=clinic", "operator": ""}}, {"type": "Feature", "geometry": {"type": "Point", "coordinates": [78.0969709, 9.9366638]}, "properties": {"kind": "hospital", "name": "Sri Bala Hospital", "osm_id": 7840285467, "osm_type": "node", "osm_tag": "amenity=hospital", "operator": ""}}, {"type": "Feature", "geometry": {"type": "Point", "coordinates": [78.0953868, 9.938282]}, "properties": {"kind": "hospital", "name": "JK Children Hospital", "osm_id": 7840285468, "osm_type": "node", "osm_tag": "amenity=hospital", "operator": ""}}, {"type": "Feature", "geometry": {"type": "Point", "coordinates": [78.089804, 9.929936]}, "properties": {"kind": "clinic", "name": "Deepak Nursing Home", "osm_id": 7840285469, "osm_type": "node", "osm_tag": "amenity=clinic", "operator": ""}}, {"type": "Feature", "geometry": {"type": "Point", "coordinates": [78.1191797, 9.8958042]}, "properties": {"kind": "clinic", "name": "Vinayak Nursing Home", "osm_id": 7840285471, "osm_type": "node", "osm_tag": "amenity=clinic", "operator": ""}}, {"type": "Feature", "geometry": {"type": "Point", "coordinates": [78.0963422, 9.8995185]}, "properties": {"kind": "clinic", "name": "Madhavas Siddha Ayurveda Clinic", "osm_id": 7840285472, "osm_type": "node", "osm_tag": "amenity=clinic", "operator": ""}}, {"type": "Feature", "geometry": {"type": "Point", "coordinates": [78.1012687, 9.8999689]}, "properties": {"kind": "hospital", "name": "Lakshmi Hospital", "osm_id": 7840285473, "osm_type": "node", "osm_tag": "amenity=hospital", "operator": ""}}, {"type": "Feature", "geometry": {"type": "Point", "coordinates": [78.0905319, 9.934361]}, "properties": {"kind": "clinic", "name": "Madurai Neuro Centre", "osm_id": 7840285474, "osm_type": "node", "osm_tag": "amenity=clinic", "operator": ""}}, {"type": "Feature", "geometry": {"type": "Point", "coordinates": [78.084917, 9.938322]}, "properties": {"kind": "clinic", "name": "Advanced Dental Inplant Centre", "osm_id": 7840285475, "osm_type": "node", "osm_tag": "amenity=clinic", "operator": ""}}, {"type": "Feature", "geometry": {"type": "Point", "coordinates": [78.11267, 9.896372]}, "properties": {"kind": "hospital", "name": "Svr Speciality Hospital", "osm_id": 7840285476, "osm_type": "node", "osm_tag": "amenity=hospital", "operator": ""}}, {"type": "Feature", "geometry": {"type": "Point", "coordinates": [78.0971918, 9.8974199]}, "properties": {"kind": "clinic", "name": "Dhanvanthri Nilayam Ayurveda Vaidyasalai", "osm_id": 7840285477, "osm_type": "node", "osm_tag": "amenity=clinic", "operator": ""}}, {"type": "Feature", "geometry": {"type": "Point", "coordinates": [78.0909088, 9.9398849]}, "properties": {"kind": "clinic", "name": "Hari Bala Clinic", "osm_id": 7840285478, "osm_type": "node", "osm_tag": "amenity=clinic", "operator": ""}}, {"type": "Feature", "geometry": {"type": "Point", "coordinates": [78.1141577, 9.8817246]}, "properties": {"kind": "clinic", "name": "Subam Dental Clinic", "osm_id": 7840285480, "osm_type": "node", "osm_tag": "amenity=clinic", "operator": ""}}, {"type": "Feature", "geometry": {"type": "Point", "coordinates": [78.096566, 9.89845]}, "properties": {"kind": "clinic", "name": "Dr. Rajesh Kumar", "osm_id": 7840285481, "osm_type": "node", "osm_tag": "amenity=clinic", "operator": ""}}, {"type": "Feature", "geometry": {"type": "Point", "coordinates": [78.1697767, 9.9258352]}, "properties": {"kind": "hospital", "name": "Rio Hospital For Women and Children", "osm_id": 7840285482, "osm_type": "node", "osm_tag": "amenity=hospital", "operator": ""}}, {"type": "Feature", "geometry": {"type": "Point", "coordinates": [78.0939356, 9.9355082]}, "properties": {"kind": "clinic", "name": "Zidhuri Health Centre", "osm_id": 7840285483, "osm_type": "node", "osm_tag": "amenity=clinic", "operator": ""}}, {"type": "Feature", "geometry": {"type": "Point", "coordinates": [78.0965492, 9.9361397]}, "properties": {"kind": "hospital", "name": "JK Hospital", "osm_id": 7840285486, "osm_type": "node", "osm_tag": "amenity=hospital", "operator": ""}}, {"type": "Feature", "geometry": {"type": "Point", "coordinates": [78.11374, 9.883539]}, "properties": {"kind": "clinic", "name": "Dharun Homeo Care Clinic", "osm_id": 7840285487, "osm_type": "node", "osm_tag": "amenity=clinic", "operator": ""}}, {"type": "Feature", "geometry": {"type": "Point", "coordinates": [78.1182082, 9.8955197]}, "properties": {"kind": "hospital", "name": "Mariya Magaperu Hospital", "osm_id": 7840285488, "osm_type": "node", "osm_tag": "amenity=hospital", "operator": ""}}, {"type": "Feature", "geometry": {"type": "Point", "coordinates": [78.105924, 9.905823]}, "properties": {"kind": "clinic", "name": "Dr. Prabhu Homeo Clinic", "osm_id": 7840285490, "osm_type": "node", "osm_tag": "amenity=clinic", "operator": ""}}, {"type": "Feature", "geometry": {"type": "Point", "coordinates": [78.1072282, 9.905763]}, "properties": {"kind": "hospital", "name": "Kokila Siddha Hospital and Research Centre", "osm_id": 7840285491, "osm_type": "node", "osm_tag": "amenity=hospital", "operator": ""}}, {"type": "Feature", "geometry": {"type": "Point", "coordinates": [78.096547, 9.935155]}, "properties": {"kind": "hospital", "name": "Gayathri Hospital", "osm_id": 7840285492, "osm_type": "node", "osm_tag": "amenity=hospital", "operator": ""}}, {"type": "Feature", "geometry": {"type": "Point", "coordinates": [78.1016342, 9.9004391]}, "properties": {"kind": "clinic", "name": "Sahana Speciality Clinic", "osm_id": 7840285494, "osm_type": "node", "osm_tag": "amenity=clinic", "operator": ""}}, {"type": "Feature", "geometry": {"type": "Point", "coordinates": [78.0841618, 9.9349781]}, "properties": {"kind": "clinic", "name": "Sri Saradha Clinic", "osm_id": 7840285495, "osm_type": "node", "osm_tag": "amenity=clinic", "operator": ""}}, {"type": "Feature", "geometry": {"type": "Point", "coordinates": [78.116935, 9.892492]}, "properties": {"kind": "clinic", "name": "Sri Kanna Clinic", "osm_id": 7840285496, "osm_type": "node", "osm_tag": "amenity=clinic", "operator": ""}}, {"type": "Feature", "geometry": {"type": "Point", "coordinates": [78.1194898, 9.8920876]}, "properties": {"kind": "hospital", "name": "Healer Ashokan Hospital", "osm_id": 7840285497, "osm_type": "node", "osm_tag": "amenity=hospital", "operator": ""}}, {"type": "Feature", "geometry": {"type": "Point", "coordinates": [78.091982, 9.937704]}, "properties": {"kind": "hospital", "name": "Kavitha Hospital", "osm_id": 7840285499, "osm_type": "node", "osm_tag": "amenity=hospital", "operator": ""}}, {"type": "Feature", "geometry": {"type": "Point", "coordinates": [78.0859902, 9.9374052]}, "properties": {"kind": "clinic", "name": "Saradha Clinic", "osm_id": 7840285501, "osm_type": "node", "osm_tag": "amenity=clinic", "operator": ""}}, {"type": "Feature", "geometry": {"type": "Point", "coordinates": [78.1012896, 9.9004396]}, "properties": {"kind": "hospital", "name": "GV Dental Hospital", "osm_id": 7840285503, "osm_type": "node", "osm_tag": "amenity=hospital", "operator": ""}}, {"type": "Feature", "geometry": {"type": "Point", "coordinates": [78.117191, 9.893505]}, "properties": {"kind": "hospital", "name": "Kishore Hospital", "osm_id": 7840285504, "osm_type": "node", "osm_tag": "amenity=hospital", "operator": ""}}, {"type": "Feature", "geometry": {"type": "Point", "coordinates": [78.0849198, 9.938777]}, "properties": {"kind": "clinic", "name": "GR Dental Clinic", "osm_id": 7840285505, "osm_type": "node", "osm_tag": "amenity=clinic", "operator": ""}}, {"type": "Feature", "geometry": {"type": "Point", "coordinates": [78.1988151, 9.871026]}, "properties": {"kind": "clinic", "name": "Akil Yoga Physiotherapy Clinic", "osm_id": 7840285506, "osm_type": "node", "osm_tag": "amenity=clinic", "operator": ""}}, {"type": "Feature", "geometry": {"type": "Point", "coordinates": [78.116823, 9.8799728]}, "properties": {"kind": "clinic", "name": "Vishalakshi Clinic", "osm_id": 7840285507, "osm_type": "node", "osm_tag": "amenity=clinic", "operator": ""}}, {"type": "Feature", "geometry": {"type": "Point", "coordinates": [78.1143092, 9.8814015]}, "properties": {"kind": "hospital", "name": "Avani Hospital", "osm_id": 7840285508, "osm_type": "node", "osm_tag": "amenity=hospital", "operator": ""}}, {"type": "Feature", "geometry": {"type": "Point", "coordinates": [78.0856704, 9.937669]}, "properties": {"kind": "clinic", "name": "Shreedevi Clinic", "osm_id": 7840285509, "osm_type": "node", "osm_tag": "amenity=clinic", "operator": ""}}, {"type": "Feature", "geometry": {"type": "Point", "coordinates": [78.1141019, 9.8810053]}, "properties": {"kind": "clinic", "name": "Vennila Homoeo Clinic", "osm_id": 7840285510, "osm_type": "node", "osm_tag": "amenity=clinic", "operator": ""}}, {"type": "Feature", "geometry": {"type": "Point", "coordinates": [78.106858, 9.899407]}, "properties": {"kind": "clinic", "name": "Om Muruga Clinic", "osm_id": 7840285511, "osm_type": "node", "osm_tag": "amenity=clinic", "operator": ""}}, {"type": "Feature", "geometry": {"type": "Point", "coordinates": [78.197628, 9.8718256]}, "properties": {"kind": "hospital", "name": "Vidhya Hospital", "osm_id": 7840285512, "osm_type": "node", "osm_tag": "amenity=hospital", "operator": ""}}, {"type": "Feature", "geometry": {"type": "Point", "coordinates": [78.0970744, 9.9371857]}, "properties": {"kind": "hospital", "name": "Altab Hospital", "osm_id": 7840285513, "osm_type": "node", "osm_tag": "amenity=hospital", "operator": ""}}, {"type": "Feature", "geometry": {"type": "Point", "coordinates": [78.118707, 9.896699]}, "properties": {"kind": "clinic", "name": "GK Clinic", "osm_id": 7840285514, "osm_type": "node", "osm_tag": "amenity=clinic", "operator": ""}}, {"type": "Feature", "geometry": {"type": "Point", "coordinates": [78.0903298, 9.9352536]}, "properties": {"kind": "clinic", "name": "Suganth Child Care Clinic", "osm_id": 7840285515, "osm_type": "node", "osm_tag": "amenity=clinic", "operator": ""}}, {"type": "Feature", "geometry": {"type": "Point", "coordinates": [78.193315, 9.872738]}, "properties": {"kind": "hospital", "name": "ESI Hospital", "osm_id": 7840285516, "osm_type": "node", "osm_tag": "amenity=hospital", "operator": "Employees' State Insurance"}}, {"type": "Feature", "geometry": {"type": "Point", "coordinates": [78.1561216, 9.9135349]}, "properties": {"kind": "clinic", "name": "Nivetha Clinic", "osm_id": 7840285517, "osm_type": "node", "osm_tag": "amenity=clinic", "operator": ""}}, {"type": "Feature", "geometry": {"type": "Point", "coordinates": [78.11886, 9.896912]}, "properties": {"kind": "hospital", "name": "Lakshmi Gastro & Laproscopy Hospital", "osm_id": 7840285518, "osm_type": "node", "osm_tag": "amenity=hospital", "operator": ""}}, {"type": "Feature", "geometry": {"type": "Point", "coordinates": [78.1137848, 9.8972132]}, "properties": {"kind": "clinic", "name": "Vasanth Homeo Clinic", "osm_id": 7840285519, "osm_type": "node", "osm_tag": "amenity=clinic", "operator": ""}}, {"type": "Feature", "geometry": {"type": "Point", "coordinates": [78.0968704, 9.9365041]}, "properties": {"kind": "hospital", "name": "Arogya Multispeciality Hospital", "osm_id": 7840285520, "osm_type": "node", "osm_tag": "amenity=hospital", "operator": ""}}, {"type": "Feature", "geometry": {"type": "Point", "coordinates": [78.1176786, 9.8966221]}, "properties": {"kind": "hospital", "name": "Pandian Dental Hospital", "osm_id": 7840285521, "osm_type": "node", "osm_tag": "amenity=hospital", "operator": ""}}, {"type": "Feature", "geometry": {"type": "Point", "coordinates": [78.1157457, 9.8847763]}, "properties": {"kind": "clinic", "name": "Perumal Clinic", "osm_id": 7840285522, "osm_type": "node", "osm_tag": "amenity=clinic", "operator": ""}}, {"type": "Feature", "geometry": {"type": "Point", "coordinates": [78.08432, 9.940063]}, "properties": {"kind": "clinic", "name": "Agatheesh Physiotherapy Clinic", "osm_id": 7840285523, "osm_type": "node", "osm_tag": "amenity=clinic", "operator": ""}}, {"type": "Feature", "geometry": {"type": "Point", "coordinates": [78.0971186, 9.9369226]}, "properties": {"kind": "hospital", "name": "Sridevi Hospital", "osm_id": 7840285524, "osm_type": "node", "osm_tag": "amenity=hospital", "operator": ""}}, {"type": "Feature", "geometry": {"type": "Point", "coordinates": [78.1214304, 9.8930551]}, "properties": {"kind": "clinic", "name": "Vedhamann Homoeo Clinic", "osm_id": 7840285525, "osm_type": "node", "osm_tag": "amenity=clinic", "operator": ""}}, {"type": "Feature", "geometry": {"type": "Point", "coordinates": [78.1207956, 9.9091459]}, "properties": {"kind": "hospital", "name": "Dhiraviyam Pillai Hospital", "osm_id": 7840423812, "osm_type": "node", "osm_tag": "amenity=hospital", "operator": ""}}, {"type": "Feature", "geometry": {"type": "Point", "coordinates": [78.1164928, 9.9116468]}, "properties": {"kind": "hospital", "name": "Jain Hospital and Lab", "osm_id": 7840423813, "osm_type": "node", "osm_tag": "amenity=hospital", "operator": ""}}, {"type": "Feature", "geometry": {"type": "Point", "coordinates": [78.0937857, 9.9285045]}, "properties": {"kind": "clinic", "name": "Azhagumuthu Skin Clinic", "osm_id": 7840423814, "osm_type": "node", "osm_tag": "amenity=clinic", "operator": ""}}, {"type": "Feature", "geometry": {"type": "Point", "coordinates": [78.0971219, 9.9137658]}, "properties": {"kind": "hospital", "name": "Harish Hospital", "osm_id": 7840423815, "osm_type": "node", "osm_tag": "amenity=hospital", "operator": ""}}, {"type": "Feature", "geometry": {"type": "Point", "coordinates": [78.0927437, 9.9222833]}, "properties": {"kind": "clinic", "name": "Sri Sai Physiotherapy Clinic", "osm_id": 7840423816, "osm_type": "node", "osm_tag": "amenity=clinic", "operator": ""}}, {"type": "Feature", "geometry": {"type": "Point", "coordinates": [78.1249981, 9.9180602]}, "properties": {"kind": "clinic", "name": "Dr. A. Koteeswaran Skin Clinic", "osm_id": 7840423817, "osm_type": "node", "osm_tag": "amenity=clinic", "operator": ""}}, {"type": "Feature", "geometry": {"type": "Point", "coordinates": [78.1033415, 9.9137678]}, "properties": {"kind": "clinic", "name": "Green Care Ayurvedic Panchakarmatreatment Centre", "osm_id": 7840423818, "osm_type": "node", "osm_tag": "amenity=clinic", "operator": ""}}, {"type": "Feature", "geometry": {"type": "Point", "coordinates": [78.09211, 9.92174]}, "properties": {"kind": "hospital", "name": "Gurumithrren Hospital", "osm_id": 7840423819, "osm_type": "node", "osm_tag": "amenity=hospital", "operator": ""}}, {"type": "Feature", "geometry": {"type": "Point", "coordinates": [78.124782, 9.912715]}, "properties": {"kind": "hospital", "name": "Aathi Eye Hospital", "osm_id": 7840423820, "osm_type": "node", "osm_tag": "amenity=hospital", "operator": ""}}, {"type": "Feature", "geometry": {"type": "Point", "coordinates": [78.1255327, 9.9173795]}, "properties": {"kind": "clinic", "name": "Jawahar Joint and Bone Clinic", "osm_id": 7840423823, "osm_type": "node", "osm_tag": "amenity=clinic", "operator": ""}}, {"type": "Feature", "geometry": {"type": "Point", "coordinates": [78.13179, 9.913992]}, "properties": {"kind": "clinic", "name": "Abhiman Kidney Centre", "osm_id": 7840423825, "osm_type": "node", "osm_tag": "amenity=clinic", "operator": ""}}, {"type": "Feature", "geometry": {"type": "Point", "coordinates": [78.0933925, 9.9248063]}, "properties": {"kind": "hospital", "name": "Daisy Hospitals", "osm_id": 7840423826, "osm_type": "node", "osm_tag": "amenity=hospital", "operator": ""}}, {"type": "Feature", "geometry": {"type": "Point", "coordinates": [78.1132588, 9.911665]}, "properties": {"kind": "hospital", "name": "Sorna Hospital", "osm_id": 7840423827, "osm_type": "node", "osm_tag": "amenity=hospital", "operator": ""}}, {"type": "Feature", "geometry": {"type": "Point", "coordinates": [78.1186081, 9.911095]}, "properties": {"kind": "hospital", "name": "Apollo Skin Hospital", "osm_id": 7840423828, "osm_type": "node", "osm_tag": "amenity=hospital", "operator": ""}}, {"type": "Feature", "geometry": {"type": "Point", "coordinates": [78.124435, 9.9128264]}, "properties": {"kind": "hospital", "name": "D Care Dental Hospital", "osm_id": 7840423829, "osm_type": "node", "osm_tag": "amenity=hospital", "operator": ""}}, {"type": "Feature", "geometry": {"type": "Point", "coordinates": [78.098275, 9.913943]}, "properties": {"kind": "hospital", "name": "Chandra Bai Hospital", "osm_id": 7840423830, "osm_type": "node", "osm_tag": "amenity=hospital", "operator": ""}}, {"type": "Feature", "geometry": {"type": "Point", "coordinates": [78.1264767, 9.9175478]}, "properties": {"kind": "clinic", "name": "Arya Homeo Centre", "osm_id": 7840423831, "osm_type": "node", "osm_tag": "amenity=clinic", "operator": ""}}, {"type": "Feature", "geometry": {"type": "Point", "coordinates": [78.103896, 9.918787]}, "properties": {"kind": "hospital", "name": "St. Anthony's Hospital", "osm_id": 7840423832, "osm_type": "node", "osm_tag": "amenity=hospital", "operator": ""}}, {"type": "Feature", "geometry": {"type": "Point", "coordinates": [78.1237842, 9.9141612]}, "properties": {"kind": "hospital", "name": "Anugraham Hospital", "osm_id": 7840423833, "osm_type": "node", "osm_tag": "amenity=hospital", "operator": ""}}, {"type": "Feature", "geometry": {"type": "Point", "coordinates": [78.119082, 9.911745]}, "properties": {"kind": "hospital", "name": "Dr. Ravisankar Children Hospital", "osm_id": 7840423835, "osm_type": "node", "osm_tag": "amenity=hospital", "operator": ""}}, {"type": "Feature", "geometry": {"type": "Point", "coordinates": [78.0966468, 9.9159336]}, "properties": {"kind": "hospital", "name": "Green Life Siddha Hospital", "osm_id": 7840423836, "osm_type": "node", "osm_tag": "amenity=hospital", "operator": ""}}, {"type": "Feature", "geometry": {"type": "Point", "coordinates": [78.093798, 9.923518]}, "properties": {"kind": "clinic", "name": "Rathna Mental Healthcare", "osm_id": 7840423837, "osm_type": "node", "osm_tag": "amenity=clinic", "operator": ""}}, {"type": "Feature", "geometry": {"type": "Point", "coordinates": [78.1230267, 9.9110784]}, "properties": {"kind": "clinic", "name": "Joy Physiotherapy", "osm_id": 7840423838, "osm_type": "node", "osm_tag": "amenity=clinic", "operator": ""}}, {"type": "Feature", "geometry": {"type": "Point", "coordinates": [78.11733, 9.911496]}, "properties": {"kind": "hospital", "name": "Skin Care Hospital", "osm_id": 7840423839, "osm_type": "node", "osm_tag": "amenity=hospital", "operator": ""}}, {"type": "Feature", "geometry": {"type": "Point", "coordinates": [78.101898, 9.920789]}, "properties": {"kind": "clinic", "name": "Priyam Clinic", "osm_id": 7840423841, "osm_type": "node", "osm_tag": "amenity=clinic", "operator": ""}}, {"type": "Feature", "geometry": {"type": "Point", "coordinates": [78.127462, 9.920396]}, "properties": {"kind": "clinic", "name": "Thirumal Clinic", "osm_id": 7840423842, "osm_type": "node", "osm_tag": "amenity=clinic", "operator": ""}}, {"type": "Feature", "geometry": {"type": "Point", "coordinates": [78.129882, 9.914239]}, "properties": {"kind": "hospital", "name": "Kennedy Maternity Hospital", "osm_id": 7840423843, "osm_type": "node", "osm_tag": "amenity=hospital", "operator": ""}}, {"type": "Feature", "geometry": {"type": "Point", "coordinates": [78.133585, 9.917043]}, "properties": {"kind": "clinic", "name": "Balaji Nursing Home", "osm_id": 7840423844, "osm_type": "node", "osm_tag": "amenity=clinic", "operator": ""}}, {"type": "Feature", "geometry": {"type": "Point", "coordinates": [78.1157338, 9.915456]}, "properties": {"kind": "hospital", "name": "Vijaya Hospital", "osm_id": 7840423845, "osm_type": "node", "osm_tag": "amenity=hospital", "operator": ""}}, {"type": "Feature", "geometry": {"type": "Point", "coordinates": [78.1323496, 9.9176654]}, "properties": {"kind": "hospital", "name": "Blue Modern Hospital", "osm_id": 7840423846, "osm_type": "node", "osm_tag": "amenity=hospital", "operator": ""}}, {"type": "Feature", "geometry": {"type": "Point", "coordinates": [78.124131, 9.915565]}, "properties": {"kind": "clinic", "name": "Husaineya Banu Skin Clinic", "osm_id": 7840423847, "osm_type": "node", "osm_tag": "amenity=clinic", "operator": ""}}, {"type": "Feature", "geometry": {"type": "Point", "coordinates": [78.134018, 9.9175398]}, "properties": {"kind": "clinic", "name": "Ajith Nursing Home", "osm_id": 7840423848, "osm_type": "node", "osm_tag": "amenity=clinic", "operator": ""}}, {"type": "Feature", "geometry": {"type": "Point", "coordinates": [78.124746, 9.918055]}, "properties": {"kind": "clinic", "name": "Dr. Oks ENT Clinic", "osm_id": 7840423849, "osm_type": "node", "osm_tag": "amenity=clinic", "operator": ""}}, {"type": "Feature", "geometry": {"type": "Point", "coordinates": [78.124499, 9.918846]}, "properties": {"kind": "hospital", "name": "Sivakasi Nadar Hospital", "osm_id": 7840423850, "osm_type": "node", "osm_tag": "amenity=hospital", "operator": ""}}, {"type": "Feature", "geometry": {"type": "Point", "coordinates": [78.125569, 9.9171019]}, "properties": {"kind": "hospital", "name": "AV Shanmugam Hospital", "osm_id": 7840423851, "osm_type": "node", "osm_tag": "amenity=hospital", "operator": ""}}, {"type": "Feature", "geometry": {"type": "Point", "coordinates": [78.090646, 9.915934]}, "properties": {"kind": "hospital", "name": "Raj Hospital", "osm_id": 7840423852, "osm_type": "node", "osm_tag": "amenity=hospital", "operator": ""}}, {"type": "Feature", "geometry": {"type": "Point", "coordinates": [78.103838, 9.918915]}, "properties": {"kind": "clinic", "name": "Vijayarajan Homeo Clinic", "osm_id": 7840423853, "osm_type": "node", "osm_tag": "amenity=clinic", "operator": ""}}, {"type": "Feature", "geometry": {"type": "Point", "coordinates": [78.1025474, 9.9139622]}, "properties": {"kind": "clinic", "name": "Dr. Kathiresan Clinic", "osm_id": 7840423854, "osm_type": "node", "osm_tag": "amenity=clinic", "operator": ""}}, {"type": "Feature", "geometry": {"type": "Point", "coordinates": [78.130411, 9.918595]}, "properties": {"kind": "clinic", "name": "Manian Clinic", "osm_id": 7840423855, "osm_type": "node", "osm_tag": "amenity=clinic", "operator": ""}}, {"type": "Feature", "geometry": {"type": "Point", "coordinates": [78.1286734, 9.9206863]}, "properties": {"kind": "hospital", "name": "Pr Hospital", "osm_id": 7840423856, "osm_type": "node", "osm_tag": "amenity=hospital", "operator": ""}}, {"type": "Feature", "geometry": {"type": "Point", "coordinates": [78.1305495, 9.9157761]}, "properties": {"kind": "hospital", "name": "Surya Hospital", "osm_id": 7840423857, "osm_type": "node", "osm_tag": "amenity=hospital", "operator": ""}}, {"type": "Feature", "geometry": {"type": "Point", "coordinates": [78.128568, 9.914872]}, "properties": {"kind": "clinic", "name": "Santosh Clinic", "osm_id": 7840423859, "osm_type": "node", "osm_tag": "amenity=clinic", "operator": ""}}, {"type": "Feature", "geometry": {"type": "Point", "coordinates": [78.1249392, 9.9139784]}, "properties": {"kind": "hospital", "name": "Aravind Eye Hospital", "osm_id": 7840423860, "osm_type": "node", "osm_tag": "amenity=hospital", "operator": ""}}, {"type": "Feature", "geometry": {"type": "Point", "coordinates": [78.0985946, 9.9245415]}, "properties": {"kind": "hospital", "name": "Silvester Asan Hospital", "osm_id": 7840423861, "osm_type": "node", "osm_tag": "amenity=hospital", "operator": ""}}, {"type": "Feature", "geometry": {"type": "Point", "coordinates": [78.113085, 9.91204]}, "properties": {"kind": "clinic", "name": "Lakshmi Clinic", "osm_id": 7840423862, "osm_type": "node", "osm_tag": "amenity=clinic", "operator": ""}}, {"type": "Feature", "geometry": {"type": "Point", "coordinates": [78.100503, 9.926151]}, "properties": {"kind": "hospital", "name": "Navamani Hospital for Children", "osm_id": 7840423863, "osm_type": "node", "osm_tag": "amenity=hospital", "operator": ""}}, {"type": "Feature", "geometry": {"type": "Point", "coordinates": [78.1251246, 9.9159407]}, "properties": {"kind": "hospital", "name": "Sandeep Memorial Hospital", "osm_id": 7840423864, "osm_type": "node", "osm_tag": "amenity=hospital", "operator": ""}}, {"type": "Feature", "geometry": {"type": "Point", "coordinates": [78.1255864, 9.9167425]}, "properties": {"kind": "clinic", "name": "NCS Clinic", "osm_id": 7840423865, "osm_type": "node", "osm_tag": "amenity=clinic", "operator": ""}}, {"type": "Feature", "geometry": {"type": "Point", "coordinates": [78.1037355, 9.9181508]}, "properties": {"kind": "clinic", "name": "Dr. Palanivelayutham Clinic", "osm_id": 7840423866, "osm_type": "node", "osm_tag": "amenity=clinic", "operator": ""}}, {"type": "Feature", "geometry": {"type": "Point", "coordinates": [78.091984, 9.9252048]}, "properties": {"kind": "hospital", "name": "Madurai Multispeciality Hospital", "osm_id": 7840423867, "osm_type": "node", "osm_tag": "amenity=hospital", "operator": ""}}, {"type": "Feature", "geometry": {"type": "Point", "coordinates": [78.0939838, 9.9213557]}, "properties": {"kind": "clinic", "name": "Dr. Srinivasan Neuro", "osm_id": 7840423868, "osm_type": "node", "osm_tag": "amenity=clinic", "operator": ""}}, {"type": "Feature", "geometry": {"type": "Point", "coordinates": [78.1124, 9.9131231]}, "properties": {"kind": "hospital", "name": "Dr. Nainar Hospital", "osm_id": 7840423869, "osm_type": "node", "osm_tag": "amenity=hospital", "operator": ""}}, {"type": "Feature", "geometry": {"type": "Point", "coordinates": [78.092173, 9.926662]}, "properties": {"kind": "hospital", "name": "K.K Hospital", "osm_id": 7840423870, "osm_type": "node", "osm_tag": "amenity=hospital", "operator": ""}}, {"type": "Feature", "geometry": {"type": "Point", "coordinates": [78.1336497, 9.9171876]}, "properties": {"kind": "clinic", "name": "Dr. Ramesh Babu Childrens Clinic", "osm_id": 7840423871, "osm_type": "node", "osm_tag": "amenity=clinic", "operator": ""}}, {"type": "Feature", "geometry": {"type": "Point", "coordinates": [78.1262544, 9.9175684]}, "properties": {"kind": "clinic", "name": "Aathmika ENT Centre", "osm_id": 7840423872, "osm_type": "node", "osm_tag": "amenity=clinic", "operator": ""}}, {"type": "Feature", "geometry": {"type": "Point", "coordinates": [78.1218416, 9.9107008]}, "properties": {"kind": "hospital", "name": "Sri Kamakshi Vasantham Hospital", "osm_id": 7840423873, "osm_type": "node", "osm_tag": "amenity=hospital", "operator": ""}}, {"type": "Feature", "geometry": {"type": "Point", "coordinates": [78.1321905, 9.9173119]}, "properties": {"kind": "hospital", "name": "Siva Jyothi Childrens Hospital", "osm_id": 7840423874, "osm_type": "node", "osm_tag": "amenity=hospital", "operator": ""}}, {"type": "Feature", "geometry": {"type": "Point", "coordinates": [78.0952574, 9.9170723]}, "properties": {"kind": "clinic", "name": "Madurai Heart Centre", "osm_id": 7840423875, "osm_type": "node", "osm_tag": "amenity=clinic", "operator": ""}}, {"type": "Feature", "geometry": {"type": "Point", "coordinates": [78.098065, 9.9473307]}, "properties": {"kind": "college", "name": "Fathima college for women", "osm_id": 7878405886, "osm_type": "node", "osm_tag": "amenity=college", "operator": ""}}, {"type": "Feature", "geometry": {"type": "Point", "coordinates": [78.1621585, 9.9474808]}, "properties": {"kind": "college", "name": "Meenakshi College of Nursing", "osm_id": 9602121317, "osm_type": "node", "osm_tag": "amenity=university", "operator": ""}}, {"type": "Feature", "geometry": {"type": "Point", "coordinates": [77.9665857, 10.0951543]}, "properties": {"kind": "college", "name": "Madurai School of Management", "osm_id": 10169307592, "osm_type": "node", "osm_tag": "amenity=college", "operator": ""}}, {"type": "Feature", "geometry": {"type": "Point", "coordinates": [78.1368783, 9.8776647]}, "properties": {"kind": "hospital", "name": "Hannah Joseph Hospital", "osm_id": 10197726741, "osm_type": "node", "osm_tag": "amenity=hospital", "operator": ""}}, {"type": "Feature", "geometry": {"type": "Point", "coordinates": [78.1277555, 9.9214638]}, "properties": {"kind": "hospital", "name": "Arun Hospital Unit 2", "osm_id": 10271342809, "osm_type": "node", "osm_tag": "amenity=hospital", "operator": ""}}, {"type": "Feature", "geometry": {"type": "Point", "coordinates": [78.0825247, 9.8934069]}, "properties": {"kind": "school", "name": "Haran Dhivubai InderMalji Jain Matriculation Higher Secondary School", "osm_id": 10564229554, "osm_type": "node", "osm_tag": "amenity=school", "operator": ""}}, {"type": "Feature", "geometry": {"type": "Point", "coordinates": [78.039874, 9.9020138]}, "properties": {"kind": "college", "name": "Anna Palkalaikazhagam Mandala Valagam, Madurai", "osm_id": 10789459106, "osm_type": "node", "osm_tag": "amenity=college", "operator": "Anna Palkalaikazhagam"}}, {"type": "Feature", "geometry": {"type": "Point", "coordinates": [78.0724905, 9.9025524]}, "properties": {"kind": "college", "name": "\u0b9a\u0bcc\u0bb0\u0bbe\u0bb7\u0bcd\u0b9f\u0bbf\u0bb0\u0bbe \u0baa\u0bc6\u0ba3\u0bcd\u0b95\u0bb3\u0bcd \u0b95\u0bb2\u0bcd\u0bb2\u0bc2\u0bb0\u0bbf", "osm_id": 11477291172, "osm_type": "node", "osm_tag": "amenity=college", "operator": ""}}, {"type": "Feature", "geometry": {"type": "Point", "coordinates": [78.2402793, 10.0682367]}, "properties": {"kind": "college", "name": "Latha Mathavan Polytechnic College", "osm_id": 11962189572, "osm_type": "node", "osm_tag": "amenity=college", "operator": "Karuppiah Pillai Theivanai Ammal Educational Trust"}}, {"type": "Feature", "geometry": {"type": "Point", "coordinates": [78.2398894, 10.0704345]}, "properties": {"kind": "college", "name": "Latha Mathavan Arts & Science College", "osm_id": 11962189573, "osm_type": "node", "osm_tag": "amenity=college", "operator": "Karuppiah Pillai Theivanai Ammal Educational Trust"}}, {"type": "Feature", "geometry": {"type": "Point", "coordinates": [78.2403502, 10.0724732]}, "properties": {"kind": "college", "name": "Latha Mathavan Engineering College", "osm_id": 11962189574, "osm_type": "node", "osm_tag": "amenity=college", "operator": "Karuppiah Pillai Theivanai Ammal Educational Trust"}}, {"type": "Feature", "geometry": {"type": "Point", "coordinates": [78.2413938, 10.0729267]}, "properties": {"kind": "school", "name": "Latha Mathavan Matriculation Higher Secondary School", "osm_id": 11962189575, "osm_type": "node", "osm_tag": "amenity=school", "operator": "Karuppiah Pillai Theivanai Ammal Educational Trust"}}, {"type": "Feature", "geometry": {"type": "Point", "coordinates": [78.2745304, 9.8760502]}, "properties": {"kind": "college", "name": "Fathima Michael College of Engineering and Technology", "osm_id": 11962769281, "osm_type": "node", "osm_tag": "amenity=college", "operator": "St. Michael Educational  and Charitable Trust"}}, {"type": "Feature", "geometry": {"type": "Point", "coordinates": [78.0926871, 9.7973299]}, "properties": {"kind": "school", "name": "Krishnamal Ramasubbaiyer CBSE School", "osm_id": 12135680001, "osm_type": "node", "osm_tag": "amenity=school", "operator": ""}}, {"type": "Feature", "geometry": {"type": "Point", "coordinates": [78.1541529, 9.9190321]}, "properties": {"kind": "hospital", "name": "", "osm_id": 13000223988, "osm_type": "node", "osm_tag": "amenity=hospital", "operator": ""}}, {"type": "Feature", "geometry": {"type": "Point", "coordinates": [78.1308994, 9.9496045]}, "properties": {"kind": "school", "name": "YMCA Kamak school for the hearing impaired", "osm_id": 13069569301, "osm_type": "node", "osm_tag": "amenity=school", "operator": ""}}, {"type": "Feature", "geometry": {"type": "Point", "coordinates": [78.1308994, 9.9496045]}, "properties": {"kind": "school", "name": "YMCA Kamak school for the hearing impaired", "osm_id": 13069574701, "osm_type": "node", "osm_tag": "amenity=school", "operator": ""}}, {"type": "Feature", "geometry": {"type": "Point", "coordinates": [78.231572, 9.9824982]}, "properties": {"kind": "college", "name": "Auxilium Arts and Science College for Women", "osm_id": 13096993120, "osm_type": "node", "osm_tag": "amenity=college", "operator": ""}}, {"type": "Feature", "geometry": {"type": "Point", "coordinates": [78.180243, 9.9411327]}, "properties": {"kind": "hospital", "name": "Bharathi Infinity Hospital", "osm_id": 13097013531, "osm_type": "node", "osm_tag": "amenity=hospital", "operator": ""}}, {"type": "Feature", "geometry": {"type": "Point", "coordinates": [78.100431, 9.9358113]}, "properties": {"kind": "college", "name": "LEELA INSTITUTE OF HOTEL MANAGEMENT", "osm_id": 13098290801, "osm_type": "node", "osm_tag": "amenity=college", "operator": ""}}, {"type": "Feature", "geometry": {"type": "Point", "coordinates": [78.0937348, 9.9232202]}, "properties": {"kind": "hospital", "name": "Ganesh priya hospitals", "osm_id": 13269856201, "osm_type": "node", "osm_tag": "amenity=hospital", "operator": ""}}, {"type": "Feature", "geometry": {"type": "Point", "coordinates": [78.0943132, 9.921722]}, "properties": {"kind": "clinic", "name": "Fathima siddha herbal hospital", "osm_id": 13270313801, "osm_type": "node", "osm_tag": "amenity=clinic", "operator": ""}}, {"type": "Feature", "geometry": {"type": "Point", "coordinates": [78.1208402, 9.9018733]}, "properties": {"kind": "hospital", "name": "Amirthamal Hospital", "osm_id": 13447842922, "osm_type": "node", "osm_tag": "amenity=hospital", "operator": ""}}, {"type": "Feature", "geometry": {"type": "Point", "coordinates": [78.1275865, 9.9175555]}, "properties": {"kind": "clinic", "name": "A.S.K SKIN CLINIC", "osm_id": 13460479701, "osm_type": "node", "osm_tag": "amenity=clinic", "operator": ""}}, {"type": "Feature", "geometry": {"type": "Point", "coordinates": [78.0966416, 9.9262918]}, "properties": {"kind": "clinic", "name": "Cosmic Dermis", "osm_id": 13460566501, "osm_type": "node", "osm_tag": "amenity=clinic", "operator": ""}}, {"type": "Feature", "geometry": {"type": "Point", "coordinates": [78.1489188, 9.9240325]}, "properties": {"kind": "hospital", "name": "Lily Hospital", "osm_id": 13609188987, "osm_type": "node", "osm_tag": "amenity=hospital", "operator": ""}}, {"type": "Feature", "geometry": {"type": "Point", "coordinates": [78.1489492, 9.9240099]}, "properties": {"kind": "hospital", "name": "lille mission hospital", "osm_id": 13609211091, "osm_type": "node", "osm_tag": "amenity=hospital", "operator": ""}}, {"type": "Feature", "geometry": {"type": "Point", "coordinates": [78.1488036, 9.9241046]}, "properties": {"kind": "hospital", "name": "Swathi Dental hospital", "osm_id": 13609216352, "osm_type": "node", "osm_tag": "amenity=hospital", "operator": ""}}, {"type": "Feature", "geometry": {"type": "Point", "coordinates": [78.1420627, 9.9348276]}, "properties": {"kind": "hospital", "name": "Hema Medical Centre", "osm_id": 13884411301, "osm_type": "node", "osm_tag": "amenity=hospital", "operator": ""}}, {"type": "Feature", "geometry": {"type": "Point", "coordinates": [78.1419464, 9.935125]}, "properties": {"kind": "hospital", "name": "Apollo women and child care hospital", "osm_id": 13884411302, "osm_type": "node", "osm_tag": "amenity=hospital", "operator": ""}}, {"type": "Feature", "geometry": {"type": "LineString", "coordinates": [[77.9650479, 9.9407261], [77.9650429, 9.940726], [77.9635816, 9.9407484], [77.9630357, 9.940737], [77.9627068, 9.9406708], [77.9623897, 9.9405181], [77.9615408, 9.9401314], [77.9611524, 9.9400459], [77.9590845, 9.9398093], [77.9570466, 9.9396508], [77.9563093, 9.9395829], [77.9551909, 9.9392787], [77.9547415, 9.9391564], [77.9537402, 9.938851], [77.9533237, 9.9388396]]}, "properties": {"kind": "road", "name": "Madurai - Theni Road", "osm_id": 8451121, "osm_type": "way", "highway": "trunk"}}, {"type": "Feature", "geometry": {"type": "LineString", "coordinates": [[78.2200944, 9.8610368], [78.220611, 9.860456]]}, "properties": {"kind": "road", "name": "", "osm_id": 28665451, "osm_type": "way", "highway": "trunk"}}, {"type": "Feature", "geometry": {"type": "LineString", "coordinates": [[78.1252276, 9.9211301], [78.1252278, 9.920783], [78.1252451, 9.9205171], [78.1252659, 9.920198], [78.1252879, 9.9198619], [78.1253127, 9.9194803], [78.1253337, 9.919079], [78.1253583, 9.9187297], [78.1253839, 9.9182977], [78.1253936, 9.9178923], [78.1253984, 9.917828]]}, "properties": {"kind": "road", "name": "Keezha Veli Veethi", "osm_id": 28665452, "osm_type": "way", "highway": "trunk"}}, {"type": "Feature", "geometry": {"type": "LineString", "coordinates": [[78.1445336, 9.9367467], [78.1445753, 9.9367279], [78.1446087, 9.936697], [78.1446303, 9.9366571], [78.1446378, 9.9366126], [78.1446354, 9.9365866], [78.1446281, 9.9365615], [78.1446026, 9.9365204], [78.1445644, 9.9364903], [78.1445182, 9.9364748], [78.1444693, 9.9364757], [78.1444369, 9.9364861], [78.1443987, 9.9365118], [78.144371, 9.9365482], [78.1443567, 9.9365915], [78.1443574, 9.9366371], [78.1443729, 9.9366799], [78.1444023, 9.9367162], [78.1444421, 9.9367409], [78.144488, 9.9367513], [78.1445336, 9.9367467]]}, "properties": {"kind": "road", "name": "", "osm_id": 28666804, "osm_type": "way", "highway": "primary"}}, {"type": "Feature", "geometry": {"type": "LineString", "coordinates": [[78.1444369, 9.9364861], [78.1443314, 9.9364343], [78.1435651, 9.9364366], [78.1430623, 9.9364676], [78.1428784, 9.9364789], [78.142359, 9.9365748], [78.1419018, 9.9367098], [78.1417233, 9.9368081], [78.1414611, 9.936919], [78.1412814, 9.9370199], [78.140938, 9.9370912], [78.1404848, 9.9371441], [78.1394793, 9.9371044]]}, "properties": {"kind": "road", "name": "Dr. Ambedkar Salai", "osm_id": 28666827, "osm_type": "way", "highway": "primary"}}, {"type": "Feature", "geometry": {"type": "LineString", "coordinates": [[78.1248253, 9.9249013], [78.1247671, 9.924781], [78.1247565, 9.9247612], [78.1246745, 9.9246081]]}, "properties": {"kind": "road", "name": "Varanasi - Kanniyakumari Road (Old NH7)", "osm_id": 28667044, "osm_type": "way", "highway": "trunk"}}, {"type": "Feature", "geometry": {"type": "LineString", "coordinates": [[78.1250689, 9.9130713], [78.124399, 9.91251], [78.1241492, 9.9123007], [78.1238264, 9.9120303], [78.1235633, 9.9117921], [78.1233976, 9.9116421], [78.1230331, 9.9113122], [78.1227301, 9.9110379], [78.1226621, 9.9109764], [78.1224991, 9.9109251], [78.1223068, 9.9108757], [78.1220764, 9.9108525], [78.1217759, 9.9108719], [78.1214301, 9.9109045], [78.121376, 9.9109096], [78.1209034, 9.9109542], [78.1199465, 9.9110445], [78.1198794, 9.9110508], [78.1193872, 9.9111132], [78.1186904, 9.9112016], [78.1183376, 9.9112464], [78.1179893, 9.9112906], [78.1175454, 9.9113469], [78.1171418, 9.9113981], [78.1162749, 9.911508], [78.1160556, 9.9115358], [78.1159006, 9.9115555], [78.115833, 9.9115641], [78.1155293, 9.9116026], [78.115295, 9.9116323], [78.11513, 9.9116532], [78.1137625, 9.9118267], [78.1135622, 9.9118521], [78.1127812, 9.9119512], [78.1125636, 9.9119788], [78.1124899, 9.9120039], [78.112447, 9.9120356], [78.1124112, 9.9121401]]}, "properties": {"kind": "road", "name": "Therkku Veli Veethi", "osm_id": 28667904, "osm_type": "way", "highway": "primary"}}, {"type": "Feature", "geometry": {"type": "LineString", "coordinates": [[78.1114774, 9.9129684], [78.1114724, 9.9130173], [78.1114639, 9.9131969], [78.1114755, 9.9134643], [78.1115139, 9.9138802], [78.1115197, 9.9139432], [78.1115621, 9.9145198], [78.1115699, 9.9147103], [78.1115771, 9.9148878], [78.1115785, 9.9149231], [78.111582, 9.9150074], [78.1115861, 9.9151089]]}, "properties": {"kind": "road", "name": "Mela Veli Veethi", "osm_id": 28667935, "osm_type": "way", "highway": "primary"}}, {"type": "Feature", "geometry": {"type": "LineString", "coordinates": [[78.1210841, 9.9066333], [78.1212692, 9.9061405], [78.121336, 9.9059234], [78.1213592, 9.9057619], [78.1214237, 9.9054373], [78.1214329, 9.9052952], [78.121415, 9.9050746]]}, "properties": {"kind": "road", "name": "", "osm_id": 28669416, "osm_type": "way", "highway": "primary"}}, {"type": "Feature", "geometry": {"type": "LineString", "coordinates": [[78.1208966, 9.9315802], [78.121081, 9.9315436], [78.1213996, 9.9315464], [78.1214275, 9.9315466], [78.121707, 9.931501], [78.1221197, 9.9314336], [78.1227829, 9.9313129], [78.1231158, 9.9312684], [78.1232929, 9.931228], [78.1239097, 9.9310834], [78.1241893, 9.930986], [78.1243501, 9.9309306], [78.1246006, 9.9307997], [78.1250759, 9.9305955], [78.1254653, 9.9304239], [78.1260233, 9.9301968], [78.1261057, 9.9301592], [78.1262406, 9.9301301]]}, "properties": {"kind": "road", "name": "Palam Station Salai", "osm_id": 28669519, "osm_type": "way", "highway": "primary"}}, {"type": "Feature", "geometry": {"type": "LineString", "coordinates": [[78.2303032, 9.9157267], [78.2287703, 9.9158284], [78.2281548, 9.9158641], [78.2278311, 9.9158884], [78.2275825, 9.9159005], [78.2246893, 9.9161044], [78.2230383, 9.9162188], [78.2227671, 9.9162372], [78.2206819, 9.9163431], [78.2199695, 9.9163261], [78.2196441, 9.9163556], [78.2193464, 9.9164031], [78.219054, 9.9165062], [78.2175681, 9.9171561], [78.2170933, 9.917349], [78.2157564, 9.9179266], [78.2151729, 9.9181786], [78.2144165, 9.9184878], [78.2136521, 9.9187916], [78.2134865, 9.9188568], [78.2133839, 9.9188973], [78.2132122, 9.9190109], [78.2130781, 9.9191351], [78.2129413, 9.91932], [78.2128286, 9.9194257], [78.2125953, 9.9195657], [78.2124397, 9.9196609], [78.2121742, 9.9197639], [78.211906, 9.9198801], [78.2116029, 9.9200625], [78.2112381, 9.9203187], [78.2109404, 9.9205962], [78.210699, 9.9208392], [78.2105113, 9.9210058], [78.2098586, 9.921585], [78.2097132, 9.9217164], [78.2095912, 9.9218393], [78.2094879, 9.921978], [78.2094021, 9.9221154], [78.2092291, 9.9224641], [78.2087396, 9.9234219], [78.2085907, 9.9236768], [78.2085628, 9.9237116], [78.2084888, 9.9238037], [78.2083426, 9.9239358], [78.2077056, 9.9243968], [78.2068567, 9.9250454], [78.2063243, 9.9254417], [78.2057756, 9.9258673], [78.205706, 9.9259213], [78.2054874, 9.9260745], [78.2050167, 9.9264281], [78.2049, 9.9265157], [78.2047445, 9.9266108], [78.2046204, 9.9266656], [78.2045647, 9.9266901], [78.2044872, 9.9267149], [78.2043542, 9.9267575], [78.2040726, 9.9268196]]}, "properties": {"kind": "road", "name": "Sivagangai Salai", "osm_id": 28669543, "osm_type": "way", "highway": "primary"}}, {"type": "Feature", "geometry": {"type": "LineString", "coordinates": [[78.0151742, 9.8484885], [78.0153016, 9.8484338], [78.0156332, 9.8482921]]}, "properties": {"kind": "road", "name": "Madurai Ring Road", "osm_id": 28669785, "osm_type": "way", "highway": "trunk"}}, {"type": "Feature", "geometry": {"type": "LineString", "coordinates": [[78.2780451, 9.8580672], [78.2780063, 9.8582498], [78.2772231, 9.8626682], [78.2763934, 9.8673125], [78.2759988, 9.8695512], [78.2759551, 9.8697991], [78.2759176, 9.8709052], [78.2759312, 9.8712623], [78.2759812, 9.8725757], [78.2759783, 9.8728925], [78.2759549, 9.8730614], [78.2758977, 9.873197], [78.2757798, 9.873363], [78.2756714, 9.8734806], [78.2751046, 9.8740261], [78.2737869, 9.875324], [78.273497, 9.8756084], [78.2734207, 9.8756833], [78.27322, 9.8758868], [78.2731602, 9.875989], [78.2731007, 9.8761273], [78.2730475, 9.8764219], [78.2728925, 9.8775887], [78.2724411, 9.880986], [78.2723378, 9.881847], [78.2720246, 9.8844584], [78.2722649, 9.8851089], [78.2717461, 9.8877038], [78.2716636, 9.8881164], [78.2712891, 9.8899894], [78.2695103, 9.8955694], [78.268214, 9.8994861], [78.2681279, 9.8997464], [78.2650653, 9.9056629], [78.2647643, 9.9061858], [78.2636437, 9.9081328], [78.2628238, 9.9095573], [78.2623476, 9.9103846], [78.2621895, 9.9106593], [78.2600865, 9.911858], [78.2589546, 9.9125059], [78.2588527, 9.9125495], [78.2587481, 9.912576], [78.2579877, 9.9125667], [78.2564145, 9.9125423], [78.2559687, 9.9125402], [78.2553889, 9.9125443], [78.25487, 9.9125751], [78.2535077, 9.9126684], [78.248122, 9.9138891], [78.248087, 9.913897], [78.2425958, 9.9150239], [78.2407638, 9.9151349], [78.2393468, 9.915242], [78.2388917, 9.9152432], [78.2354021, 9.9153991], [78.2318079, 9.915625], [78.2314821, 9.9156475], [78.2308933, 9.9156937]]}, "properties": {"kind": "road", "name": "Sivagangai Salai", "osm_id": 28669816, "osm_type": "way", "highway": "primary"}}, {"type": "Feature", "geometry": {"type": "LineString", "coordinates": [[78.1561536, 9.8568426], [78.1549814, 9.85958], [78.1531704, 9.8634529], [78.1530595, 9.8636597], [78.1528553, 9.864004], [78.1523292, 9.8649243], [78.1518524, 9.8658681], [78.1509903, 9.8675964], [78.1508105, 9.8680171], [78.1506029, 9.868698], [78.1504238, 9.8698119], [78.1497715, 9.8719429], [78.1497043, 9.8721992], [78.1496516, 9.8723858], [78.1495638, 9.8727356], [78.149536, 9.8728418], [78.1491535, 9.8743021], [78.1489206, 9.8751595], [78.1482747, 9.8775368], [78.1481021, 9.8781719], [78.1480806, 9.878251], [78.1480404, 9.8783933], [78.1479798, 9.8786072], [78.1479347, 9.8787668], [78.1477395, 9.8790853], [78.1474203, 9.8796064], [78.1473596, 9.8797054], [78.1473409, 9.8797357], [78.1468968, 9.8804565], [78.1467263, 9.8807562], [78.1464664, 9.8812131], [78.1460691, 9.8821536], [78.1457795, 9.882983], [78.1455521, 9.8835055], [78.1453979, 9.8838689], [78.145042, 9.8844439], [78.145013, 9.8844908], [78.1449622, 9.8846023], [78.1445015, 9.8854383], [78.1444553, 9.8855682], [78.1443212, 9.8859457], [78.1442244, 9.8861426], [78.1441809, 9.8864126], [78.1440723, 9.8867743], [78.1440137, 9.8869585], [78.1438491, 9.8874761], [78.1436432, 9.8878989], [78.1436339, 9.8879174], [78.1430252, 9.889125], [78.1427118, 9.889794], [78.1424694, 9.8902696], [78.1422693, 9.8906593], [78.1417586, 9.891511], [78.141537, 9.891816], [78.1413696, 9.8920366], [78.1410667, 9.892421], [78.1408708, 9.892727], [78.1406743, 9.8929841], [78.1405389, 9.8931945], [78.1403332, 9.8935183], [78.140274, 9.893591], [78.1401597, 9.8937571], [78.1401429, 9.8937815], [78.1400066, 9.893948], [78.1399173, 9.8940407], [78.139814, 9.8941276], [78.1396366, 9.8942559], [78.1395319, 9.8943317], [78.139405, 9.8943822], [78.1390605, 9.8945194], [78.1389327, 9.8945672], [78.1387106, 9.8946503], [78.1386306, 9.8946802], [78.1382959, 9.8950184], [78.1381987, 9.8951154], [78.1379099, 9.8954536], [78.1378577, 9.8955274], [78.1377687, 9.8957345], [78.1376417, 9.8960272], [78.1374374, 9.8964897], [78.1373298, 9.8966116], [78.1372144, 9.896701], [78.1369998, 9.8968446], [78.1365192, 9.8971914], [78.1355088, 9.8978019], [78.1352317, 9.8979693], [78.134731, 9.8983792], [78.1346831, 9.8984284], [78.1342887, 9.8987784], [78.1341882, 9.8988797], [78.1337835, 9.8992699], [78.1335511, 9.8995122], [78.1333776, 9.8997255], [78.1332099, 9.8999448], [78.1329315, 9.9003419], [78.1327379, 9.9005525], [78.1325935, 9.9006962], [78.1324462, 9.9008291], [78.1323307, 9.9009287], [78.1322537, 9.9009872], [78.1321056, 9.9010764], [78.1320585, 9.9011024], [78.1317374, 9.9012792], [78.1315866, 9.9013577], [78.1313811, 9.9014646], [78.1308866, 9.9016981], [78.1305331, 9.9018508], [78.1303292, 9.9019794], [78.1301935, 9.9021293], [78.1299943, 9.9026281], [78.129771, 9.9031875], [78.1295284, 9.9037205], [78.1295086, 9.9037669], [78.1292064, 9.9043446], [78.1291536, 9.9044432], [78.1285356, 9.9055972], [78.1283385, 9.9060361], [78.1282832, 9.9061846], [78.1278884, 9.9077721], [78.1277528, 9.9082711], [78.1276258, 9.908862], [78.1275976, 9.9089932]]}, "properties": {"kind": "road", "name": "Madurai - Viradanur - Valayankulam Road", "osm_id": 28679310, "osm_type": "way", "highway": "primary"}}, {"type": "Feature", "geometry": {"type": "LineString", "coordinates": [[78.1170907, 9.9596183], [78.1169612, 9.9595871], [78.1167744, 9.9595421], [78.1167045, 9.9595253], [78.1162029, 9.9594946], [78.1158202, 9.959479], [78.1156527, 9.9594748], [78.1154994, 9.9594918], [78.1149524, 9.9595982], [78.1147218, 9.9596436], [78.1146303, 9.9596748], [78.114338, 9.9597745], [78.1140642, 9.9598919], [78.1136, 9.9601032], [78.1133859, 9.9594874]]}, "properties": {"kind": "road", "name": "", "osm_id": 28681183, "osm_type": "way", "highway": "primary"}}, {"type": "Feature", "geometry": {"type": "LineString", "coordinates": [[78.138072, 9.9209674], [78.1385546, 9.9207694], [78.1390293, 9.9206013], [78.1401134, 9.920357]]}, "properties": {"kind": "road", "name": "Vaigai Vadakarai Salai", "osm_id": 28686420, "osm_type": "way", "highway": "primary"}}, {"type": "Feature", "geometry": {"type": "LineString", "coordinates": [[78.1252276, 9.9211301], [78.1251592, 9.9212786], [78.1249018, 9.9221738], [78.1247814, 9.9225608], [78.1247493, 9.9226639], [78.1246315, 9.9229981], [78.1245071, 9.9232441], [78.1243676, 9.9235197], [78.1243234, 9.9236158], [78.1242263, 9.9238268]]}, "properties": {"kind": "road", "name": "Keezha Veli Veethi", "osm_id": 31508405, "osm_type": "way", "highway": "trunk"}}, {"type": "Feature", "geometry": {"type": "LineString", "coordinates": [[78.1082559, 9.9191546], [78.1086531, 9.9188344], [78.1087175, 9.9187689], [78.1087458, 9.9187083], [78.1087775, 9.918634], [78.1087907, 9.9185452], [78.1087913, 9.9184131], [78.1087994, 9.9178833], [78.1088052, 9.9172758], [78.10882, 9.9171476]]}, "properties": {"kind": "road", "name": "Cochin \u2013 Madurai - Dhanushkodi Road (Old NH49)", "osm_id": 31565096, "osm_type": "way", "highway": "primary"}}, {"type": "Feature", "geometry": {"type": "LineString", "coordinates": [[78.0859965, 9.9377268], [78.0858533, 9.9378378], [78.0852427, 9.9382333], [78.0851233, 9.9383532], [78.0849657, 9.9385204], [78.0849483, 9.9385388], [78.0849154, 9.9385765], [78.0848537, 9.9386591], [78.0847438, 9.9388433], [78.0846325, 9.9390388], [78.0844903, 9.9393215], [78.0844715, 9.9393585], [78.0844353, 9.9394325], [78.0843039, 9.9397059], [78.0841081, 9.9400956], [78.0840625, 9.9401577], [78.0839907, 9.940237], [78.083754, 9.9404899], [78.0834952, 9.9407627], [78.0833141, 9.9409701], [78.0829869, 9.9413426], [78.0824223, 9.9419688], [78.08213, 9.9422884], [78.0820522, 9.9423545], [78.0819476, 9.9424337], [78.0814996, 9.942727], [78.0814017, 9.9427891], [78.0812918, 9.9428432], [78.0808049, 9.9430453], [78.0804013, 9.9431893], [78.0795483, 9.9435803], [78.0791795, 9.9437085], [78.0789904, 9.9437771], [78.0772497, 9.9443267], [78.0770244, 9.9443914], [78.0768366, 9.9444442], [78.0755666, 9.9447652], [78.075356, 9.9448326], [78.0751616, 9.9449066], [78.0748719, 9.9450413], [78.0742711, 9.9453966], [78.0740243, 9.9455472], [78.0733685, 9.9459713], [78.0728079, 9.9463794], [78.0725571, 9.9465683], [78.0718058, 9.9470792], [78.0710068, 9.9477057], [78.0709223, 9.9477717], [78.0708244, 9.9478298], [78.0702679, 9.9481389], [78.0695598, 9.9486541], [78.0693841, 9.9488152], [78.0692379, 9.9489685], [78.0690595, 9.9491864], [78.0685003, 9.9498799], [78.0679505, 9.9507161], [78.0674623, 9.9513871], [78.0673429, 9.9515245], [78.0672732, 9.9515945], [78.0671887, 9.9516777], [78.0669352, 9.9518666], [78.0668508, 9.951926], [78.0667837, 9.9519947], [78.06638, 9.9525138], [78.0661172, 9.9528282], [78.0657832, 9.9532747], [78.0657376, 9.9533341], [78.0653849, 9.9537185], [78.0653407, 9.9537806], [78.0651819, 9.9540185], [78.0648056, 9.9545824], [78.0647197, 9.9546841], [78.0642663, 9.9551683], [78.0634874, 9.9559634], [78.0624824, 9.9568388], [78.0622724, 9.9569859], [78.0619883, 9.9571972], [78.0618171, 9.9573132], [78.0608893, 9.9579424], [78.0608233, 9.9579872], [78.0602902, 9.9583486], [78.0593195, 9.9590275], [78.0591232, 9.9591203], [78.0588082, 9.9592069], [78.0585101, 9.9593259], [78.0584278, 9.9593631], [78.0563636, 9.9603242], [78.0559109, 9.9605491], [78.0554333, 9.9607167], [78.0550629, 9.9608141], [78.0549741, 9.9608571], [78.053335, 9.9619205], [78.0524643, 9.9622962], [78.052132, 9.962424], [78.0509202, 9.962684], [78.0488285, 9.9629805], [78.0487059, 9.9629587], [78.0470843, 9.9626707], [78.0461833, 9.9627333], [78.0452528, 9.9629774], [78.0442987, 9.9632276], [78.0441541, 9.9632446], [78.0439965, 9.9632541], [78.0427596, 9.9631537], [78.0422759, 9.9631844], [78.041684, 9.9631986], [78.0414506, 9.9632411], [78.0413129, 9.963269], [78.0409986, 9.963299], [78.0408865, 9.9633086], [78.0404753, 9.9633563], [78.0400224, 9.9634089], [78.0390209, 9.9634223], [78.0385665, 9.9634798], [78.0383885, 9.9635143], [78.0376321, 9.9636608], [78.03545, 9.9640834], [78.0348895, 9.9643346], [78.0343491, 9.964575], [78.0327703, 9.9655352], [78.0326687, 9.9655881], [78.0325748, 9.965629], [78.0324166, 9.9656779], [78.0319975, 9.9657546], [78.0317316, 9.9658032], [78.0313908, 9.9659066], [78.0313475, 9.9659197], [78.0312982, 9.9659347], [78.030991, 9.9660821], [78.0308575, 9.9661818], [78.0307777, 9.9662782], [78.0305764, 9.9665493], [78.030438, 9.9667355], [78.0300656, 9.967255], [78.0298939, 9.9674241], [78.0296425, 9.9676025], [78.0293231, 9.9678291], [78.0289488, 9.9680947], [78.0269756, 9.969212], [78.0262521, 9.9696636], [78.0261313, 9.969739], [78.0244494, 9.97078], [78.0242916, 9.9709001], [78.0228394, 9.9720049], [78.0221155, 9.9725173], [78.0217239, 9.9728211], [78.021313, 9.9732352], [78.0200175, 9.9747231], [78.0190122, 9.9758154], [78.0186689, 9.9760862], [78.0180694, 9.9764844], [78.0170123, 9.9771547], [78.0168114, 9.97724], [78.0165099, 9.9772989], [78.0163208, 9.9773358], [78.0160137, 9.9774754], [78.0157667, 9.9776333], [78.0152767, 9.9782378], [78.0141252, 9.9796584], [78.0138266, 9.9800267], [78.0133635, 9.9804383], [78.0132008, 9.9805955], [78.0129169, 9.9808002], [78.0127713, 9.980907], [78.0125068, 9.9810996], [78.0120076, 9.9814447], [78.01169, 9.981676], [78.0113186, 9.9817992], [78.0105293, 9.9819524], [78.0091712, 9.9820166], [78.0088037, 9.9820166], [78.0083021, 9.981948], [78.0080742, 9.9819268], [78.0078971, 9.9819268], [78.0052137, 9.9821969], [78.0050436, 9.9822081], [78.0039757, 9.9822782], [78.0025716, 9.9822967], [78.002294, 9.9822834], [78.0021049, 9.982261], [78.0018555, 9.982195], [78.0016317, 9.9821403]]}, "properties": {"kind": "road", "name": "Melakkal Salai", "osm_id": 31856600, "osm_type": "way", "highway": "primary"}}, {"type": "Feature", "geometry": {"type": "LineString", "coordinates": [[77.9587382, 10.0244668], [77.9587167, 10.0246], [77.9578727, 10.025336], [77.9572834, 10.02585], [77.9571943, 10.025942], [77.9567411, 10.02641], [77.9562666, 10.0269], [77.9547333, 10.02805], [77.95205, 10.0296833], [77.9512341, 10.0307559], [77.9511715, 10.0308921], [77.9511483, 10.0310266], [77.9511569, 10.035272], [77.9510531, 10.0354361], [77.9509136, 10.0355021], [77.9507747, 10.0355439], [77.9506132, 10.0355523], [77.9504494, 10.0355815], [77.9503789, 10.0356207], [77.9503262, 10.03565], [77.9502216, 10.0357583], [77.9501333, 10.0359333], [77.9497334, 10.0402], [77.9492167, 10.04145], [77.9486, 10.04405], [77.9484562, 10.0442934], [77.9483834, 10.0444167], [77.9475, 10.04545], [77.9467, 10.0467833], [77.9457667, 10.0490334], [77.9453666, 10.0504], [77.9449324, 10.0530457], [77.9447445, 10.0546316], [77.9446889, 10.0547324], [77.9446265, 10.0548191], [77.9441667, 10.0552333], [77.9440333, 10.0555666], [77.9439, 10.0570333], [77.9438259, 10.06045], [77.943746, 10.060666], [77.9436333, 10.0609]]}, "properties": {"kind": "road", "name": "Thirumangalam - Pallapatti - Silukkuvarpatti Road", "osm_id": 31856624, "osm_type": "way", "highway": "primary"}}, {"type": "Feature", "geometry": {"type": "LineString", "coordinates": [[78.0012409, 9.835323], [78.0002611, 9.8345935], [77.999892, 9.8343229], [77.9992586, 9.8340321], [77.9990079, 9.833917], [77.9975253, 9.8333032], [77.9967958, 9.8330012], [77.996536, 9.8328937], [77.9964997, 9.8328801], [77.996097, 9.8327297], [77.99575, 9.8326], [77.9952432, 9.832265], [77.9947666, 9.83195], [77.9944334, 9.83155], [77.9942313, 9.8310126], [77.9941133, 9.8306988], [77.9939814, 9.8303481], [77.9937, 9.8296], [77.9929324, 9.8287058], [77.9926873, 9.8284203], [77.9926485, 9.8283752], [77.9920833, 9.8277167], [77.9916605, 9.8273271], [77.9914253, 9.8271356], [77.9894291, 9.8255484], [77.9890231, 9.8252381], [77.9879896, 9.8244899], [77.9871477, 9.8239305], [77.9866054, 9.8236232], [77.986496, 9.8235859], [77.9862093, 9.8229606], [77.9861061, 9.8225912], [77.9859723, 9.8221122], [77.9858911, 9.8218218], [77.98575, 9.8213167], [77.9857183, 9.8211205], [77.9855942, 9.8203531], [77.9855667, 9.8201834], [77.9854698, 9.8198079], [77.9853816, 9.8195696]]}, "properties": {"kind": "road", "name": "Varanasi - Kanniyakumari Road (Old NH7)", "osm_id": 31860193, "osm_type": "way", "highway": "primary"}}, {"type": "Feature", "geometry": {"type": "LineString", "coordinates": [[78.125404, 9.9177536], [78.1254312, 9.9173067], [78.1254549, 9.9169186], [78.1254758, 9.9165746], [78.1254912, 9.9163221], [78.1255373, 9.9155657], [78.1255702, 9.9150254], [78.1256131, 9.914349], [78.1255272, 9.9139178], [78.1253127, 9.9133598], [78.1250689, 9.9130713]]}, "properties": {"kind": "road", "name": "Keezha Veli Veethi", "osm_id": 41917487, "osm_type": "way", "highway": "primary"}}, {"type": "Feature", "geometry": {"type": "LineString", "coordinates": [[78.1125781, 9.9122627], [78.1136233, 9.9121791], [78.113789, 9.9121659], [78.1149118, 9.9120249], [78.1159319, 9.9119945], [78.1175572, 9.9118212], [78.1187395, 9.9116951], [78.1199186, 9.9115693], [78.1199874, 9.911562], [78.1207595, 9.9114796], [78.1214186, 9.9114093], [78.122501, 9.9112858], [78.1225716, 9.9112971], [78.1226206, 9.9113176], [78.1230243, 9.9116286], [78.1234074, 9.9119238], [78.1238003, 9.9122265], [78.124241, 9.912566], [78.1246738, 9.9128994], [78.1250384, 9.9131803]]}, "properties": {"kind": "road", "name": "Therkku Marret Veethi", "osm_id": 41917494, "osm_type": "way", "highway": "primary"}}, {"type": "Feature", "geometry": {"type": "LineString", "coordinates": [[78.1252368, 9.9280078], [78.1256145, 9.9290653], [78.1259198, 9.9298295], [78.125965, 9.9299174]]}, "properties": {"kind": "road", "name": "Kal Palam Salai", "osm_id": 41917499, "osm_type": "way", "highway": "trunk"}}, {"type": "Feature", "geometry": {"type": "LineString", "coordinates": [[78.1120405, 9.9221962], [78.1121673, 9.9220802], [78.1121401, 9.920826], [78.1121352, 9.9204707], [78.1121346, 9.920394], [78.1121346, 9.9191152], [78.1121288, 9.9181417], [78.1121267, 9.9178718], [78.1120565, 9.9168503]]}, "properties": {"kind": "road", "name": "Mela Marret Veethi", "osm_id": 49176024, "osm_type": "way", "highway": "primary"}}, {"type": "Feature", "geometry": {"type": "LineString", "coordinates": [[78.334373, 10.0300586], [78.3344169, 10.0300662], [78.3345169, 10.0301047], [78.3348736, 10.0301976], [78.3358258, 10.030476], [78.3361183, 10.0305466], [78.3364769, 10.0306272], [78.3368353, 10.0307104], [78.3368948, 10.0307254], [78.3371526, 10.0307904], [78.337589, 10.0309005], [78.3378851, 10.0310334], [78.3382082, 10.0311308], [78.338323, 10.0311654], [78.3390287, 10.0313308], [78.3398275, 10.0313562], [78.340346, 10.0315731], [78.3406081, 10.0317346], [78.3407349, 10.0318214], [78.3414368, 10.0323557], [78.3415855, 10.0325505], [78.3420127, 10.0331578], [78.3426425, 10.033719], [78.3432235, 10.0340555], [78.3438167, 10.034412], [78.3442011, 10.0347778], [78.3444431, 10.0350562], [78.3446852, 10.0353652], [78.3447574, 10.0355622], [78.3448552, 10.0357737], [78.3450346, 10.0364077]]}, "properties": {"kind": "road", "name": "Trichy - Madurai - Tuticorin Road (Old NH45B)", "osm_id": 50858104, "osm_type": "way", "highway": "primary"}}, {"type": "Feature", "geometry": {"type": "LineString", "coordinates": [[78.1487635, 9.9269383], [78.14873, 9.9269323]]}, "properties": {"kind": "road", "name": "Sivagangai Salai", "osm_id": 55060388, "osm_type": "way", "highway": "primary"}}, {"type": "Feature", "geometry": {"type": "LineString", "coordinates": [[78.2443956, 9.990224], [78.2450294, 9.9909838], [78.2456136, 9.9917345], [78.246907, 9.993448], [78.2474322, 9.9939901], [78.2478924, 9.9943319], [78.2484034, 9.9946314], [78.2492813, 9.9949838], [78.2508351, 9.9955414], [78.2520308, 9.9959627], [78.2521502, 9.9960066], [78.2528051, 9.9962461], [78.2533985, 9.9964633], [78.2546639, 9.9969443], [78.2558701, 9.9973831], [78.2562107, 9.9975033], [78.2569991, 9.9977988], [78.2578, 9.9981496], [78.2583839, 9.9984508], [78.2585936, 9.9985717], [78.2588653, 9.9987284], [78.2593326, 9.9990261], [78.2597092, 9.9992923], [78.2605554, 9.9999099], [78.2614735, 10.0006123], [78.2621626, 10.0010848], [78.2626255, 10.0012916], [78.2633307, 10.0015111], [78.2641397, 10.0017093], [78.2658327, 10.0020426], [78.2658946, 10.0020548], [78.2683365, 10.0027886], [78.2697669, 10.003198], [78.2701607, 10.0032751], [78.2708165, 10.0033395], [78.2714964, 10.0034082], [78.2717733, 10.0034466], [78.2725555, 10.0035549], [78.2735306, 10.003632], [78.2752528, 10.0038118], [78.2775265, 10.0039341], [78.2781727, 10.0040625], [78.2787872, 10.0042825], [78.279748, 10.0047059], [78.2805769, 10.0050712], [78.2810998, 10.0053016], [78.2825066, 10.0059312], [78.2831167, 10.0062043], [78.2831431, 10.0062161], [78.2835725, 10.0064227], [78.2842904, 10.0067681], [78.2857016, 10.0074472], [78.2870583, 10.0080204], [78.2872102, 10.008075], [78.2883139, 10.0084721], [78.2883888, 10.0084991], [78.2894962, 10.0088979], [78.2899757, 10.0090719], [78.2906353, 10.0094433], [78.291028, 10.0097661], [78.2915274, 10.0101972], [78.2924799, 10.0109975], [78.29331, 10.0115408], [78.2936056, 10.0116796]]}, "properties": {"kind": "road", "name": "Madurai - Trichy Highway", "osm_id": 56435695, "osm_type": "way", "highway": "trunk"}}, {"type": "Feature", "geometry": {"type": "LineString", "coordinates": [[78.1959233, 9.9555734], [78.1972531, 9.9566869], [78.19747, 9.9568835], [78.198954, 9.9581098], [78.1993047, 9.9583996], [78.2006373, 9.9595337], [78.2017055, 9.9604222]]}, "properties": {"kind": "road", "name": "Othakadai Puravazhi Salai", "osm_id": 56435696, "osm_type": "way", "highway": "trunk"}}, {"type": "Feature", "geometry": {"type": "LineString", "coordinates": [[78.0119287, 9.84502], [78.0123048, 9.8453541], [78.0137642, 9.846411], [78.0141152, 9.8467077], [78.0144467, 9.8470574], [78.0146053, 9.8472492], [78.0148471, 9.8476755], [78.0151343, 9.8483875], [78.0151742, 9.8484885]]}, "properties": {"kind": "road", "name": "", "osm_id": 56435697, "osm_type": "way", "highway": "trunk"}}, {"type": "Feature", "geometry": {"type": "LineString", "coordinates": [[78.1651212, 9.9009554], [78.1652557, 9.9011142], [78.1653348, 9.9012784], [78.1653569, 9.9013243]]}, "properties": {"kind": "road", "name": "Madurai Ring Road", "osm_id": 62016357, "osm_type": "way", "highway": "trunk"}}, {"type": "Feature", "geometry": {"type": "LineString", "coordinates": [[78.0366811, 9.96734], [78.0350118, 9.9689378], [78.0344466, 9.9695839], [78.0338233, 9.9704317], [78.0335759, 9.9708525], [78.0334511, 9.9710648], [78.0328234, 9.9721901], [78.0323754, 9.9731433], [78.0320211, 9.9741134], [78.0317083, 9.9752968]]}, "properties": {"kind": "road", "name": "", "osm_id": 82623596, "osm_type": "way", "highway": "trunk"}}, {"type": "Feature", "geometry": {"type": "LineString", "coordinates": [[78.3486449, 10.0437538], [78.3491154, 10.0437532], [78.3496086, 10.0437374], [78.3499419, 10.0437463], [78.3501238, 10.0437303], [78.3509, 10.0438153]]}, "properties": {"kind": "road", "name": "Melur - Thiruppathur Road", "osm_id": 84277926, "osm_type": "way", "highway": "trunk"}}, {"type": "Feature", "geometry": {"type": "LineString", "coordinates": [[78.1261057, 9.9301592], [78.1261546, 9.9300714], [78.12629, 9.9300462]]}, "properties": {"kind": "road", "name": "\u0baa\u0bbe\u0bb2\u0bae\u0bcd \u0bb8\u0bcd\u0b9f\u0bc7\u0bb7\u0ba9\u0bcd \u0b9a\u0bbe\u0bb2\u0bc8", "osm_id": 93467329, "osm_type": "way", "highway": "primary"}}, {"type": "Feature", "geometry": {"type": "LineString", "coordinates": [[78.2581204, 10.0646356], [78.2581904, 10.0646238], [78.258681, 10.0645408], [78.2596332, 10.0643636], [78.2600694, 10.0643076], [78.2601561, 10.064293], [78.2603066, 10.0641964], [78.260441, 10.0640521], [78.260679, 10.0639316], [78.2611551, 10.0638144], [78.2616981, 10.0637038], [78.2624205, 10.0635487], [78.2632502, 10.0633721], [78.2635251, 10.0633325], [78.2637531, 10.0633391], [78.2639492, 10.063382], [78.264157, 10.0634365], [78.264276, 10.0634414], [78.2644671, 10.0633985], [78.2647437, 10.0632847], [78.2649314, 10.0631543], [78.2651393, 10.0629463], [78.2652951, 10.0627994], [78.2655365, 10.0626229], [78.265798, 10.0624248], [78.2659606, 10.062334], [78.2662606, 10.06224], [78.2665925, 10.0621096], [78.2669545, 10.0619726], [78.2672277, 10.0619165], [78.2675982, 10.0618538], [78.2679753, 10.0617498], [78.2685301, 10.06156], [78.2689357, 10.061456], [78.2695257, 10.0613422], [78.2696481, 10.0612811], [78.2698459, 10.0610963], [78.2700621, 10.0608999], [78.2703537, 10.0607051], [78.2706538, 10.0605665], [78.2709102, 10.0604048], [78.2714047, 10.0601225], [78.2718925, 10.0598816], [78.2721305, 10.0598106], [78.2722855, 10.0597861], [78.2724121, 10.0597661], [78.2728043, 10.0597066], [78.2731144, 10.0596555], [78.2736424, 10.0595185], [78.2743229, 10.0593452], [78.2749397, 10.0592049], [78.2753386, 10.0591406], [78.276123, 10.0590349], [78.2767164, 10.0589425], [78.2770868, 10.0588204], [78.2776333, 10.0585844], [78.2784337, 10.0582121], [78.2787169, 10.0580534], [78.2790038, 10.0578655], [78.2792455, 10.0577476], [78.2795134, 10.0576893], [78.2799069, 10.0576053], [78.2801356, 10.0575061], [78.2802901, 10.0573843], [78.2805485, 10.0571672], [78.2808993, 10.0569362], [78.2812075, 10.0567541], [78.2815251, 10.0565767], [78.2818096, 10.056474], [78.2821983, 10.0563573], [78.2824354, 10.0562616], [78.282606, 10.0561146], [78.2827933, 10.0558975], [78.2829806, 10.0556431], [78.2830248, 10.0556157], [78.2831275, 10.0555521], [78.2834428, 10.055405], [78.2839951, 10.0551833], [78.2842938, 10.0550666], [78.2845806, 10.0549312], [78.284865, 10.0547072], [78.2849479, 10.0546355], [78.2851258, 10.0544901], [78.2853273, 10.05428], [78.2853889, 10.0541587], [78.2854221, 10.053993], [78.2854766, 10.0538529], [78.2855857, 10.0537035], [78.2857753, 10.0535658], [78.2860953, 10.0534305], [78.2863987, 10.0533441], [78.2866544, 10.0532863], [78.2869982, 10.0532476], [78.2873928, 10.0531944], [78.2876809, 10.0531089], [78.2881328, 10.0529026], [78.28838, 10.0527817], [78.2884487, 10.0526946], [78.2885486, 10.0525383], [78.2887025, 10.0523851], [78.2889726, 10.0522384], [78.2893361, 10.0520482], [78.2897208, 10.0518532], [78.290176, 10.05165], [78.2903691, 10.0516033], [78.2905951, 10.0516033], [78.2908783, 10.0516371], [78.2913384, 10.0517016], [78.2919064, 10.0517629], [78.2923649, 10.0518435], [78.292743, 10.0519257], [78.2929002, 10.0519209], [78.2930295, 10.051887], [78.2932604, 10.0517371], [78.2936353, 10.0515565], [78.293858, 10.0514888], [78.2940708, 10.0514872], [78.2943688, 10.0514953], [78.2947535, 10.0514856], [78.2952266, 10.0514808], [78.2956359, 10.0514566], [78.2958668, 10.0514034], [78.2960927, 10.0513018], [78.2962564, 10.0511632], [78.2964201, 10.0509472], [78.2966772, 10.0506748], [78.2967329, 10.0506243], [78.2970242, 10.0503604], [78.2972682, 10.0501299], [78.2975416, 10.0499413], [78.2979574, 10.0497607], [78.2982993, 10.0496057], [78.2986234, 10.0494439], [78.2987647, 10.0493481], [78.2988874, 10.0492319], [78.2991536, 10.0489423], [78.2995681, 10.0484841], [78.2998297, 10.0481832], [78.3002094, 10.0478435], [78.3006702, 10.0474217], [78.3009487, 10.0471359], [78.3011078, 10.0469726], [78.3014458, 10.0466147], [78.3017699, 10.0463342], [78.302057, 10.0460857], [78.3023812, 10.0457483], [78.3029832, 10.0451738], [78.3035365, 10.0446381], [78.3037982, 10.044328], [78.3039324, 10.044173], [78.3041408, 10.0440111], [78.3043585, 10.0438356], [78.3047428, 10.0435027], [78.3050276, 10.0432132], [78.3052198, 10.0431083], [78.3053434, 10.0430756], [78.3054559, 10.0430445], [78.3057314, 10.0429191], [78.3059653, 10.0427458], [78.3062663, 10.0424859], [78.306558, 10.0422556], [78.3068914, 10.0420596], [78.3073105, 10.0419], [78.307806, 10.041688], [78.3081671, 10.0415124], [78.3089335, 10.0411773], [78.3097832, 10.0408718], [78.3103945, 10.0406826], [78.3107186, 10.0405252], [78.3109409, 10.0403451], [78.31114, 10.040238], [78.3113831, 10.0401726], [78.3116772, 10.040143], [78.3120013, 10.0401361], [78.3123694, 10.0401088], [78.3127584, 10.0400449], [78.3134947, 10.0398648], [78.3143838, 10.0396528], [78.3148075, 10.0394841], [78.3152034, 10.0392584], [78.3156757, 10.0389506], [78.3160855, 10.0387135], [78.3164097, 10.0386155], [78.316794, 10.0385699], [78.3174515, 10.0385357], [78.3181531, 10.0384901], [78.3187203, 10.0384148], [78.3190968, 10.0383328], [78.3198734, 10.0380341], [78.3202418, 10.0379607], [78.3206119, 10.0379292], [78.3209847, 10.0379475], [78.321288, 10.0379543], [78.3217951, 10.0378973], [78.3233278, 10.0376534], [78.3241729, 10.0375508], [78.3249879, 10.0373957], [78.3262428, 10.0372361], [78.3278797, 10.0370834], [78.3296294, 10.0368602], [78.3302992, 10.036803], [78.33038, 10.0368016], [78.3307044, 10.0367958], [78.3308921, 10.0367355], [78.3309799, 10.0367072], [78.3313272, 10.0365476], [78.3317069, 10.0362877], [78.3320935, 10.0360118], [78.3321588, 10.0359482], [78.3323251, 10.0357861], [78.3325149, 10.0356151], [78.332746, 10.0354484], [78.3332419, 10.0350908], [78.3337063, 10.0347522], [78.3340629, 10.0344959], [78.3348042, 10.0341328], [78.3348235, 10.0341274]]}, "properties": {"kind": "road", "name": "Madurai - Alagarkoil - Melur Road", "osm_id": 93484212, "osm_type": "way", "highway": "primary"}}, {"type": "Feature", "geometry": {"type": "LineString", "coordinates": [[78.1579443, 9.9477169], [78.1578944, 9.9477861], [78.1575612, 9.9490929], [78.1572393, 9.9503549], [78.1570935, 9.9509972], [78.1569934, 9.9513845], [78.1568777, 9.9517312], [78.1564441, 9.9529457], [78.1562085, 9.953373], [78.1560715, 9.953631], [78.1557382, 9.9541546], [78.1555493, 9.9543938], [78.1553474, 9.9546494], [78.1546119, 9.9556449], [78.1542894, 9.9560469], [78.1537278, 9.9567366], [78.153558, 9.9569122], [78.1535571, 9.9569544], [78.1535595, 9.9570668]]}, "properties": {"kind": "road", "name": "120 \u0b85\u0b9f\u0bbf \u0b9a\u0bbe\u0bb2\u0bc8", "osm_id": 97224820, "osm_type": "way", "highway": "primary"}}, {"type": "Feature", "geometry": {"type": "LineString", "coordinates": [[78.1472203, 9.95572], [78.1471391, 9.9557703], [78.1467052, 9.9561408], [78.1459638, 9.9570538], [78.1457788, 9.9572744], [78.1457376, 9.9573232], [78.1454713, 9.9576383], [78.1453675, 9.9577643], [78.1450291, 9.9582327], [78.1449044, 9.9583787], [78.1446583, 9.9586534], [78.1446134, 9.9587096], [78.1443264, 9.9590933], [78.1440327, 9.9594513], [78.1439696, 9.9595411], [78.1434734, 9.9601262], [78.1433031, 9.960331], [78.1425601, 9.9612318], [78.1422287, 9.9617221], [78.1420375, 9.962023], [78.1416752, 9.9625147], [78.1415585, 9.962659], [78.1412788, 9.9629487], [78.1410853, 9.9631177], [78.1409946, 9.963202], [78.1409035, 9.9632868], [78.1404854, 9.9636979], [78.1403285, 9.9638689], [78.1397795, 9.9643688], [78.1387744, 9.9652351], [78.137754, 9.9660164], [78.137016, 9.9665814], [78.1366093, 9.9668802]]}, "properties": {"kind": "road", "name": "", "osm_id": 97224823, "osm_type": "way", "highway": "primary"}}, {"type": "Feature", "geometry": {"type": "LineString", "coordinates": [[78.0994094, 9.8544675], [78.0996052, 9.8547612], [78.099776, 9.855116], [78.0998879, 9.8555086], [78.0999678, 9.8564155], [78.1000008, 9.8569193], [78.1000055, 9.8569917], [78.100039, 9.857589], [78.1000752, 9.8582481], [78.1001656, 9.859574], [78.1001953, 9.8600611], [78.1002135, 9.8604515], [78.1002525, 9.8608929], [78.1003159, 9.8612956], [78.1004073, 9.8617077], [78.1005838, 9.8622254], [78.1007033, 9.8625972], [78.1008715, 9.8629832], [78.1011497, 9.8637059], [78.101288, 9.8639861], [78.1016157, 9.8645186], [78.1021304, 9.8652801], [78.1025298, 9.8658785], [78.1030223, 9.8666164], [78.1032046, 9.8668995], [78.103528, 9.8673839], [78.1043759, 9.8686539], [78.1056568, 9.8705946], [78.105767, 9.8707088]]}, "properties": {"kind": "road", "name": "Aruppukottai Salai", "osm_id": 97227501, "osm_type": "way", "highway": "primary"}}, {"type": "Feature", "geometry": {"type": "LineString", "coordinates": [[77.9855687, 9.8371735], [77.9856559, 9.8371997], [77.985995, 9.8373115], [77.9866564, 9.8374949], [77.9872556, 9.8375589], [77.9876843, 9.8375726], [77.9882896, 9.8375422], [77.9890809, 9.8374106], [77.9906494, 9.8370699], [77.9908773, 9.8370193]]}, "properties": {"kind": "road", "name": "Tirumangalam Puravazhi Salai", "osm_id": 97678195, "osm_type": "way", "highway": "trunk"}}, {"type": "Feature", "geometry": {"type": "LineString", "coordinates": [[78.0964086, 9.8071909], [78.0965089, 9.8071767], [78.0965919, 9.8071626], [78.0967403, 9.8071373], [78.0995492, 9.8067749], [78.1008384, 9.8067545], [78.1009804, 9.8067523], [78.1022729, 9.8068294]]}, "properties": {"kind": "road", "name": "Madurai - Viradanur - Valayankulam Road", "osm_id": 97686713, "osm_type": "way", "highway": "primary"}}, {"type": "Feature", "geometry": {"type": "LineString", "coordinates": [[78.1769085, 9.8205506], [78.1760794, 9.8213133], [78.1758039, 9.8215667], [78.172302, 9.8248312], [78.1711776, 9.8264127], [78.1694524, 9.8289075], [78.1672981, 9.8318252], [78.1652897, 9.8348021], [78.1651008, 9.8352672], [78.165029, 9.8354539], [78.1649034, 9.8359015], [78.1646459, 9.8366711], [78.1640428, 9.8386153], [78.1638563, 9.8392166], [78.163567, 9.8400433], [78.1634271, 9.8404428], [78.1626461, 9.8423963], [78.1614874, 9.8449587], [78.1613436, 9.8452518], [78.1604831, 9.8470052], [78.1589897, 9.8504048], [78.1588823, 9.8506414], [78.1578653, 9.8528825], [78.1565778, 9.8558507], [78.1565354, 9.8559497], [78.1561938, 9.8567462]]}, "properties": {"kind": "road", "name": "Madurai - Viradanur - Valayankulam Road", "osm_id": 97686741, "osm_type": "way", "highway": "primary"}}, {"type": "Feature", "geometry": {"type": "LineString", "coordinates": [[78.1262684, 9.9273691], [78.1248253, 9.9249013]]}, "properties": {"kind": "road", "name": "Albert Victor Bridge", "osm_id": 116391303, "osm_type": "way", "highway": "trunk"}}, {"type": "Feature", "geometry": {"type": "LineString", "coordinates": [[78.107075, 9.9379832], [78.1055484, 9.9354118]]}, "properties": {"kind": "road", "name": "Jayalalitha Palam", "osm_id": 120290948, "osm_type": "way", "highway": "primary"}}, {"type": "Feature", "geometry": {"type": "LineString", "coordinates": [[78.107322, 9.9383756], [78.1073446, 9.9383169], [78.107213, 9.9380879], [78.1071427, 9.9380767]]}, "properties": {"kind": "road", "name": "", "osm_id": 120290977, "osm_type": "way", "highway": "primary"}}, {"type": "Feature", "geometry": {"type": "LineString", "coordinates": [[78.1798534, 9.9541081], [78.1798273, 9.9541032], [78.1797571, 9.9540861], [78.1790329, 9.9538695], [78.1786252, 9.9536581], [78.1776274, 9.9531562], [78.1760127, 9.9525486], [78.1752052, 9.9522929], [78.174842, 9.9521779], [78.1748111, 9.9521681], [78.1746049, 9.9521428], [78.1744678, 9.9521259], [78.1742867, 9.9521056], [78.1736076, 9.9520297], [78.1731911, 9.9519832], [78.1728836, 9.9519375], [78.1726224, 9.9518987], [78.1721361, 9.9517792], [78.1717478, 9.951681], [78.1711431, 9.9515354], [78.1707073, 9.9514284], [78.1697847, 9.9511854], [78.1693009, 9.9511023], [78.1690766, 9.9510638], [78.1686974, 9.9510167], [78.168524, 9.9509952], [78.1682889, 9.9509737], [78.1680037, 9.9509476], [78.1679166, 9.9509372], [78.1676593, 9.9509063], [78.1669219, 9.9508178], [78.16633, 9.9507468], [78.1657023, 9.9506622], [78.1654287, 9.9506253], [78.1652732, 9.950583], [78.1650962, 9.9504826], [78.1636942, 9.9495233], [78.1635117, 9.9494004], [78.1634449, 9.9493576]]}, "properties": {"kind": "road", "name": "Melur Pradhana Salai", "osm_id": 134938026, "osm_type": "way", "highway": "primary"}}, {"type": "Feature", "geometry": {"type": "LineString", "coordinates": [[77.9800169, 9.8262213], [77.9800554, 9.8266742], [77.9800703, 9.8268487], [77.9800866, 9.8270999], [77.980113, 9.8273242], [77.9801725, 9.8278307], [77.9801909, 9.8279877], [77.9802601, 9.8286295], [77.9803122, 9.829113], [77.9803372, 9.8292596], [77.9805223, 9.8303445], [77.980577, 9.8306648], [77.9805871, 9.8307243], [77.9806152, 9.8308945], [77.9806523, 9.8311188], [77.9807819, 9.8319023], [77.9808894, 9.8325523], [77.9809993, 9.8337438], [77.9808527, 9.8344428], [77.9807111, 9.8347972], [77.9805945, 9.8350042], [77.9805156, 9.8351542], [77.9803777, 9.8353619], [77.9802167, 9.8357959], [77.9801661, 9.8360558], [77.9801661, 9.8363371], [77.9801611, 9.8375215], [77.9802126, 9.8382429], [77.9802753, 9.8391223], [77.9803198, 9.8397469], [77.9803149, 9.8400141], [77.9803004, 9.8408133], [77.9802223, 9.8414496], [77.9801952, 9.8416703], [77.9798301, 9.8433905], [77.9794049, 9.8446473], [77.9792761, 9.8454217], [77.9791923, 9.8463167], [77.9790313, 9.8468435], [77.9787221, 9.8474275], [77.9780907, 9.848551], [77.9777621, 9.849319], [77.9777493, 9.849757], [77.9778008, 9.8507155], [77.9779296, 9.8515724], [77.9777901, 9.8523568], [77.9777169, 9.8526686], [77.9776633, 9.8528853], [77.9776725, 9.8530771], [77.9777417, 9.8535732], [77.977773, 9.8542309], [77.9777411, 9.8548091], [77.9777142, 9.8552372], [77.9776685, 9.8561945], [77.9776521, 9.8565841], [77.9777871, 9.8572225], [77.9778081, 9.8574782], [77.9777887, 9.85774], [77.9777357, 9.8581573], [77.9777075, 9.8585892], [77.9776938, 9.8587127], [77.9777738, 9.8590136], [77.9780471, 9.8595521], [77.9784298, 9.8601536], [77.9789218, 9.8607011], [77.9793864, 9.8617962], [77.9800789, 9.8635466], [77.9803317, 9.8645248]]}, "properties": {"kind": "road", "name": "Thirumangalam - Pallapatti - Silukkuvarpatti Road", "osm_id": 154338925, "osm_type": "way", "highway": "primary"}}, {"type": "Feature", "geometry": {"type": "LineString", "coordinates": [[78.2879935, 9.8583925], [78.2874557, 9.8585088], [78.2869473, 9.8586243], [78.2867637, 9.8586568], [78.2865928, 9.8585979], [78.2864492, 9.8584803], [78.2861293, 9.8581483], [78.2854384, 9.8575524], [78.285081, 9.8572831], [78.2847154, 9.8571094], [78.2844313, 9.8570582], [78.2840174, 9.8570755], [78.283647, 9.8571293], [78.2832434, 9.857233], [78.2824437, 9.857447], [78.2822169, 9.8575077], [78.2817974, 9.8576061], [78.2813676, 9.8576574], [78.2812368, 9.857673], [78.2803282, 9.8577461], [78.2801762, 9.8577583], [78.2791723, 9.8578905], [78.2790272, 9.8579096], [78.2783242, 9.8580224], [78.2780451, 9.8580672]]}, "properties": {"kind": "road", "name": "", "osm_id": 154421592, "osm_type": "way", "highway": "trunk"}}, {"type": "Feature", "geometry": {"type": "LineString", "coordinates": [[77.9609337, 9.83235], [77.9606011, 9.8324197], [77.9605357, 9.832446], [77.9602284, 9.8325693], [77.9591719, 9.8328913], [77.9580292, 9.8332395], [77.9561232, 9.8338775], [77.9558834, 9.8339584], [77.9533353, 9.8345904], [77.9532485, 9.8346119], [77.9527291, 9.8347407], [77.9513381, 9.8350509], [77.9498216, 9.8354807], [77.9485771, 9.8362206], [77.9477312, 9.8367763], [77.9471609, 9.8371509], [77.9459485, 9.8376794], [77.944822, 9.8379649], [77.944064, 9.8381694], [77.9434487, 9.8381922], [77.9430316, 9.8380574], [77.9426226, 9.8379649], [77.9403373, 9.8387894], [77.9401372, 9.8388882], [77.9393001, 9.8393005], [77.9389211, 9.8394871], [77.9384383, 9.8396668], [77.9376059, 9.8396722], [77.9374204, 9.8396734], [77.9366396, 9.8396785], [77.9364317, 9.8396738], [77.9361078, 9.8396665], [77.9355989, 9.8396282], [77.9350752, 9.8395396], [77.9347556, 9.8395558], [77.9339274, 9.8396877], [77.9325413, 9.8399084], [77.9319423, 9.8399255], [77.9313197, 9.8399099], [77.9309177, 9.8399202], [77.9304373, 9.8399707], [77.9298985, 9.8401025], [77.929587, 9.8402693], [77.9276022, 9.8414533], [77.9274091, 9.8415317], [77.9266902, 9.8418233], [77.9255889, 9.8422498], [77.9247376, 9.842669], [77.9242548, 9.8430389], [77.9232677, 9.844022], [77.922742, 9.8444766], [77.9223703, 9.8446388], [77.9207931, 9.8453471], [77.919459, 9.8458085], [77.9182611, 9.8461927], [77.9170236, 9.8465062], [77.916294, 9.8468339], [77.9153713, 9.8473835], [77.9146096, 9.8480178], [77.9137405, 9.8485886], [77.9134512, 9.8486873], [77.9129037, 9.848874], [77.9120239, 9.84917], [77.9114912, 9.849364], [77.909685, 9.8500262], [77.9085193, 9.8503576], [77.9066595, 9.8508085], [77.9060946, 9.8510659], [77.9055367, 9.851309], [77.9029259, 9.8519818], [77.9005763, 9.8522144], [77.9000865, 9.8524083], [77.8992888, 9.8529226], [77.8982818, 9.8539548], [77.8982266, 9.8540114], [77.8971752, 9.8557026], [77.8971036, 9.8557933], [77.8969499, 9.855988], [77.8957161, 9.8569922], [77.8942784, 9.8584298], [77.8938423, 9.8587401], [77.89322, 9.8589409], [77.8928767, 9.8590677], [77.8915426, 9.8603853], [77.8911241, 9.8611147], [77.8909739, 9.8619603], [77.8907808, 9.8623197], [77.8904697, 9.8625417], [77.8899906, 9.8626088], [77.8889033, 9.8628271], [77.8875407, 9.8629645], [77.8864893, 9.8630702], [77.8859314, 9.8630596], [77.8857705, 9.8630702], [77.885191, 9.8630371], [77.8846117, 9.8633543], [77.8844003, 9.8639092], [77.8842072, 9.8654313], [77.8836545, 9.8659556], [77.8834131, 9.8661326], [77.883166, 9.866269], [77.8826031, 9.8663784], [77.8821716, 9.8663787], [77.8816236, 9.866306], [77.8806156, 9.8664973], [77.8802991, 9.866566], [77.8800659, 9.8666997], [77.8790756, 9.8680897], [77.8777055, 9.8701244], [77.8752347, 9.8732901], [77.8725524, 9.8739032], [77.87075, 9.8736707], [77.8669193, 9.8744132], [77.8666882, 9.8744422], [77.8665028, 9.8745389], [77.8664362, 9.8747424], [77.8663544, 9.8755524], [77.8662336, 9.8767053], [77.8661156, 9.877424], [77.8662121, 9.8781956], [77.8662826, 9.8783242], [77.86642, 9.878575], [77.8665018, 9.8795168], [77.8665087, 9.8795573], [77.8665704, 9.8799222], [77.8666409, 9.8803388], [77.866652, 9.8804047], [77.8667056, 9.8808275], [77.8672743, 9.8815145], [77.8675318, 9.8827406], [77.8677249, 9.8838304], [77.8677493, 9.8838617], [77.867788, 9.8838792], [77.8678451, 9.8838889], [77.868669, 9.8837975], [77.8691757, 9.8839768], [77.869219, 9.8839988], [77.8692486, 9.8840221], [77.8692729, 9.8840512], [77.8692887, 9.8840831], [77.8693986, 9.8853618], [77.8690767, 9.886757], [77.8691625, 9.8879619], [77.8697419, 9.8896108], [77.8702582, 9.8906743], [77.8705359, 9.8912464], [77.870563, 9.8913212], [77.8706861, 9.8916612], [77.8706892, 9.8918352], [77.8706941, 9.8921104], [77.8706002, 9.8926125], [77.8703642, 9.8946418], [77.8704715, 9.8959735], [77.8701657, 9.8971836], [77.8696159, 9.8981428], [77.8691759, 9.8991786], [77.8688782, 9.899966], [77.8685376, 9.9008063], [77.8682238, 9.9016174], [77.8679529, 9.9023836], [77.8679172, 9.9024748]]}, "properties": {"kind": "road", "name": "Thirumangalam - Usilampatti Road", "osm_id": 156174667, "osm_type": "way", "highway": "primary"}}, {"type": "Feature", "geometry": {"type": "LineString", "coordinates": [[78.2564284, 9.8286385], [78.256318, 9.8284029], [78.2557526, 9.8276461], [78.2556454, 9.827511], [78.2551766, 9.8268723]]}, "properties": {"kind": "road", "name": "", "osm_id": 164698988, "osm_type": "way", "highway": "trunk"}}, {"type": "Feature", "geometry": {"type": "LineString", "coordinates": [[78.2578416, 9.8316092], [78.2564284, 9.8286385]]}, "properties": {"kind": "road", "name": "", "osm_id": 164698992, "osm_type": "way", "highway": "trunk"}}, {"type": "Feature", "geometry": {"type": "LineString", "coordinates": [[78.2671782, 9.8502558], [78.2671191, 9.849097], [78.2670994, 9.8479771], [78.2671623, 9.8468162], [78.2671514, 9.84635], [78.2669342, 9.8453246], [78.2666713, 9.8438432], [78.2661135, 9.8420652], [78.2659659, 9.84149], [78.2657776, 9.8410426], [78.2644834, 9.8385649], [78.2638523, 9.8373488], [78.2631929, 9.8361263], [78.262938, 9.8356807], [78.2628418, 9.8355126], [78.2628143, 9.8354645], [78.262345, 9.8349444], [78.2620926, 9.834622], [78.2616846, 9.8341006], [78.2616126, 9.8340086], [78.2614671, 9.8337303], [78.2613267, 9.8334618], [78.2611857, 9.8331922], [78.261029, 9.8328924], [78.2609849, 9.8328507], [78.260743, 9.8326218], [78.2605076, 9.8325046], [78.2603883, 9.8324527], [78.2600598, 9.832352], [78.260031, 9.8323432]]}, "properties": {"kind": "road", "name": "", "osm_id": 164698994, "osm_type": "way", "highway": "trunk"}}, {"type": "Feature", "geometry": {"type": "LineString", "coordinates": [[77.9841018, 9.800045], [77.9840029, 9.8004291], [77.9839279, 9.8009656], [77.983872, 9.8015066], [77.9838573, 9.8021069], [77.9839101, 9.8029693], [77.9839581, 9.8035514], [77.9839715, 9.8038183], [77.9839581, 9.8041251]]}, "properties": {"kind": "road", "name": "Tirumangalam Puravazhi Salai", "osm_id": 164716888, "osm_type": "way", "highway": "trunk"}}, {"type": "Feature", "geometry": {"type": "LineString", "coordinates": [[78.1664839, 9.9035888], [78.1654697, 9.9013104]]}, "properties": {"kind": "road", "name": "Madurai Ring Road", "osm_id": 176508845, "osm_type": "way", "highway": "trunk"}}, {"type": "Feature", "geometry": {"type": "LineString", "coordinates": [[78.179481, 9.9417397], [78.1818127, 9.9436925], [78.1820034, 9.9438522], [78.1824047, 9.9441897], [78.184683, 9.9461063], [78.1868175, 9.9478933], [78.1876338, 9.9485829], [78.1892542, 9.9499518], [78.1897359, 9.950369], [78.1900657, 9.9506547], [78.191253, 9.9516415], [78.1930759, 9.9531516], [78.1941455, 9.9540645]]}, "properties": {"kind": "road", "name": "Othakadai Puravazhi Salai", "osm_id": 176508847, "osm_type": "way", "highway": "trunk"}}, {"type": "Feature", "geometry": {"type": "LineString", "coordinates": [[78.3484889, 10.0433139], [78.3480163, 10.0436266], [78.3476712, 10.0437408]]}, "properties": {"kind": "road", "name": "", "osm_id": 176508900, "osm_type": "way", "highway": "trunk_link"}}, {"type": "Feature", "geometry": {"type": "LineString", "coordinates": [[78.3484889, 10.0433139], [78.3484473, 10.0434553], [78.3484738, 10.0436266], [78.3485343, 10.0437122], [78.3486449, 10.0437538]]}, "properties": {"kind": "road", "name": "", "osm_id": 176508907, "osm_type": "way", "highway": "trunk_link"}}, {"type": "Feature", "geometry": {"type": "LineString", "coordinates": [[78.350482, 10.0390837], [78.350198, 10.0403055], [78.34999, 10.0408714], [78.3494796, 10.042182], [78.3491506, 10.0426623], [78.3485532, 10.043258], [78.3484889, 10.0433139]]}, "properties": {"kind": "road", "name": "", "osm_id": 176508914, "osm_type": "way", "highway": "trunk_link"}}, {"type": "Feature", "geometry": {"type": "LineString", "coordinates": [[78.3415855, 10.0325505], [78.3412516, 10.032601], [78.3407682, 10.0325902], [78.3401869, 10.0325017], [78.3400948, 10.0324973], [78.3389976, 10.0323802], [78.3388843, 10.0324045], [78.3386272, 10.0324598], [78.3384887, 10.0326015], [78.3383631, 10.0327381], [78.3376171, 10.0330275], [78.3374906, 10.0330766], [78.3364183, 10.0334793], [78.3354918, 10.0338272], [78.3351508, 10.0339552], [78.3350713, 10.0339946], [78.3349923, 10.0340404], [78.334904, 10.0340917]]}, "properties": {"kind": "road", "name": "Madurai - Alagarkoil - Melur Road", "osm_id": 177370737, "osm_type": "way", "highway": "primary"}}, {"type": "Feature", "geometry": {"type": "LineString", "coordinates": [[77.9777035, 9.9581198], [77.9777142, 9.9591818], [77.9777116, 9.9597181], [77.9777192, 9.9602716], [77.9778108, 9.961253], [77.9779986, 9.9622436], [77.9785189, 9.9640981], [77.9787669, 9.9649093], [77.9788032, 9.965028], [77.979058, 9.9659553], [77.9793933, 9.9671414], [77.9794752, 9.9673352], [77.979561, 9.9674949], [77.9797531, 9.9676909], [77.9798333, 9.9678091], [77.9798895, 9.9679229], [77.9799968, 9.9699688], [77.9800699, 9.9702476], [77.9801232, 9.9703587], [77.9801872, 9.9704592], [77.9804421, 9.970782], [77.9805743, 9.9709315], [77.9806933, 9.9711154], [77.9812789, 9.9724464], [77.9818466, 9.9738576], [77.9821476, 9.9746059], [77.9828178, 9.976189], [77.9831431, 9.9769574], [77.9835253, 9.9777737], [77.983719, 9.9782467], [77.9840398, 9.9788725], [77.9841667, 9.9791434], [77.9842331, 9.9793281], [77.98441, 9.9797205], [77.9845528, 9.9800896], [77.9847259, 9.9806232], [77.9847828, 9.9808051], [77.9848181, 9.9808821], [77.9850259, 9.9812994], [77.985148, 9.9814725], [77.9853423, 9.9816991], [77.9854176, 9.9817696]]}, "properties": {"kind": "road", "name": "Thirumangalam - Pallapatti - Silukkuvarpatti Road", "osm_id": 177370748, "osm_type": "way", "highway": "primary"}}, {"type": "Feature", "geometry": {"type": "LineString", "coordinates": [[77.9800094, 9.8130402], [77.9800477, 9.8131241], [77.9801587, 9.8131995], [77.9802316, 9.813291], [77.9802445, 9.8133865], [77.9794347, 9.8158337], [77.979227, 9.8162814], [77.9792173, 9.8165148]]}, "properties": {"kind": "road", "name": "", "osm_id": 177370775, "osm_type": "way", "highway": "trunk_link"}}, {"type": "Feature", "geometry": {"type": "LineString", "coordinates": [[78.3511441, 10.0227368], [78.3505252, 10.0231195], [78.3493996, 10.0237503], [78.347561, 10.0247805], [78.347046, 10.0250736], [78.3464182, 10.0254309], [78.3455844, 10.0259054], [78.3427832, 10.0274995], [78.3423858, 10.0277597], [78.3422375, 10.0278568], [78.341199, 10.0285368], [78.3409327, 10.0287112], [78.3389761, 10.0299923], [78.338146, 10.0305358], [78.3377442, 10.0307989], [78.337589, 10.0309005]]}, "properties": {"kind": "road", "name": "Ramanathapuram - Nainarkoil - Andakudi - Ilayangudi - Sivagangai - Melur Road", "osm_id": 184104726, "osm_type": "way", "highway": "primary"}}, {"type": "Feature", "geometry": {"type": "LineString", "coordinates": [[78.3489288, 10.0491618], [78.3490419, 10.0484727], [78.3491669, 10.0477339], [78.3494937, 10.0458005]]}, "properties": {"kind": "road", "name": "Melur Puravazhi Salai", "osm_id": 184104958, "osm_type": "way", "highway": "trunk"}}, {"type": "Feature", "geometry": {"type": "LineString", "coordinates": [[78.1198944, 9.9106655], [78.1198955, 9.9106006], [78.1198998, 9.9103477], [78.1199045, 9.9102709], [78.119909, 9.9101976]]}, "properties": {"kind": "road", "name": "Aruppukottai Salai", "osm_id": 185254222, "osm_type": "way", "highway": "primary"}}, {"type": "Feature", "geometry": {"type": "LineString", "coordinates": [[78.119909, 9.9101976], [78.1199636, 9.909712], [78.1200855, 9.909171], [78.1202464, 9.9087577], [78.1209056, 9.9069283]]}, "properties": {"kind": "road", "name": "Aruppukottai Salai", "osm_id": 185254224, "osm_type": "way", "highway": "primary"}}, {"type": "Feature", "geometry": {"type": "LineString", "coordinates": [[78.1172071, 9.8895078], [78.1171926, 9.8911083], [78.1171924, 9.8913993], [78.1171872, 9.8916033], [78.1171701, 9.8918226], [78.1171647, 9.8918911], [78.11715, 9.8920796], [78.1171216, 9.8924125], [78.1170928, 9.8928124], [78.1170867, 9.892964], [78.1170732, 9.893214], [78.1170771, 9.8932591], [78.1170962, 9.893482], [78.1171969, 9.893871], [78.117225, 9.8939279], [78.1173296, 9.8942145], [78.11752, 9.8944867], [78.1176558, 9.8947122], [78.1177104, 9.8948066], [78.1177366, 9.8948694], [78.1180274, 9.8954739], [78.1180426, 9.8955116], [78.1183585, 9.8962335], [78.118628, 9.8968132], [78.1188835, 9.8973515], [78.1188978, 9.8973973], [78.118998, 9.897612], [78.1191063, 9.8978631], [78.119245, 9.8981096], [78.1193626, 9.8983226], [78.1194017, 9.8984014], [78.1195204, 9.8985468], [78.1196954, 9.8987613], [78.1199862, 9.8989954], [78.1200368, 9.899044], [78.1201541, 9.899203], [78.1201821, 9.8992409], [78.1202891, 9.8994475], [78.1203013, 9.8995551], [78.1203219, 9.8997373], [78.1203298, 9.9002015], [78.1203428, 9.900368], [78.1203763, 9.9006419], [78.1203936, 9.9007617], [78.1204173, 9.900884], [78.1204958, 9.9011675], [78.1206297, 9.9014261], [78.1208874, 9.9018016], [78.1210492, 9.9020274], [78.1211857, 9.9022669], [78.1213426, 9.9026752], [78.1213559, 9.9027641], [78.1214335, 9.9030847], [78.1214959, 9.9034407], [78.121503, 9.903729], [78.1214616, 9.9043708], [78.1214084, 9.9049597], [78.121415, 9.9050746]]}, "properties": {"kind": "road", "name": "Aruppukottai Salai", "osm_id": 185254226, "osm_type": "way", "highway": "primary"}}, {"type": "Feature", "geometry": {"type": "LineString", "coordinates": [[78.1234245, 9.9249329], [78.1236443, 9.9252722], [78.1252368, 9.9280078]]}, "properties": {"kind": "road", "name": "Kal Palam", "osm_id": 185254232, "osm_type": "way", "highway": "trunk"}}, {"type": "Feature", "geometry": {"type": "LineString", "coordinates": [[78.1233236, 9.9247547], [78.1234245, 9.9249329]]}, "properties": {"kind": "road", "name": "Kal Palam Salai", "osm_id": 185254234, "osm_type": "way", "highway": "trunk"}}, {"type": "Feature", "geometry": {"type": "LineString", "coordinates": [[78.1166471, 9.9243733], [78.1151731, 9.9240741], [78.1129031, 9.9238169]]}, "properties": {"kind": "road", "name": "Vadakku Veli Veethi", "osm_id": 185254242, "osm_type": "way", "highway": "primary"}}, {"type": "Feature", "geometry": {"type": "LineString", "coordinates": [[78.1126974, 9.9238565], [78.1128633, 9.923927], [78.1145849, 9.9240927], [78.1151643, 9.9241651], [78.115756, 9.9242842], [78.11614, 9.9243614], [78.1166149, 9.924457]]}, "properties": {"kind": "road", "name": "Vadakku Veli Veethi", "osm_id": 185254244, "osm_type": "way", "highway": "primary"}}, {"type": "Feature", "geometry": {"type": "LineString", "coordinates": [[78.1364742, 9.9356581], [78.1364465, 9.9355915], [78.1360226, 9.9348025], [78.1358884, 9.9345677], [78.1355634, 9.9340966], [78.1354502, 9.9339613], [78.1352369, 9.9337038], [78.1351582, 9.9336626]]}, "properties": {"kind": "road", "name": "Azhagarkovil Salai", "osm_id": 185254248, "osm_type": "way", "highway": "trunk"}}, {"type": "Feature", "geometry": {"type": "LineString", "coordinates": [[78.1275976, 9.9089932], [78.1275845, 9.9090315], [78.12754, 9.9092532]]}, "properties": {"kind": "road", "name": "Chinthamani Road", "osm_id": 185254269, "osm_type": "way", "highway": "primary"}}, {"type": "Feature", "geometry": {"type": "LineString", "coordinates": [[78.12754, 9.9092532], [78.1275259, 9.9092973], [78.1273703, 9.9098474], [78.1271636, 9.9105769], [78.1271438, 9.9106468], [78.1270809, 9.911034], [78.1269914, 9.9116131], [78.1269491, 9.9118865], [78.1269246, 9.9124079], [78.1268976, 9.9129856], [78.1267937, 9.9134337], [78.1267794, 9.9134851], [78.1267134, 9.9137225], [78.1266573, 9.9139241], [78.1265373, 9.9144206]]}, "properties": {"kind": "road", "name": "Chinthamani Road", "osm_id": 185254290, "osm_type": "way", "highway": "primary"}}, {"type": "Feature", "geometry": {"type": "LineString", "coordinates": [[78.1231191, 9.9244828], [78.1231293, 9.9245685], [78.1233619, 9.9249896]]}, "properties": {"kind": "road", "name": "", "osm_id": 185405150, "osm_type": "way", "highway": "primary"}}, {"type": "Feature", "geometry": {"type": "LineString", "coordinates": [[78.123908, 9.9255971], [78.1238689, 9.9255055], [78.123552, 9.9250009]]}, "properties": {"kind": "road", "name": "", "osm_id": 185405160, "osm_type": "way", "highway": "primary"}}, {"type": "Feature", "geometry": {"type": "LineString", "coordinates": [[78.1129652, 9.9355929], [78.1123384, 9.9360744], [78.1122324, 9.9361657], [78.112046, 9.9363004], [78.1118665, 9.9364017], [78.1116449, 9.9364867], [78.1113183, 9.9366323], [78.1110688, 9.9367419], [78.1106292, 9.9369256], [78.1104241, 9.9370426], [78.1102313, 9.9371576], [78.1098942, 9.9374092], [78.1095919, 9.9375852], [78.1092707, 9.9377109], [78.1088316, 9.9378702], [78.1081442, 9.9381153], [78.1077392, 9.9382712], [78.1073865, 9.938396], [78.1073432, 9.9384168], [78.1072062, 9.9384754], [78.1070841, 9.9385724], [78.106929, 9.9387499], [78.1067445, 9.9390004], [78.1065301, 9.939441], [78.1064688, 9.9395427], [78.1063114, 9.9396229], [78.1057066, 9.9398134], [78.105256, 9.9400086], [78.1048224, 9.9401903], [78.1040776, 9.9405185], [78.1021283, 9.9413632], [78.1020562, 9.941399], [78.1018585, 9.9415194], [78.1017233, 9.9416441], [78.1014592, 9.941954], [78.1013887, 9.9420524], [78.101191, 9.9423597], [78.1010341, 9.9426271], [78.10098, 9.9427367], [78.1007009, 9.9432263], [78.1005456, 9.9437152], [78.1004326, 9.9440325]]}, "properties": {"kind": "road", "name": "Thathaneri Pradhana Salai", "osm_id": 185410706, "osm_type": "way", "highway": "primary"}}, {"type": "Feature", "geometry": {"type": "LineString", "coordinates": [[78.1259155, 9.9300974], [78.1253214, 9.9303454], [78.125021, 9.9304641], [78.1246583, 9.9306474], [78.1241495, 9.9308253], [78.1236222, 9.931007], [78.1231146, 9.9311093], [78.1215436, 9.9314059], [78.1214069, 9.9314246], [78.1211773, 9.9313992], [78.1209184, 9.9313521]]}, "properties": {"kind": "road", "name": "Palam Station Salai", "osm_id": 185410707, "osm_type": "way", "highway": "primary"}}, {"type": "Feature", "geometry": {"type": "LineString", "coordinates": [[78.125965, 9.9299174], [78.1260112, 9.9299735], [78.1260601, 9.9300099], [78.1261546, 9.9300714], [78.1262406, 9.9301301]]}, "properties": {"kind": "road", "name": "Kal Palam Salai", "osm_id": 185410714, "osm_type": "way", "highway": "trunk"}}, {"type": "Feature", "geometry": {"type": "LineString", "coordinates": [[78.0946341, 9.9264078], [78.0946343, 9.9267687], [78.0947866, 9.927734], [78.0948778, 9.9282822], [78.0949534, 9.9286459], [78.0950574, 9.9290139], [78.0952397, 9.9294598], [78.0953237, 9.9296489], [78.0955448, 9.9301879]]}, "properties": {"kind": "road", "name": "Puravazhi Salai", "osm_id": 186169929, "osm_type": "way", "highway": "primary_link"}}, {"type": "Feature", "geometry": {"type": "LineString", "coordinates": [[78.0986114, 9.9279002], [78.0983692, 9.9280051], [78.0983023, 9.9280374], [78.0980732, 9.9281479], [78.0979286, 9.9282177], [78.097647, 9.9283769], [78.0974884, 9.9284845], [78.0973149, 9.9286327], [78.0969825, 9.9289057], [78.096672, 9.9291805], [78.0961841, 9.929587], [78.095872, 9.9298741], [78.095732, 9.9299959], [78.0955448, 9.9301879], [78.0954083, 9.9303248]]}, "properties": {"kind": "road", "name": "Theni Pradhana Salai", "osm_id": 186169954, "osm_type": "way", "highway": "primary"}}, {"type": "Feature", "geometry": {"type": "LineString", "coordinates": [[78.1017708, 9.9253295], [78.1019686, 9.925172], [78.1022914, 9.9249364], [78.1031803, 9.9242518], [78.103768, 9.9236325], [78.1038811, 9.9234738], [78.1039408, 9.9233943], [78.1045535, 9.922539], [78.1047645, 9.9222398], [78.1049626, 9.9220537], [78.1056202, 9.9214994]]}, "properties": {"kind": "road", "name": "Payaniyar Viduthi Salai", "osm_id": 186169962, "osm_type": "way", "highway": "primary"}}, {"type": "Feature", "geometry": {"type": "LineString", "coordinates": [[78.1152736, 9.9254768], [78.1153249, 9.9259927]]}, "properties": {"kind": "road", "name": "", "osm_id": 186169982, "osm_type": "way", "highway": "primary"}}, {"type": "Feature", "geometry": {"type": "LineString", "coordinates": [[77.9840962, 9.8041475], [77.9841124, 9.8038117], [77.9841097, 9.803517], [77.9840628, 9.8029304], [77.9839957, 9.8021373], [77.9840193, 9.8015133], [77.9840604, 9.8009875], [77.9841391, 9.8004409], [77.9842032, 9.8001093]]}, "properties": {"kind": "road", "name": "Tirumangalam Puravazhi Salai", "osm_id": 189533019, "osm_type": "way", "highway": "trunk"}}, {"type": "Feature", "geometry": {"type": "LineString", "coordinates": [[77.9841711, 9.7997347], [77.9840455, 9.7998679]]}, "properties": {"kind": "road", "name": "", "osm_id": 189533909, "osm_type": "way", "highway": "trunk_link"}}, {"type": "Feature", "geometry": {"type": "LineString", "coordinates": [[77.977567, 9.7534495], [77.9776671, 9.7534671]]}, "properties": {"kind": "road", "name": "", "osm_id": 189783958, "osm_type": "way", "highway": "trunk_link"}}, {"type": "Feature", "geometry": {"type": "LineString", "coordinates": [[77.9908957, 9.8369], [77.9906246, 9.8369603], [77.9890559, 9.8373263], [77.9882772, 9.8374304], [77.9876832, 9.8374602], [77.9872636, 9.8374468], [77.9866782, 9.8373843], [77.9860296, 9.8372044], [77.9856375, 9.8370758]]}, "properties": {"kind": "road", "name": "Tirumangalam Puravazhi Salai", "osm_id": 189792302, "osm_type": "way", "highway": "trunk"}}, {"type": "Feature", "geometry": {"type": "LineString", "coordinates": [[77.9753224, 9.8294026], [77.9753728, 9.8289605], [77.9754126, 9.8288254], [77.9754479, 9.8287279], [77.9755096, 9.8285456], [77.9755843, 9.8283999], [77.9756948, 9.8282097]]}, "properties": {"kind": "road", "name": "", "osm_id": 189792573, "osm_type": "way", "highway": "trunk_link"}}, {"type": "Feature", "geometry": {"type": "LineString", "coordinates": [[77.9655672, 9.8311277], [77.9665838, 9.8307379], [77.9666397, 9.8307191], [77.9681357, 9.8302162], [77.9695519, 9.829899], [77.9708649, 9.8296438], [77.9719083, 9.8294535], [77.9721778, 9.8294206], [77.9724018, 9.8294376], [77.9726311, 9.8294762], [77.9730201, 9.8295751], [77.9735347, 9.8296187], [77.9737926, 9.8295698], [77.9740344, 9.8295247], [77.9742411, 9.8294419], [77.9745396, 9.8292477], [77.9747505, 9.8290504], [77.9749118, 9.828853], [77.9749889, 9.8287466], [77.9750364, 9.8286189], [77.9750694, 9.8284979], [77.9751082, 9.8284003], [77.9752643, 9.8281642], [77.9754247, 9.8280119], [77.9755129, 9.8279686], [77.9756444, 9.8279247], [77.9757668, 9.8278758], [77.9758668, 9.8278311], [77.9760195, 9.8277588], [77.9762341, 9.8276198], [77.9769472, 9.8269473], [77.9774787, 9.8266038], [77.9777299, 9.8264414], [77.9780157, 9.826287], [77.9790603, 9.8257226], [77.9794026, 9.8256408]]}, "properties": {"kind": "road", "name": "Thirumangalam - Usilampatti Road", "osm_id": 189792576, "osm_type": "way", "highway": "primary"}}, {"type": "Feature", "geometry": {"type": "LineString", "coordinates": [[77.9756948, 9.8282097], [77.9762341, 9.8276198]]}, "properties": {"kind": "road", "name": "", "osm_id": 189792577, "osm_type": "way", "highway": "trunk_link"}}, {"type": "Feature", "geometry": {"type": "LineString", "coordinates": [[77.9752055, 9.8286133], [77.9751058, 9.8288143], [77.9749358, 9.8289939], [77.9748008, 9.8291191], [77.9746355, 9.8292538]]}, "properties": {"kind": "road", "name": "", "osm_id": 189792579, "osm_type": "way", "highway": "trunk_link"}}, {"type": "Feature", "geometry": {"type": "LineString", "coordinates": [[77.9776912, 9.8937869], [77.9776227, 9.8939833], [77.9768367, 9.8955196], [77.9762004, 9.8967732], [77.9762503, 9.8992314], [77.9762129, 9.9015665], [77.9762254, 9.9048358], [77.9761958, 9.906301], [77.9761755, 9.9073061], [77.9761256, 9.9084614], [77.9756681, 9.9106686], [77.9755142, 9.9114111], [77.9754598, 9.9121731], [77.975402, 9.9129842], [77.9751634, 9.9140703], [77.9750057, 9.9147882], [77.9749403, 9.9150858], [77.974354, 9.9182197], [77.9739038, 9.9205774], [77.9738424, 9.9208989], [77.9729317, 9.9252125], [77.9727196, 9.9263554], [77.9728568, 9.9273632], [77.9733683, 9.9287519], [77.9742167, 9.9304724], [77.9747397, 9.9314867], [77.9749552, 9.9319896], [77.9750035, 9.9322333], [77.975115, 9.9327951], [77.9750027, 9.933852], [77.9741389, 9.9395574], [77.9741039, 9.9397887]]}, "properties": {"kind": "road", "name": "Thirumangalam - Pallapatti - Silukkuvarpatti Road", "osm_id": 189793454, "osm_type": "way", "highway": "primary"}}, {"type": "Feature", "geometry": {"type": "LineString", "coordinates": [[78.0159769, 9.851059], [78.0159111, 9.8511531]]}, "properties": {"kind": "road", "name": "", "osm_id": 189802882, "osm_type": "way", "highway": "trunk_link"}}, {"type": "Feature", "geometry": {"type": "LineString", "coordinates": [[78.0012409, 9.835323], [78.0013617, 9.835487], [78.0014103, 9.8355763], [78.0014945, 9.8360187], [78.0015418, 9.8361162], [78.0016146, 9.8362187], [78.0021103, 9.8365872], [78.0023974, 9.8367984], [78.0027898, 9.8370911], [78.0035247, 9.8376672], [78.0042012, 9.8381666], [78.0042824, 9.8380765]]}, "properties": {"kind": "road", "name": "", "osm_id": 189802887, "osm_type": "way", "highway": "primary"}}, {"type": "Feature", "geometry": {"type": "LineString", "coordinates": [[78.0349086, 9.8901997], [78.034775, 9.8901865], [78.0346128, 9.8901759], [78.0344465, 9.8901363], [78.0343472, 9.8900623], [78.0342346, 9.8899817], [78.0341514, 9.8899064]]}, "properties": {"kind": "road", "name": "", "osm_id": 189841860, "osm_type": "way", "highway": "trunk_link"}}, {"type": "Feature", "geometry": {"type": "LineString", "coordinates": [[78.0339067, 9.890359], [78.0340736, 9.890308], [78.0341675, 9.8902829], [78.0342493, 9.8903001], [78.0343311, 9.8903424], [78.0344189, 9.8904026]]}, "properties": {"kind": "road", "name": "", "osm_id": 189841861, "osm_type": "way", "highway": "trunk_link"}}, {"type": "Feature", "geometry": {"type": "LineString", "coordinates": [[78.030376, 9.9812071], [78.0303592, 9.9813186], [78.0303367, 9.9814353], [78.0302424, 9.9819248], [78.0301501, 9.9823216], [78.0301372, 9.9823645], [78.0299583, 9.9828857], [78.0297907, 9.9831941], [78.0294125, 9.9836822], [78.0291758, 9.9839219], [78.028984, 9.9840124], [78.0286735, 9.9841114], [78.028035, 9.9843572], [78.0276005, 9.984616], [78.0268228, 9.9851813], [78.0265935, 9.9853345], [78.0262354, 9.9855194], [78.0260061, 9.9856766], [78.0258545, 9.9858958], [78.0257446, 9.9859817], [78.0247629, 9.9864572], [78.0240353, 9.9868184], [78.0238844, 9.9868633], [78.0237979, 9.98686], [78.0237684, 9.9868448], [78.0237114, 9.9867986], [78.0236739, 9.9867418], [78.0235028, 9.9861213], [78.0230708, 9.9846903], [78.0230303, 9.9846002], [78.0229564, 9.9845367], [78.0228853, 9.984513], [78.0227526, 9.9845288], [78.0221772, 9.9845856], [78.0219707, 9.9845499], [78.0216502, 9.9844694], [78.0210507, 9.9844654], [78.0203667, 9.9844496], [78.0201039, 9.9844337], [78.0194427, 9.984439], [78.0191195, 9.984472], [78.0188137, 9.9845011], [78.0187527, 9.9844832]]}, "properties": {"kind": "road", "name": "Madurai - Melakkal - Samayanallur Road", "osm_id": 190383647, "osm_type": "way", "highway": "primary"}}, {"type": "Feature", "geometry": {"type": "LineString", "coordinates": [[78.0169938, 10.0146209], [78.0171002, 10.0146715]]}, "properties": {"kind": "road", "name": "", "osm_id": 190383650, "osm_type": "way", "highway": "trunk_link"}}, {"type": "Feature", "geometry": {"type": "LineString", "coordinates": [[78.0151753, 10.0274632], [78.0150116, 10.0274424], [78.0149094, 10.0274294], [78.014781, 10.027413]]}, "properties": {"kind": "road", "name": "", "osm_id": 190384356, "osm_type": "way", "highway": "trunk_link"}}, {"type": "Feature", "geometry": {"type": "LineString", "coordinates": [[77.9773954, 10.0799962], [77.9775003, 10.0799871]]}, "properties": {"kind": "road", "name": "", "osm_id": 192235204, "osm_type": "way", "highway": "trunk_link"}}, {"type": "Feature", "geometry": {"type": "LineString", "coordinates": [[78.029143, 9.9847384], [78.0296029, 9.9840579]]}, "properties": {"kind": "road", "name": "", "osm_id": 215084916, "osm_type": "way", "highway": "trunk"}}, {"type": "Feature", "geometry": {"type": "LineString", "coordinates": [[78.0294359, 9.9840761], [78.0286163, 9.9852203]]}, "properties": {"kind": "road", "name": "", "osm_id": 215084920, "osm_type": "way", "highway": "trunk"}}, {"type": "Feature", "geometry": {"type": "LineString", "coordinates": [[78.0251734, 9.9934898], [78.0251631, 9.9941582], [78.0251739, 9.9966433], [78.0251005, 9.9975175], [78.024957, 9.9980772], [78.0247939, 9.9984594], [78.0245482, 9.9988649], [78.0243009, 9.9991898], [78.0237757, 9.9998113], [78.0232996, 10.0003208], [78.0227865, 10.0009815], [78.0217472, 10.0027573], [78.0201743, 10.0054746], [78.019666, 10.0062736], [78.019224, 10.0071186], [78.0190309, 10.0076215], [78.0187082, 10.008687], [78.0183762, 10.0099256], [78.018136, 10.0108319], [78.0180597, 10.0111197], [78.0178244, 10.0119705], [78.0174377, 10.0134146], [78.0170133, 10.0145686], [78.0169938, 10.0146209], [78.0162936, 10.0163821], [78.0160142, 10.0171758], [78.0159201, 10.0175746], [78.0158745, 10.0178082], [78.0158578, 10.0181726], [78.0158535, 10.0185234], [78.0158943, 10.0192208], [78.016011, 10.0204161], [78.0160217, 10.0208768], [78.0159796, 10.0214446], [78.0159277, 10.0217572], [78.0156979, 10.0227999], [78.0155073, 10.0236744], [78.0153627, 10.024325], [78.0152559, 10.0249666], [78.0150561, 10.0263009], [78.0149094, 10.0274294], [78.0148209, 10.0280306], [78.0147863, 10.0284066], [78.0145828, 10.029597], [78.0144814, 10.0300962], [78.0138583, 10.0322031], [78.0137256, 10.0326191], [78.0136043, 10.0333375], [78.0135357, 10.0338435], [78.0133653, 10.0348238], [78.0133645, 10.0348287]]}, "properties": {"kind": "road", "name": "", "osm_id": 215084922, "osm_type": "way", "highway": "trunk"}}, {"type": "Feature", "geometry": {"type": "LineString", "coordinates": [[78.1104563, 9.9155776], [78.1104124, 9.9156855], [78.1103942, 9.9157863], [78.1104155, 9.9161002], [78.1104159, 9.9162259]]}, "properties": {"kind": "road", "name": "", "osm_id": 232721983, "osm_type": "way", "highway": "primary"}}, {"type": "Feature", "geometry": {"type": "LineString", "coordinates": [[78.0995616, 9.7178771], [78.0995187, 9.7189306], [78.0995108, 9.7192579], [78.0994542, 9.7198456], [78.099439, 9.7200032], [78.0992699, 9.7212858], [78.0990647, 9.7228067], [78.0989528, 9.7235913], [78.0989101, 9.7242157], [78.0989077, 9.724844], [78.0989705, 9.7260055], [78.098956, 9.7265695], [78.0988932, 9.7271431], [78.0987846, 9.7279642], [78.0987097, 9.7286021], [78.0986035, 9.729416], [78.0985204, 9.7299114], [78.0985093, 9.7299777], [78.0984489, 9.7303656], [78.0983378, 9.7310392], [78.0982316, 9.7317389], [78.0981398, 9.7322887], [78.0980842, 9.7325856], [78.098036, 9.7328432], [78.0979032, 9.7334525], [78.0977076, 9.7344187], [78.0974999, 9.7355064], [78.0973019, 9.7365631], [78.097157, 9.7373104], [78.096988, 9.738141], [78.0968552, 9.7387907], [78.0967055, 9.7393762], [78.0965992, 9.7396713], [78.0963529, 9.7401853], [78.0960897, 9.7406066], [78.0958429, 9.7409349], [78.0956406, 9.741204], [78.0952325, 9.7416871], [78.0948244, 9.7422368], [78.0945274, 9.7427914], [78.0943125, 9.7433197], [78.0940469, 9.7439456], [78.093745, 9.7447215], [78.0936315, 9.7450594], [78.0935229, 9.7454616], [78.0934094, 9.7461327], [78.0933906, 9.7464938], [78.0933659, 9.7469681], [78.0933973, 9.7474393], [78.0934649, 9.748108], [78.093617, 9.7489695], [78.0937981, 9.7500119], [78.0938344, 9.7503927], [78.093873, 9.7510257], [78.0938545, 9.751593], [78.0938513, 9.7516921], [78.0937812, 9.7529629], [78.0937112, 9.7543004], [78.093646, 9.7554713], [78.0936267, 9.7564851], [78.0936315, 9.7572395], [78.0936388, 9.7576464], [78.0936388, 9.758001], [78.0935567, 9.7584508], [78.0934601, 9.758822], [78.0933683, 9.7590886], [78.0931776, 9.7594788], [78.0929433, 9.7599215], [78.0924942, 9.7607592], [78.0921948, 9.7614255], [78.0921054, 9.7617182], [78.0920402, 9.7620085], [78.0919968, 9.762444], [78.092004, 9.7628819], [78.0920813, 9.7634888], [78.0921875, 9.7639457], [78.0923276, 9.7646287], [78.0923879, 9.7651213], [78.092429, 9.7657424], [78.0924386, 9.766392], [78.09243, 9.7665525], [78.0924097, 9.7669275], [78.0923662, 9.7678127], [78.0923083, 9.7690811], [78.09231, 9.7692273], [78.0923155, 9.7696903], [78.0923686, 9.7702115], [78.0923919, 9.7703142], [78.0924725, 9.7706684], [78.0925958, 9.7710962], [78.0927284, 9.771556], [78.0928414, 9.7719692], [78.0930616, 9.7727744], [78.0932812, 9.7735874], [78.093349, 9.7738382], [78.0934288, 9.7741365], [78.0936219, 9.774859], [78.094001, 9.7762416], [78.0943221, 9.7775219], [78.094455, 9.7781049], [78.0944936, 9.7786189], [78.0945008, 9.7790758], [78.0945105, 9.7803965], [78.0945057, 9.7812984], [78.0944815, 9.7816788], [78.0944501, 9.7821741], [78.094397, 9.7830236], [78.0944173, 9.7835027], [78.0944453, 9.7841658], [78.0945177, 9.7851224], [78.0946022, 9.7864003], [78.094624, 9.7869976], [78.0945926, 9.7877138], [78.0945226, 9.7889345], [78.0945048, 9.7890503], [78.0944284, 9.7895461], [78.0942907, 9.7902576], [78.0942528, 9.7904427], [78.0940613, 9.7913974], [78.0939815, 9.791902], [78.0939744, 9.7919471], [78.093931, 9.7924349], [78.0939237, 9.7931821], [78.0939334, 9.7937246], [78.0939406, 9.7951333], [78.0939388, 9.7956538], [78.0939382, 9.7958424], [78.0939841, 9.7963326], [78.0940271, 9.7965362], [78.0941454, 9.7970968], [78.0942835, 9.7977508], [78.0944501, 9.7983004], [78.0945153, 9.7984717], [78.0946739, 9.798811], [78.0950481, 9.79962], [78.0954828, 9.8005099], [78.0956687, 9.8009049], [78.0958402, 9.8014284], [78.0960068, 9.8022755], [78.0961903, 9.8032511], [78.0963642, 9.8043123], [78.096385, 9.8046299], [78.0963956, 9.8047906], [78.0964173, 9.8054759], [78.0964149, 9.8064396], [78.0964118, 9.8068076], [78.0964086, 9.8071909], [78.0964028, 9.8078839], [78.0964125, 9.8084907], [78.0964656, 9.8088999], [78.0965194, 9.8090875], [78.0965502, 9.8091947], [78.0965742, 9.8092783], [78.0967296, 9.8096894], [78.0967505, 9.8097446], [78.0970306, 9.8103228], [78.0974629, 9.8113293], [78.0975812, 9.8116101], [78.0977309, 9.8121383], [78.097794, 9.812453], [78.0978106, 9.8125357], [78.0978202, 9.812864], [78.0978058, 9.8131876], [78.0977623, 9.8135898], [78.0976705, 9.8139538], [78.0974435, 9.8145058], [78.0970765, 9.8152529], [78.0967867, 9.8158716], [78.0965715, 9.8162941], [78.0965539, 9.8163286]]}, "properties": {"kind": "road", "name": "Thoothukudi - Vellore NH38", "osm_id": 239593755, "osm_type": "way", "highway": "trunk"}}, {"type": "Feature", "geometry": {"type": "LineString", "coordinates": [[78.3494224, 10.0454446], [78.3493691, 10.0457564]]}, "properties": {"kind": "road", "name": "Melur Puravazhi Salai", "osm_id": 239598564, "osm_type": "way", "highway": "trunk"}}, {"type": "Feature", "geometry": {"type": "LineString", "coordinates": [[78.3493691, 10.0457564], [78.3490712, 10.0476722]]}, "properties": {"kind": "road", "name": "Melur Puravazhi Salai", "osm_id": 239598567, "osm_type": "way", "highway": "trunk"}}, {"type": "Feature", "geometry": {"type": "LineString", "coordinates": [[78.1956548, 9.9553459], [78.1959233, 9.9555734]]}, "properties": {"kind": "road", "name": "Othakadai Puravazhi Salai", "osm_id": 239598574, "osm_type": "way", "highway": "trunk"}}, {"type": "Feature", "geometry": {"type": "LineString", "coordinates": [[78.3494937, 10.0458005], [78.3495611, 10.0454766]]}, "properties": {"kind": "road", "name": "Melur Puravazhi Salai", "osm_id": 239598661, "osm_type": "way", "highway": "trunk"}}, {"type": "Feature", "geometry": {"type": "LineString", "coordinates": [[78.1959923, 9.9554965], [78.1957383, 9.9552782]]}, "properties": {"kind": "road", "name": "Othakadai Puravazhi Salai", "osm_id": 239598663, "osm_type": "way", "highway": "trunk"}}, {"type": "Feature", "geometry": {"type": "LineString", "coordinates": [[77.9812949, 9.7757431], [77.9813711, 9.7762397], [77.9814577, 9.7767675], [77.9817646, 9.778825], [77.9819231, 9.7800369], [77.9819907, 9.7809711], [77.9820219, 9.7819075], [77.9820854, 9.7827996], [77.9821141, 9.7830857], [77.9821739, 9.783591], [77.9822281, 9.7839037], [77.9824153, 9.784944], [77.9825151, 9.7854458], [77.9826774, 9.7862615], [77.9828206, 9.7869928], [77.9829379, 9.7875915], [77.9830113, 9.7879015], [77.9831149, 9.7883233], [77.9832205, 9.7886244], [77.9833417, 9.7889435], [77.983706, 9.7898575], [77.9838045, 9.7901308], [77.9839051, 9.790403]]}, "properties": {"kind": "road", "name": "", "osm_id": 239712159, "osm_type": "way", "highway": "trunk"}}, {"type": "Feature", "geometry": {"type": "LineString", "coordinates": [[77.9839523, 9.7901894], [77.9839196, 9.7901043], [77.9838083, 9.7897905], [77.9834532, 9.7888777], [77.9833359, 9.7885716], [77.9832351, 9.7882596], [77.983136, 9.7879055], [77.9830491, 9.7875514], [77.9827941, 9.7862271], [77.9825355, 9.7848949], [77.9823417, 9.7838298], [77.9822549, 9.7832971], [77.9822308, 9.7830473], [77.9822126, 9.7827811], [77.9821558, 9.7818809], [77.9821088, 9.7809618], [77.9820528, 9.7800206], [77.9819921, 9.7794169], [77.9818856, 9.7787883], [77.9817024, 9.7776168], [77.9814925, 9.7763123]]}, "properties": {"kind": "road", "name": "", "osm_id": 239712160, "osm_type": "way", "highway": "trunk"}}, {"type": "Feature", "geometry": {"type": "LineString", "coordinates": [[77.9793336, 9.816539], [77.9794591, 9.8164328], [77.9799453, 9.8153837], [77.980698, 9.8136362], [77.981099, 9.813165], [77.9814912, 9.8128694], [77.9815293, 9.8128205], [77.9815235, 9.8127714], [77.9814949, 9.8126774]]}, "properties": {"kind": "road", "name": "", "osm_id": 239712280, "osm_type": "way", "highway": "trunk_link"}}, {"type": "Feature", "geometry": {"type": "LineString", "coordinates": [[77.9746355, 9.8292538], [77.9748257, 9.8291734], [77.9749132, 9.8291365], [77.974989, 9.8291342], [77.9750668, 9.8291667], [77.9751069, 9.8292278], [77.97514, 9.8292797], [77.9752132, 9.8295311]]}, "properties": {"kind": "road", "name": "", "osm_id": 239712992, "osm_type": "way", "highway": "trunk_link"}}, {"type": "Feature", "geometry": {"type": "LineString", "coordinates": [[78.0043109, 9.8380082], [78.0043844, 9.8379218], [78.0037875, 9.8373871], [78.0032833, 9.8369748], [78.0023392, 9.8362031], [78.0020894, 9.8360258], [78.0016787, 9.8356699], [78.0015072, 9.8355241], [78.0012409, 9.835323]]}, "properties": {"kind": "road", "name": "", "osm_id": 239712993, "osm_type": "way", "highway": "primary"}}, {"type": "Feature", "geometry": {"type": "LineString", "coordinates": [[77.9753356, 9.8282359], [77.9753728, 9.8276322]]}, "properties": {"kind": "road", "name": "Tirumangalam Puravazhi Salai", "osm_id": 239712994, "osm_type": "way", "highway": "trunk"}}, {"type": "Feature", "geometry": {"type": "LineString", "coordinates": [[77.9792173, 9.8165148], [77.9788899, 9.8173214], [77.9775501, 9.8205969], [77.9763866, 9.8234959], [77.9760856, 9.8242141], [77.9758941, 9.8247333], [77.9757432, 9.8251861]]}, "properties": {"kind": "road", "name": "Tirumangalam Puravazhi Salai", "osm_id": 239712995, "osm_type": "way", "highway": "trunk"}}, {"type": "Feature", "geometry": {"type": "LineString", "coordinates": [[77.975871, 9.8252659], [77.9759973, 9.8248391], [77.976153, 9.8244195], [77.9764393, 9.8237106], [77.977622, 9.820807], [77.9789838, 9.8174101], [77.9793336, 9.816539]]}, "properties": {"kind": "road", "name": "Tirumangalam Puravazhi Salai", "osm_id": 239712997, "osm_type": "way", "highway": "trunk"}}, {"type": "Feature", "geometry": {"type": "LineString", "coordinates": [[77.9753728, 9.8276322], [77.975422, 9.8271621], [77.9755065, 9.8266877], [77.9755754, 9.8262647]]}, "properties": {"kind": "road", "name": "Tirumangalam Puravazhi Salai", "osm_id": 239712998, "osm_type": "way", "highway": "trunk"}}, {"type": "Feature", "geometry": {"type": "LineString", "coordinates": [[77.9752433, 9.827677], [77.9751935, 9.8283711]]}, "properties": {"kind": "road", "name": "Tirumangalam Puravazhi Salai", "osm_id": 239713000, "osm_type": "way", "highway": "trunk"}}, {"type": "Feature", "geometry": {"type": "LineString", "coordinates": [[77.9755068, 9.8260661], [77.9753778, 9.82666], [77.9752919, 9.8271727], [77.9752433, 9.827677]]}, "properties": {"kind": "road", "name": "Tirumangalam Puravazhi Salai", "osm_id": 239713001, "osm_type": "way", "highway": "trunk"}}, {"type": "Feature", "geometry": {"type": "LineString", "coordinates": [[78.0069002, 9.8404345], [78.0070537, 9.8404333], [78.0071305, 9.8403713], [78.0071267, 9.8402696]]}, "properties": {"kind": "road", "name": "", "osm_id": 239713022, "osm_type": "way", "highway": "trunk_link"}}, {"type": "Feature", "geometry": {"type": "LineString", "coordinates": [[78.0154488, 9.8488841], [78.0154198, 9.8486598], [78.0154251, 9.8485267], [78.0154745, 9.8484153], [78.0156332, 9.8482921]]}, "properties": {"kind": "road", "name": "", "osm_id": 239713493, "osm_type": "way", "highway": "trunk_link"}}, {"type": "Feature", "geometry": {"type": "LineString", "coordinates": [[78.0159769, 9.851059], [78.0161511, 9.8518157], [78.0165148, 9.8530322], [78.0172553, 9.8552056], [78.0180209, 9.8569584], [78.0180646, 9.8570646], [78.0185836, 9.8580928], [78.0187861, 9.8584776], [78.0189805, 9.8588375], [78.0205073, 9.8615461], [78.0215776, 9.8633873], [78.0228456, 9.8655687], [78.0247193, 9.8686863], [78.0248745, 9.8690465], [78.0249145, 9.8691392], [78.0249425, 9.8692043], [78.0250862, 9.86957], [78.0252201, 9.8699399], [78.0254457, 9.8705995], [78.0255932, 9.8710094], [78.0258574, 9.8715426], [78.0263571, 9.8723866], [78.02691, 9.8731266], [78.0278148, 9.8743101], [78.0287016, 9.8754834], [78.0291833, 9.8761334]]}, "properties": {"kind": "road", "name": "", "osm_id": 239713495, "osm_type": "way", "highway": "trunk"}}, {"type": "Feature", "geometry": {"type": "LineString", "coordinates": [[78.0161581, 9.8510141], [78.0160935, 9.8510323]]}, "properties": {"kind": "road", "name": "", "osm_id": 239713655, "osm_type": "way", "highway": "trunk_link"}}, {"type": "Feature", "geometry": {"type": "LineString", "coordinates": [[78.097346, 9.903828], [78.0969171, 9.9033911], [78.0964372, 9.9029554], [78.0959201, 9.9026126], [78.0955507, 9.9023477], [78.0951924, 9.9020196], [78.0941673, 9.9009654], [78.0938024, 9.9005908], [78.0936602, 9.9004869]]}, "properties": {"kind": "road", "name": "Thirupparankundram Salai", "osm_id": 239715456, "osm_type": "way", "highway": "primary"}}, {"type": "Feature", "geometry": {"type": "LineString", "coordinates": [[78.0291833, 9.8761334], [78.0294458, 9.8765384], [78.0296412, 9.8769486], [78.0297884, 9.8773459], [78.0298632, 9.8777749]]}, "properties": {"kind": "road", "name": "", "osm_id": 239715463, "osm_type": "way", "highway": "trunk"}}, {"type": "Feature", "geometry": {"type": "LineString", "coordinates": [[78.0300172, 9.8780001], [78.0299609, 9.8775456], [78.0297919, 9.8769589], [78.0295422, 9.8764616], [78.0292973, 9.8760572]]}, "properties": {"kind": "road", "name": "", "osm_id": 239715464, "osm_type": "way", "highway": "trunk"}}, {"type": "Feature", "geometry": {"type": "LineString", "coordinates": [[78.0467943, 9.904565], [78.0466731, 9.9046152]]}, "properties": {"kind": "road", "name": "", "osm_id": 239715598, "osm_type": "way", "highway": "trunk_link"}}, {"type": "Feature", "geometry": {"type": "LineString", "coordinates": [[78.0587786, 9.9376346], [78.058505, 9.9365937], [78.0581456, 9.9355422], [78.0577008, 9.9343665], [78.0576306, 9.9341472], [78.0574579, 9.9337216], [78.0569249, 9.9322207], [78.0566166, 9.9313742], [78.0565114, 9.9310854]]}, "properties": {"kind": "road", "name": "", "osm_id": 239950067, "osm_type": "way", "highway": "trunk"}}, {"type": "Feature", "geometry": {"type": "LineString", "coordinates": [[78.0589777, 9.9434654], [78.0591401, 9.9429576], [78.0592453, 9.9421523], [78.0593901, 9.940974], [78.0593848, 9.9398221], [78.0593043, 9.9386333], [78.0592359, 9.9381293], [78.0592421, 9.9380673], [78.0593076, 9.9379579]]}, "properties": {"kind": "road", "name": "", "osm_id": 239950460, "osm_type": "way", "highway": "trunk_link"}}, {"type": "Feature", "geometry": {"type": "LineString", "coordinates": [[78.0588644, 9.9380944], [78.0587786, 9.9376346]]}, "properties": {"kind": "road", "name": "", "osm_id": 239950462, "osm_type": "way", "highway": "trunk"}}, {"type": "Feature", "geometry": {"type": "LineString", "coordinates": [[78.0593076, 9.9379579], [78.0596194, 9.9380325], [78.0602399, 9.9381881], [78.060542, 9.9382639], [78.0607779, 9.938323], [78.0608118, 9.9383315], [78.0610635, 9.9383946], [78.0614313, 9.9385065], [78.0617673, 9.9385637], [78.0619369, 9.938562], [78.0620939, 9.9385659], [78.0623252, 9.9386144], [78.0626747, 9.9387761]]}, "properties": {"kind": "road", "name": "Theni Pradhana Salai", "osm_id": 239950463, "osm_type": "way", "highway": "primary"}}, {"type": "Feature", "geometry": {"type": "LineString", "coordinates": [[78.0400208, 9.964653], [78.0403196, 9.9643914], [78.0409259, 9.9638476], [78.0414569, 9.9633875], [78.041684, 9.9631986], [78.042433, 9.9625416], [78.0426946, 9.9623204], [78.0435717, 9.9615787], [78.0452066, 9.9601963], [78.0475616, 9.9581515], [78.0491924, 9.9567619], [78.0502652, 9.955832], [78.0520194, 9.9543367], [78.0522886, 9.9541026]]}, "properties": {"kind": "road", "name": "", "osm_id": 239950465, "osm_type": "way", "highway": "trunk"}}, {"type": "Feature", "geometry": {"type": "LineString", "coordinates": [[78.0532877, 9.9226931], [78.0539452, 9.924511], [78.0552979, 9.9280861], [78.0559719, 9.9299522], [78.0563546, 9.9310312]]}, "properties": {"kind": "road", "name": "", "osm_id": 239950466, "osm_type": "way", "highway": "trunk"}}, {"type": "Feature", "geometry": {"type": "LineString", "coordinates": [[77.9796571, 10.064477], [77.9793263, 10.0647918], [77.9791309, 10.0651572], [77.9789455, 10.0656581], [77.978827, 10.0661173], [77.9784919, 10.0673576], [77.978422, 10.0676857], [77.9782523, 10.0679297], [77.9778359, 10.0684127], [77.9775815, 10.0686718]]}, "properties": {"kind": "road", "name": "", "osm_id": 239959034, "osm_type": "way", "highway": "trunk_link"}}, {"type": "Feature", "geometry": {"type": "LineString", "coordinates": [[77.9684011, 10.0805655], [77.9686116, 10.0804869], [77.9699492, 10.079671], [77.9703748, 10.0793671], [77.9707134, 10.0790455], [77.9710251, 10.078715], [77.9712267, 10.0784256], [77.9714446, 10.0780954], [77.9718013, 10.0774994], [77.9723797, 10.0765847], [77.9751876, 10.073103], [77.9755053, 10.0726457], [77.975766, 10.0721293], [77.9759758, 10.0716188], [77.9764913, 10.0702202], [77.9766051, 10.0699635], [77.9768958, 10.0694855], [77.9771439, 10.0691931], [77.9772764, 10.069037], [77.9775192, 10.0688128], [77.977641, 10.0687289], [77.9778471, 10.0686441], [77.9780862, 10.0685797], [77.9781907, 10.0685726], [77.9786278, 10.0685411]]}, "properties": {"kind": "road", "name": "Varanasi - Kanniyakumari Road (Old NH7)", "osm_id": 239959363, "osm_type": "way", "highway": "primary"}}, {"type": "Feature", "geometry": {"type": "LineString", "coordinates": [[77.9778471, 10.0686441], [77.9779693, 10.0686341], [77.9780739, 10.068679], [77.9781408, 10.0687421], [77.978103, 10.0689056], [77.9778055, 10.0701678], [77.9777497, 10.0704927], [77.9776634, 10.0714935], [77.9775725, 10.0725466], [77.9775424, 10.0735354], [77.9775777, 10.0740828]]}, "properties": {"kind": "road", "name": "", "osm_id": 239959591, "osm_type": "way", "highway": "trunk_link"}}, {"type": "Feature", "geometry": {"type": "LineString", "coordinates": [[78.0398823, 9.9646292], [78.0366811, 9.96734]]}, "properties": {"kind": "road", "name": "", "osm_id": 240096456, "osm_type": "way", "highway": "trunk"}}, {"type": "Feature", "geometry": {"type": "LineString", "coordinates": [[78.058844, 9.9435721], [78.0587058, 9.9442486]]}, "properties": {"kind": "road", "name": "", "osm_id": 240096457, "osm_type": "way", "highway": "trunk"}}, {"type": "Feature", "geometry": {"type": "LineString", "coordinates": [[78.0296029, 9.9840579], [78.0300512, 9.983404]]}, "properties": {"kind": "road", "name": "", "osm_id": 240096458, "osm_type": "way", "highway": "trunk"}}, {"type": "Feature", "geometry": {"type": "LineString", "coordinates": [[78.0370307, 9.9672096], [78.0400208, 9.964653]]}, "properties": {"kind": "road", "name": "", "osm_id": 240096459, "osm_type": "way", "highway": "trunk"}}, {"type": "Feature", "geometry": {"type": "LineString", "coordinates": [[78.1649922, 9.9006183], [78.1649441, 9.9006443], [78.1649109, 9.9006576], [78.1648436, 9.9006844], [78.1646961, 9.9007384], [78.1642069, 9.9008511], [78.1638904, 9.900942], [78.1634778, 9.9011373], [78.1630615, 9.9014183], [78.1626797, 9.9016663], [78.1624168, 9.9018587], [78.1622075, 9.9020422], [78.1619143, 9.9023772], [78.1617731, 9.902557], [78.1616485, 9.9026902], [78.1614745, 9.9028697], [78.1613653, 9.9029621], [78.1612215, 9.9030839], [78.1611209, 9.9031673], [78.1610901, 9.9031928], [78.1609623, 9.9032729], [78.1608811, 9.9033238], [78.1607863, 9.9033928], [78.16045, 9.9036391], [78.1601578, 9.9038608], [78.1597591, 9.904138], [78.1594942, 9.9043221], [78.1593918, 9.9043892], [78.1590413, 9.9045752], [78.1588675, 9.9046687], [78.1587249, 9.9047454], [78.1581907, 9.9051264], [78.1580706, 9.9052121], [78.1576998, 9.9055005], [78.1569766, 9.9060495], [78.1569021, 9.9061061], [78.1567675, 9.9062312], [78.1559839, 9.9070652], [78.1557193, 9.9073416], [78.1556527, 9.9074189], [78.1556063, 9.9074747], [78.1553538, 9.90773], [78.1552075, 9.9078983], [78.1551402, 9.9079771], [78.154777, 9.9083556], [78.1544128, 9.9086854], [78.1542425, 9.9088602], [78.1533616, 9.9094975], [78.1532104, 9.909581], [78.1530784, 9.9096531], [78.1528814, 9.9097284], [78.1526817, 9.9098173], [78.1519414, 9.9101588], [78.1513083, 9.910506], [78.1496805, 9.9111968]]}, "properties": {"kind": "road", "name": "Ramanathapuram Salai", "osm_id": 241532328, "osm_type": "way", "highway": "trunk"}}, {"type": "Feature", "geometry": {"type": "LineString", "coordinates": [[78.1023828, 9.908021], [78.1022593, 9.907957]]}, "properties": {"kind": "road", "name": "Thirupparankundram Salai", "osm_id": 258184428, "osm_type": "way", "highway": "primary"}}, {"type": "Feature", "geometry": {"type": "LineString", "coordinates": [[78.1060451, 9.9087574], [78.1057655, 9.9087024], [78.1045388, 9.908487], [78.1040905, 9.9083891], [78.1034859, 9.9082577], [78.1029379, 9.9081393]]}, "properties": {"kind": "road", "name": "Thirupparankundram Salai", "osm_id": 258184434, "osm_type": "way", "highway": "primary"}}, {"type": "Feature", "geometry": {"type": "LineString", "coordinates": [[78.1116233, 9.912489], [78.1114774, 9.9129684]]}, "properties": {"kind": "road", "name": "Mela Veli Veethi", "osm_id": 317674055, "osm_type": "way", "highway": "primary"}}, {"type": "Feature", "geometry": {"type": "LineString", "coordinates": [[78.1205857, 9.9314752], [78.1202805, 9.9317009]]}, "properties": {"kind": "road", "name": "Palam Station Salai", "osm_id": 317801884, "osm_type": "way", "highway": "primary"}}, {"type": "Feature", "geometry": {"type": "LineString", "coordinates": [[78.1135179, 9.9350929], [78.1141197, 9.9345683], [78.1146074, 9.9342586], [78.1150531, 9.9340355], [78.1157177, 9.9337754], [78.1162658, 9.9335678], [78.1173573, 9.9330658], [78.1182777, 9.9326301], [78.1194171, 9.932097]]}, "properties": {"kind": "road", "name": "Sellur Maempalam", "osm_id": 317801885, "osm_type": "way", "highway": "primary"}}, {"type": "Feature", "geometry": {"type": "LineString", "coordinates": [[78.144488, 9.9367513], [78.1447209, 9.9369918], [78.1450004, 9.9378341], [78.1451119, 9.9380366], [78.1453186, 9.9383247], [78.1454658, 9.938482], [78.1456701, 9.9386904], [78.1459668, 9.9389314], [78.1466997, 9.9395565], [78.1472631, 9.9400049], [78.1482088, 9.9406989], [78.148377, 9.9408283], [78.1490633, 9.9413206], [78.149541, 9.9416201], [78.1496056, 9.9416674], [78.14986, 9.9418359], [78.1500007, 9.941919]]}, "properties": {"kind": "road", "name": "Melur Pradhana Salai", "osm_id": 336290013, "osm_type": "way", "highway": "primary"}}, {"type": "Feature", "geometry": {"type": "LineString", "coordinates": [[78.1151643, 9.9241651], [78.1152553, 9.9252462], [78.1152601, 9.9253091], [78.1152736, 9.9254768]]}, "properties": {"kind": "road", "name": "Krishna Rao Kula Theru", "osm_id": 336302397, "osm_type": "way", "highway": "primary"}}, {"type": "Feature", "geometry": {"type": "LineString", "coordinates": [[77.955527, 9.7981198], [77.9560759, 9.798912], [77.9564971, 9.7994339], [77.9566228, 9.7995744], [77.9574706, 9.8002509], [77.9581959, 9.8007169], [77.9583175, 9.8007945], [77.9593764, 9.8014815], [77.9599267, 9.8020313], [77.9604211, 9.8025876], [77.9614111, 9.8034569], [77.9619501, 9.8039081], [77.9624906, 9.804383], [77.9634597, 9.8051025], [77.9645379, 9.8057235], [77.9666908, 9.8066705]]}, "properties": {"kind": "road", "name": "Kollam Tirumangalam", "osm_id": 339223749, "osm_type": "way", "highway": "trunk"}}, {"type": "Feature", "geometry": {"type": "LineString", "coordinates": [[78.1023558, 9.8068325], [78.1064084, 9.8070463], [78.1084608, 9.8072304], [78.1089878, 9.8072647], [78.114771, 9.8075978], [78.1169347, 9.8077532], [78.1173098, 9.8077801], [78.1178704, 9.8078356], [78.1179986, 9.8078458], [78.1185329, 9.8078885], [78.1199212, 9.8080099], [78.1199637, 9.8080115], [78.1202629, 9.8080233], [78.120515, 9.8080132], [78.1210863, 9.8079904], [78.1211734, 9.807996], [78.1214509, 9.8080138], [78.1237072, 9.8081585], [78.1250867, 9.808247], [78.1262254, 9.8083201], [78.1262727, 9.8083231], [78.1276633, 9.8083492], [78.1310857, 9.8084134], [78.134839, 9.8084838], [78.1390253, 9.8087076], [78.1391577, 9.808714], [78.1412052, 9.8088125], [78.1434835, 9.8085343], [78.1435078, 9.8085307], [78.1456451, 9.8082153], [78.1480207, 9.8078003], [78.15021, 9.8074052], [78.1515047, 9.8070207], [78.1515537, 9.8070061], [78.1538683, 9.8063873], [78.1547508, 9.8061309], [78.1558702, 9.805728], [78.1566954, 9.8054199], [78.1575161, 9.8051503], [78.159163, 9.8046164], [78.1630119, 9.8034699], [78.1659338, 9.802839], [78.1686236, 9.802117], [78.1750014, 9.7998793], [78.1750698, 9.7998745], [78.1751111, 9.7998899], [78.1751483, 9.7999225], [78.1752148, 9.8003489], [78.1752487, 9.8005665], [78.1753622, 9.8010738], [78.1755375, 9.8017493], [78.1757105, 9.8019566], [78.1763623, 9.8027654], [78.1768943, 9.8035054], [78.1769673, 9.8036983], [78.1771275, 9.8053694], [78.1773757, 9.8079595], [78.1772815, 9.8099199], [78.1774052, 9.8114783], [78.1774776, 9.8124835], [78.1774089, 9.8130755], [78.1772974, 9.8136422], [78.1775291, 9.8154098], [78.1777072, 9.8179295], [78.1777987, 9.818541], [78.178012, 9.8194495], [78.1780014, 9.8195277], [78.1779695, 9.8195788], [78.1777992, 9.8197312], [78.1771165, 9.8203592]]}, "properties": {"kind": "road", "name": "Madurai - Viradanur - Valayankulam Road", "osm_id": 368244884, "osm_type": "way", "highway": "primary"}}, {"type": "Feature", "geometry": {"type": "LineString", "coordinates": [[78.2235609, 9.8564438], [78.2236818, 9.8561121], [78.2243623, 9.854577], [78.2246966, 9.8540148], [78.2249494, 9.8535896], [78.2256848, 9.8524945], [78.2261244, 9.8518739], [78.2264543, 9.8514371], [78.2268424, 9.8510507], [78.227216, 9.8507077], [78.2276666, 9.8503918], [78.2282557, 9.8500497], [78.2287983, 9.8498239], [78.2301146, 9.8495114], [78.2303078, 9.8494558]]}, "properties": {"kind": "road", "name": "", "osm_id": 395034425, "osm_type": "way", "highway": "trunk"}}, {"type": "Feature", "geometry": {"type": "LineString", "coordinates": [[78.2353296, 9.8462912], [78.2354759, 9.8461562]]}, "properties": {"kind": "road", "name": "", "osm_id": 395034426, "osm_type": "way", "highway": "trunk"}}, {"type": "Feature", "geometry": {"type": "LineString", "coordinates": [[78.2303078, 9.8494558], [78.2304576, 9.849428]]}, "properties": {"kind": "road", "name": "", "osm_id": 395034427, "osm_type": "way", "highway": "trunk"}}, {"type": "Feature", "geometry": {"type": "LineString", "coordinates": [[78.2304576, 9.849428], [78.2314417, 9.8491951], [78.2322038, 9.8489277], [78.2326866, 9.8486786], [78.2329505, 9.8485425], [78.2334134, 9.8482388], [78.2339224, 9.8477739], [78.2350123, 9.846619], [78.2353296, 9.8462912]]}, "properties": {"kind": "road", "name": "", "osm_id": 395034428, "osm_type": "way", "highway": "trunk"}}, {"type": "Feature", "geometry": {"type": "LineString", "coordinates": [[78.0589777, 9.9434654], [78.0590092, 9.9432303], [78.0591541, 9.9419727], [78.0591568, 9.941019], [78.0591165, 9.9400124], [78.0588644, 9.9380944]]}, "properties": {"kind": "road", "name": "", "osm_id": 395885017, "osm_type": "way", "highway": "trunk"}}, {"type": "Feature", "geometry": {"type": "LineString", "coordinates": [[78.0587219, 9.9380277], [78.0589447, 9.9393951], [78.0590158, 9.9403614], [78.0590441, 9.9413278], [78.0590009, 9.9424551], [78.058844, 9.9435721]]}, "properties": {"kind": "road", "name": "", "osm_id": 395885018, "osm_type": "way", "highway": "trunk"}}, {"type": "Feature", "geometry": {"type": "LineString", "coordinates": [[77.9936448, 9.9413223], [77.9928863, 9.9414338], [77.9919841, 9.9416663], [77.9913084, 9.9418404], [77.9902452, 9.9421143], [77.9895454, 9.9422083], [77.9889169, 9.9422927], [77.9876992, 9.9425291], [77.986672, 9.9427286], [77.9861453, 9.9427542], [77.9858419, 9.9426531], [77.985351, 9.9420671], [77.9852449, 9.9419405], [77.9849436, 9.9417462], [77.9846936, 9.9415849], [77.984391, 9.9415166], [77.9835648, 9.9413302], [77.9829468, 9.9411907], [77.9820326, 9.9411008], [77.9819458, 9.9411269], [77.9811977, 9.9413516], [77.9804229, 9.9416743], [77.9798429, 9.9418325], [77.9792114, 9.9418005], [77.978307, 9.9417895], [77.9770814, 9.9417747], [77.9749998, 9.9415591], [77.9741194, 9.941534], [77.973943, 9.9415114], [77.9738237, 9.9415014]]}, "properties": {"kind": "road", "name": "Theni Pradhana Salai", "osm_id": 396676856, "osm_type": "way", "highway": "trunk"}}, {"type": "Feature", "geometry": {"type": "LineString", "coordinates": [[78.0575943, 9.934409], [78.057754, 9.9350825], [78.0579578, 9.9357324], [78.0580094, 9.9362599], [78.0579836, 9.9372092], [78.0579621, 9.9373034], [78.0579469, 9.9373546]]}, "properties": {"kind": "road", "name": "", "osm_id": 396676860, "osm_type": "way", "highway": "trunk_link"}}, {"type": "Feature", "geometry": {"type": "LineString", "coordinates": [[77.9756948, 9.8282097], [77.9755525, 9.8283493], [77.975493, 9.8283757], [77.9754221, 9.8283604], [77.9753755, 9.828318], [77.9753356, 9.8282359]]}, "properties": {"kind": "road", "name": "", "osm_id": 449235611, "osm_type": "way", "highway": "trunk_link"}}, {"type": "Feature", "geometry": {"type": "LineString", "coordinates": [[77.9842064, 9.8141309], [77.984254, 9.8133139]]}, "properties": {"kind": "road", "name": "Varanasi - Kanniyakumari Road (Old NH7)", "osm_id": 477937726, "osm_type": "way", "highway": "primary"}}, {"type": "Feature", "geometry": {"type": "LineString", "coordinates": [[77.9653151, 9.8312014], [77.9655672, 9.8311277]]}, "properties": {"kind": "road", "name": "Thirumangalam - Usilampatti Road", "osm_id": 477951180, "osm_type": "way", "highway": "primary"}}, {"type": "Feature", "geometry": {"type": "LineString", "coordinates": [[77.9618497, 9.8321518], [77.9620943, 9.8320753], [77.9629775, 9.8318132], [77.9639676, 9.8315508], [77.9653151, 9.8312014]]}, "properties": {"kind": "road", "name": "Thirumangalam - Usilampatti Road", "osm_id": 477951181, "osm_type": "way", "highway": "primary"}}, {"type": "Feature", "geometry": {"type": "LineString", "coordinates": [[77.9609337, 9.83235], [77.9618497, 9.8321518]]}, "properties": {"kind": "road", "name": "Thirumangalam - Usilampatti Road", "osm_id": 477951182, "osm_type": "way", "highway": "primary"}}, {"type": "Feature", "geometry": {"type": "LineString", "coordinates": [[77.98407, 9.8045887], [77.9840962, 9.8041475]]}, "properties": {"kind": "road", "name": "Tirumangalam Puravazhi Salai", "osm_id": 477951184, "osm_type": "way", "highway": "trunk"}}, {"type": "Feature", "geometry": {"type": "LineString", "coordinates": [[77.9833667, 9.8066503], [77.9835746, 9.806168], [77.9839479, 9.805192], [77.98407, 9.8045887]]}, "properties": {"kind": "road", "name": "Tirumangalam Puravazhi Salai", "osm_id": 477951186, "osm_type": "way", "highway": "trunk"}}, {"type": "Feature", "geometry": {"type": "LineString", "coordinates": [[77.9832592, 9.8069252], [77.9833667, 9.8066503]]}, "properties": {"kind": "road", "name": "Tirumangalam Puravazhi Salai", "osm_id": 477951187, "osm_type": "way", "highway": "trunk"}}, {"type": "Feature", "geometry": {"type": "LineString", "coordinates": [[77.9832259, 9.806616], [77.9831084, 9.8068998]]}, "properties": {"kind": "road", "name": "Tirumangalam Puravazhi Salai", "osm_id": 477951188, "osm_type": "way", "highway": "trunk"}}, {"type": "Feature", "geometry": {"type": "LineString", "coordinates": [[77.9839378, 9.8045208], [77.9838844, 9.8048306], [77.9838115, 9.8051395], [77.9834713, 9.8060107], [77.9832259, 9.806616]]}, "properties": {"kind": "road", "name": "Tirumangalam Puravazhi Salai", "osm_id": 477951189, "osm_type": "way", "highway": "trunk"}}, {"type": "Feature", "geometry": {"type": "LineString", "coordinates": [[77.9842889, 9.7997541], [77.9845299, 9.7985825], [77.9847017, 9.7977442], [77.9847224, 9.7972403], [77.9847129, 9.7970141], [77.9846808, 9.7961829], [77.984525, 9.794381], [77.9844423, 9.7935486], [77.9843113, 9.7923494], [77.9842572, 9.7917963], [77.9842269, 9.7914362], [77.9841781, 9.7911011], [77.9841222, 9.7907931], [77.9840493, 9.7904866], [77.9839523, 9.7901894]]}, "properties": {"kind": "road", "name": "", "osm_id": 477951190, "osm_type": "way", "highway": "trunk"}}, {"type": "Feature", "geometry": {"type": "LineString", "coordinates": [[77.9839051, 9.790403], [77.9840048, 9.7907833], [77.9840534, 9.7910046], [77.9840893, 9.7912585], [77.9841351, 9.7918078], [77.9841588, 9.7919341], [77.9843336, 9.7935711], [77.9844168, 9.7943952], [77.9845812, 9.7962652], [77.984619, 9.7970227], [77.9846253, 9.7973379], [77.9845804, 9.7977455], [77.9844385, 9.7985649], [77.9841711, 9.7997347]]}, "properties": {"kind": "road", "name": "", "osm_id": 477951191, "osm_type": "way", "highway": "trunk"}}, {"type": "Feature", "geometry": {"type": "LineString", "coordinates": [[77.9792954, 9.7609826], [77.9792766, 9.7608816], [77.9790631, 9.7597411], [77.9789344, 9.7591876], [77.9787728, 9.7586337], [77.9784264, 9.7577361], [77.9783619, 9.7575775], [77.9781954, 9.757168]]}, "properties": {"kind": "road", "name": "", "osm_id": 477951198, "osm_type": "way", "highway": "trunk"}}, {"type": "Feature", "geometry": {"type": "LineString", "coordinates": [[77.9780508, 9.7571288], [77.9780774, 9.7571984]]}, "properties": {"kind": "road", "name": "", "osm_id": 477951204, "osm_type": "way", "highway": "trunk"}}, {"type": "Feature", "geometry": {"type": "LineString", "coordinates": [[77.9781954, 9.757168], [77.9781596, 9.7570745]]}, "properties": {"kind": "road", "name": "", "osm_id": 477951205, "osm_type": "way", "highway": "trunk"}}, {"type": "Feature", "geometry": {"type": "LineString", "coordinates": [[77.9781596, 9.7570745], [77.9778704, 9.7563798], [77.9777874, 9.7560502], [77.9777257, 9.7557659], [77.9776501, 9.7550148], [77.9776048, 9.7544394], [77.9776117, 9.7542589], [77.9776239, 9.7539402], [77.9776401, 9.7537065], [77.9776671, 9.7534671], [77.9777032, 9.7533441], [77.9779012, 9.7526087], [77.9781923, 9.7516049], [77.9784001, 9.7510377], [77.9790586, 9.7495539], [77.9793131, 9.748865], [77.9797375, 9.7474777]]}, "properties": {"kind": "road", "name": "", "osm_id": 477951206, "osm_type": "way", "highway": "trunk"}}, {"type": "Feature", "geometry": {"type": "LineString", "coordinates": [[77.9796401, 9.7474773], [77.9792106, 9.7488331], [77.9789394, 9.7495021], [77.9783007, 9.7509842], [77.9780714, 9.7515642], [77.9779147, 9.7521284], [77.9777867, 9.7525896], [77.9777206, 9.7528325], [77.9775838, 9.753335], [77.977567, 9.7534495], [77.9775329, 9.7537012], [77.9775033, 9.7539769], [77.9774841, 9.7544573], [77.9775365, 9.7550305], [77.9776142, 9.7557948], [77.9776694, 9.7560864], [77.977751, 9.7564293], [77.9780508, 9.7571288]]}, "properties": {"kind": "road", "name": "", "osm_id": 477951207, "osm_type": "way", "highway": "trunk"}}, {"type": "Feature", "geometry": {"type": "LineString", "coordinates": [[77.9831084, 9.8068998], [77.9823008, 9.8089761], [77.9807629, 9.8126649]]}, "properties": {"kind": "road", "name": "Tirumangalam Puravazhi Salai", "osm_id": 477951211, "osm_type": "way", "highway": "trunk"}}, {"type": "Feature", "geometry": {"type": "LineString", "coordinates": [[77.9809464, 9.8127089], [77.982427, 9.8090366], [77.9828584, 9.8079797], [77.9832592, 9.8069252]]}, "properties": {"kind": "road", "name": "Tirumangalam Puravazhi Salai", "osm_id": 477951212, "osm_type": "way", "highway": "trunk"}}, {"type": "Feature", "geometry": {"type": "LineString", "coordinates": [[77.9807629, 9.8126649], [77.9805709, 9.8131455]]}, "properties": {"kind": "road", "name": "Tirumangalam Puravazhi Salai", "osm_id": 477951213, "osm_type": "way", "highway": "trunk"}}, {"type": "Feature", "geometry": {"type": "LineString", "coordinates": [[77.9805709, 9.8131455], [77.9802188, 9.814033], [77.9797422, 9.8151984], [77.9794516, 9.8159663]]}, "properties": {"kind": "road", "name": "Tirumangalam Puravazhi Salai", "osm_id": 477951214, "osm_type": "way", "highway": "trunk"}}, {"type": "Feature", "geometry": {"type": "LineString", "coordinates": [[77.9807368, 9.8131762], [77.9809464, 9.8127089]]}, "properties": {"kind": "road", "name": "Tirumangalam Puravazhi Salai", "osm_id": 477951215, "osm_type": "way", "highway": "trunk"}}, {"type": "Feature", "geometry": {"type": "LineString", "coordinates": [[77.9795714, 9.8160038], [77.9798926, 9.8152453], [77.9803151, 9.8142139], [77.9807368, 9.8131762]]}, "properties": {"kind": "road", "name": "Tirumangalam Puravazhi Salai", "osm_id": 477951216, "osm_type": "way", "highway": "trunk"}}, {"type": "Feature", "geometry": {"type": "LineString", "coordinates": [[78.095474, 9.9304345], [78.0956019, 9.9303069], [78.0957947, 9.9301288], [78.0958619, 9.9300655], [78.0962373, 9.9296923], [78.0963254, 9.9296119], [78.0965581, 9.929409], [78.0968711, 9.9291266], [78.0973912, 9.9286946], [78.0977464, 9.9284205], [78.097983, 9.9282948], [78.0986172, 9.9279939]]}, "properties": {"kind": "road", "name": "Theni Pradhana Salai", "osm_id": 485453756, "osm_type": "way", "highway": "primary"}}, {"type": "Feature", "geometry": {"type": "LineString", "coordinates": [[78.1886908, 9.9581371], [78.1886592, 9.9581198], [78.1883655, 9.9579111], [78.1872206, 9.9571593], [78.18689, 9.9569411], [78.1865485, 9.9567174], [78.1865274, 9.9567059], [78.1863923, 9.9566356], [78.1860676, 9.9564548], [78.1858845, 9.9563405], [78.1857035, 9.9562375], [78.1850196, 9.9558826], [78.1849706, 9.9558642], [78.1832636, 9.9552243], [78.1831677, 9.9551884], [78.1828631, 9.9550742], [78.1821385, 9.9548353], [78.1801702, 9.9541865], [78.1800003, 9.9541452], [78.1799679, 9.9541354]]}, "properties": {"kind": "road", "name": "Melur Pradhana Salai", "osm_id": 485844862, "osm_type": "way", "highway": "primary"}}, {"type": "Feature", "geometry": {"type": "LineString", "coordinates": [[78.0334336, 9.9368454], [78.0333613, 9.9367358]]}, "properties": {"kind": "road", "name": "", "osm_id": 489528171, "osm_type": "way", "highway": "trunk"}}, {"type": "Feature", "geometry": {"type": "LineString", "coordinates": [[78.0388003, 9.9360771], [78.0387964, 9.9359573]]}, "properties": {"kind": "road", "name": "", "osm_id": 489529648, "osm_type": "way", "highway": "trunk"}}, {"type": "Feature", "geometry": {"type": "LineString", "coordinates": [[78.3475058, 10.043732], [78.3473722, 10.0437003], [78.347223, 10.043713], [78.3470616, 10.0436967], [78.3469554, 10.0436966]]}, "properties": {"kind": "road", "name": "Melur - Thiruppathur Road", "osm_id": 568234767, "osm_type": "way", "highway": "trunk"}}, {"type": "Feature", "geometry": {"type": "LineString", "coordinates": [[78.3471026, 10.0437916], [78.3470616, 10.0436967], [78.3469173, 10.04338], [78.3468907, 10.0433143], [78.3466198, 10.042654], [78.3461531, 10.0411803], [78.345723, 10.0398664], [78.3455657, 10.0393077], [78.3452573, 10.0380532], [78.3452251, 10.0378049], [78.3451553, 10.0370099], [78.3451097, 10.0365636], [78.3450346, 10.0364077]]}, "properties": {"kind": "road", "name": "Trichy - Madurai - Tuticorin Road (Old NH45B)", "osm_id": 571244974, "osm_type": "way", "highway": "primary"}}, {"type": "Feature", "geometry": {"type": "LineString", "coordinates": [[78.3474989, 10.0451523], [78.347564, 10.0453152]]}, "properties": {"kind": "road", "name": "Trichy - Madurai - Tuticorin Road (Old NH45B)", "osm_id": 571244978, "osm_type": "way", "highway": "primary"}}, {"type": "Feature", "geometry": {"type": "LineString", "coordinates": [[78.3486188, 10.0492118], [78.3487039, 10.0493703], [78.3487039, 10.0496265], [78.3486368, 10.0505376], [78.3486637, 10.0512877], [78.3487334, 10.0519083], [78.3487736, 10.0521804], [78.3488819, 10.0524258]]}, "properties": {"kind": "road", "name": "", "osm_id": 571244984, "osm_type": "way", "highway": "trunk_link"}}, {"type": "Feature", "geometry": {"type": "LineString", "coordinates": [[78.3490712, 10.0476722], [78.348988, 10.0478978], [78.3488968, 10.0483784], [78.3487979, 10.0488873], [78.3487067, 10.0489507], [78.3485864, 10.0489852]]}, "properties": {"kind": "road", "name": "", "osm_id": 571244988, "osm_type": "way", "highway": "trunk_link"}}, {"type": "Feature", "geometry": {"type": "LineString", "coordinates": [[78.3476712, 10.0437408], [78.3486449, 10.0437538]]}, "properties": {"kind": "road", "name": "Melur - Thiruppathur Road", "osm_id": 571244991, "osm_type": "way", "highway": "trunk"}}, {"type": "Feature", "geometry": {"type": "LineString", "coordinates": [[78.0530421, 9.9217007], [78.0529817, 9.9215298]]}, "properties": {"kind": "road", "name": "", "osm_id": 571267432, "osm_type": "way", "highway": "trunk"}}, {"type": "Feature", "geometry": {"type": "LineString", "coordinates": [[78.0532558, 9.9223052], [78.0530421, 9.9217007]]}, "properties": {"kind": "road", "name": "", "osm_id": 571267436, "osm_type": "way", "highway": "trunk"}}, {"type": "Feature", "geometry": {"type": "LineString", "coordinates": [[78.0531646, 9.9223526], [78.0532877, 9.9226931]]}, "properties": {"kind": "road", "name": "", "osm_id": 571267439, "osm_type": "way", "highway": "trunk"}}, {"type": "Feature", "geometry": {"type": "LineString", "coordinates": [[78.0529981, 9.9218923], [78.0531646, 9.9223526]]}, "properties": {"kind": "road", "name": "", "osm_id": 571267443, "osm_type": "way", "highway": "trunk"}}, {"type": "Feature", "geometry": {"type": "LineString", "coordinates": [[78.0529303, 9.9217059], [78.0529981, 9.9218923]]}, "properties": {"kind": "road", "name": "", "osm_id": 571267448, "osm_type": "way", "highway": "trunk"}}, {"type": "Feature", "geometry": {"type": "LineString", "coordinates": [[78.0349138, 9.8909884], [78.0364446, 9.8928006], [78.0373144, 9.8936807], [78.0374122, 9.8937726], [78.0378906, 9.8942219], [78.0386609, 9.8948631], [78.0393541, 9.8953836], [78.0397174, 9.8956564], [78.0420029, 9.8973332], [78.0424841, 9.8977295], [78.043123, 9.8983372], [78.0441807, 9.8995358], [78.0444139, 9.8998781], [78.0449675, 9.9006908], [78.0453606, 9.9013816], [78.0458524, 9.9023892], [78.0463527, 9.9037463], [78.0466451, 9.9045393], [78.0466731, 9.9046152], [78.0470123, 9.9055352]]}, "properties": {"kind": "road", "name": "", "osm_id": 571267452, "osm_type": "way", "highway": "trunk"}}, {"type": "Feature", "geometry": {"type": "LineString", "coordinates": [[78.0533786, 9.922626], [78.0532558, 9.9223052]]}, "properties": {"kind": "road", "name": "", "osm_id": 571267461, "osm_type": "way", "highway": "trunk"}}, {"type": "Feature", "geometry": {"type": "LineString", "coordinates": [[78.0156224, 9.8481537], [78.0155032, 9.8481783], [78.0153879, 9.8481821], [78.0152879, 9.8481442], [78.0152071, 9.8480931], [78.0150808, 9.8478802]]}, "properties": {"kind": "road", "name": "", "osm_id": 575635101, "osm_type": "way", "highway": "trunk_link"}}, {"type": "Feature", "geometry": {"type": "LineString", "coordinates": [[77.9746355, 9.8292538], [77.9742411, 9.8294419]]}, "properties": {"kind": "road", "name": "", "osm_id": 575635103, "osm_type": "way", "highway": "trunk_link"}}, {"type": "Feature", "geometry": {"type": "LineString", "coordinates": [[77.9840593, 9.8119876], [77.983784, 9.8120834], [77.9814949, 9.8126774], [77.9811427, 9.8127612], [77.9803877, 9.8129532], [77.9800094, 9.8130402], [77.9789245, 9.8132898], [77.9784678, 9.8133723], [77.9780886, 9.8133991], [77.9777473, 9.8134013], [77.977327, 9.813355], [77.9768875, 9.8132535], [77.9764622, 9.8131025], [77.9763206, 9.813028], [77.9761463, 9.8129362], [77.9758515, 9.8127528], [77.9751815, 9.8122175], [77.9738515, 9.8110993], [77.9733203, 9.8106389], [77.9719668, 9.8094656], [77.9711274, 9.8088577], [77.9707129, 9.8085935], [77.9702982, 9.808359], [77.9696187, 9.8079965], [77.9681852, 9.8073145], [77.9668157, 9.806648], [77.9666908, 9.8066705]]}, "properties": {"kind": "road", "name": "Kollam Tirumangalam", "osm_id": 575635104, "osm_type": "way", "highway": "trunk"}}, {"type": "Feature", "geometry": {"type": "LineString", "coordinates": [[77.9666908, 9.8066705], [77.9667651, 9.8067811], [77.9687378, 9.8077158], [77.9698464, 9.8082548], [77.9704484, 9.8085844], [77.9709516, 9.8088934], [77.9711086, 9.8089898], [77.971824, 9.8095329], [77.9740129, 9.8113687], [77.9752684, 9.8124305], [77.9756796, 9.8127604], [77.9761603, 9.8130551], [77.9765693, 9.8132539], [77.9770051, 9.8133945], [77.9774682, 9.813478], [77.9780107, 9.8135051], [77.9783475, 9.8134805], [77.9787714, 9.8134223], [77.9800477, 9.8131241], [77.9804335, 9.8130339], [77.9811716, 9.8128504], [77.9815235, 9.8127714], [77.9837531, 9.8122355], [77.9840733, 9.8121664]]}, "properties": {"kind": "road", "name": "Kollam Tirumangalam", "osm_id": 575635105, "osm_type": "way", "highway": "trunk"}}, {"type": "Feature", "geometry": {"type": "LineString", "coordinates": [[77.9839581, 9.8041251], [77.9839378, 9.8045208]]}, "properties": {"kind": "road", "name": "Tirumangalam Puravazhi Salai", "osm_id": 575635109, "osm_type": "way", "highway": "trunk"}}, {"type": "Feature", "geometry": {"type": "LineString", "coordinates": [[77.9843426, 9.8119998], [77.9843758, 9.8118181], [77.984625, 9.8091438], [77.9846371, 9.8085504], [77.9845905, 9.807775], [77.9843741, 9.8056249], [77.9842912, 9.8052053]]}, "properties": {"kind": "road", "name": "Varanasi - Kanniyakumari Road (Old NH7)", "osm_id": 575635111, "osm_type": "way", "highway": "primary"}}, {"type": "Feature", "geometry": {"type": "LineString", "coordinates": [[77.984254, 9.8133139], [77.9843426, 9.8123272], [77.9843361, 9.8121463]]}, "properties": {"kind": "road", "name": "Varanasi - Kanniyakumari Road (Old NH7)", "osm_id": 575635112, "osm_type": "way", "highway": "primary"}}, {"type": "Feature", "geometry": {"type": "LineString", "coordinates": [[77.9842912, 9.8052053], [77.9842757, 9.8048009]]}, "properties": {"kind": "road", "name": "Varanasi - Kanniyakumari Road (Old NH7)", "osm_id": 575635113, "osm_type": "way", "highway": "primary"}}, {"type": "Feature", "geometry": {"type": "LineString", "coordinates": [[77.9842912, 9.8052053], [77.9842908, 9.8056417], [77.9845107, 9.8077726], [77.9845576, 9.808549], [77.984542, 9.8091659], [77.9844279, 9.8104985], [77.9843796, 9.8111425], [77.9843561, 9.8113765], [77.9843239, 9.8115209], [77.9842513, 9.8117312], [77.9841125, 9.8119333]]}, "properties": {"kind": "road", "name": "Varanasi - Kanniyakumari Road (Old NH7)", "osm_id": 575635114, "osm_type": "way", "highway": "primary"}}, {"type": "Feature", "geometry": {"type": "LineString", "coordinates": [[78.0300512, 9.983404], [78.0303333, 9.9830505], [78.030818, 9.9824001], [78.0314879, 9.9815441], [78.0320241, 9.9808771], [78.0322618, 9.980616], [78.0324059, 9.9804703], [78.0327039, 9.980169], [78.0331613, 9.9797531], [78.0337026, 9.9793563], [78.0339749, 9.9791613], [78.0341074, 9.9790708], [78.0341586, 9.9790358], [78.0343231, 9.978938], [78.0345307, 9.9788471], [78.0348224, 9.9787027], [78.0352, 9.9785286], [78.0356518, 9.9782729], [78.035951, 9.9780597], [78.0362816, 9.9778297], [78.0365792, 9.9776237], [78.0369518, 9.9773337], [78.0371244, 9.9772052], [78.0375284, 9.976904], [78.0378152, 9.97669], [78.0381754, 9.9764082], [78.0385479, 9.9761472], [78.0387066, 9.9759771], [78.0390085, 9.9756978], [78.0394519, 9.9752048], [78.0403263, 9.9740688], [78.0405532, 9.9738148], [78.0409333, 9.9734634], [78.0412988, 9.9731273], [78.0421106, 9.9724527], [78.0424681, 9.9721855], [78.042564, 9.9721138], [78.0431432, 9.9716984], [78.0438161, 9.9712859], [78.0442105, 9.9710538], [78.0444862, 9.9709554], [78.0448755, 9.970875], [78.0449907, 9.9708505], [78.0453326, 9.9708516], [78.0455818, 9.9708877], [78.0459326, 9.9709871], [78.0466528, 9.971231], [78.0475123, 9.9715001], [78.0477431, 9.971552], [78.0479226, 9.9715696], [78.0482239, 9.9715622], [78.0486129, 9.9714939], [78.0491925, 9.9713651], [78.0498936, 9.9711018], [78.0506766, 9.9706349], [78.0511864, 9.9702518], [78.0522725, 9.9693713], [78.0527639, 9.9690961], [78.0530816, 9.9689233], [78.053378, 9.9688282], [78.0542747, 9.9686916], [78.0552986, 9.968612], [78.0557364, 9.968578], [78.0568933, 9.9684865], [78.0572136, 9.9684248], [78.0575743, 9.9682932], [78.0585587, 9.9679392], [78.0600489, 9.9673806], [78.0608091, 9.9670569], [78.0623084, 9.9664229], [78.0623538, 9.966402], [78.0630894, 9.9660634], [78.0638695, 9.9657043], [78.0645208, 9.965397], [78.0646366, 9.9653424], [78.0655083, 9.9649303], [78.0675572, 9.9638991], [78.0678087, 9.9637725], [78.0680826, 9.963637], [78.06903, 9.9631682]]}, "properties": {"kind": "road", "name": "Dindigul Salai", "osm_id": 575645232, "osm_type": "way", "highway": "primary"}}, {"type": "Feature", "geometry": {"type": "LineString", "coordinates": [[77.9655158, 10.0834529], [77.9664675, 10.0827885], [77.9665295, 10.0827273], [77.9669003, 10.082361], [77.9671638, 10.0819989], [77.9673813, 10.0817], [77.9675281, 10.0814647]]}, "properties": {"kind": "road", "name": "Varanasi - Kanniyakumari Road (Old NH7)", "osm_id": 575645235, "osm_type": "way", "highway": "primary"}}, {"type": "Feature", "geometry": {"type": "LineString", "coordinates": [[77.9655158, 10.0834529], [77.9653731, 10.0834959], [77.9651403, 10.0836242], [77.9643227, 10.0840026], [77.9637335, 10.0841996], [77.9634703, 10.0842873], [77.9632113, 10.0843772], [77.9624025, 10.08465], [77.9621851, 10.0847142], [77.9618633, 10.0848093], [77.9608091, 10.0850323], [77.9598252, 10.0852404], [77.9594816, 10.085328], [77.9590364, 10.0854706], [77.958659, 10.0856405], [77.9583617, 10.0858407], [77.9580258, 10.086141], [77.9566556, 10.0876213], [77.9559523, 10.088449], [77.9559311, 10.088474], [77.9555911, 10.0888288], [77.9547511, 10.0896086], [77.9540787, 10.0902328], [77.9538098, 10.0905251], [77.9536677, 10.0906975], [77.9535539, 10.0908707], [77.9534215, 10.0910722], [77.9529949, 10.0918372], [77.9529728, 10.0918768]]}, "properties": {"kind": "road", "name": "Varanasi - Kanniyakumari Road (Old NH7)", "osm_id": 575645236, "osm_type": "way", "highway": "primary"}}, {"type": "Feature", "geometry": {"type": "LineString", "coordinates": [[78.35055, 10.1183736], [78.3505882, 10.1173025], [78.3508322, 10.1155354], [78.3510436, 10.11439], [78.351302, 10.1129488], [78.3516897, 10.1115276], [78.3527648, 10.1084047], [78.3532246, 10.1070407], [78.35363, 10.1058381], [78.354927, 10.1020467], [78.3552327, 10.1011532], [78.3564328, 10.0975452], [78.3572907, 10.0939124], [78.3573814, 10.0935099], [78.3577725, 10.0917747], [78.3579004, 10.0912072], [78.3581005, 10.0903194], [78.3581669, 10.0899309], [78.3582239, 10.089496], [78.3581854, 10.0875587], [78.3581547, 10.0867083], [78.3581216, 10.0858579], [78.3580861, 10.0849478], [78.3580253, 10.0843384], [78.3579754, 10.0840303], [78.3579062, 10.0837378], [78.3576215, 10.0828428], [78.3573182, 10.082154], [78.3569514, 10.0814611], [78.3567759, 10.0811294], [78.3556776, 10.0791323], [78.3554967, 10.0786379], [78.3554001, 10.0782546], [78.3553062, 10.0776242], [78.3553433, 10.0765761], [78.3555491, 10.0754259], [78.3555838, 10.0748743], [78.3555369, 10.0742247], [78.3553676, 10.0735339], [78.3548598, 10.0710184], [78.3547866, 10.0706358], [78.3547299, 10.0703328], [78.354632, 10.0698849], [78.3544063, 10.0691988], [78.3541986, 10.068754], [78.3538842, 10.0680287], [78.3532232, 10.0661551], [78.3528433, 10.0648528], [78.3526442, 10.0639406], [78.3525033, 10.0631248], [78.3524874, 10.0629909], [78.352311, 10.0615058], [78.3521735, 10.0609567], [78.3520104, 10.060444], [78.3516891, 10.0598072], [78.3507805, 10.0583735], [78.3506068, 10.0580233], [78.3505176, 10.0578436], [78.3503085, 10.0571944], [78.3500163, 10.0560292], [78.3496658, 10.0547381], [78.349211, 10.0532613], [78.3490861, 10.0529215], [78.3489805, 10.0524128], [78.3488856, 10.0518302], [78.3487984, 10.0510206]]}, "properties": {"kind": "road", "name": "Trichy - Madurai highway", "osm_id": 612284030, "osm_type": "way", "highway": "trunk"}}, {"type": "Feature", "geometry": {"type": "LineString", "coordinates": [[78.2936868, 10.0115807], [78.2933721, 10.011433], [78.2925556, 10.0108986], [78.2916095, 10.0101037], [78.2911096, 10.0096721], [78.2907072, 10.0093414], [78.290029, 10.0089595], [78.2895394, 10.0087818], [78.288357, 10.008356], [78.2871046, 10.0079054], [78.286255, 10.0075465], [78.285754, 10.0073348], [78.2849961, 10.006963], [78.2842562, 10.006614], [78.2837718, 10.0064051], [78.2833692, 10.0061945], [78.2831966, 10.0061042], [78.2821155, 10.005637], [78.2811514, 10.0051889], [78.2801413, 10.0047548], [78.2798381, 10.0046187], [78.2788343, 10.0041679], [78.2782067, 10.0039431], [78.2775425, 10.0038112], [78.2752629, 10.0036886], [78.2735422, 10.0035088], [78.2725693, 10.003432], [78.2717538, 10.0033419], [78.2715116, 10.0033172], [78.2713044, 10.0032979], [78.2708181, 10.0032563], [78.2701904, 10.0031858], [78.2697931, 10.003111], [78.2683589, 10.0027018], [78.2658855, 10.0019454], [78.2653758, 10.0018519], [78.2641664, 10.0015885], [78.2633638, 10.0013917], [78.2626705, 10.001176], [78.2622249, 10.0009769], [78.261548, 10.0005126], [78.2606313, 9.9998114], [78.2597832, 9.9991924], [78.2596482, 9.999097], [78.2594033, 9.9989239], [78.2589312, 9.9986231], [78.2584448, 9.9983426], [78.2578547, 9.9980383], [78.2577974, 9.9980132], [78.2570466, 9.9976843], [78.2567311, 9.9975681], [78.2558173, 9.9972276], [78.2548639, 9.9968852], [78.2547083, 9.9968286], [78.2543349, 9.9966867], [78.253963, 9.9965453], [78.2536377, 9.9964217], [78.2534429, 9.9963477], [78.2532401, 9.9962735], [78.2521649, 9.9958815], [78.2520738, 9.9958466], [78.2508777, 9.9954251], [78.2493265, 9.9948684], [78.2484595, 9.9945204], [78.2479625, 9.9942291], [78.2475619, 9.9939261], [78.2470031, 9.9933682], [78.2458483, 9.9918381], [78.2457138, 9.99166], [78.2451292, 9.9909086], [78.2445538, 9.9901078]]}, "properties": {"kind": "road", "name": "Madurai - Trichy Highway", "osm_id": 621674363, "osm_type": "way", "highway": "trunk"}}, {"type": "Feature", "geometry": {"type": "LineString", "coordinates": [[78.1201167, 9.9250747], [78.1201862, 9.9250585], [78.1203461, 9.9250186], [78.1205762, 9.9249675], [78.1213758, 9.924781]]}, "properties": {"kind": "road", "name": "Vadakku Veli Veethi", "osm_id": 625370675, "osm_type": "way", "highway": "primary"}}, {"type": "Feature", "geometry": {"type": "LineString", "coordinates": [[78.1232625, 9.9243935], [78.1232482, 9.9244327], [78.1233236, 9.9247547]]}, "properties": {"kind": "road", "name": "Kal Palam Salai", "osm_id": 625370678, "osm_type": "way", "highway": "trunk"}}, {"type": "Feature", "geometry": {"type": "LineString", "coordinates": [[78.1231191, 9.9244828], [78.1231871, 9.9245425], [78.1233236, 9.9247547]]}, "properties": {"kind": "road", "name": "Kal Palam Salai", "osm_id": 625370679, "osm_type": "way", "highway": "primary"}}, {"type": "Feature", "geometry": {"type": "LineString", "coordinates": [[78.123146, 9.9240849], [78.1230924, 9.9239171]]}, "properties": {"kind": "road", "name": "Yaanaikkal Veethi", "osm_id": 625370680, "osm_type": "way", "highway": "primary"}}, {"type": "Feature", "geometry": {"type": "LineString", "coordinates": [[78.1247051, 9.9209944], [78.1252276, 9.9211301]]}, "properties": {"kind": "road", "name": "Munichalai Salai", "osm_id": 625370683, "osm_type": "way", "highway": "trunk"}}, {"type": "Feature", "geometry": {"type": "LineString", "coordinates": [[78.1250862, 9.9143097], [78.1250554, 9.9149038], [78.125023, 9.9155298], [78.1249498, 9.9169433], [78.124908, 9.9177498]]}, "properties": {"kind": "road", "name": "Mahaal Veethi", "osm_id": 625370684, "osm_type": "way", "highway": "primary"}}, {"type": "Feature", "geometry": {"type": "LineString", "coordinates": [[78.1397256, 9.9372826], [78.140474, 9.9372497], [78.1413549, 9.9371114], [78.1415664, 9.9370693], [78.141767, 9.9369094], [78.1419676, 9.936813], [78.1424025, 9.9366512], [78.142621, 9.9366141], [78.1426935, 9.9365977], [78.1427849, 9.9365771], [78.143081, 9.9365462], [78.1435266, 9.9365263], [78.1439107, 9.9365395], [78.1439618, 9.9365448], [78.1440721, 9.9365564], [78.1443729, 9.9366799]]}, "properties": {"kind": "road", "name": "Dr. Ambedkar Salai", "osm_id": 625378831, "osm_type": "way", "highway": "primary"}}, {"type": "Feature", "geometry": {"type": "LineString", "coordinates": [[78.1292472, 9.9292216], [78.1297138, 9.9294678], [78.1300132, 9.9296847], [78.1310667, 9.9303958], [78.1313328, 9.9305751], [78.1318624, 9.9309066], [78.132152, 9.9311225], [78.1327103, 9.9315953], [78.1327654, 9.9316692], [78.1327809, 9.9317302]]}, "properties": {"kind": "road", "name": "Azhagarkovil Salai", "osm_id": 625378837, "osm_type": "way", "highway": "trunk"}}, {"type": "Feature", "geometry": {"type": "LineString", "coordinates": [[78.132459, 9.9273459], [78.1337525, 9.9266873], [78.1340742, 9.9265218], [78.1349084, 9.9261369], [78.1358306, 9.9258658], [78.1364885, 9.9256616], [78.1366494, 9.9256117], [78.1372226, 9.92548], [78.1379905, 9.9252929], [78.1387033, 9.9251162], [78.1389164, 9.9251047]]}, "properties": {"kind": "road", "name": "Panagal Salai", "osm_id": 625378839, "osm_type": "way", "highway": "primary"}}, {"type": "Feature", "geometry": {"type": "LineString", "coordinates": [[78.1101116, 9.9165522], [78.1099616, 9.9165823], [78.1093221, 9.9167339], [78.1089932, 9.9168558], [78.1089341, 9.9168841], [78.1088975, 9.916956]]}, "properties": {"kind": "road", "name": "Cochin \u2013 Madurai - Dhanushkodi Road (Old NH49)", "osm_id": 625389284, "osm_type": "way", "highway": "primary"}}, {"type": "Feature", "geometry": {"type": "LineString", "coordinates": [[78.1116363, 9.9172707], [78.1116614, 9.9181286], [78.1116624, 9.9185561], [78.1116646, 9.9195227], [78.111665, 9.9196893], [78.1116583, 9.920772], [78.1116584, 9.9208469], [78.1116573, 9.9210473], [78.1116836, 9.9212951], [78.1120405, 9.9221962]]}, "properties": {"kind": "road", "name": "Mela Veli Veethi", "osm_id": 625389287, "osm_type": "way", "highway": "primary"}}, {"type": "Feature", "geometry": {"type": "LineString", "coordinates": [[77.954266, 9.7963085], [77.9543952, 9.7964091]]}, "properties": {"kind": "road", "name": "Kollam Tirumangalam", "osm_id": 639466685, "osm_type": "way", "highway": "trunk"}}, {"type": "Feature", "geometry": {"type": "LineString", "coordinates": [[77.9543952, 9.7964091], [77.9546151, 9.7966344], [77.954781, 9.796874], [77.9550781, 9.7974334]]}, "properties": {"kind": "road", "name": "Kollam Tirumangalam", "osm_id": 639466686, "osm_type": "way", "highway": "trunk"}}, {"type": "Feature", "geometry": {"type": "LineString", "coordinates": [[77.9550781, 9.7974334], [77.955527, 9.7981198]]}, "properties": {"kind": "road", "name": "Kollam Tirumangalam", "osm_id": 639466687, "osm_type": "way", "highway": "trunk"}}, {"type": "Feature", "geometry": {"type": "LineString", "coordinates": [[77.916808, 9.7756898], [77.9181729, 9.7762881], [77.9188973, 9.7764775], [77.9197151, 9.7765222], [77.9205469, 9.7765677], [77.921553, 9.7766227], [77.9216508, 9.776628], [77.9222652, 9.7766616], [77.9224476, 9.7766716], [77.9226773, 9.7766841], [77.9234345, 9.7767255], [77.9239336, 9.7768254], [77.9249166, 9.7773], [77.9255824, 9.7774185], [77.9260666, 9.7775667], [77.9262341, 9.7776691], [77.9266979, 9.7779527], [77.9315436, 9.7818784], [77.9317311, 9.782046], [77.93198, 9.7821911], [77.9339211, 9.7826029], [77.9342478, 9.7827206], [77.9343979, 9.7828319], [77.9346764, 9.7830385], [77.9368745, 9.7845925], [77.9397687, 9.7865956], [77.9400409, 9.786784], [77.9432452, 9.7890017], [77.9449138, 9.7901566], [77.9453969, 9.7904909], [77.952478, 9.795185], [77.9533103, 9.7956785], [77.9538292, 9.7959736], [77.954266, 9.7963085]]}, "properties": {"kind": "road", "name": "Kollam Tirumangalam", "osm_id": 639466688, "osm_type": "way", "highway": "trunk"}}, {"type": "Feature", "geometry": {"type": "LineString", "coordinates": [[78.1052428, 9.8412212], [78.1051501, 9.8412656], [78.1050836, 9.8413198], [78.1050545, 9.8413632], [78.105047, 9.8413796], [78.1050051, 9.8414634], [78.1048946, 9.8416729], [78.1048298, 9.8417933], [78.1048044, 9.8419027]]}, "properties": {"kind": "road", "name": "Aruppukottai Salai", "osm_id": 659281352, "osm_type": "way", "highway": "primary"}}, {"type": "Feature", "geometry": {"type": "LineString", "coordinates": [[78.2579219, 10.0646593], [78.2581204, 10.0646356]]}, "properties": {"kind": "road", "name": "Madurai - Alagarkoil - Melur Road", "osm_id": 685743278, "osm_type": "way", "highway": "primary"}}, {"type": "Feature", "geometry": {"type": "LineString", "coordinates": [[78.2163117, 10.0684882], [78.2164976, 10.068424], [78.2166331, 10.0683154], [78.2168534, 10.0680777], [78.2172336, 10.0678458], [78.217886, 10.0675961], [78.2189096, 10.067524], [78.2199028, 10.0675217], [78.2210928, 10.067517], [78.2227411, 10.0674356], [78.224187, 10.0671798], [78.2250514, 10.0670269], [78.2254938, 10.0668985], [78.2255824, 10.0668728], [78.2260493, 10.0667771], [78.2262978, 10.0667571], [78.2268031, 10.0667165], [78.2277513, 10.0666208], [78.2281827, 10.0665694], [78.2286995, 10.0664294], [78.2295627, 10.0661762], [78.2299724, 10.066056], [78.2308447, 10.0658016], [78.231288, 10.0655752], [78.2315677, 10.0653954], [78.2317668, 10.0652437], [78.2319801, 10.065155], [78.2321342, 10.065155], [78.2323096, 10.0652251], [78.2325514, 10.0653768], [78.2328169, 10.0655355], [78.2330611, 10.0656008], [78.2334498, 10.0656382], [78.2337509, 10.0656405], [78.2340969, 10.0656358], [78.2344833, 10.0656568], [78.2348389, 10.0657199], [78.2350802, 10.065758], [78.2352608, 10.0657852], [78.2357657, 10.0658016], [78.2362374, 10.0658599], [78.2369178, 10.0660303], [78.2375673, 10.0661633], [78.2376748, 10.0661923], [78.2381385, 10.0663174], [78.2384585, 10.0664014], [78.2388568, 10.0664877], [78.2394067, 10.0664877], [78.2395105, 10.066483], [78.2400278, 10.0664597], [78.2403264, 10.0663757], [78.2406725, 10.066245], [78.2412699, 10.0661143], [78.2415377, 10.0660256], [78.2418245, 10.0658599], [78.2421043, 10.0657175], [78.2424432, 10.0656428], [78.2428012, 10.0656335], [78.2433132, 10.0656709], [78.2442732, 10.0656545], [78.2448302, 10.0656125], [78.2452759, 10.0655098], [78.2460534, 10.0653091], [78.246921, 10.0651644], [78.2471193, 10.0651449], [78.2489643, 10.0649637], [78.2497868, 10.0649707], [78.2504671, 10.06505], [78.251887, 10.0651597], [78.2524061, 10.065141], [78.2529158, 10.06505], [78.2534302, 10.064924], [78.2536245, 10.064889], [78.2539801, 10.0649333], [78.2543096, 10.0649263], [78.2554237, 10.0647933], [78.2567606, 10.0647281], [78.2572039, 10.0647046], [78.257844, 10.0646742], [78.2579219, 10.0646593]]}, "properties": {"kind": "road", "name": "Madurai - Alagarkoil - Melur Road", "osm_id": 685743280, "osm_type": "way", "highway": "primary"}}, {"type": "Feature", "geometry": {"type": "LineString", "coordinates": [[78.335291, 10.0171969], [78.3355467, 10.0170565], [78.3363338, 10.0166755], [78.337173, 10.0163778], [78.3380227, 10.0161442], [78.3388649, 10.0159599], [78.3395945, 10.0158637], [78.3401213, 10.0158124], [78.3406547, 10.0157957], [78.3412298, 10.0158027], [78.3417658, 10.0158389], [78.3423072, 10.0158964], [78.343074, 10.0160282], [78.3433459, 10.0160986], [78.3437993, 10.0162159], [78.3439198, 10.0162471], [78.3445815, 10.0164516], [78.3451593, 10.0166703], [78.3457508, 10.0169501], [78.3463182, 10.0172273], [78.3469496, 10.0175952], [78.3475229, 10.0179607]]}, "properties": {"kind": "road", "name": "Melur Puravazhi Salai", "osm_id": 685743296, "osm_type": "way", "highway": "trunk"}}, {"type": "Feature", "geometry": {"type": "LineString", "coordinates": [[78.3349997, 10.0173541], [78.335291, 10.0171969]]}, "properties": {"kind": "road", "name": "Melur Puravazhi Salai", "osm_id": 685743297, "osm_type": "way", "highway": "trunk"}}, {"type": "Feature", "geometry": {"type": "LineString", "coordinates": [[78.3352688, 10.0170301], [78.3349703, 10.0172039]]}, "properties": {"kind": "road", "name": "Melur Puravazhi Salai", "osm_id": 685743298, "osm_type": "way", "highway": "trunk"}}, {"type": "Feature", "geometry": {"type": "LineString", "coordinates": [[78.3475975, 10.0178313], [78.3470188, 10.017451], [78.3462564, 10.0170024], [78.3455717, 10.0166805], [78.3450951, 10.0164515], [78.3446186, 10.0162859], [78.3440449, 10.0161068], [78.3431251, 10.015904], [78.3423437, 10.0157625], [78.3412412, 10.0156757], [78.340636, 10.0156624], [78.340098, 10.0156822], [78.3396, 10.0157165], [78.3388493, 10.0158083], [78.3379996, 10.0159972], [78.3371506, 10.0162314], [78.3362973, 10.0165313], [78.3354599, 10.0169256], [78.3352688, 10.0170301]]}, "properties": {"kind": "road", "name": "Melur Puravazhi Salai", "osm_id": 685743299, "osm_type": "way", "highway": "trunk"}}, {"type": "Feature", "geometry": {"type": "LineString", "coordinates": [[78.3348235, 10.0341274], [78.334904, 10.0340917]]}, "properties": {"kind": "road", "name": "Madurai - Alagarkoil - Melur Road", "osm_id": 685743306, "osm_type": "way", "highway": "primary"}}, {"type": "Feature", "geometry": {"type": "LineString", "coordinates": [[78.3342896, 10.0300387], [78.334373, 10.0300586]]}, "properties": {"kind": "road", "name": "Trichy - Madurai - Tuticorin Road (Old NH45B)", "osm_id": 685743320, "osm_type": "way", "highway": "primary"}}, {"type": "Feature", "geometry": {"type": "LineString", "coordinates": [[78.319742, 10.0240895], [78.3198112, 10.0241868], [78.3199788, 10.0243303], [78.3211369, 10.024763], [78.3219511, 10.0250603], [78.3226461, 10.02562], [78.3231318, 10.0261507], [78.3234257, 10.0264049], [78.3237309, 10.0265697], [78.3243744, 10.0267487], [78.3249668, 10.0268997], [78.3255461, 10.0270308], [78.3262756, 10.027249], [78.326843, 10.0274225], [78.3273311, 10.0276461], [78.3277475, 10.0278605], [78.3280731, 10.0281531], [78.3283654, 10.0283508], [78.3286123, 10.0285484], [78.3288729, 10.0286983], [78.3291549, 10.0288583], [78.3299529, 10.0290407], [78.3319104, 10.0295961], [78.3321674, 10.029669], [78.333517, 10.0299238], [78.3338672, 10.029968], [78.3340683, 10.0300018], [78.3342388, 10.0300269], [78.3342896, 10.0300387]]}, "properties": {"kind": "road", "name": "Trichy - Madurai - Tuticorin Road (Old NH45B)", "osm_id": 685743321, "osm_type": "way", "highway": "primary"}}, {"type": "Feature", "geometry": {"type": "LineString", "coordinates": [[78.2684498, 9.8568624], [78.2683799, 9.8567197], [78.2682885, 9.8566142], [78.2680352, 9.8563824], [78.2676892, 9.8562264]]}, "properties": {"kind": "road", "name": "", "osm_id": 686728894, "osm_type": "way", "highway": "trunk"}}, {"type": "Feature", "geometry": {"type": "LineString", "coordinates": [[78.2687876, 9.8579195], [78.2684979, 9.8570369]]}, "properties": {"kind": "road", "name": "", "osm_id": 686728895, "osm_type": "way", "highway": "trunk"}}, {"type": "Feature", "geometry": {"type": "LineString", "coordinates": [[78.2688358, 9.8580358], [78.2687876, 9.8579195]]}, "properties": {"kind": "road", "name": "", "osm_id": 686728896, "osm_type": "way", "highway": "trunk"}}, {"type": "Feature", "geometry": {"type": "LineString", "coordinates": [[78.2684979, 9.8570369], [78.2684498, 9.8568624]]}, "properties": {"kind": "road", "name": "", "osm_id": 686728897, "osm_type": "way", "highway": "trunk"}}, {"type": "Feature", "geometry": {"type": "LineString", "coordinates": [[78.2780451, 9.8580672], [78.2777858, 9.8580874], [78.2772461, 9.8581293], [78.2756322, 9.8580534], [78.2753053, 9.8580569], [78.2749811, 9.8581128], [78.2741832, 9.8583161], [78.272718, 9.8587177], [78.2722691, 9.8588206], [78.2719982, 9.8588867], [78.2717305, 9.8588999], [78.2714022, 9.8589089], [78.2709517, 9.8588978], [78.2699462, 9.858885], [78.2697183, 9.8588655]]}, "properties": {"kind": "road", "name": "", "osm_id": 686728898, "osm_type": "way", "highway": "trunk"}}, {"type": "Feature", "geometry": {"type": "LineString", "coordinates": [[78.0975015, 9.9367322], [78.0975895, 9.9369523], [78.0976522, 9.9371613], [78.0978496, 9.9377606], [78.0980723, 9.9384852]]}, "properties": {"kind": "road", "name": "Puravazhi Salai", "osm_id": 690537907, "osm_type": "way", "highway": "primary"}}, {"type": "Feature", "geometry": {"type": "LineString", "coordinates": [[78.2020757, 10.045879], [78.202095, 10.0463283], [78.2021605, 10.0467002], [78.2023593, 10.0479205], [78.2024247, 10.048205], [78.2025173, 10.0486078], [78.2025653, 10.0488164], [78.2026535, 10.048925], [78.2028399, 10.0491545], [78.2033805, 10.0496263], [78.2035636, 10.0497861], [78.2039219, 10.0500988], [78.2039729, 10.0501433], [78.2042587, 10.0504431], [78.2058097, 10.0520702], [78.2063075, 10.0527125], [78.2066937, 10.0535576], [78.2072859, 10.0549608], [78.2074576, 10.0553915], [78.2081448, 10.0566724], [78.2098214, 10.0592387], [78.2101956, 10.0598115], [78.2110968, 10.0609862], [78.2123328, 10.0622031], [78.2126675, 10.0626172], [78.2130755, 10.0632964], [78.2144442, 10.0655751], [78.2150123, 10.0665167], [78.2151223, 10.0666991], [78.2152117, 10.0669477], [78.2152411, 10.0670294]]}, "properties": {"kind": "road", "name": "Azhagarkovil Salai", "osm_id": 722755700, "osm_type": "way", "highway": "primary"}}, {"type": "Feature", "geometry": {"type": "LineString", "coordinates": [[78.167883, 9.8920166], [78.1676568, 9.8923198]]}, "properties": {"kind": "road", "name": "", "osm_id": 726142725, "osm_type": "way", "highway": "trunk"}}, {"type": "Feature", "geometry": {"type": "LineString", "coordinates": [[78.1676568, 9.8923198], [78.1668985, 9.8933364], [78.1665122, 9.8939865], [78.1662762, 9.8944779], [78.1660724, 9.8950487], [78.1659329, 9.8956881], [78.1655763, 9.8981961]]}, "properties": {"kind": "road", "name": "", "osm_id": 726142726, "osm_type": "way", "highway": "trunk"}}, {"type": "Feature", "geometry": {"type": "LineString", "coordinates": [[78.167697, 9.8924322], [78.1679189, 9.8921384]]}, "properties": {"kind": "road", "name": "", "osm_id": 726142727, "osm_type": "way", "highway": "trunk"}}, {"type": "Feature", "geometry": {"type": "LineString", "coordinates": [[78.1657, 9.8981883], [78.1660509, 9.8957251], [78.1662011, 9.8950909], [78.1663835, 9.8945308], [78.1665981, 9.8940499], [78.1669736, 9.893421], [78.167697, 9.8924322]]}, "properties": {"kind": "road", "name": "", "osm_id": 726142728, "osm_type": "way", "highway": "trunk"}}, {"type": "Feature", "geometry": {"type": "LineString", "coordinates": [[78.1865818, 9.8682901], [78.1862621, 9.8685583]]}, "properties": {"kind": "road", "name": "", "osm_id": 726142729, "osm_type": "way", "highway": "trunk"}}, {"type": "Feature", "geometry": {"type": "LineString", "coordinates": [[78.1863425, 9.8686323], [78.186657, 9.8683679]]}, "properties": {"kind": "road", "name": "", "osm_id": 726142730, "osm_type": "way", "highway": "trunk"}}, {"type": "Feature", "geometry": {"type": "LineString", "coordinates": [[78.205061, 9.8651205], [78.2021052, 9.8644176], [78.2012361, 9.8641798], [78.1981409, 9.8633711], [78.1975883, 9.8632549], [78.1969714, 9.8631756], [78.1965208, 9.8631386], [78.1960005, 9.8631333], [78.1956035, 9.8631386], [78.1952012, 9.8631703], [78.1947881, 9.8632179], [78.1942248, 9.8633183], [78.1937528, 9.863424], [78.1932592, 9.863572], [78.1928247, 9.86372], [78.1923687, 9.8639049], [78.1918591, 9.8641692], [78.191371, 9.8644387], [78.1909901, 9.8646871], [78.1905073, 9.8650518], [78.1900396, 9.8654587], [78.1868044, 9.8681034], [78.1865818, 9.8682901]]}, "properties": {"kind": "road", "name": "", "osm_id": 726142731, "osm_type": "way", "highway": "trunk"}}, {"type": "Feature", "geometry": {"type": "LineString", "coordinates": [[78.186657, 9.8683679], [78.1868198, 9.868231], [78.1900599, 9.8655543], [78.1905663, 9.8651364], [78.1910545, 9.864777], [78.1914085, 9.864555], [78.191902, 9.8642749], [78.1923848, 9.8640318], [78.1928569, 9.8638468], [78.1932485, 9.8636988], [78.1936777, 9.863572], [78.1942356, 9.8634451], [78.1947666, 9.86335], [78.1951851, 9.8632866], [78.195582, 9.8632549], [78.1956256, 9.8632537], [78.1959736, 9.8632443], [78.1964618, 9.8632443], [78.1969446, 9.8632707], [78.1975561, 9.8633553], [78.1980658, 9.8634557], [78.2012254, 9.864296], [78.202073, 9.8645286], [78.2048517, 9.8651839]]}, "properties": {"kind": "road", "name": "", "osm_id": 726142732, "osm_type": "way", "highway": "trunk"}}, {"type": "Feature", "geometry": {"type": "LineString", "coordinates": [[78.2099801, 9.8661273], [78.2094222, 9.8660877]]}, "properties": {"kind": "road", "name": "", "osm_id": 726142733, "osm_type": "way", "highway": "trunk"}}, {"type": "Feature", "geometry": {"type": "LineString", "coordinates": [[78.2094222, 9.8660877], [78.2090414, 9.8660243], [78.2064718, 9.8654376]]}, "properties": {"kind": "road", "name": "", "osm_id": 726142734, "osm_type": "way", "highway": "trunk"}}, {"type": "Feature", "geometry": {"type": "LineString", "coordinates": [[78.2093739, 9.8662092], [78.209905, 9.866241]]}, "properties": {"kind": "road", "name": "", "osm_id": 726142735, "osm_type": "way", "highway": "trunk"}}, {"type": "Feature", "geometry": {"type": "LineString", "coordinates": [[78.2063538, 9.8655275], [78.2090467, 9.8661511], [78.2093739, 9.8662092]]}, "properties": {"kind": "road", "name": "", "osm_id": 726142736, "osm_type": "way", "highway": "trunk"}}, {"type": "Feature", "geometry": {"type": "LineString", "coordinates": [[78.2064718, 9.8654376], [78.205061, 9.8651205]]}, "properties": {"kind": "road", "name": "", "osm_id": 726142738, "osm_type": "way", "highway": "trunk"}}, {"type": "Feature", "geometry": {"type": "LineString", "coordinates": [[78.2048517, 9.8651839], [78.2063538, 9.8655275]]}, "properties": {"kind": "road", "name": "", "osm_id": 726142739, "osm_type": "way", "highway": "trunk"}}, {"type": "Feature", "geometry": {"type": "LineString", "coordinates": [[78.209905, 9.866241], [78.210125, 9.8662462], [78.2104415, 9.8662304], [78.2107204, 9.8661828], [78.2110691, 9.8660983], [78.2116538, 9.8659238], [78.2127052, 9.8655803], [78.2130861, 9.8654165], [78.213408, 9.8652579], [78.2143199, 9.8647558], [78.2148027, 9.8644916], [78.2150549, 9.86437], [78.215464, 9.8642062], [78.216514, 9.8638151], [78.2169002, 9.8636618], [78.2172382, 9.8634716], [78.2175071, 9.8633015], [78.2183218, 9.8626735], [78.2187322, 9.8623326], [78.2191533, 9.8619864], [78.2192495, 9.8618934]]}, "properties": {"kind": "road", "name": "", "osm_id": 726142740, "osm_type": "way", "highway": "trunk"}}, {"type": "Feature", "geometry": {"type": "LineString", "coordinates": [[78.219173, 9.8618259], [78.2183003, 9.8625625], [78.2174903, 9.8632126], [78.2173248, 9.8633245], [78.2172167, 9.8633976], [78.2169443, 9.8635442], [78.2165595, 9.8637168], [78.216514, 9.8637358], [78.2154421, 9.8641344], [78.2150763, 9.8642855], [78.2148081, 9.8644017], [78.2143146, 9.864666], [78.2134348, 9.8651681], [78.21307, 9.8653478], [78.2126892, 9.865501], [78.2117075, 9.8658129], [78.2110852, 9.8659926], [78.2107848, 9.8660613], [78.2104468, 9.8661141], [78.2101196, 9.8661353], [78.2099801, 9.8661273]]}, "properties": {"kind": "road", "name": "", "osm_id": 726142741, "osm_type": "way", "highway": "trunk"}}, {"type": "Feature", "geometry": {"type": "LineString", "coordinates": [[78.220611, 9.860456], [78.22281, 9.8576767], [78.2231525, 9.8571901], [78.2235609, 9.8564438]]}, "properties": {"kind": "road", "name": "", "osm_id": 726142743, "osm_type": "way", "highway": "trunk"}}, {"type": "Feature", "geometry": {"type": "LineString", "coordinates": [[78.1780484, 9.8758729], [78.1778446, 9.8761714], [78.1776408, 9.8765097], [78.1773752, 9.8770805], [78.1753743, 9.8822861], [78.1751811, 9.8827194], [78.1749505, 9.8830946], [78.1748083, 9.883306], [78.1745723, 9.8836284], [78.1741029, 9.8841807]]}, "properties": {"kind": "road", "name": "", "osm_id": 726142756, "osm_type": "way", "highway": "trunk"}}, {"type": "Feature", "geometry": {"type": "LineString", "coordinates": [[78.1649786, 9.9006646], [78.1649735, 9.9007125], [78.1649772, 9.9007605], [78.1649895, 9.9008071], [78.1650101, 9.9008508], [78.1650382, 9.9008902], [78.1650764, 9.9009268], [78.1651212, 9.9009554], [78.1651893, 9.9009795], [78.1652614, 9.9009852], [78.1653325, 9.900972], [78.1653986, 9.9009402], [78.1654538, 9.9008922], [78.1654939, 9.9008314], [78.1655182, 9.9007489], [78.1655148, 9.9006631], [78.1654842, 9.9005827], [78.1654294, 9.9005159], [78.165356, 9.9004694], [78.1652919, 9.9004507], [78.165225, 9.9004479], [78.1651732, 9.900457], [78.1651207, 9.9004774], [78.1650735, 9.9005081], [78.1650597, 9.9005218], [78.1650338, 9.9005476], [78.1650031, 9.9005943], [78.1649922, 9.9006183], [78.1649786, 9.9006646]]}, "properties": {"kind": "road", "name": "", "osm_id": 726142766, "osm_type": "way", "highway": "trunk"}}, {"type": "Feature", "geometry": {"type": "LineString", "coordinates": [[78.1742021, 9.8842467], [78.174803, 9.8835385], [78.1750578, 9.8831951], [78.1752723, 9.882841], [78.1754601, 9.8824235], [78.1761843, 9.8805685], [78.17752, 9.8770699], [78.1777775, 9.8765361], [78.177976, 9.8762085], [78.1781745, 9.8759231]]}, "properties": {"kind": "road", "name": "", "osm_id": 726142767, "osm_type": "way", "highway": "trunk"}}, {"type": "Feature", "geometry": {"type": "LineString", "coordinates": [[78.3069715, 9.8029672], [78.3067794, 9.8030669], [78.3064146, 9.8032308], [78.3060498, 9.8033207], [78.305567, 9.8033894], [78.3051861, 9.8034052], [78.3026005, 9.8033629]]}, "properties": {"kind": "road", "name": "", "osm_id": 726551212, "osm_type": "way", "highway": "trunk"}}, {"type": "Feature", "geometry": {"type": "LineString", "coordinates": [[78.3165299, 9.7953108], [78.3163994, 9.7954009]]}, "properties": {"kind": "road", "name": "", "osm_id": 726551213, "osm_type": "way", "highway": "trunk"}}, {"type": "Feature", "geometry": {"type": "LineString", "coordinates": [[78.3164067, 9.795542], [78.316556, 9.7954393]]}, "properties": {"kind": "road", "name": "", "osm_id": 726551214, "osm_type": "way", "highway": "trunk"}}, {"type": "Feature", "geometry": {"type": "LineString", "coordinates": [[78.3025941, 9.8034667], [78.305279, 9.8035011], [78.3056599, 9.8034852], [78.3061427, 9.8034165], [78.3065075, 9.8033266], [78.3068722, 9.8031628], [78.3070278, 9.8030835]]}, "properties": {"kind": "road", "name": "", "osm_id": 726551215, "osm_type": "way", "highway": "trunk"}}, {"type": "Feature", "geometry": {"type": "LineString", "coordinates": [[78.316787, 9.7951333], [78.3168604, 9.7952298]]}, "properties": {"kind": "road", "name": "", "osm_id": 726551216, "osm_type": "way", "highway": "trunk_link"}}, {"type": "Feature", "geometry": {"type": "LineString", "coordinates": [[78.336167, 9.7803693], [78.3368937, 9.7799512], [78.3374032, 9.7797379], [78.3377659, 9.7796441], [78.3380841, 9.7796119], [78.3381563, 9.7796046], [78.3384421, 9.7795757], [78.3393038, 9.7796567], [78.3402242, 9.7798097], [78.3424701, 9.7801236], [78.3429829, 9.7801616], [78.3436019, 9.7801352], [78.3441492, 9.7800569], [78.3443796, 9.7799799], [78.3446822, 9.7798755], [78.3450663, 9.7796958], [78.3459815, 9.7789943], [78.347316, 9.777778], [78.3480119, 9.7771592], [78.3485024, 9.7766914], [78.348822, 9.7763401], [78.3490924, 9.7759298], [78.3493045, 9.7755284], [78.3494381, 9.7752467], [78.350101, 9.7738455], [78.3504565, 9.7731216], [78.3505397, 9.7729505], [78.3505649, 9.7728986], [78.3506257, 9.7727734], [78.350747, 9.7725238], [78.351097, 9.7719327], [78.3518416, 9.770739], [78.3524864, 9.7698047], [78.3527907, 9.7694914], [78.353079, 9.7692122], [78.3534452, 9.768898], [78.3537649, 9.7686774], [78.3541639, 9.7684324], [78.354682, 9.7681395], [78.3553152, 9.7678889], [78.356256, 9.7675585], [78.357261, 9.7672056], [78.3581856, 9.7668876], [78.3591656, 9.7665739], [78.3595171, 9.7664929], [78.359919, 9.766455], [78.3604442, 9.7664708], [78.3611736, 9.7665942], [78.3620845, 9.766761], [78.3632574, 9.7669698], [78.3636771, 9.7670288], [78.3638637, 9.7670347], [78.3640198, 9.7670397], [78.3645424, 9.7669934]]}, "properties": {"kind": "road", "name": "", "osm_id": 727321184, "osm_type": "way", "highway": "trunk"}}, {"type": "Feature", "geometry": {"type": "LineString", "coordinates": [[78.3509876, 9.7718735], [78.3507857, 9.772227], [78.3506905, 9.7723937], [78.3505014, 9.7727405], [78.3504338, 9.7728645], [78.3504063, 9.772915], [78.3503732, 9.7729756], [78.3502939, 9.7731413], [78.3500016, 9.7737524], [78.3493655, 9.775106], [78.3490252, 9.7757997], [78.348787, 9.7762311], [78.3484674, 9.7765824], [78.3479769, 9.7770502], [78.347281, 9.777669], [78.3459465, 9.7788853], [78.3450313, 9.7795868], [78.3446472, 9.7797665], [78.3443446, 9.7798709], [78.3441189, 9.7799485], [78.3435669, 9.7800262], [78.3429479, 9.7800526], [78.3424351, 9.7800146], [78.3401892, 9.7797007], [78.3392688, 9.7795477], [78.3384071, 9.7794667], [78.3381488, 9.7795003], [78.3380741, 9.77951], [78.3378317, 9.7795415], [78.3376772, 9.7795616], [78.3374119, 9.7796022], [78.3371055, 9.7797048], [78.336858, 9.7797975], [78.3360944, 9.7801836]]}, "properties": {"kind": "road", "name": "", "osm_id": 727321185, "osm_type": "way", "highway": "trunk"}}, {"type": "Feature", "geometry": {"type": "LineString", "coordinates": [[78.3293921, 9.7865006], [78.3291214, 9.7868148], [78.3287022, 9.7873802], [78.3283637, 9.7879281], [78.3280533, 9.7883952], [78.3277149, 9.7889047], [78.327438, 9.7892084], [78.3265955, 9.7898405], [78.3262195, 9.7900723], [78.3258048, 9.7902815], [78.3254512, 9.7904139], [78.3251295, 9.7905268], [78.3244426, 9.7907073], [78.3237557, 9.790884], [78.3231992, 9.7909937], [78.3224639, 9.7912925], [78.3208739, 9.7919729], [78.3204415, 9.7921354], [78.3201164, 9.7922801], [78.3196287, 9.7925828], [78.3193118, 9.7928106], [78.3188982, 9.7932218], [78.3180172, 9.7941081], [78.3174648, 9.7946465], [78.316918, 9.7950429], [78.316787, 9.7951333], [78.3165299, 9.7953108]]}, "properties": {"kind": "road", "name": "", "osm_id": 727324249, "osm_type": "way", "highway": "trunk"}}, {"type": "Feature", "geometry": {"type": "LineString", "coordinates": [[78.316556, 9.7954393], [78.3168604, 9.7952298], [78.3169308, 9.7951813], [78.3175635, 9.7947268], [78.3181159, 9.7941884], [78.3189969, 9.7933021], [78.3194105, 9.7928909], [78.3197327, 9.7926684], [78.320215, 9.7923605], [78.3205348, 9.7922211], [78.3209457, 9.7920532], [78.3225625, 9.7913729], [78.3232978, 9.7910741], [78.3238543, 9.7909644], [78.3245359, 9.7908247], [78.3252013, 9.7906442], [78.3255016, 9.7905365], [78.3258927, 9.7903829], [78.3262859, 9.790158], [78.3266405, 9.7899525], [78.3273756, 9.789408], [78.3275366, 9.7892888], [78.3278135, 9.7889851], [78.3281519, 9.7884756], [78.3284624, 9.788019], [78.3288062, 9.7874499], [78.3292093, 9.7868819], [78.3294618, 9.7865984]]}, "properties": {"kind": "road", "name": "", "osm_id": 727324250, "osm_type": "way", "highway": "trunk"}}, {"type": "Feature", "geometry": {"type": "LineString", "coordinates": [[78.3295128, 9.7863711], [78.3293921, 9.7865006]]}, "properties": {"kind": "road", "name": "", "osm_id": 727325129, "osm_type": "way", "highway": "trunk"}}, {"type": "Feature", "geometry": {"type": "LineString", "coordinates": [[78.3320345, 9.7834647], [78.3314942, 9.7841744], [78.3310599, 9.7847503], [78.330291, 9.7855315], [78.3296892, 9.7861632], [78.3295128, 9.7863711]]}, "properties": {"kind": "road", "name": "", "osm_id": 727325130, "osm_type": "way", "highway": "trunk"}}, {"type": "Feature", "geometry": {"type": "LineString", "coordinates": [[78.3295691, 9.7864847], [78.3297878, 9.7862435], [78.3303897, 9.7856119], [78.331121, 9.7848307], [78.3315446, 9.7843076], [78.3321224, 9.7835345]]}, "properties": {"kind": "road", "name": "", "osm_id": 727325131, "osm_type": "way", "highway": "trunk"}}, {"type": "Feature", "geometry": {"type": "LineString", "coordinates": [[78.3294618, 9.7865984], [78.3295691, 9.7864847]]}, "properties": {"kind": "road", "name": "", "osm_id": 727325132, "osm_type": "way", "highway": "trunk"}}, {"type": "Feature", "geometry": {"type": "LineString", "coordinates": [[78.302511, 9.8034667], [78.3025941, 9.8034667]]}, "properties": {"kind": "road", "name": "", "osm_id": 727330758, "osm_type": "way", "highway": "trunk"}}, {"type": "Feature", "geometry": {"type": "LineString", "coordinates": [[78.2963473, 9.8032896], [78.2996035, 9.8034006], [78.3022591, 9.8034675], [78.302511, 9.8034667]]}, "properties": {"kind": "road", "name": "", "osm_id": 727330759, "osm_type": "way", "highway": "trunk"}}, {"type": "Feature", "geometry": {"type": "LineString", "coordinates": [[78.3026005, 9.8033629], [78.3025002, 9.8033663]]}, "properties": {"kind": "road", "name": "", "osm_id": 727330760, "osm_type": "way", "highway": "trunk"}}, {"type": "Feature", "geometry": {"type": "LineString", "coordinates": [[78.3025002, 9.8033663], [78.3022425, 9.8033656], [78.2995106, 9.8033048], [78.2962544, 9.8031938]]}, "properties": {"kind": "road", "name": "", "osm_id": 727330761, "osm_type": "way", "highway": "trunk"}}, {"type": "Feature", "geometry": {"type": "LineString", "coordinates": [[78.286466, 9.8034059], [78.2887351, 9.8032474], [78.2898402, 9.8031681], [78.2910258, 9.8031733], [78.2923722, 9.8032526], [78.2932895, 9.8033002], [78.2963473, 9.8032896]]}, "properties": {"kind": "road", "name": "", "osm_id": 727330762, "osm_type": "way", "highway": "trunk"}}, {"type": "Feature", "geometry": {"type": "LineString", "coordinates": [[78.2962544, 9.8031938], [78.2931967, 9.8032044], [78.2922793, 9.8031568], [78.2909329, 9.8030775], [78.2897473, 9.8030722], [78.2886423, 9.8031515], [78.286459, 9.8032942]]}, "properties": {"kind": "road", "name": "", "osm_id": 727330763, "osm_type": "way", "highway": "trunk"}}, {"type": "Feature", "geometry": {"type": "LineString", "coordinates": [[78.286459, 9.8032942], [78.2849033, 9.8034422], [78.2832296, 9.8036907], [78.2822586, 9.8039074], [78.2814915, 9.8041347], [78.2806386, 9.8044096], [78.2799465, 9.8045787], [78.2795627, 9.8046438], [78.2793699, 9.8046765]]}, "properties": {"kind": "road", "name": "", "osm_id": 727330764, "osm_type": "way", "highway": "trunk"}}, {"type": "Feature", "geometry": {"type": "LineString", "coordinates": [[78.2794225, 9.8047803], [78.2800394, 9.8046746], [78.2807314, 9.8045054], [78.2815844, 9.8042306], [78.2823515, 9.8040033], [78.2833224, 9.8037865], [78.2849961, 9.8035381], [78.286466, 9.8034059]]}, "properties": {"kind": "road", "name": "", "osm_id": 727330765, "osm_type": "way", "highway": "trunk"}}, {"type": "Feature", "geometry": {"type": "LineString", "coordinates": [[78.2791151, 9.8046924], [78.2783158, 9.8047162], [78.2777525, 9.8047849], [78.2772053, 9.8048483], [78.276524, 9.8050439], [78.2757569, 9.8054087], [78.2755211, 9.8055388], [78.2752621, 9.8056478]]}, "properties": {"kind": "road", "name": "", "osm_id": 727330766, "osm_type": "way", "highway": "trunk"}}, {"type": "Feature", "geometry": {"type": "LineString", "coordinates": [[78.2793699, 9.8046765], [78.2791151, 9.8046924]]}, "properties": {"kind": "road", "name": "", "osm_id": 727330767, "osm_type": "way", "highway": "trunk"}}, {"type": "Feature", "geometry": {"type": "LineString", "coordinates": [[78.2791489, 9.8047909], [78.2794225, 9.8047803]]}, "properties": {"kind": "road", "name": "", "osm_id": 727330768, "osm_type": "way", "highway": "trunk"}}, {"type": "Feature", "geometry": {"type": "LineString", "coordinates": [[78.2752973, 9.8057436], [78.2755333, 9.8056314], [78.2758284, 9.8054992], [78.2766169, 9.8051398], [78.2772982, 9.8049442], [78.2778454, 9.8048807], [78.2784086, 9.804812], [78.2791489, 9.8047909]]}, "properties": {"kind": "road", "name": "", "osm_id": 727330769, "osm_type": "way", "highway": "trunk"}}, {"type": "Feature", "geometry": {"type": "LineString", "coordinates": [[78.275182, 9.8058032], [78.2752973, 9.8057436]]}, "properties": {"kind": "road", "name": "", "osm_id": 727330770, "osm_type": "way", "highway": "trunk"}}, {"type": "Feature", "geometry": {"type": "LineString", "coordinates": [[78.271443, 9.8077352], [78.2729932, 9.8069529], [78.2743451, 9.8062287], [78.2747488, 9.806012], [78.275182, 9.8058032]]}, "properties": {"kind": "road", "name": "", "osm_id": 727330771, "osm_type": "way", "highway": "trunk"}}, {"type": "Feature", "geometry": {"type": "LineString", "coordinates": [[78.2751266, 9.8057205], [78.2747032, 9.8059195], [78.2742817, 9.8061382], [78.2729245, 9.8068676], [78.2713689, 9.8076473]]}, "properties": {"kind": "road", "name": "", "osm_id": 727330772, "osm_type": "way", "highway": "trunk"}}, {"type": "Feature", "geometry": {"type": "LineString", "coordinates": [[78.2752621, 9.8056478], [78.2751266, 9.8057205]]}, "properties": {"kind": "road", "name": "", "osm_id": 727330773, "osm_type": "way", "highway": "trunk"}}, {"type": "Feature", "geometry": {"type": "LineString", "coordinates": [[78.2693052, 9.8089986], [78.271443, 9.8077352]]}, "properties": {"kind": "road", "name": "", "osm_id": 727330774, "osm_type": "way", "highway": "trunk"}}, {"type": "Feature", "geometry": {"type": "LineString", "coordinates": [[78.2677495, 9.8099183], [78.2678399, 9.8098649], [78.2679373, 9.8098073], [78.2693052, 9.8089986]]}, "properties": {"kind": "road", "name": "", "osm_id": 727330775, "osm_type": "way", "highway": "trunk"}}, {"type": "Feature", "geometry": {"type": "LineString", "coordinates": [[78.2692123, 9.8089027], [78.2678444, 9.8097115], [78.2677848, 9.8097467], [78.2676567, 9.8098225]]}, "properties": {"kind": "road", "name": "", "osm_id": 727330776, "osm_type": "way", "highway": "trunk"}}, {"type": "Feature", "geometry": {"type": "LineString", "coordinates": [[78.2713689, 9.8076473], [78.2692123, 9.8089027]]}, "properties": {"kind": "road", "name": "", "osm_id": 727330777, "osm_type": "way", "highway": "trunk"}}, {"type": "Feature", "geometry": {"type": "LineString", "coordinates": [[78.2673616, 9.8099916], [78.2630594, 9.8124179], [78.2593043, 9.814527], [78.2567079, 9.8159489]]}, "properties": {"kind": "road", "name": "", "osm_id": 727330778, "osm_type": "way", "highway": "trunk"}}, {"type": "Feature", "geometry": {"type": "LineString", "coordinates": [[78.2676567, 9.8098225], [78.2673616, 9.8099916]]}, "properties": {"kind": "road", "name": "", "osm_id": 727330779, "osm_type": "way", "highway": "trunk"}}, {"type": "Feature", "geometry": {"type": "LineString", "coordinates": [[78.2674545, 9.8100875], [78.2677495, 9.8099183]]}, "properties": {"kind": "road", "name": "", "osm_id": 727330780, "osm_type": "way", "highway": "trunk"}}, {"type": "Feature", "geometry": {"type": "LineString", "coordinates": [[78.2568008, 9.8160447], [78.2593971, 9.8146228], [78.2631522, 9.8125137], [78.2674545, 9.8100875]]}, "properties": {"kind": "road", "name": "", "osm_id": 727330781, "osm_type": "way", "highway": "trunk"}}, {"type": "Feature", "geometry": {"type": "LineString", "coordinates": [[78.256547, 9.8160335], [78.2533444, 9.8177514]]}, "properties": {"kind": "road", "name": "", "osm_id": 727330782, "osm_type": "way", "highway": "trunk"}}, {"type": "Feature", "geometry": {"type": "LineString", "coordinates": [[78.2567079, 9.8159489], [78.256547, 9.8160335]]}, "properties": {"kind": "road", "name": "", "osm_id": 727330783, "osm_type": "way", "highway": "trunk"}}, {"type": "Feature", "geometry": {"type": "LineString", "coordinates": [[78.2566398, 9.8161293], [78.2568008, 9.8160447]]}, "properties": {"kind": "road", "name": "", "osm_id": 727330784, "osm_type": "way", "highway": "trunk"}}, {"type": "Feature", "geometry": {"type": "LineString", "coordinates": [[78.2534373, 9.8178472], [78.2566398, 9.8161293]]}, "properties": {"kind": "road", "name": "", "osm_id": 727330785, "osm_type": "way", "highway": "trunk"}}, {"type": "Feature", "geometry": {"type": "LineString", "coordinates": [[78.2531942, 9.8178412], [78.2512898, 9.8188667]]}, "properties": {"kind": "road", "name": "", "osm_id": 727330786, "osm_type": "way", "highway": "trunk"}}, {"type": "Feature", "geometry": {"type": "LineString", "coordinates": [[78.2533444, 9.8177514], [78.2531942, 9.8178412]]}, "properties": {"kind": "road", "name": "", "osm_id": 727330787, "osm_type": "way", "highway": "trunk"}}, {"type": "Feature", "geometry": {"type": "LineString", "coordinates": [[78.2532871, 9.8179371], [78.2534373, 9.8178472]]}, "properties": {"kind": "road", "name": "", "osm_id": 727330788, "osm_type": "way", "highway": "trunk"}}, {"type": "Feature", "geometry": {"type": "LineString", "coordinates": [[78.2513827, 9.8189625], [78.2532871, 9.8179371]]}, "properties": {"kind": "road", "name": "", "osm_id": 727330789, "osm_type": "way", "highway": "trunk"}}, {"type": "Feature", "geometry": {"type": "LineString", "coordinates": [[78.251282, 9.8190218], [78.2513827, 9.8189625]]}, "properties": {"kind": "road", "name": "", "osm_id": 727330790, "osm_type": "way", "highway": "trunk"}}, {"type": "Feature", "geometry": {"type": "LineString", "coordinates": [[78.246882, 9.8248879], [78.2468981, 9.8242245], [78.2469892, 9.8235559], [78.2471126, 9.8230167], [78.2473916, 9.8222609], [78.2477403, 9.8216477], [78.2481319, 9.8211244], [78.2485503, 9.8207227], [78.2487599, 9.8205217], [78.2491833, 9.8202523], [78.2495856, 9.8200197], [78.251282, 9.8190218]]}, "properties": {"kind": "road", "name": "", "osm_id": 727330791, "osm_type": "way", "highway": "trunk"}}, {"type": "Feature", "geometry": {"type": "LineString", "coordinates": [[78.2511958, 9.8189216], [78.2494927, 9.8199238], [78.2490904, 9.8201564], [78.2487392, 9.820386], [78.2484574, 9.8206269], [78.248039, 9.8210286], [78.2476474, 9.8215519], [78.2472987, 9.822165], [78.2470198, 9.8229209], [78.246883, 9.8235367], [78.24678, 9.8242034], [78.2467837, 9.8248687]]}, "properties": {"kind": "road", "name": "", "osm_id": 727330792, "osm_type": "way", "highway": "trunk"}}, {"type": "Feature", "geometry": {"type": "LineString", "coordinates": [[78.2512898, 9.8188667], [78.2511958, 9.8189216]]}, "properties": {"kind": "road", "name": "", "osm_id": 727330793, "osm_type": "way", "highway": "trunk"}}, {"type": "Feature", "geometry": {"type": "LineString", "coordinates": [[78.24678, 9.8250147], [78.2467265, 9.8271259], [78.2466872, 9.828751]]}, "properties": {"kind": "road", "name": "", "osm_id": 727330794, "osm_type": "way", "highway": "trunk"}}, {"type": "Feature", "geometry": {"type": "LineString", "coordinates": [[78.2467837, 9.8248687], [78.24678, 9.8250147]]}, "properties": {"kind": "road", "name": "", "osm_id": 727330795, "osm_type": "way", "highway": "trunk"}}, {"type": "Feature", "geometry": {"type": "LineString", "coordinates": [[78.2468781, 9.8250386], [78.246882, 9.8248879]]}, "properties": {"kind": "road", "name": "", "osm_id": 727330796, "osm_type": "way", "highway": "trunk"}}, {"type": "Feature", "geometry": {"type": "LineString", "coordinates": [[78.24678, 9.8287359], [78.2468256, 9.8270761], [78.2468781, 9.8250386]]}, "properties": {"kind": "road", "name": "", "osm_id": 727330797, "osm_type": "way", "highway": "trunk"}}, {"type": "Feature", "geometry": {"type": "LineString", "coordinates": [[78.2466872, 9.828751], [78.2466227, 9.8316687]]}, "properties": {"kind": "road", "name": "", "osm_id": 727330798, "osm_type": "way", "highway": "trunk"}}, {"type": "Feature", "geometry": {"type": "LineString", "coordinates": [[78.246721, 9.8316694], [78.24678, 9.8287359]]}, "properties": {"kind": "road", "name": "", "osm_id": 727330799, "osm_type": "way", "highway": "trunk"}}, {"type": "Feature", "geometry": {"type": "LineString", "coordinates": [[78.2436569, 9.8367168], [78.2437364, 9.8366089], [78.2438178, 9.8365097], [78.2441354, 9.8361015], [78.2444494, 9.835696], [78.2456616, 9.8343096], [78.2460505, 9.8338524], [78.2462088, 9.8336013], [78.2464716, 9.8330014], [78.2465708, 9.8326658], [78.2466432, 9.8323407], [78.2466808, 9.8320949], [78.246721, 9.8316694]]}, "properties": {"kind": "road", "name": "", "osm_id": 727330800, "osm_type": "way", "highway": "trunk"}}, {"type": "Feature", "geometry": {"type": "LineString", "coordinates": [[78.2466227, 9.8316687], [78.2465628, 9.8322059], [78.2464984, 9.832494], [78.246325, 9.8330086], [78.24603, 9.8336138], [78.2458734, 9.8338762], [78.2455838, 9.8342488], [78.2444173, 9.8355217], [78.2440656, 9.8359878], [78.2435818, 9.8366273]]}, "properties": {"kind": "road", "name": "", "osm_id": 727330803, "osm_type": "way", "highway": "trunk"}}, {"type": "Feature", "geometry": {"type": "LineString", "coordinates": [[78.2551766, 9.8268723], [78.2550895, 9.8269519], [78.2546791, 9.8273272], [78.2545808, 9.8274482], [78.254432, 9.8276312], [78.2542469, 9.8278589], [78.2541377, 9.8279896], [78.2539562, 9.8282069], [78.253902, 9.8282718], [78.2534574, 9.8288053], [78.2533772, 9.8289], [78.2528046, 9.8294315], [78.2527328, 9.8294793], [78.2525934, 9.8295721], [78.2523593, 9.8296951], [78.2522979, 9.8297274], [78.2521662, 9.8297713], [78.2520171, 9.8298211], [78.2517566, 9.8298872], [78.2515439, 9.8299398], [78.2512649, 9.8300088], [78.250836, 9.8301148], [78.25043, 9.8302379], [78.250171, 9.8303607], [78.2497968, 9.8305708], [78.2496393, 9.8306783], [78.2494362, 9.830817], [78.2485823, 9.8314361], [78.2485335, 9.8314715], [78.2475207, 9.8322402], [78.2473684, 9.8323558], [78.2471535, 9.8325962], [78.2469873, 9.832795], [78.2469008, 9.8328984], [78.2465427, 9.833425], [78.2464379, 9.833579]]}, "properties": {"kind": "road", "name": "", "osm_id": 727330805, "osm_type": "way", "highway": "trunk"}}, {"type": "Feature", "geometry": {"type": "LineString", "coordinates": [[78.3070905, 9.8029031], [78.3069715, 9.8029672]]}, "properties": {"kind": "road", "name": "", "osm_id": 727330807, "osm_type": "way", "highway": "trunk"}}, {"type": "Feature", "geometry": {"type": "LineString", "coordinates": [[78.3088004, 9.801229], [78.3081312, 9.8020361], [78.3079475, 9.8022581], [78.3077326, 9.8024503], [78.3076722, 9.8025044], [78.3075197, 9.8026176], [78.3070905, 9.8029031]]}, "properties": {"kind": "road", "name": "", "osm_id": 727330808, "osm_type": "way", "highway": "trunk"}}, {"type": "Feature", "geometry": {"type": "LineString", "coordinates": [[78.3071485, 9.8030201], [78.3075032, 9.8027857], [78.3076125, 9.8027135], [78.3077395, 9.8026257], [78.3078052, 9.8025652], [78.3080458, 9.8023434], [78.308113, 9.8022637], [78.3082241, 9.802132], [78.3088933, 9.8013249]]}, "properties": {"kind": "road", "name": "", "osm_id": 727330809, "osm_type": "way", "highway": "trunk"}}, {"type": "Feature", "geometry": {"type": "LineString", "coordinates": [[78.3070278, 9.8030835], [78.3071485, 9.8030201]]}, "properties": {"kind": "road", "name": "", "osm_id": 727330810, "osm_type": "way", "highway": "trunk"}}, {"type": "Feature", "geometry": {"type": "LineString", "coordinates": [[78.3163994, 9.7954009], [78.3153007, 9.7961593], [78.3127645, 9.7978543], [78.311957, 9.79845], [78.3113896, 9.7989064], [78.3102987, 9.7997466], [78.3096182, 9.8003616], [78.3091451, 9.8008534], [78.3088004, 9.801229]]}, "properties": {"kind": "road", "name": "", "osm_id": 727330811, "osm_type": "way", "highway": "trunk"}}, {"type": "Feature", "geometry": {"type": "LineString", "coordinates": [[78.3088933, 9.8013249], [78.3092116, 9.8009919], [78.3097223, 9.8004525], [78.3104403, 9.7998322], [78.3114721, 9.7989815], [78.3120664, 9.7985356], [78.3128524, 9.7979558], [78.3153779, 9.7962502], [78.3164067, 9.795542]]}, "properties": {"kind": "road", "name": "", "osm_id": 727330812, "osm_type": "way", "highway": "trunk"}}, {"type": "Feature", "geometry": {"type": "LineString", "coordinates": [[78.1656468, 9.8984959], [78.1657, 9.8981883]]}, "properties": {"kind": "road", "name": "", "osm_id": 727588715, "osm_type": "way", "highway": "trunk"}}, {"type": "Feature", "geometry": {"type": "LineString", "coordinates": [[78.1655763, 9.8981961], [78.165542, 9.8984253]]}, "properties": {"kind": "road", "name": "", "osm_id": 727588718, "osm_type": "way", "highway": "trunk"}}, {"type": "Feature", "geometry": {"type": "LineString", "coordinates": [[78.1817968, 9.8724271], [78.1819027, 9.8724905]]}, "properties": {"kind": "road", "name": "", "osm_id": 727588719, "osm_type": "way", "highway": "trunk_link"}}, {"type": "Feature", "geometry": {"type": "LineString", "coordinates": [[78.1781745, 9.8759231], [78.1784266, 9.8756456], [78.1787324, 9.87531], [78.1819027, 9.8724905], [78.1842256, 9.8704267], [78.1858993, 9.869005], [78.1863425, 9.8686323]]}, "properties": {"kind": "road", "name": "", "osm_id": 727588720, "osm_type": "way", "highway": "trunk"}}, {"type": "Feature", "geometry": {"type": "LineString", "coordinates": [[78.1862621, 9.8685583], [78.1841987, 9.8702893], [78.1817968, 9.8724271], [78.1817412, 9.8724713], [78.1786787, 9.875199], [78.1783247, 9.8755531], [78.1780484, 9.8758729]]}, "properties": {"kind": "road", "name": "", "osm_id": 727588721, "osm_type": "way", "highway": "trunk"}}, {"type": "Feature", "geometry": {"type": "LineString", "coordinates": [[78.1741029, 9.8841807], [78.1736009, 9.8847634]]}, "properties": {"kind": "road", "name": "", "osm_id": 727588722, "osm_type": "way", "highway": "trunk"}}, {"type": "Feature", "geometry": {"type": "LineString", "coordinates": [[78.1736797, 9.8848365], [78.1742021, 9.8842467]]}, "properties": {"kind": "road", "name": "", "osm_id": 727588723, "osm_type": "way", "highway": "trunk"}}, {"type": "Feature", "geometry": {"type": "LineString", "coordinates": [[78.1724469, 9.886122], [78.1718717, 9.8867992]]}, "properties": {"kind": "road", "name": "", "osm_id": 727588724, "osm_type": "way", "highway": "trunk"}}, {"type": "Feature", "geometry": {"type": "LineString", "coordinates": [[78.1719673, 9.8868671], [78.172552, 9.8861713]]}, "properties": {"kind": "road", "name": "", "osm_id": 727588725, "osm_type": "way", "highway": "trunk"}}, {"type": "Feature", "geometry": {"type": "LineString", "coordinates": [[78.1726757, 9.8858526], [78.1724469, 9.886122]]}, "properties": {"kind": "road", "name": "", "osm_id": 727588726, "osm_type": "way", "highway": "trunk"}}, {"type": "Feature", "geometry": {"type": "LineString", "coordinates": [[78.1734585, 9.884931], [78.1726757, 9.8858526]]}, "properties": {"kind": "road", "name": "", "osm_id": 727588727, "osm_type": "way", "highway": "trunk"}}, {"type": "Feature", "geometry": {"type": "LineString", "coordinates": [[78.1727489, 9.885937], [78.1735074, 9.8850342]]}, "properties": {"kind": "road", "name": "", "osm_id": 727588728, "osm_type": "way", "highway": "trunk"}}, {"type": "Feature", "geometry": {"type": "LineString", "coordinates": [[78.172552, 9.8861713], [78.1727489, 9.885937]]}, "properties": {"kind": "road", "name": "", "osm_id": 727588729, "osm_type": "way", "highway": "trunk"}}, {"type": "Feature", "geometry": {"type": "LineString", "coordinates": [[78.1735074, 9.8850342], [78.1736797, 9.8848365]]}, "properties": {"kind": "road", "name": "", "osm_id": 727588730, "osm_type": "way", "highway": "trunk"}}, {"type": "Feature", "geometry": {"type": "LineString", "coordinates": [[78.1679189, 9.8921384], [78.1680143, 9.8920021], [78.1708521, 9.8881944], [78.1710652, 9.8879407], [78.1719673, 9.8868671]]}, "properties": {"kind": "road", "name": "", "osm_id": 727588731, "osm_type": "way", "highway": "trunk"}}, {"type": "Feature", "geometry": {"type": "LineString", "coordinates": [[78.1718717, 9.8867992], [78.1715709, 9.8871534], [78.1707716, 9.8881205], [78.1679392, 9.8919413], [78.167883, 9.8920166]]}, "properties": {"kind": "road", "name": "", "osm_id": 727588732, "osm_type": "way", "highway": "trunk"}}, {"type": "Feature", "geometry": {"type": "LineString", "coordinates": [[78.1736009, 9.8847634], [78.1734585, 9.884931]]}, "properties": {"kind": "road", "name": "", "osm_id": 727588733, "osm_type": "way", "highway": "trunk"}}, {"type": "Feature", "geometry": {"type": "LineString", "coordinates": [[78.267189, 9.8505967], [78.2671782, 9.8502558]]}, "properties": {"kind": "road", "name": "", "osm_id": 728867365, "osm_type": "way", "highway": "trunk"}}, {"type": "Feature", "geometry": {"type": "LineString", "coordinates": [[78.2676892, 9.8562264], [78.2675851, 9.8560678], [78.2675662, 9.8559406], [78.2675598, 9.8557963], [78.2675469, 9.8555054], [78.2675168, 9.8548189], [78.2674119, 9.8538712], [78.267315, 9.8530386], [78.2672544, 9.8521508], [78.267189, 9.8505967]]}, "properties": {"kind": "road", "name": "", "osm_id": 728867366, "osm_type": "way", "highway": "trunk"}}, {"type": "Feature", "geometry": {"type": "LineString", "coordinates": [[78.2598888, 9.8323197], [78.259758, 9.8322947], [78.2584382, 9.8320511], [78.2581814, 9.8320032], [78.2580031, 9.8318859], [78.2579461, 9.8318134], [78.2578416, 9.8316092]]}, "properties": {"kind": "road", "name": "", "osm_id": 728867367, "osm_type": "way", "highway": "trunk"}}, {"type": "Feature", "geometry": {"type": "LineString", "coordinates": [[78.260031, 9.8323432], [78.2598888, 9.8323197]]}, "properties": {"kind": "road", "name": "", "osm_id": 728867368, "osm_type": "way", "highway": "trunk"}}, {"type": "Feature", "geometry": {"type": "LineString", "coordinates": [[78.2353619, 9.8460751], [78.2352143, 9.8462099]]}, "properties": {"kind": "road", "name": "", "osm_id": 728876743, "osm_type": "way", "highway": "trunk"}}, {"type": "Feature", "geometry": {"type": "LineString", "coordinates": [[78.2432396, 9.8371293], [78.2428291, 9.8377848], [78.2425314, 9.8382235], [78.2420084, 9.8389847], [78.2419653, 9.8390489], [78.2416731, 9.8394841], [78.2416336, 9.8395323], [78.2415954, 9.8395789], [78.2411791, 9.8400873], [78.2411125, 9.8401686], [78.2406431, 9.8407632], [78.2405654, 9.8408625], [78.2402435, 9.8412733], [78.2399002, 9.8418098], [78.2397426, 9.8420631], [78.2395944, 9.8423013], [78.239066, 9.8432051], [78.238909, 9.8434382], [78.2388809, 9.84348], [78.2386181, 9.843805], [78.2381326, 9.8442622], [78.2377088, 9.8445952], [78.2372233, 9.8448991], [78.2366252, 9.8452347], [78.2364147, 9.8453568], [78.2362846, 9.8454382], [78.2358554, 9.8456813], [78.2357715, 9.8457447], [78.2356596, 9.8458293], [78.2354163, 9.8460302], [78.2353619, 9.8460751]]}, "properties": {"kind": "road", "name": "", "osm_id": 728876744, "osm_type": "way", "highway": "trunk"}}, {"type": "Feature", "geometry": {"type": "LineString", "coordinates": [[78.2304883, 9.8493071], [78.230289, 9.849349]]}, "properties": {"kind": "road", "name": "", "osm_id": 728876745, "osm_type": "way", "highway": "trunk"}}, {"type": "Feature", "geometry": {"type": "LineString", "coordinates": [[78.2352143, 9.8462099], [78.2348978, 9.846527], [78.2338598, 9.8476739], [78.2333234, 9.8481206], [78.2328755, 9.8484482], [78.2321298, 9.8488341], [78.2314432, 9.8490799], [78.2304883, 9.8493071]]}, "properties": {"kind": "road", "name": "", "osm_id": 728876746, "osm_type": "way", "highway": "trunk"}}, {"type": "Feature", "geometry": {"type": "LineString", "coordinates": [[78.2354759, 9.8461562], [78.2357292, 9.8459476], [78.2358969, 9.8458095], [78.2363285, 9.845529], [78.2366965, 9.845308], [78.2372582, 9.8449714], [78.2377425, 9.8446814], [78.2382403, 9.8443031], [78.2386905, 9.843859], [78.2389672, 9.8435372], [78.2391491, 9.8432504], [78.2396964, 9.8423645], [78.2400338, 9.8418189], [78.2403445, 9.8413348], [78.2407288, 9.8408283], [78.2412044, 9.8402493], [78.2413417, 9.8400727], [78.2417764, 9.8395136], [78.2420498, 9.8391114], [78.2420806, 9.8390661], [78.2424065, 9.8385967], [78.2425916, 9.8383301], [78.2429271, 9.8378491], [78.2431247, 9.8375632], [78.243137, 9.8375454], [78.2433734, 9.8371949]]}, "properties": {"kind": "road", "name": "", "osm_id": 728876748, "osm_type": "way", "highway": "trunk"}}, {"type": "Feature", "geometry": {"type": "LineString", "coordinates": [[78.2697183, 9.8588655], [78.2695159, 9.8588409], [78.2693562, 9.8587757], [78.2692118, 9.858665], [78.2690799, 9.8585246], [78.2689359, 9.8583156], [78.2688358, 9.8580358]]}, "properties": {"kind": "road", "name": "", "osm_id": 731113430, "osm_type": "way", "highway": "trunk"}}, {"type": "Feature", "geometry": {"type": "LineString", "coordinates": [[78.2881021, 9.8583846], [78.2879935, 9.8583925]]}, "properties": {"kind": "road", "name": "", "osm_id": 731113432, "osm_type": "way", "highway": "trunk"}}, {"type": "Feature", "geometry": {"type": "LineString", "coordinates": [[78.2887543, 9.8583639], [78.2881021, 9.8583846]]}, "properties": {"kind": "road", "name": "", "osm_id": 731113433, "osm_type": "way", "highway": "trunk"}}, {"type": "Feature", "geometry": {"type": "LineString", "coordinates": [[78.2946306, 9.8586832], [78.2939725, 9.8586387], [78.2927836, 9.8585921], [78.2917151, 9.8585912], [78.2904491, 9.8585194]]}, "properties": {"kind": "road", "name": "", "osm_id": 731113434, "osm_type": "way", "highway": "trunk"}}, {"type": "Feature", "geometry": {"type": "LineString", "coordinates": [[78.2947487, 9.8586911], [78.2946306, 9.8586832]]}, "properties": {"kind": "road", "name": "", "osm_id": 731113435, "osm_type": "way", "highway": "trunk"}}, {"type": "Feature", "geometry": {"type": "LineString", "coordinates": [[78.2966396, 9.8588735], [78.2947487, 9.8586911]]}, "properties": {"kind": "road", "name": "", "osm_id": 731113436, "osm_type": "way", "highway": "trunk"}}, {"type": "Feature", "geometry": {"type": "LineString", "coordinates": [[78.2968461, 9.8588893], [78.2966396, 9.8588735]]}, "properties": {"kind": "road", "name": "", "osm_id": 731113437, "osm_type": "way", "highway": "trunk"}}, {"type": "Feature", "geometry": {"type": "LineString", "coordinates": [[78.3143181, 9.8599569], [78.3125669, 9.8599352], [78.3105066, 9.8599226], [78.3101009, 9.8599269], [78.3100024, 9.8599279], [78.3089625, 9.8598827], [78.3073309, 9.8596451], [78.305704, 9.8594192], [78.3044046, 9.8592831], [78.3038811, 9.8592265], [78.3030769, 9.8591351], [78.3016823, 9.8590644], [78.3010084, 9.8590556], [78.2994826, 9.8590358], [78.2989793, 9.8590293], [78.297911, 9.8589765], [78.2968461, 9.8588893]]}, "properties": {"kind": "road", "name": "", "osm_id": 731113438, "osm_type": "way", "highway": "trunk"}}, {"type": "Feature", "geometry": {"type": "LineString", "coordinates": [[78.3144495, 9.8599622], [78.3143181, 9.8599569]]}, "properties": {"kind": "road", "name": "", "osm_id": 731113439, "osm_type": "way", "highway": "trunk"}}, {"type": "Feature", "geometry": {"type": "LineString", "coordinates": [[78.3323103, 9.8534482], [78.3321927, 9.8534474], [78.3309892, 9.8535217], [78.3291245, 9.853761], [78.3286113, 9.8538831], [78.3279615, 9.854091], [78.3273877, 9.8543674], [78.3260273, 9.8550607], [78.3255074, 9.8553256], [78.3252093, 9.8554775], [78.3228612, 9.8565457], [78.3203, 9.8575123], [78.3194606, 9.8578833], [78.3185314, 9.8583821], [78.3174491, 9.8590413], [78.3165718, 9.8596347], [78.3160569, 9.859894], [78.3158711, 9.8599516], [78.3156403, 9.8599501], [78.3144495, 9.8599622]]}, "properties": {"kind": "road", "name": "", "osm_id": 731113440, "osm_type": "way", "highway": "trunk"}}, {"type": "Feature", "geometry": {"type": "LineString", "coordinates": [[78.3376935, 9.8528826], [78.3372578, 9.8530613], [78.3369639, 9.8531575], [78.3364409, 9.8532815], [78.3358413, 9.8533777], [78.3352572, 9.8534185], [78.3342096, 9.8534355], [78.3329782, 9.853427], [78.3323103, 9.8534482]]}, "properties": {"kind": "road", "name": "", "osm_id": 731113441, "osm_type": "way", "highway": "trunk"}}, {"type": "Feature", "geometry": {"type": "LineString", "coordinates": [[78.3398581, 9.8519636], [78.3393638, 9.8520971], [78.3389374, 9.8522844]]}, "properties": {"kind": "road", "name": "", "osm_id": 731113442, "osm_type": "way", "highway": "trunk"}}, {"type": "Feature", "geometry": {"type": "LineString", "coordinates": [[78.3389374, 9.8522844], [78.3389005, 9.8523013]]}, "properties": {"kind": "road", "name": "", "osm_id": 731113443, "osm_type": "way", "highway": "trunk"}}, {"type": "Feature", "geometry": {"type": "LineString", "coordinates": [[78.3389005, 9.8523013], [78.3384833, 9.8525211], [78.3380063, 9.8527495], [78.3377337, 9.8528668]]}, "properties": {"kind": "road", "name": "", "osm_id": 731113444, "osm_type": "way", "highway": "trunk"}}, {"type": "Feature", "geometry": {"type": "LineString", "coordinates": [[78.3377337, 9.8528668], [78.3376935, 9.8528826]]}, "properties": {"kind": "road", "name": "", "osm_id": 731113445, "osm_type": "way", "highway": "trunk"}}, {"type": "Feature", "geometry": {"type": "LineString", "coordinates": [[78.3451608, 9.8517278], [78.3449984, 9.8517443], [78.3446141, 9.8517835], [78.3443132, 9.8517833], [78.3434554, 9.8517307], [78.3420433, 9.8516528], [78.3416774, 9.8516403], [78.3413244, 9.851685], [78.3412262, 9.8516974], [78.3406015, 9.8517994], [78.3403288, 9.8518596], [78.3398581, 9.8519636]]}, "properties": {"kind": "road", "name": "", "osm_id": 731113446, "osm_type": "way", "highway": "trunk"}}, {"type": "Feature", "geometry": {"type": "LineString", "coordinates": [[78.3452439, 9.8517199], [78.3451608, 9.8517278]]}, "properties": {"kind": "road", "name": "", "osm_id": 731113447, "osm_type": "way", "highway": "trunk"}}, {"type": "Feature", "geometry": {"type": "LineString", "coordinates": [[78.3553625, 9.8544713], [78.3541489, 9.8541749], [78.3532712, 9.8539455], [78.352517, 9.8537058], [78.3512548, 9.8532288], [78.3499807, 9.852701], [78.3494507, 9.8525162], [78.3489695, 9.8523779], [78.348579, 9.8522363], [78.3475861, 9.8518271], [78.3471121, 9.8516356], [78.3469015, 9.851593], [78.3466661, 9.8515739], [78.34647, 9.8515792], [78.3452439, 9.8517199]]}, "properties": {"kind": "road", "name": "", "osm_id": 731113448, "osm_type": "way", "highway": "trunk"}}, {"type": "Feature", "geometry": {"type": "LineString", "coordinates": [[78.2904491, 9.8585194], [78.2901299, 9.8584718], [78.2895281, 9.858394], [78.2892314, 9.8583582], [78.2887543, 9.8583639]]}, "properties": {"kind": "road", "name": "", "osm_id": 731118769, "osm_type": "way", "highway": "trunk"}}, {"type": "Feature", "geometry": {"type": "LineString", "coordinates": [[77.9810246, 10.0634018], [77.9811989, 10.0632446]]}, "properties": {"kind": "road", "name": "", "osm_id": 750445806, "osm_type": "way", "highway": "trunk"}}, {"type": "Feature", "geometry": {"type": "LineString", "coordinates": [[77.9811989, 10.0632446], [77.9828306, 10.0618469], [77.9838825, 10.0610132], [77.984182, 10.0607705]]}, "properties": {"kind": "road", "name": "", "osm_id": 750445807, "osm_type": "way", "highway": "trunk"}}, {"type": "Feature", "geometry": {"type": "LineString", "coordinates": [[77.9810941, 10.0631438], [77.9808664, 10.0633389]]}, "properties": {"kind": "road", "name": "", "osm_id": 750445808, "osm_type": "way", "highway": "trunk"}}, {"type": "Feature", "geometry": {"type": "LineString", "coordinates": [[77.9808664, 10.0633389], [77.9803008, 10.0638456], [77.9799873, 10.0641432], [77.9796571, 10.064477]]}, "properties": {"kind": "road", "name": "", "osm_id": 750445809, "osm_type": "way", "highway": "trunk"}}, {"type": "Feature", "geometry": {"type": "LineString", "coordinates": [[77.9902097, 9.982626], [77.9906, 9.9840179]]}, "properties": {"kind": "road", "name": "Thirumangalam - Pallapatti - Silukkuvarpatti Road", "osm_id": 750514912, "osm_type": "way", "highway": "primary"}}, {"type": "Feature", "geometry": {"type": "LineString", "coordinates": [[77.990935, 9.9851496], [77.9913909, 9.984896], [77.9918503, 9.9846508], [77.9921151, 9.9844892], [77.9922992, 9.9844502], [77.9925926, 9.9844798], [77.9928244, 9.9845031], [77.9935354, 9.9846458], [77.9944515, 9.9847241], [77.9950467, 9.9847613], [77.9955241, 9.9848247], [77.9964146, 9.9850122], [77.9971468, 9.9851866], [77.9979274, 9.9853477], [77.9990137, 9.9855934], [77.9996788, 9.985773], [78.0001724, 9.9858866], [78.0005774, 9.9860028], [78.0009958, 9.9861296], [78.0014142, 9.9862828], [78.002294, 9.986473], [78.0031523, 9.9866236], [78.0035841, 9.986687], [78.004083, 9.9866896], [78.0048233, 9.9866368], [78.0053115, 9.9865972], [78.0058212, 9.9865074], [78.0059779, 9.9864627], [78.006497, 9.9863145], [78.0068135, 9.986259], [78.0069148, 9.9862537], [78.0069912, 9.9862346], [78.0070576, 9.9862036], [78.0074626, 9.9857756], [78.0076155, 9.9855709], [78.0076852, 9.9854626], [78.007755, 9.9853886], [78.0078395, 9.985345], [78.0080768, 9.985283], [78.0086549, 9.9851813], [78.0090907, 9.9850875], [78.0095373, 9.9850043], [78.0097122, 9.9849758], [78.009886, 9.9849475], [78.0101676, 9.9849105], [78.0102803, 9.9848973], [78.010979, 9.9848141], [78.0120465, 9.9846609], [78.0127238, 9.9845935], [78.0131569, 9.9845671], [78.0133165, 9.9845328], [78.0133786, 9.9845198], [78.01379, 9.9844337], [78.0140287, 9.984398], [78.0142526, 9.9843875], [78.014439, 9.9843967], [78.0149513, 9.9844694], [78.0152182, 9.9844852], [78.015469, 9.9844865], [78.0156568, 9.9844733], [78.0157788, 9.9844443], [78.0158767, 9.984402], [78.0160122, 9.9843056], [78.0163904, 9.9840322], [78.016668, 9.9838631], [78.0172446, 9.9835514], [78.0176349, 9.9833057], [78.0177328, 9.9832674], [78.0178629, 9.9832239], [78.017946, 9.9832001], [78.0181579, 9.9831274], [78.0182384, 9.9831222], [78.0183189, 9.9831565], [78.0183631, 9.9832859], [78.0184261, 9.9835025], [78.0185965, 9.9841009], [78.0186675, 9.984369], [78.0187091, 9.9844476]]}, "properties": {"kind": "road", "name": "Madurai - Melakkal - Samayanallur Road", "osm_id": 750514913, "osm_type": "way", "highway": "primary"}}, {"type": "Feature", "geometry": {"type": "LineString", "coordinates": [[78.0992042, 9.9459533], [78.0992843, 9.9458139], [78.0993229, 9.9457603], [78.0994973, 9.9454882], [78.0995885, 9.9452689], [78.0997172, 9.9448092], [78.099787, 9.9443733], [78.0997306, 9.9437709], [78.0996481, 9.9435042], [78.0994211, 9.9427468], [78.0988657, 9.9409975]]}, "properties": {"kind": "road", "name": "Puravazhi Salai", "osm_id": 750514914, "osm_type": "way", "highway": "primary"}}, {"type": "Feature", "geometry": {"type": "LineString", "coordinates": [[78.0950865, 9.9504938], [78.094978, 9.9505824], [78.0943753, 9.951182], [78.094047, 9.9514567], [78.0937315, 9.9516385], [78.093606, 9.951699], [78.0934327, 9.9517825], [78.0933281, 9.9518329], [78.0920673, 9.9524189], [78.0908908, 9.9529668], [78.0905139, 9.9531474], [78.089497, 9.9536013], [78.0888641, 9.9538897], [78.0881719, 9.9542237], [78.0872048, 9.9546726], [78.0859683, 9.9552565], [78.0857382, 9.9553753], [78.0855379, 9.9554787], [78.08512, 9.9556676], [78.0841711, 9.9561041], [78.0831603, 9.9565819], [78.0818036, 9.9572164], [78.0805555, 9.9578001], [78.0770928, 9.959475], [78.0758885, 9.9600509], [78.0747131, 9.9605373], [78.0739606, 9.9608146], [78.0731481, 9.9611003], [78.0724379, 9.9613714], [78.0720853, 9.9615456], [78.0718437, 9.9616836], [78.0709767, 9.962125], [78.0695545, 9.9628571]]}, "properties": {"kind": "road", "name": "Dindigul Salai", "osm_id": 750514917, "osm_type": "way", "highway": "primary"}}, {"type": "Feature", "geometry": {"type": "LineString", "coordinates": [[78.0969151, 9.9664352], [78.0969062, 9.9665021], [78.0968741, 9.9667437], [78.0967404, 9.9684262], [78.0967603, 9.9685892], [78.096907, 9.969294], [78.0969906, 9.9697063], [78.0970347, 9.9699837], [78.097082, 9.9702954], [78.0971248, 9.9706496], [78.0971481, 9.9707541], [78.0971722, 9.9709682], [78.0971749, 9.9709999], [78.0971933, 9.9710674], [78.0972574, 9.9715793], [78.0972719, 9.9716767], [78.0973026, 9.9722065], [78.0973214, 9.9723312], [78.0973452, 9.9725966], [78.0973518, 9.9726704], [78.0974149, 9.9731193], [78.0974281, 9.9733358], [78.0974898, 9.9736926], [78.0975097, 9.97378], [78.097557, 9.9740892], [78.0976087, 9.9744273], [78.0976634, 9.9747973], [78.0977133, 9.9752138], [78.0977677, 9.9755809], [78.0978071, 9.9758897], [78.0979174, 9.9765685], [78.0980519, 9.9774079], [78.0981263, 9.9778717], [78.0982521, 9.9785488], [78.0982987, 9.97881], [78.0986919, 9.9810116], [78.0990106, 9.9829353], [78.0994269, 9.9843544], [78.099732, 9.9855]]}, "properties": {"kind": "road", "name": "Madurai - Palamedu Road", "osm_id": 750514923, "osm_type": "way", "highway": "primary"}}, {"type": "Feature", "geometry": {"type": "LineString", "coordinates": [[78.0999647, 9.9464791], [78.0992379, 9.951522]]}, "properties": {"kind": "road", "name": "Madurai - Palamedu Road", "osm_id": 750514924, "osm_type": "way", "highway": "primary"}}, {"type": "Feature", "geometry": {"type": "LineString", "coordinates": [[78.0926147, 10.0310649], [78.0926321, 10.0311825]]}, "properties": {"kind": "road", "name": "Madurai - Palamedu Road", "osm_id": 750514925, "osm_type": "way", "highway": "primary"}}, {"type": "Feature", "geometry": {"type": "LineString", "coordinates": [[78.0926321, 10.0311825], [78.0926496, 10.0312577], [78.0926925, 10.0313792], [78.0928078, 10.0316962], [78.0928561, 10.031889], [78.0928668, 10.0322297], [78.0928212, 10.0324621], [78.0927005, 10.0328187], [78.0925074, 10.0332518], [78.092199, 10.0337457], [78.0921212, 10.0339016], [78.0920729, 10.0340733], [78.0920729, 10.0342185], [78.0922472, 10.0354203], [78.0922741, 10.0356553], [78.0923223, 10.0358851], [78.092545, 10.0364846], [78.0928346, 10.03724], [78.0935629, 10.0389449], [78.0937573, 10.0392196], [78.0938311, 10.039275], [78.0940605, 10.03938], [78.0941418, 10.0394595], [78.0942486, 10.0396962], [78.0943987, 10.0403815], [78.094536, 10.0410914], [78.0948107, 10.0419366], [78.0950682, 10.042469], [78.0951866, 10.0428738], [78.0951866, 10.043288], [78.0950567, 10.0436942], [78.0949913, 10.0442361], [78.0950028, 10.0467731]]}, "properties": {"kind": "road", "name": "Madurai - Palamedu Road", "osm_id": 750514926, "osm_type": "way", "highway": "primary"}}, {"type": "Feature", "geometry": {"type": "LineString", "coordinates": [[78.099732, 9.9855], [78.099753, 9.9855683]]}, "properties": {"kind": "road", "name": "Madurai - Palamedu Road", "osm_id": 750514927, "osm_type": "way", "highway": "primary"}}, {"type": "Feature", "geometry": {"type": "LineString", "coordinates": [[78.0946953, 10.002571], [78.094511, 10.0031215], [78.0943846, 10.0033571], [78.094193, 10.0037144], [78.0935923, 10.0045752], [78.0932988, 10.0049056], [78.0930679, 10.0050877], [78.0926366, 10.0052988], [78.092433, 10.0054612], [78.092407, 10.0056734], [78.0924569, 10.0059155], [78.0925647, 10.0064482], [78.092737, 10.0071723], [78.0929311, 10.0079749], [78.0930231, 10.0083694], [78.0931576, 10.0088805], [78.0931763, 10.0089717], [78.0932584, 10.0092283], [78.0933442, 10.0094334], [78.0934541, 10.0096268], [78.0937852, 10.0101083], [78.0938491, 10.0102101], [78.0940535, 10.0106624], [78.0940843, 10.0109627], [78.0940911, 10.0114656], [78.0940805, 10.0116387], [78.0939939, 10.0125128], [78.0939831, 10.0133197], [78.0941076, 10.0137292], [78.0941267, 10.0139046], [78.0941857, 10.0144699], [78.0942018, 10.0149865], [78.0941734, 10.015322], [78.0941436, 10.0155765], [78.0941369, 10.0156432], [78.0941214, 10.0157271], [78.0941053, 10.0157898], [78.0940705, 10.0158525], [78.0940269, 10.0158961], [78.0939437, 10.0159582], [78.0938606, 10.0160135], [78.0937587, 10.0160731], [78.0936433, 10.0161431], [78.0935387, 10.016225], [78.0934543, 10.0163122], [78.0931027, 10.0168175], [78.092828, 10.0175106], [78.0927803, 10.0176942], [78.0926392, 10.0182375], [78.0924675, 10.0193532], [78.0924332, 10.0208323], [78.0923302, 10.0218043], [78.0921748, 10.0224017], [78.092089, 10.0233948], [78.0920675, 10.0236034], [78.0919442, 10.0243351], [78.0917644, 10.0251591], [78.0916478, 10.0258723], [78.0916411, 10.0259779], [78.0916585, 10.0260955], [78.0916826, 10.0261615], [78.0917832, 10.0263134], [78.0919053, 10.026555], [78.0919602, 10.0267888], [78.0921346, 10.0280302], [78.0921856, 10.028252], [78.0925276, 10.0294703], [78.0925959, 10.0298288], [78.0926201, 10.0301484], [78.0925893, 10.0306155], [78.092612, 10.0310187], [78.0926147, 10.0310649]]}, "properties": {"kind": "road", "name": "Madurai - Palamedu Road", "osm_id": 750514928, "osm_type": "way", "highway": "primary"}}, {"type": "Feature", "geometry": {"type": "LineString", "coordinates": [[78.0695853, 9.9628988], [78.0710222, 9.9621863], [78.0718845, 9.9617587], [78.0726349, 9.9614326], [78.0738124, 9.9609544], [78.0747363, 9.9606209], [78.0758134, 9.9601645], [78.0775541, 9.9593324], [78.0792788, 9.958487], [78.0811885, 9.9575888], [78.0832162, 9.9566315], [78.0837178, 9.9563947], [78.0857476, 9.9554636], [78.0867836, 9.9549787], [78.0882124, 9.9542998], [78.0910698, 9.9529656], [78.0921359, 9.9524716], [78.0936292, 9.9517567], [78.0937868, 9.9516817], [78.0941154, 9.9514796], [78.0943313, 9.9513144], [78.0946451, 9.9510067], [78.0950186, 9.950633], [78.0950865, 9.9504938]]}, "properties": {"kind": "road", "name": "Dindigul Salai", "osm_id": 750514929, "osm_type": "way", "highway": "primary"}}, {"type": "Feature", "geometry": {"type": "LineString", "coordinates": [[78.0991954, 9.9461675], [78.0992251, 9.946128], [78.0992409, 9.9460813], [78.0992412, 9.9460322], [78.099226, 9.9459853], [78.0992042, 9.9459533], [78.0991722, 9.9459257], [78.099134, 9.9459074], [78.0990922, 9.9458997], [78.0990498, 9.9459033], [78.0990063, 9.9459197], [78.0989696, 9.9459479], [78.0989427, 9.9459854], [78.098928, 9.946029], [78.0989269, 9.9460749], [78.0989413, 9.9461233], [78.0989705, 9.9461647], [78.0990116, 9.9461947], [78.0990603, 9.9462103], [78.0991114, 9.9462098], [78.0991567, 9.946195], [78.0991954, 9.9461675]]}, "properties": {"kind": "road", "name": "Fatima College Junction", "osm_id": 750514930, "osm_type": "way", "highway": "primary"}}, {"type": "Feature", "geometry": {"type": "LineString", "coordinates": [[78.0999325, 9.9456719], [78.0999066, 9.9456923], [78.0998886, 9.945719], [78.0998796, 9.9457498], [78.0998804, 9.9457818], [78.099891, 9.9458121], [78.0999105, 9.945838], [78.0999371, 9.9458569], [78.0999654, 9.9458664], [78.0999954, 9.9458678], [78.1000245, 9.9458609], [78.1000506, 9.9458463], [78.1000715, 9.9458252], [78.1000856, 9.9457992], [78.1000918, 9.9457703], [78.1000892, 9.9457393], [78.1000769, 9.9457093], [78.1000559, 9.9456844], [78.1000282, 9.9456669], [78.0999964, 9.9456587], [78.0999635, 9.9456603], [78.0999325, 9.9456719]]}, "properties": {"kind": "road", "name": "Varanasi - Kanniyakumari Road (Old NH7)", "osm_id": 750514931, "osm_type": "way", "highway": "primary"}}, {"type": "Feature", "geometry": {"type": "LineString", "coordinates": [[78.0999066, 9.9456923], [78.0994771, 9.9459453], [78.0993769, 9.9459958], [78.0993141, 9.9460044], [78.099226, 9.9459853]]}, "properties": {"kind": "road", "name": "Varanasi - Kanniyakumari Road (Old NH7)", "osm_id": 750514932, "osm_type": "way", "highway": "primary"}}, {"type": "Feature", "geometry": {"type": "LineString", "coordinates": [[78.0991954, 9.9461675], [78.0995413, 9.945968], [78.099781, 9.9458256], [78.0998351, 9.9458108], [78.099891, 9.9458121]]}, "properties": {"kind": "road", "name": "Varanasi - Kanniyakumari Road (Old NH7)", "osm_id": 750514934, "osm_type": "way", "highway": "primary"}}, {"type": "Feature", "geometry": {"type": "LineString", "coordinates": [[78.0999371, 9.9458569], [78.0999751, 9.9460562], [78.0999685, 9.9462321], [78.0999647, 9.9464791]]}, "properties": {"kind": "road", "name": "Madurai - Palamedu Road", "osm_id": 750514935, "osm_type": "way", "highway": "primary"}}, {"type": "Feature", "geometry": {"type": "LineString", "coordinates": [[78.1054079, 9.9350275], [78.1054644, 9.9351753], [78.1054845, 9.935246], [78.105506, 9.935367], [78.1055186, 9.9353839], [78.1055375, 9.935394]]}, "properties": {"kind": "road", "name": "", "osm_id": 754998807, "osm_type": "way", "highway": "primary"}}, {"type": "Feature", "geometry": {"type": "LineString", "coordinates": [[78.1208185, 9.9313361], [78.1207548, 9.9313533], [78.1206864, 9.9313853], [78.1206722, 9.9313979], [78.1206375, 9.9314289], [78.1206197, 9.9314501], [78.1206076, 9.9314804], [78.1206015, 9.9315075], [78.1206012, 9.9315326], [78.1206072, 9.9315567], [78.1206166, 9.9315732], [78.1206297, 9.9315865], [78.1206522, 9.9316], [78.1206911, 9.9316063], [78.1207333, 9.9316089], [78.1208057, 9.9316043], [78.1208507, 9.9315977], [78.1208966, 9.9315802], [78.1209241, 9.9315564], [78.1209455, 9.9315277], [78.1209579, 9.9314933], [78.120962, 9.9314639], [78.120959, 9.9314296], [78.1209512, 9.9314033], [78.1209367, 9.9313751], [78.1209184, 9.9313521], [78.1209031, 9.9313416], [78.1208862, 9.9313335], [78.1208577, 9.9313315], [78.1208185, 9.9313361]]}, "properties": {"kind": "road", "name": "", "osm_id": 754998820, "osm_type": "way", "highway": "primary"}}, {"type": "Feature", "geometry": {"type": "LineString", "coordinates": [[78.1298905, 9.9247126], [78.1303285, 9.9245693], [78.1307322, 9.9244153], [78.1310927, 9.9242857], [78.1316457, 9.9240341], [78.1319955, 9.9238212], [78.1323775, 9.9236848], [78.132742, 9.9235172], [78.1330543, 9.9233496], [78.1333667, 9.9231613], [78.1334706, 9.9231027], [78.1335873, 9.9229827], [78.1337277, 9.9228109], [78.1338627, 9.9226973], [78.1341116, 9.9225702], [78.1349225, 9.9222991], [78.1358599, 9.9219304], [78.1366736, 9.9216352], [78.1373783, 9.9213363], [78.1374892, 9.9212892], [78.138072, 9.9209674]]}, "properties": {"kind": "road", "name": "Vaigai Vadakarai Salai", "osm_id": 754998822, "osm_type": "way", "highway": "primary"}}, {"type": "Feature", "geometry": {"type": "LineString", "coordinates": [[78.126477, 9.9300505], [78.1265503, 9.9300283], [78.1266793, 9.9299762], [78.1271069, 9.929834], [78.1278051, 9.9295972], [78.1286161, 9.9294506], [78.1288575, 9.9293928], [78.1290977, 9.9293111], [78.1292472, 9.9292216]]}, "properties": {"kind": "road", "name": "Palam Station Salai", "osm_id": 754998828, "osm_type": "way", "highway": "trunk"}}, {"type": "Feature", "geometry": {"type": "LineString", "coordinates": [[78.1262406, 9.9301301], [78.126477, 9.9300505]]}, "properties": {"kind": "road", "name": "Palam Station Salai", "osm_id": 754998829, "osm_type": "way", "highway": "trunk"}}, {"type": "Feature", "geometry": {"type": "LineString", "coordinates": [[78.12629, 9.9300462], [78.1264588, 9.9299767]]}, "properties": {"kind": "road", "name": "\u0baa\u0bbe\u0bb2\u0bae\u0bcd \u0bb8\u0bcd\u0b9f\u0bc7\u0bb7\u0ba9\u0bcd \u0b9a\u0bbe\u0bb2\u0bc8", "osm_id": 754998830, "osm_type": "way", "highway": "primary"}}, {"type": "Feature", "geometry": {"type": "LineString", "coordinates": [[78.1264588, 9.9299767], [78.126593, 9.9298489], [78.1269051, 9.9296128], [78.1272187, 9.9294352], [78.1274711, 9.9292961], [78.127644, 9.9292106], [78.1279267, 9.9290958], [78.1280655, 9.929067], [78.1282067, 9.9290506], [78.1283383, 9.9290808], [78.1285065, 9.9291489], [78.1287056, 9.9291976], [78.1288002, 9.9292112], [78.1288623, 9.9292201], [78.1292472, 9.9292216]]}, "properties": {"kind": "road", "name": "\u0bae\u0bc7\u0bb3\u0b95\u0bcd\u0b95\u0bbe\u0bb0 \u0ba4\u0bc6\u0bb0\u0bc1", "osm_id": 754998831, "osm_type": "way", "highway": "primary"}}, {"type": "Feature", "geometry": {"type": "LineString", "coordinates": [[78.1271689, 9.9282985], [78.1269958, 9.928234]]}, "properties": {"kind": "road", "name": "Varanasi - Kanniyakumari Road (Old NH7)", "osm_id": 754998832, "osm_type": "way", "highway": "trunk"}}, {"type": "Feature", "geometry": {"type": "LineString", "coordinates": [[78.1269958, 9.928234], [78.1268734, 9.9281842], [78.1267695, 9.9281215], [78.12669, 9.9280226], [78.1266237, 9.9279421], [78.1262684, 9.9273691]]}, "properties": {"kind": "road", "name": "Varanasi - Kanniyakumari Road (Old NH7)", "osm_id": 754998833, "osm_type": "way", "highway": "trunk"}}, {"type": "Feature", "geometry": {"type": "LineString", "coordinates": [[78.1246745, 9.9246081], [78.124631, 9.9245389]]}, "properties": {"kind": "road", "name": "Varanasi - Kanniyakumari Road (Old NH7)", "osm_id": 754998834, "osm_type": "way", "highway": "trunk"}}, {"type": "Feature", "geometry": {"type": "LineString", "coordinates": [[78.1234245, 9.9250723], [78.1235305, 9.9252323], [78.1237329, 9.9255425], [78.1237976, 9.9256526]]}, "properties": {"kind": "road", "name": "", "osm_id": 754998837, "osm_type": "way", "highway": "primary"}}, {"type": "Feature", "geometry": {"type": "LineString", "coordinates": [[78.1233619, 9.9249896], [78.1234245, 9.9250723]]}, "properties": {"kind": "road", "name": "", "osm_id": 754998842, "osm_type": "way", "highway": "primary"}}, {"type": "Feature", "geometry": {"type": "LineString", "coordinates": [[78.123552, 9.9250009], [78.1234768, 9.9249093]]}, "properties": {"kind": "road", "name": "", "osm_id": 754998845, "osm_type": "way", "highway": "primary"}}, {"type": "Feature", "geometry": {"type": "LineString", "coordinates": [[78.0976103, 9.9366248], [78.0975954, 9.9366], [78.097585, 9.93659], [78.097573, 9.9365818], [78.0975598, 9.9365758], [78.0975342, 9.936571], [78.0975083, 9.936574], [78.0974847, 9.9365847], [78.0974654, 9.936602], [78.0974524, 9.9366242], [78.0974467, 9.9366506], [78.0974487, 9.9366724], [78.0974563, 9.9366929], [78.0974692, 9.9367108], [78.0974841, 9.9367234], [78.0975015, 9.9367322], [78.0975271, 9.9367374], [78.0975532, 9.9367347], [78.0975771, 9.9367242], [78.0975967, 9.936707], [78.097605, 9.9366949], [78.0976111, 9.9366816], [78.0976158, 9.9366531], [78.0976103, 9.9366248]]}, "properties": {"kind": "road", "name": "Bypass Road", "osm_id": 755055035, "osm_type": "way", "highway": "primary"}}, {"type": "Feature", "geometry": {"type": "LineString", "coordinates": [[78.0985053, 9.9057476], [78.0985584, 9.9061413], [78.098521, 9.9063657], [78.098495, 9.9065053], [78.0984992, 9.9066013]]}, "properties": {"kind": "road", "name": "Puravazhi Salai", "osm_id": 755055053, "osm_type": "way", "highway": "primary"}}, {"type": "Feature", "geometry": {"type": "LineString", "coordinates": [[78.0990609, 9.9059409], [78.0989562, 9.9057732], [78.0988785, 9.9056772], [78.0987981, 9.905616]]}, "properties": {"kind": "road", "name": "Thirupparankundram Salai", "osm_id": 755055056, "osm_type": "way", "highway": "primary"}}, {"type": "Feature", "geometry": {"type": "LineString", "coordinates": [[78.0984807, 9.9056466], [78.0984844, 9.9056991], [78.0985053, 9.9057476], [78.0985363, 9.905783], [78.0985763, 9.9058081], [78.098622, 9.9058207], [78.0986694, 9.9058197], [78.0987146, 9.9058053], [78.0987539, 9.9057783], [78.0987819, 9.9057439], [78.0987994, 9.9057033], [78.0988049, 9.9056596], [78.0987981, 9.905616], [78.0987795, 9.9055759], [78.098754, 9.9055455], [78.0987217, 9.9055222], [78.0986714, 9.9055044], [78.0986179, 9.9055037], [78.098567, 9.9055201], [78.0985244, 9.9055519], [78.0984945, 9.9055957], [78.0984807, 9.9056466]]}, "properties": {"kind": "road", "name": "Paththu Thoon Junction", "osm_id": 755055057, "osm_type": "way", "highway": "primary"}}, {"type": "Feature", "geometry": {"type": "LineString", "coordinates": [[78.0987539, 9.9057783], [78.0988536, 9.9058202], [78.0989283, 9.9058532], [78.0989871, 9.9058777], [78.0990609, 9.9059409]]}, "properties": {"kind": "road", "name": "Thirupparankundram Salai", "osm_id": 755055058, "osm_type": "way", "highway": "primary"}}, {"type": "Feature", "geometry": {"type": "LineString", "coordinates": [[78.0975598, 9.9365758], [78.0975461, 9.936531], [78.0974744, 9.9362964], [78.0974296, 9.9361711], [78.0972635, 9.9357038], [78.0970929, 9.9351841], [78.0969984, 9.9347356], [78.0968563, 9.9340732], [78.0968185, 9.9338147], [78.0966999, 9.9333738]]}, "properties": {"kind": "road", "name": "Puravazhi Salai", "osm_id": 755264509, "osm_type": "way", "highway": "primary"}}, {"type": "Feature", "geometry": {"type": "LineString", "coordinates": [[78.1017708, 9.9253295], [78.1015953, 9.9253999], [78.1013766, 9.9255805], [78.1008629, 9.9259932], [78.1005168, 9.9262624], [78.1003825, 9.9263715], [78.0999976, 9.9266841], [78.0998424, 9.926838], [78.0997552, 9.9269246], [78.0996676, 9.9270459], [78.0995307, 9.9272642]]}, "properties": {"kind": "road", "name": "Payaniyar Viduthi Salai", "osm_id": 755264526, "osm_type": "way", "highway": "primary"}}, {"type": "Feature", "geometry": {"type": "LineString", "coordinates": [[78.07941, 9.9347272], [78.0794718, 9.9347241], [78.0795171, 9.9347169], [78.0806673, 9.9346747], [78.0812767, 9.9346493], [78.0813255, 9.9346217], [78.0816801, 9.934421], [78.0817303, 9.9343857], [78.0820405, 9.9341674], [78.0824499, 9.9339035], [78.0831633, 9.9336004], [78.083222, 9.933565]]}, "properties": {"kind": "road", "name": "Theni Pradhana Salai", "osm_id": 755264578, "osm_type": "way", "highway": "primary"}}, {"type": "Feature", "geometry": {"type": "LineString", "coordinates": [[78.0792494, 9.9347566], [78.07941, 9.9347272]]}, "properties": {"kind": "road", "name": "Theni Pradhana Salai", "osm_id": 755264579, "osm_type": "way", "highway": "primary"}}, {"type": "Feature", "geometry": {"type": "LineString", "coordinates": [[78.0757589, 9.8915591], [78.0757932, 9.8915354], [78.0758077, 9.891498], [78.0758134, 9.8914492], [78.0758037, 9.8913817], [78.0757948, 9.8913503], [78.0757897, 9.8913324], [78.0757661, 9.8912941], [78.0757343, 9.8912552], [78.0756841, 9.891221], [78.075649, 9.8912111], [78.0756215, 9.8912217], [78.0756024, 9.8912364], [78.0755789, 9.8912753], [78.0755694, 9.891317], [78.0755714, 9.8913965], [78.0755984, 9.8914683], [78.0756411, 9.8915127], [78.0757069, 9.8915593], [78.0757589, 9.8915591]]}, "properties": {"kind": "road", "name": "Moolakkarai Interchange", "osm_id": 755264594, "osm_type": "way", "highway": "primary"}}, {"type": "Feature", "geometry": {"type": "LineString", "coordinates": [[78.0757948, 9.8913503], [78.0758329, 9.8912924], [78.0758585, 9.8912303]]}, "properties": {"kind": "road", "name": "", "osm_id": 755264597, "osm_type": "way", "highway": "primary_link"}}, {"type": "Feature", "geometry": {"type": "LineString", "coordinates": [[78.0760374, 9.8917176], [78.0759613, 9.8916039], [78.0758791, 9.8914893], [78.0758037, 9.8913817]]}, "properties": {"kind": "road", "name": "", "osm_id": 755264598, "osm_type": "way", "highway": "primary_link"}}, {"type": "Feature", "geometry": {"type": "LineString", "coordinates": [[78.0249494, 9.8689647], [78.0248114, 9.8686444], [78.0229337, 9.8655202], [78.0216659, 9.8633392], [78.0205963, 9.8614992], [78.0190705, 9.8587923], [78.018877, 9.858434], [78.0186753, 9.8580508], [78.018159, 9.8570279], [78.0180892, 9.8569275], [78.017372, 9.8552289], [78.0166257, 9.8529986], [78.0162471, 9.8517635], [78.0160935, 9.8510323]]}, "properties": {"kind": "road", "name": "", "osm_id": 755264636, "osm_type": "way", "highway": "trunk"}}, {"type": "Feature", "geometry": {"type": "LineString", "coordinates": [[78.029631, 9.8809653], [78.0295814, 9.8808976], [78.0295411, 9.8808426], [78.0295133, 9.8807604]]}, "properties": {"kind": "road", "name": "", "osm_id": 755264637, "osm_type": "way", "highway": "trunk_link"}}, {"type": "Feature", "geometry": {"type": "LineString", "coordinates": [[78.029106, 9.8810683], [78.0291844, 9.8810975], [78.0292466, 9.8811476], [78.0292936, 9.8812088]]}, "properties": {"kind": "road", "name": "", "osm_id": 755264638, "osm_type": "way", "highway": "trunk_link"}}, {"type": "Feature", "geometry": {"type": "LineString", "coordinates": [[78.0529817, 9.9215298], [78.0527938, 9.9210068]]}, "properties": {"kind": "road", "name": "", "osm_id": 755264641, "osm_type": "way", "highway": "trunk"}}, {"type": "Feature", "geometry": {"type": "LineString", "coordinates": [[78.0306708, 9.878469], [78.0308714, 9.8794237], [78.0311462, 9.8803202], [78.0312803, 9.8806806], [78.0314605, 9.880985], [78.0320699, 9.881374], [78.033057, 9.8819477], [78.0336252, 9.8821336], [78.0337662, 9.8821798], [78.0341046, 9.8822655], [78.0343005, 9.8823185], [78.034802, 9.882425], [78.0352103, 9.8825514], [78.035619, 9.8826779], [78.0359898, 9.8827782], [78.0361127, 9.8828195], [78.0365375, 9.8829123], [78.0370254, 9.8830189], [78.0373489, 9.8830595], [78.0377676, 9.8830404], [78.0381632, 9.8829441], [78.0391632, 9.8826257], [78.0395928, 9.8825239], [78.0399679, 9.882454], [78.0402192, 9.8823895], [78.040724, 9.8822912], [78.0408763, 9.8822731], [78.0410737, 9.8822464], [78.0413497, 9.882203], [78.0420615, 9.8821329], [78.042255, 9.8821184], [78.0423906, 9.8821082], [78.0427313, 9.8820827], [78.042851, 9.8820737], [78.0430477, 9.8820589], [78.0431402, 9.8820545], [78.0436868, 9.8820463], [78.0439395, 9.8820425], [78.0447264, 9.8819123], [78.0455057, 9.8817045], [78.0462826, 9.8814884]]}, "properties": {"kind": "road", "name": "Thirupparankundram Salai", "osm_id": 755264647, "osm_type": "way", "highway": "primary"}}, {"type": "Feature", "geometry": {"type": "LineString", "coordinates": [[78.0943388, 9.9175918], [78.0944076, 9.9174182], [78.0945119, 9.9171537], [78.0946022, 9.916973], [78.094858, 9.9162875], [78.0949563, 9.9160665], [78.0951616, 9.9154566], [78.0952548, 9.915243], [78.095599, 9.9143235], [78.0958179, 9.9137613], [78.0959857, 9.9133712], [78.0963336, 9.9124877]]}, "properties": {"kind": "road", "name": "Puravazhi Salai", "osm_id": 755275104, "osm_type": "way", "highway": "primary"}}, {"type": "Feature", "geometry": {"type": "LineString", "coordinates": [[78.0964008, 9.9122033], [78.0970229, 9.9105875], [78.0974135, 9.9095665]]}, "properties": {"kind": "road", "name": "Puravazhi Salai", "osm_id": 755275106, "osm_type": "way", "highway": "primary"}}, {"type": "Feature", "geometry": {"type": "LineString", "coordinates": [[78.1095031, 9.9093104], [78.1089018, 9.9092148], [78.1083928, 9.9091238], [78.1077578, 9.9090041], [78.1072081, 9.9089146], [78.1067477, 9.9088286], [78.106615, 9.9088118]]}, "properties": {"kind": "road", "name": "Thirupparankundram Salai", "osm_id": 756020633, "osm_type": "way", "highway": "primary"}}, {"type": "Feature", "geometry": {"type": "LineString", "coordinates": [[78.1118884, 9.9123773], [78.1118134, 9.9123333], [78.1117788, 9.9122866], [78.1117685, 9.912238], [78.1117553, 9.9121053]]}, "properties": {"kind": "road", "name": "Thirupparankundram Salai", "osm_id": 756020634, "osm_type": "way", "highway": "primary"}}, {"type": "Feature", "geometry": {"type": "LineString", "coordinates": [[78.1129031, 9.9238169], [78.1128173, 9.9237905], [78.1127529, 9.9237535], [78.1126993, 9.9237033], [78.1126564, 9.9236399], [78.1126054, 9.9235659], [78.1125533, 9.9234911]]}, "properties": {"kind": "road", "name": "Mela Veli Veethi", "osm_id": 756020659, "osm_type": "way", "highway": "primary"}}, {"type": "Feature", "geometry": {"type": "LineString", "coordinates": [[78.1129031, 9.9238169], [78.1127874, 9.9238308], [78.1126974, 9.9238565]]}, "properties": {"kind": "road", "name": "", "osm_id": 756020660, "osm_type": "way", "highway": "primary_link"}}, {"type": "Feature", "geometry": {"type": "LineString", "coordinates": [[78.0789357, 9.8298827], [78.0790159, 9.8299498]]}, "properties": {"kind": "road", "name": "", "osm_id": 756309046, "osm_type": "way", "highway": "trunk_link"}}, {"type": "Feature", "geometry": {"type": "LineString", "coordinates": [[78.020177, 9.8456713], [78.0202743, 9.845659], [78.0203413, 9.8456802], [78.0204781, 9.84577], [78.0206598, 9.8459379]]}, "properties": {"kind": "road", "name": "", "osm_id": 756309050, "osm_type": "way", "highway": "trunk_link"}}, {"type": "Feature", "geometry": {"type": "LineString", "coordinates": [[78.0206195, 9.8456219], [78.0205345, 9.8455322], [78.0204224, 9.845482], [78.020287, 9.8454625]]}, "properties": {"kind": "road", "name": "", "osm_id": 756309051, "osm_type": "way", "highway": "trunk_link"}}, {"type": "Feature", "geometry": {"type": "LineString", "coordinates": [[78.0932351, 9.8237917], [78.0931398, 9.8239226], [78.0930915, 9.8240257], [78.093011, 9.8241393], [78.0929333, 9.824208], [78.0928394, 9.8242477], [78.0926743, 9.8242725]]}, "properties": {"kind": "road", "name": "", "osm_id": 756348293, "osm_type": "way", "highway": "trunk_link"}}, {"type": "Feature", "geometry": {"type": "LineString", "coordinates": [[78.0930184, 9.8245536], [78.0930755, 9.8244638], [78.0932096, 9.8241582], [78.0933142, 9.8239085], [78.0933377, 9.8238599], [78.0935058, 9.8235231], [78.0935544, 9.8234256], [78.0940326, 9.8221693], [78.0940639, 9.8220884], [78.0942084, 9.8217146], [78.0943716, 9.8212926], [78.0944576, 9.82107], [78.095024, 9.8196993], [78.0955339, 9.8186261], [78.0956722, 9.8183348], [78.0957143, 9.8182463]]}, "properties": {"kind": "road", "name": "Madurai - Thoothukudi Highway", "osm_id": 756348294, "osm_type": "way", "highway": "trunk"}}, {"type": "Feature", "geometry": {"type": "LineString", "coordinates": [[78.105046, 9.8410491], [78.1051501, 9.8412656], [78.1051946, 9.8413584], [78.1052443, 9.8414533], [78.1054962, 9.8418627], [78.1058162, 9.842241], [78.1060659, 9.8424621], [78.1067082, 9.8428852], [78.1073826, 9.8432872], [78.1080369, 9.8436759], [78.1086805, 9.8440911], [78.1090675, 9.8443747], [78.10933, 9.8445671], [78.1102988, 9.8454959], [78.1108353, 9.846143], [78.1114146, 9.8468589], [78.1137751, 9.8498358], [78.1162174, 9.8529651], [78.117529, 9.8546082], [78.1185908, 9.8559721], [78.1187012, 9.8561139], [78.1206137, 9.8584891], [78.1224491, 9.8608231], [78.122494, 9.8608802], [78.1231332, 9.8616946], [78.1242582, 9.8631208], [78.1244707, 9.8633932], [78.1255128, 9.8647287], [78.1259009, 9.8652261]]}, "properties": {"kind": "road", "name": "Madurai Ring Road", "osm_id": 756348299, "osm_type": "way", "highway": "trunk"}}, {"type": "Feature", "geometry": {"type": "LineString", "coordinates": [[78.105046, 9.8410491], [78.1050566, 9.8411709], [78.1050613, 9.8412354], [78.1050598, 9.8412874], [78.1050545, 9.8413632]]}, "properties": {"kind": "road", "name": "", "osm_id": 756348302, "osm_type": "way", "highway": "trunk_link"}}, {"type": "Feature", "geometry": {"type": "LineString", "coordinates": [[78.1050116, 9.8416611], [78.1051276, 9.8416421], [78.1051752, 9.8416404], [78.1052157, 9.8416448], [78.105244, 9.841651], [78.105284, 9.8416683], [78.1053182, 9.8416942], [78.1053763, 9.8417422], [78.1054962, 9.8418627]]}, "properties": {"kind": "road", "name": "", "osm_id": 756348303, "osm_type": "way", "highway": "trunk_link"}}, {"type": "Feature", "geometry": {"type": "LineString", "coordinates": [[78.1651732, 9.900457], [78.1651083, 9.9003988], [78.1650541, 9.9003112], [78.1650003, 9.9001886], [78.1649646, 9.9000919], [78.1649453, 9.9000339], [78.1648231, 9.8997426], [78.1647448, 9.8995867], [78.1647051, 9.8995075], [78.1646301, 9.8993917], [78.1645442, 9.8992591], [78.1642679, 9.898913], [78.1636027, 9.8981811], [78.1624092, 9.8968256]]}, "properties": {"kind": "road", "name": "Madurai Ring Road", "osm_id": 756753948, "osm_type": "way", "highway": "trunk"}}, {"type": "Feature", "geometry": {"type": "LineString", "coordinates": [[78.1652661, 9.9000278], [78.1651996, 9.9000939], [78.1651362, 9.9001099], [78.1650672, 9.9001094], [78.1649646, 9.9000919]]}, "properties": {"kind": "road", "name": "", "osm_id": 756753953, "osm_type": "way", "highway": "trunk_link"}}, {"type": "Feature", "geometry": {"type": "LineString", "coordinates": [[78.165542, 9.8984253], [78.165517, 9.8985791], [78.1653801, 9.8994615], [78.1652661, 9.9000278]]}, "properties": {"kind": "road", "name": "", "osm_id": 756753955, "osm_type": "way", "highway": "trunk"}}, {"type": "Feature", "geometry": {"type": "LineString", "coordinates": [[78.165356, 9.9004694], [78.1653544, 9.9003723], [78.1653739, 9.9002626], [78.1654007, 9.9000497], [78.1655497, 9.8991625], [78.1656468, 9.8984959]]}, "properties": {"kind": "road", "name": "", "osm_id": 756753956, "osm_type": "way", "highway": "trunk"}}, {"type": "Feature", "geometry": {"type": "LineString", "coordinates": [[78.1653569, 9.9013243], [78.1663721, 9.9036453]]}, "properties": {"kind": "road", "name": "Madurai Ring Road", "osm_id": 756753960, "osm_type": "way", "highway": "trunk"}}, {"type": "Feature", "geometry": {"type": "LineString", "coordinates": [[78.1647555, 9.9296954], [78.164088, 9.9295411], [78.1639585, 9.9295091], [78.1631565, 9.9292726], [78.162375, 9.9291572], [78.1618672, 9.9290578], [78.1604802, 9.9287968], [78.1602523, 9.9287596], [78.1593914, 9.9286193], [78.1583242, 9.9284452], [78.1577652, 9.9283609], [78.1572722, 9.9282958]]}, "properties": {"kind": "road", "name": "Sivagangai Salai", "osm_id": 756753964, "osm_type": "way", "highway": "primary"}}, {"type": "Feature", "geometry": {"type": "LineString", "coordinates": [[78.1660893, 9.9296866], [78.165761, 9.9296972]]}, "properties": {"kind": "road", "name": "Sivagangai Salai", "osm_id": 756753965, "osm_type": "way", "highway": "primary"}}, {"type": "Feature", "geometry": {"type": "LineString", "coordinates": [[78.1684712, 9.9297393], [78.1682421, 9.9297395], [78.1679949, 9.9297353], [78.1677325, 9.9297102], [78.1677044, 9.9297105], [78.1668317, 9.9296338], [78.1664704, 9.9296595], [78.1660893, 9.9296866]]}, "properties": {"kind": "road", "name": "Sivagangai Salai", "osm_id": 756753970, "osm_type": "way", "highway": "primary"}}, {"type": "Feature", "geometry": {"type": "LineString", "coordinates": [[78.2027429, 9.9616879], [78.2028682, 9.9616816], [78.202924, 9.9616853], [78.2029889, 9.9616895], [78.2031069, 9.9617159], [78.2032035, 9.9617846], [78.2033108, 9.9618586], [78.2035804, 9.9620813], [78.2036615, 9.9621493], [78.203864, 9.962321], [78.20427, 9.9625873]]}, "properties": {"kind": "road", "name": "", "osm_id": 756753975, "osm_type": "way", "highway": "trunk_link"}}, {"type": "Feature", "geometry": {"type": "LineString", "coordinates": [[78.2017055, 9.9604222], [78.2019194, 9.9606797], [78.2022279, 9.9609465], [78.2024263, 9.9611235], [78.2025283, 9.9612186], [78.2026007, 9.9612952], [78.2026382, 9.9613586], [78.2026543, 9.9614273], [78.2026463, 9.9615118], [78.2026221, 9.96157], [78.2025873, 9.9616307], [78.202539, 9.9616915]]}, "properties": {"kind": "road", "name": "", "osm_id": 756753976, "osm_type": "way", "highway": "trunk_link"}}, {"type": "Feature", "geometry": {"type": "LineString", "coordinates": [[78.1799469, 9.9542128], [78.1802287, 9.9542922], [78.1806462, 9.9544072], [78.1824955, 9.9550744], [78.1831289, 9.9553017], [78.1832264, 9.9553367], [78.1849372, 9.9559506], [78.1851697, 9.9560565], [78.1854835, 9.9562018], [78.1860133, 9.9564977], [78.1861205, 9.9565611], [78.1863445, 9.9566972], [78.1868179, 9.9570076], [78.1871814, 9.9572097], [78.1880222, 9.9577565], [78.1886123, 9.9581621], [78.1886549, 9.9581862]]}, "properties": {"kind": "road", "name": "Melur Pradhana Salai", "osm_id": 756753978, "osm_type": "way", "highway": "primary"}}, {"type": "Feature", "geometry": {"type": "LineString", "coordinates": [[78.1689561, 9.9312246], [78.1688341, 9.9315434], [78.1686522, 9.9320106], [78.16862, 9.9321162], [78.1685377, 9.9323569], [78.1683972, 9.9328213], [78.1682263, 9.9334529], [78.1679092, 9.9345219], [78.1674969, 9.9359115], [78.1671585, 9.9370524], [78.1663194, 9.939881], [78.1662355, 9.9401637], [78.1660598, 9.9407557], [78.1659345, 9.9411779], [78.1657058, 9.9419485], [78.1656997, 9.9419689], [78.1649413, 9.9445248], [78.1646888, 9.9453624], [78.1646605, 9.9454713], [78.1646275, 9.9455825], [78.1645954, 9.9456992], [78.1645658, 9.9458067], [78.1644129, 9.9462702], [78.1641048, 9.9472589], [78.16388, 9.9479711], [78.1636392, 9.9487341], [78.1635664, 9.9489567], [78.1634449, 9.9493576], [78.1634073, 9.9494428]]}, "properties": {"kind": "road", "name": "Madurai Ring Road", "osm_id": 756753980, "osm_type": "way", "highway": "trunk"}}, {"type": "Feature", "geometry": {"type": "LineString", "coordinates": [[78.2030636, 9.9614336], [78.2007698, 9.9594792], [78.20054, 9.9592885], [78.199316, 9.9582728], [78.1983177, 9.9574444], [78.1964173, 9.9558491], [78.1959923, 9.9554965]]}, "properties": {"kind": "road", "name": "Othakadai Puravazhi Salai", "osm_id": 756753983, "osm_type": "way", "highway": "trunk"}}, {"type": "Feature", "geometry": {"type": "LineString", "coordinates": [[78.1634673, 9.9494839], [78.1635117, 9.9494004], [78.1636221, 9.9490958], [78.1636613, 9.9489656], [78.1637465, 9.9486822], [78.1639377, 9.9480802], [78.1640529, 9.9477174], [78.1645066, 9.9462876], [78.1646498, 9.9458362], [78.1646913, 9.9457054], [78.1647226, 9.9456067], [78.1647897, 9.9453952], [78.164803, 9.9453493], [78.1650196, 9.9446655], [78.1655083, 9.9430011], [78.1657628, 9.9421189], [78.1659916, 9.9413261], [78.1660488, 9.9411284], [78.1662385, 9.9404735], [78.1667464, 9.9387201], [78.1670662, 9.9376159], [78.1671016, 9.9374937], [78.1673164, 9.9367521], [78.1674267, 9.9363712], [78.1675119, 9.9360771], [78.1678654, 9.9349234], [78.1679677, 9.9345894], [78.1682533, 9.9336571], [78.1683109, 9.9334552], [78.1683818, 9.9332066], [78.168648, 9.9322737], [78.1686766, 9.9322118], [78.1687662, 9.9320175], [78.1689901, 9.9314799], [78.1690355, 9.9313399], [78.1692359, 9.930771], [78.1692624, 9.9307174]]}, "properties": {"kind": "road", "name": "Madurai Ring Road", "osm_id": 756753984, "osm_type": "way", "highway": "trunk"}}, {"type": "Feature", "geometry": {"type": "LineString", "coordinates": [[78.174791, 9.9522933], [78.174842, 9.9521779]]}, "properties": {"kind": "road", "name": "", "osm_id": 756753988, "osm_type": "way", "highway": "primary_link"}}, {"type": "Feature", "geometry": {"type": "LineString", "coordinates": [[78.1742752, 9.9522236], [78.1742867, 9.9521056]]}, "properties": {"kind": "road", "name": "", "osm_id": 756753989, "osm_type": "way", "highway": "primary_link"}}, {"type": "Feature", "geometry": {"type": "LineString", "coordinates": [[78.1799679, 9.9541354], [78.1798534, 9.9541081]]}, "properties": {"kind": "road", "name": "Melur Pradhana Salai", "osm_id": 756753990, "osm_type": "way", "highway": "primary"}}, {"type": "Feature", "geometry": {"type": "LineString", "coordinates": [[78.1798424, 9.9541852], [78.1799469, 9.9542128]]}, "properties": {"kind": "road", "name": "Melur Pradhana Salai", "osm_id": 756753991, "osm_type": "way", "highway": "primary"}}, {"type": "Feature", "geometry": {"type": "LineString", "coordinates": [[78.0930755, 9.8244638], [78.0929971, 9.8244131], [78.0929608, 9.8243942], [78.0926743, 9.8242725], [78.0924624, 9.8242222], [78.0921835, 9.8242175], [78.0918777, 9.8242677], [78.0897199, 9.8247461], [78.0888194, 9.824946], [78.0879402, 9.8250817], [78.0872683, 9.8252441], [78.0865964, 9.8254488], [78.0859527, 9.8256429], [78.0859037, 9.825655], [78.0852928, 9.8258053], [78.0847798, 9.8259283], [78.0826266, 9.8264444], [78.0814439, 9.8267145], [78.08078, 9.8268733], [78.0803737, 9.8270903], [78.0801028, 9.8273863], [78.0795203, 9.8285481], [78.0791181, 9.8294622], [78.0790191, 9.8296871], [78.0789357, 9.8298827], [78.0785283, 9.8308378], [78.0783258, 9.8311781], [78.0780536, 9.8313968], [78.0776499, 9.8315388], [78.0772355, 9.8315276], [78.0765368, 9.8315164], [78.0758542, 9.8315527], [78.0752896, 9.8316353], [78.074725, 9.8317707], [78.0740477, 9.8320628], [78.0733497, 9.8324863], [78.0730489, 9.8326346], [78.0727482, 9.8327512], [78.0718805, 9.8329701]]}, "properties": {"kind": "road", "name": "Madurai Ring Road", "osm_id": 756754012, "osm_type": "way", "highway": "trunk"}}, {"type": "Feature", "geometry": {"type": "LineString", "coordinates": [[78.1800614, 9.9315687], [78.1800306, 9.9315495], [78.1799548, 9.9315264], [78.1798817, 9.9315197], [78.1797919, 9.9315237], [78.1796511, 9.9315356], [78.1794848, 9.9315567], [78.1791522, 9.9315845], [78.1788799, 9.9316505], [78.1786868, 9.931669], [78.1785674, 9.9316598], [78.1784387, 9.9316294], [78.1782509, 9.931566], [78.1779867, 9.9314577], [78.1771901, 9.9311631], [78.1766751, 9.9309821], [78.1764083, 9.9308804], [78.1763627, 9.9308698], [78.176242, 9.9308223], [78.1761065, 9.9307787], [78.1758772, 9.9306981], [78.17579, 9.9306598], [78.1755754, 9.9305832], [78.1752951, 9.9304709], [78.175233, 9.9304425], [78.1751475, 9.9304135], [78.1746953, 9.9302599], [78.1746316, 9.9302383], [78.1744087, 9.9301626], [78.174196, 9.9300903], [78.1741073, 9.9300665], [78.1740308, 9.930046], [78.173667, 9.9299485], [78.172651, 9.9296761], [78.1721539, 9.9296347], [78.1719276, 9.9296755], [78.1717841, 9.9297014], [78.171355, 9.9298452], [78.1705482, 9.929879], [78.1703096, 9.9298609], [78.1699604, 9.9298345], [78.1698156, 9.9298292]]}, "properties": {"kind": "road", "name": "Sivagangai Salai", "osm_id": 756754019, "osm_type": "way", "highway": "primary"}}, {"type": "Feature", "geometry": {"type": "LineString", "coordinates": [[78.1801308, 9.9316199], [78.1800614, 9.9315687]]}, "properties": {"kind": "road", "name": "Sivagangai Salai", "osm_id": 756754020, "osm_type": "way", "highway": "primary"}}, {"type": "Feature", "geometry": {"type": "LineString", "coordinates": [[78.1500007, 9.941919], [78.1501133, 9.941989]]}, "properties": {"kind": "road", "name": "Melur Pradhana Salai", "osm_id": 756754036, "osm_type": "way", "highway": "primary"}}, {"type": "Feature", "geometry": {"type": "LineString", "coordinates": [[78.1501133, 9.941989], [78.1504975, 9.9422273], [78.1509459, 9.9425416], [78.1515991, 9.9429285], [78.1516794, 9.9429717], [78.1518723, 9.9430869], [78.1527531, 9.9435152], [78.1528382, 9.9435573], [78.1530228, 9.9436534], [78.153344, 9.9438133], [78.1539949, 9.9441384], [78.1541104, 9.9441885], [78.1543664, 9.9443349], [78.1546419, 9.9444881], [78.1546735, 9.9445029], [78.1549552, 9.9446562], [78.1553192, 9.9448473], [78.1554147, 9.94491], [78.1557293, 9.9450952], [78.1558989, 9.9452202], [78.1560783, 9.9453282], [78.1561421, 9.9453631], [78.156219, 9.9454073], [78.1564688, 9.9455811], [78.1566691, 9.9457297], [78.156838, 9.9458389], [78.1569681, 9.9459204], [78.157131, 9.9460516], [78.1572582, 9.9461397], [78.157923, 9.9465903], [78.1580954, 9.9466674], [78.1581789, 9.9467158], [78.1582536, 9.9467545], [78.1583562, 9.9468076], [78.1585135, 9.9468985], [78.1585288, 9.9469073], [78.1586249, 9.9469613], [78.1586496, 9.9469756], [78.1587509, 9.9470344]]}, "properties": {"kind": "road", "name": "Melur Pradhana Salai", "osm_id": 756754037, "osm_type": "way", "highway": "primary"}}, {"type": "Feature", "geometry": {"type": "LineString", "coordinates": [[78.1500912, 9.9418002], [78.1499954, 9.9417299], [78.1499453, 9.9416953], [78.1498461, 9.941632], [78.1497856, 9.9415901], [78.1496256, 9.9414865], [78.1496096, 9.9414761], [78.1489166, 9.9409999], [78.1481352, 9.9404787], [78.1474265, 9.9399313], [78.1469861, 9.9395741], [78.146331, 9.9390457], [78.1460608, 9.9388278], [78.145786, 9.9386166], [78.145388, 9.9382029], [78.1452406, 9.9380005], [78.1450179, 9.9375113], [78.1447749, 9.9369363], [78.1446378, 9.9366126]]}, "properties": {"kind": "road", "name": "Melur Pradhana Salai", "osm_id": 756754038, "osm_type": "way", "highway": "primary"}}, {"type": "Feature", "geometry": {"type": "LineString", "coordinates": [[78.1501649, 9.9418474], [78.1500912, 9.9418002]]}, "properties": {"kind": "road", "name": "Melur Pradhana Salai", "osm_id": 756754039, "osm_type": "way", "highway": "primary"}}, {"type": "Feature", "geometry": {"type": "LineString", "coordinates": [[78.1389036, 9.92503], [78.1388971, 9.9250492], [78.1388972, 9.9250695], [78.1389038, 9.9250887], [78.1389164, 9.9251047], [78.1389313, 9.925115], [78.1389508, 9.925121], [78.1389712, 9.9251205], [78.1389905, 9.9251137], [78.139006, 9.9251018], [78.139017, 9.9250858]]}, "properties": {"kind": "road", "name": "", "osm_id": 756770211, "osm_type": "way", "highway": "primary"}}, {"type": "Feature", "geometry": {"type": "LineString", "coordinates": [[78.139017, 9.9250858], [78.1391226, 9.9251037], [78.1395158, 9.9251703], [78.1397385, 9.9252594], [78.1401254, 9.9254959], [78.1402789, 9.9255813], [78.1405852, 9.9258217], [78.1408113, 9.9260745], [78.1408824, 9.9261303], [78.1409991, 9.926202], [78.1411812, 9.9262885]]}, "properties": {"kind": "road", "name": "Sivagangai Salai", "osm_id": 756770212, "osm_type": "way", "highway": "primary"}}, {"type": "Feature", "geometry": {"type": "LineString", "coordinates": [[78.138916, 9.9250139], [78.1386891, 9.9250536], [78.1375164, 9.9253116], [78.1367332, 9.9255104], [78.1366312, 9.9255382], [78.1362475, 9.9256439], [78.1358454, 9.9257608], [78.135831, 9.9257655], [78.1348824, 9.926072], [78.1337119, 9.9266136], [78.1324214, 9.9272787]]}, "properties": {"kind": "road", "name": "Panagal Salai", "osm_id": 756770216, "osm_type": "way", "highway": "primary"}}, {"type": "Feature", "geometry": {"type": "LineString", "coordinates": [[78.0154488, 9.8488841], [78.0153016, 9.8484338], [78.0152619, 9.8483294], [78.0150808, 9.8478802], [78.0149808, 9.8476322], [78.0147169, 9.8471821], [78.0145424, 9.8469463], [78.0142028, 9.8466132], [78.013845, 9.8463108], [78.0123874, 9.8452552], [78.012013, 9.8449098]]}, "properties": {"kind": "road", "name": "", "osm_id": 757446693, "osm_type": "way", "highway": "trunk"}}, {"type": "Feature", "geometry": {"type": "LineString", "coordinates": [[77.978202, 10.0690912], [77.9778948, 10.070392], [77.9778319, 10.0708986], [77.9776568, 10.0729777], [77.9775777, 10.0740828], [77.9775155, 10.0747582], [77.9774308, 10.075732], [77.9773393, 10.0773902], [77.9773489, 10.0786853], [77.9773954, 10.0799962], [77.9774074, 10.0803357], [77.9774522, 10.0821051], [77.9774939, 10.0835786], [77.9775399, 10.0849836], [77.9775415, 10.0861686], [77.9774551, 10.0868349], [77.9773552, 10.0873469], [77.9772128, 10.0878288], [77.9769662, 10.0884734], [77.9767351, 10.0889586], [77.9766857, 10.0890623], [77.9761188, 10.0899213], [77.9754424, 10.090678], [77.9747689, 10.0912609], [77.9744866, 10.0914768], [77.9740223, 10.0917695], [77.9726296, 10.0925445], [77.9644526, 10.0970943], [77.9602303, 10.0994306], [77.9599729, 10.0995712], [77.9590166, 10.1000937], [77.9580103, 10.1005542], [77.957482, 10.1007313]]}, "properties": {"kind": "road", "name": "Vadippatti Bypass", "osm_id": 757446696, "osm_type": "way", "highway": "trunk"}}, {"type": "Feature", "geometry": {"type": "LineString", "coordinates": [[77.9786273, 10.0680135], [77.9788509, 10.0670241], [77.9791566, 10.0658142], [77.9793774, 10.0651994], [77.9797389, 10.0646534], [77.9802312, 10.0640774], [77.9806677, 10.0636829], [77.9808933, 10.0634956], [77.9810246, 10.0634018]]}, "properties": {"kind": "road", "name": "", "osm_id": 757446697, "osm_type": "way", "highway": "trunk"}}, {"type": "Feature", "geometry": {"type": "LineString", "coordinates": [[77.9574562, 10.1008926], [77.9579569, 10.1007244], [77.9588205, 10.1003547], [77.9593677, 10.100059], [77.961079, 10.0991348], [77.9623611, 10.0984112], [77.9635249, 10.0977706], [77.9645376, 10.0972009], [77.9645838, 10.0971717], [77.9647543, 10.0970835], [77.9668977, 10.0958833], [77.9687893, 10.0948277], [77.9693546, 10.0945235], [77.9702139, 10.0940007], [77.9713904, 10.0933565], [77.9726966, 10.0926465], [77.9730595, 10.0924203], [77.9744521, 10.0916376], [77.9753159, 10.0909645], [77.9758466, 10.0904217], [77.9764631, 10.0896292], [77.9767271, 10.0892064], [77.9768304, 10.0890261], [77.9771216, 10.0883893], [77.9773915, 10.087629], [77.9775688, 10.0867965], [77.9776585, 10.0859194], [77.9776551, 10.0852363], [77.9775995, 10.0835517], [77.9775656, 10.082224], [77.9775447, 10.0815531], [77.9775173, 10.0806261], [77.9775003, 10.0799871], [77.9774935, 10.0797114], [77.9774599, 10.0785357], [77.9774395, 10.0776891], [77.9775372, 10.0764706], [77.9775993, 10.0756255], [77.9776309, 10.0751957], [77.9776655, 10.0747245], [77.9776943, 10.074058], [77.9777115, 10.0736593], [77.9777265, 10.0734441], [77.9778828, 10.0718215], [77.9780341, 10.0703071], [77.9783684, 10.069048]]}, "properties": {"kind": "road", "name": "Vadippatti Bypass", "osm_id": 757446698, "osm_type": "way", "highway": "trunk"}}, {"type": "Feature", "geometry": {"type": "LineString", "coordinates": [[78.0300512, 9.983404], [78.0302233, 9.9830261], [78.0303564, 9.9827239], [78.0305467, 9.982151], [78.0307195, 9.9814242]]}, "properties": {"kind": "road", "name": "Madurai Ring Road", "osm_id": 757446699, "osm_type": "way", "highway": "trunk"}}, {"type": "Feature", "geometry": {"type": "LineString", "coordinates": [[78.0307195, 9.9814242], [78.0307581, 9.9811829]]}, "properties": {"kind": "road", "name": "Madurai Ring Road", "osm_id": 757446700, "osm_type": "way", "highway": "trunk"}}, {"type": "Feature", "geometry": {"type": "LineString", "coordinates": [[78.0305914, 9.981427], [78.0304826, 9.9819457], [78.030322, 9.9824841], [78.0301277, 9.9829524], [78.029849, 9.9834808], [78.0294359, 9.9840761]]}, "properties": {"kind": "road", "name": "", "osm_id": 757446701, "osm_type": "way", "highway": "trunk"}}, {"type": "Feature", "geometry": {"type": "LineString", "coordinates": [[78.0317632, 9.975733], [78.0319565, 9.9748314], [78.0324028, 9.9733808], [78.0329671, 9.9721734], [78.0335388, 9.9711264], [78.0338037, 9.9706623], [78.0339772, 9.9704353], [78.0346178, 9.9695971], [78.0352824, 9.9688453], [78.0370307, 9.9672096]]}, "properties": {"kind": "road", "name": "", "osm_id": 757446702, "osm_type": "way", "highway": "trunk"}}, {"type": "Feature", "geometry": {"type": "LineString", "coordinates": [[78.0306364, 9.9811761], [78.0305914, 9.981427]]}, "properties": {"kind": "road", "name": "", "osm_id": 757446703, "osm_type": "way", "highway": "trunk"}}, {"type": "Feature", "geometry": {"type": "LineString", "coordinates": [[78.0311117, 9.9770477], [78.0312015, 9.9770028], [78.0312444, 9.9769976], [78.0312927, 9.9770187], [78.0313256, 9.9770583], [78.0313571, 9.9771376]]}, "properties": {"kind": "road", "name": "", "osm_id": 757446706, "osm_type": "way", "highway": "trunk_link"}}, {"type": "Feature", "geometry": {"type": "LineString", "coordinates": [[78.0310625, 9.9786381], [78.0307936, 9.9799807], [78.0306364, 9.9811761]]}, "properties": {"kind": "road", "name": "", "osm_id": 757446707, "osm_type": "way", "highway": "trunk"}}, {"type": "Feature", "geometry": {"type": "LineString", "coordinates": [[78.042411, 9.9624327], [78.0422893, 9.962487], [78.0421739, 9.9625425], [78.0420747, 9.962598], [78.042005, 9.9626534], [78.0419138, 9.9627327], [78.0418092, 9.9628199], [78.0416965, 9.9629071], [78.0416026, 9.9629889], [78.04149, 9.9630893], [78.0413961, 9.9631633], [78.0413235, 9.9631999], [78.0412699, 9.9632237], [78.0412035, 9.9632382], [78.0411015, 9.9632561], [78.0409661, 9.9632692], [78.0408865, 9.9633086]]}, "properties": {"kind": "road", "name": "", "osm_id": 757541657, "osm_type": "way", "highway": "trunk_link"}}, {"type": "Feature", "geometry": {"type": "LineString", "coordinates": [[78.0409259, 9.9638476], [78.0411735, 9.9637234], [78.0413103, 9.9636177], [78.04149, 9.9634724], [78.0416214, 9.9633641], [78.041718, 9.9632901], [78.0418333, 9.9632478], [78.0419808, 9.9632161], [78.0421203, 9.9631976], [78.0422759, 9.9631844]]}, "properties": {"kind": "road", "name": "", "osm_id": 757541658, "osm_type": "way", "highway": "trunk_link"}}, {"type": "Feature", "geometry": {"type": "LineString", "coordinates": [[78.0586286, 9.9375355], [78.0587219, 9.9380277]]}, "properties": {"kind": "road", "name": "", "osm_id": 757541659, "osm_type": "way", "highway": "trunk"}}, {"type": "Feature", "geometry": {"type": "LineString", "coordinates": [[78.1686766, 9.9322118], [78.1687728, 9.932128], [78.1688672, 9.9320926], [78.168957, 9.9320872], [78.1690605, 9.9321017], [78.1691459, 9.9321647], [78.1692682, 9.9323537]]}, "properties": {"kind": "road", "name": "", "osm_id": 757679718, "osm_type": "way", "highway": "trunk_link"}}, {"type": "Feature", "geometry": {"type": "LineString", "coordinates": [[78.0579446, 9.9374841], [78.0579483, 9.9376181], [78.0583901, 9.9381127], [78.0584951, 9.9383116], [78.0585868, 9.9386907], [78.0587026, 9.9394285], [78.0587777, 9.9398362], [78.0587996, 9.9401407], [78.058843, 9.9406014], [78.0588287, 9.9425319], [78.0588269, 9.9431672], [78.058844, 9.9435721]]}, "properties": {"kind": "road", "name": "", "osm_id": 757679719, "osm_type": "way", "highway": "trunk_link"}}, {"type": "Feature", "geometry": {"type": "LineString", "coordinates": [[78.0593076, 9.9379579], [78.0592895, 9.9378613], [78.0591756, 9.9376082], [78.058902, 9.9370111], [78.0586016, 9.9362872], [78.0584774, 9.9360202], [78.0583623, 9.9357398], [78.0583121, 9.9356128], [78.0580512, 9.9349525], [78.057872, 9.9346227], [78.0577008, 9.9343665]]}, "properties": {"kind": "road", "name": "", "osm_id": 757679720, "osm_type": "way", "highway": "trunk_link"}}, {"type": "Feature", "geometry": {"type": "LineString", "coordinates": [[78.1022729, 9.8068294], [78.1023558, 9.8068325]]}, "properties": {"kind": "road", "name": "Madurai - Viradanur - Valayankulam Road", "osm_id": 758163481, "osm_type": "way", "highway": "primary"}}, {"type": "Feature", "geometry": {"type": "LineString", "coordinates": [[78.0957143, 9.8182463], [78.0957694, 9.818138]]}, "properties": {"kind": "road", "name": "Madurai - Thoothukudi Highway", "osm_id": 758163484, "osm_type": "way", "highway": "trunk"}}, {"type": "Feature", "geometry": {"type": "LineString", "coordinates": [[78.0966288, 9.8163419], [78.0966414, 9.8163145], [78.0967783, 9.8160171], [78.0970492, 9.8155072], [78.0972021, 9.8152194], [78.097249, 9.8151311], [78.0974856, 9.8146695], [78.0976571, 9.814265], [78.097802, 9.813801], [78.0978599, 9.8135726], [78.0979106, 9.8132205], [78.0979227, 9.8128992], [78.0979106, 9.8125233], [78.0978841, 9.812365], [78.0978406, 9.8121045], [78.0978262, 9.8120554], [78.0976957, 9.8116096], [78.0974518, 9.8110076], [78.09708, 9.810182], [78.0968023, 9.8095776], [78.0966864, 9.8092611], [78.0966639, 9.8091606], [78.0965801, 9.8087852], [78.0964932, 9.8080547], [78.0965089, 9.8071767], [78.0965149, 9.8068412], [78.0965149, 9.8064322], [78.0965149, 9.8059274], [78.0965149, 9.80583], [78.0965077, 9.8048211], [78.0964859, 9.8043166], [78.0963845, 9.8036504], [78.0961817, 9.8026105], [78.096073, 9.8020062], [78.0959402, 9.8014232], [78.095805, 9.8009854], [78.0956094, 9.800538], [78.0954379, 9.8001835], [78.0949139, 9.7990984], [78.0946522, 9.7984661], [78.0944337, 9.7978974], [78.0942478, 9.7970857], [78.0942356, 9.7970325], [78.0941955, 9.796839], [78.09414, 9.7965715], [78.0940751, 9.7959725], [78.0940636, 9.7955031], [78.0940554, 9.7951657], [78.0940478, 9.7948553], [78.0940375, 9.7935025], [78.0940409, 9.792816], [78.0940444, 9.792328], [78.0941536, 9.7914261], [78.0943517, 9.7905209], [78.0945361, 9.7896527], [78.0946283, 9.7890099], [78.0946727, 9.7883402], [78.0947171, 9.7874114], [78.0947273, 9.7866711], [78.0946283, 9.7849615], [78.0946351, 9.7843827], [78.0946568, 9.7837615], [78.094683, 9.783013], [78.0946795, 9.782027], [78.0946488, 9.7805934], [78.094601, 9.7791597], [78.0945908, 9.7785977], [78.09456, 9.7780088], [78.0943107, 9.7769622], [78.0937917, 9.7749867], [78.0934008, 9.7735595], [78.0933409, 9.773341], [78.0928457, 9.7716516], [78.0925384, 9.7705309], [78.0924427, 9.7699554], [78.0924154, 9.769353], [78.0924871, 9.76834], [78.0925486, 9.7666809], [78.0925494, 9.7665791], [78.0925554, 9.7658193], [78.0925213, 9.7650587], [78.092354, 9.7640558], [78.0921832, 9.7633726], [78.0921149, 9.7627668], [78.0921388, 9.7621981], [78.0922174, 9.7617572], [78.0924018, 9.7612557], [78.0928116, 9.7603874], [78.0933921, 9.7593138], [78.0935868, 9.7588393], [78.0937165, 9.7583344], [78.0937507, 9.7578734], [78.0937575, 9.7571935], [78.0937473, 9.7561738], [78.0937712, 9.7554838], [78.0938497, 9.7540265], [78.0939453, 9.7521283], [78.0939863, 9.7510042], [78.0939453, 9.7503681], [78.0938429, 9.7494762], [78.0936585, 9.7486146], [78.0935219, 9.7476453], [78.0934809, 9.7467837], [78.0935321, 9.7461207], [78.093638, 9.7455014], [78.0937848, 9.7449528], [78.0940205, 9.7443234], [78.0943073, 9.74362], [78.0946386, 9.7428291], [78.0948776, 9.7423848], [78.0955094, 9.741503], [78.0959636, 9.7410015], [78.0961794, 9.7406753], [78.0963119, 9.7404966], [78.0965339, 9.7400624], [78.0967148, 9.7396754], [78.0968685, 9.7391773], [78.0971554, 9.7379117], [78.097488, 9.7362343], [78.0975344, 9.736], [78.0979408, 9.7339671], [78.0981806, 9.7325943], [78.0981901, 9.73254], [78.0983984, 9.7314225], [78.0986033, 9.7302714], [78.0987126, 9.7294872], [78.098897, 9.7279961], [78.0989593, 9.7275793], [78.0989755, 9.727471], [78.0990609, 9.7266464], [78.0990746, 9.7258049], [78.0990302, 9.7248793], [78.0990302, 9.7242129], [78.0990609, 9.7236171], [78.0993341, 9.7217221], [78.0995207, 9.7201059], [78.0995754, 9.7197457], [78.099616, 9.7192476], [78.099618, 9.7189225], [78.0996648, 9.7182096], [78.099677, 9.7178555]]}, "properties": {"kind": "road", "name": "Vellore - Thoothukudi NH38", "osm_id": 758163485, "osm_type": "way", "highway": "trunk"}}, {"type": "Feature", "geometry": {"type": "LineString", "coordinates": [[78.0956014, 9.8182006], [78.0955883, 9.8182284], [78.0948783, 9.819737], [78.0944638, 9.820754], [78.0942609, 9.8212846], [78.0937804, 9.8224434], [78.0936881, 9.8226739], [78.0933506, 9.8235165], [78.0932351, 9.8237917], [78.0929971, 9.8244131], [78.0929391, 9.8245069]]}, "properties": {"kind": "road", "name": "Madurai - Thoothukudi Highway", "osm_id": 758163486, "osm_type": "way", "highway": "trunk"}}, {"type": "Feature", "geometry": {"type": "LineString", "coordinates": [[78.0956572, 9.8180779], [78.0956014, 9.8182006]]}, "properties": {"kind": "road", "name": "Madurai - Thoothukudi Highway", "osm_id": 758163487, "osm_type": "way", "highway": "trunk"}}, {"type": "Feature", "geometry": {"type": "LineString", "coordinates": [[78.0716525, 9.8331311], [78.0719014, 9.8330624]]}, "properties": {"kind": "road", "name": "Madurai Ring Road", "osm_id": 758163494, "osm_type": "way", "highway": "trunk"}}, {"type": "Feature", "geometry": {"type": "LineString", "coordinates": [[78.0719014, 9.8330624], [78.0725615, 9.8329027], [78.0730874, 9.832714], [78.0738427, 9.8323171], [78.0743985, 9.83202], [78.0750272, 9.8317838], [78.0754735, 9.8316961], [78.0759848, 9.8316289], [78.0773907, 9.8316294], [78.0775193, 9.8316267], [78.0776235, 9.8316246], [78.077851, 9.8315723], [78.0778907, 9.8315563], [78.0780681, 9.831485], [78.0782583, 9.8313554], [78.0785219, 9.8310786], [78.0787882, 9.8304582], [78.0789197, 9.8301457], [78.0790159, 9.8299498], [78.0790416, 9.8298976], [78.0794652, 9.82891], [78.0800848, 9.8276107], [78.0802515, 9.8273621], [78.0805496, 9.827087], [78.08102, 9.8268991], [78.0823004, 9.8266107], [78.0840566, 9.8261767], [78.0848837, 9.8260034], [78.0863038, 9.8256524], [78.0874866, 9.8252808], [78.088331, 9.8251027], [78.0888288, 9.8250266], [78.0897434, 9.8248363], [78.0917384, 9.8243759], [78.0921548, 9.824327], [78.0923652, 9.8243212], [78.092581, 9.8243471], [78.0927944, 9.8244218], [78.0929391, 9.8245069]]}, "properties": {"kind": "road", "name": "Madurai Ring Road", "osm_id": 758163495, "osm_type": "way", "highway": "trunk"}}, {"type": "Feature", "geometry": {"type": "LineString", "coordinates": [[78.0718805, 9.8329701], [78.0716378, 9.8330449]]}, "properties": {"kind": "road", "name": "Madurai Ring Road", "osm_id": 758163496, "osm_type": "way", "highway": "trunk"}}, {"type": "Feature", "geometry": {"type": "LineString", "coordinates": [[78.0208682, 9.8451307], [78.0209782, 9.8450423], [78.0229338, 9.8436757], [78.026241, 9.8413464], [78.0272844, 9.8407058], [78.0283278, 9.8400916], [78.0296479, 9.8393175], [78.0297744, 9.8392424], [78.0317233, 9.838086], [78.0327378, 9.8374793], [78.0327865, 9.8374487], [78.0336289, 9.8369203], [78.0339583, 9.8367828], [78.0357682, 9.8361645], [78.0361582, 9.8361016], [78.0372301, 9.8359774], [78.0379913, 9.83586], [78.0390738, 9.8356555], [78.0401456, 9.8354034], [78.0418161, 9.8350272], [78.0418686, 9.8350159], [78.0430467, 9.8347628], [78.0438535, 9.8346116], [78.0448786, 9.8346338], [78.0486171, 9.8348028]]}, "properties": {"kind": "road", "name": "Madurai Ring Road", "osm_id": 758163497, "osm_type": "way", "highway": "trunk"}}, {"type": "Feature", "geometry": {"type": "LineString", "coordinates": [[78.0613197, 9.8806558], [78.0621815, 9.8806246], [78.0623578, 9.8806341], [78.062417, 9.8806288], [78.0624941, 9.8806118]]}, "properties": {"kind": "road", "name": "Thirupparankundram Salai", "osm_id": 758163523, "osm_type": "way", "highway": "primary"}}, {"type": "Feature", "geometry": {"type": "LineString", "coordinates": [[78.0927888, 9.8997722], [78.0921312, 9.8992887], [78.091635, 9.8989347], [78.0915197, 9.8988748], [78.0913909, 9.8988078], [78.0909671, 9.8986757], [78.0907552, 9.8985965], [78.090495, 9.8984723], [78.0894817, 9.8978975], [78.0888482, 9.8975237], [78.0884083, 9.8972198], [78.0879121, 9.8967865], [78.0877431, 9.8966359], [78.0874657, 9.8964345], [78.0868779, 9.8959339], [78.0862846, 9.895474], [78.0858924, 9.8951992], [78.085551, 9.8950204], [78.0850181, 9.8948681], [78.0838746, 9.8946325], [78.0836044, 9.8945889], [78.082891, 9.8944586], [78.0824852, 9.8943705], [78.0821365, 9.8942948], [78.0812494, 9.8940791], [78.0811406, 9.894052], [78.0808318, 9.8939749], [78.0806785, 9.8939366], [78.0798096, 9.8937224], [78.079374, 9.8936236], [78.0787968, 9.8934891], [78.0785084, 9.8934385], [78.0784716, 9.8934298], [78.0780522, 9.8933299], [78.0777049, 9.893193], [78.0771752, 9.8928811], [78.0767138, 9.8925297], [78.0764287, 9.892247], [78.0761949, 9.8919031], [78.0760374, 9.8917176], [78.0758585, 9.8912303], [78.0758473, 9.891182], [78.0757566, 9.8908655], [78.0756339, 9.8906277]]}, "properties": {"kind": "road", "name": "Thirupparankundram Salai", "osm_id": 758163526, "osm_type": "way", "highway": "primary"}}, {"type": "Feature", "geometry": {"type": "LineString", "coordinates": [[77.9854176, 9.9817696], [77.9856225, 9.9819495]]}, "properties": {"kind": "road", "name": "Thirumangalam - Pallapatti - Silukkuvarpatti Road", "osm_id": 758163554, "osm_type": "way", "highway": "primary"}}, {"type": "Feature", "geometry": {"type": "LineString", "coordinates": [[77.9856225, 9.9819495], [77.98573, 9.9820325], [77.9858132, 9.9820708], [77.9859097, 9.9820906], [77.9860157, 9.9820946], [77.9883733, 9.98201], [77.9885893, 9.9819982], [77.9892021, 9.9819414], [77.9897189, 9.9818705], [77.9898685, 9.9818564], [77.9899666, 9.9818677], [77.99002, 9.9819648], [77.9900534, 9.982076], [77.9902097, 9.982626]]}, "properties": {"kind": "road", "name": "Thirumangalam - Pallapatti - Silukkuvarpatti Road", "osm_id": 758163555, "osm_type": "way", "highway": "primary"}}, {"type": "Feature", "geometry": {"type": "LineString", "coordinates": [[78.0565056, 9.9314255], [78.0567953, 9.9322251], [78.0573819, 9.9338346], [78.0575943, 9.934409], [78.0582134, 9.9360838], [78.0586286, 9.9375355]]}, "properties": {"kind": "road", "name": "", "osm_id": 758163558, "osm_type": "way", "highway": "trunk"}}, {"type": "Feature", "geometry": {"type": "LineString", "coordinates": [[78.0563546, 9.9310312], [78.0564328, 9.9312508]]}, "properties": {"kind": "road", "name": "", "osm_id": 758163559, "osm_type": "way", "highway": "trunk"}}, {"type": "Feature", "geometry": {"type": "LineString", "coordinates": [[78.056349, 9.9306665], [78.0560803, 9.9299359], [78.0553914, 9.9280443], [78.0543607, 9.9251929], [78.0536089, 9.9232238], [78.0533786, 9.922626]]}, "properties": {"kind": "road", "name": "", "osm_id": 758163560, "osm_type": "way", "highway": "trunk"}}, {"type": "Feature", "geometry": {"type": "LineString", "coordinates": [[78.0564407, 9.9309188], [78.056349, 9.9306665]]}, "properties": {"kind": "road", "name": "", "osm_id": 758163561, "osm_type": "way", "highway": "trunk"}}, {"type": "Feature", "geometry": {"type": "LineString", "coordinates": [[78.0628158, 9.9388347], [78.0629698, 9.9388439], [78.0632951, 9.9388342], [78.0639303, 9.9387158], [78.0640559, 9.9387062], [78.0643147, 9.9386863], [78.064717, 9.9386555], [78.0653636, 9.9386059], [78.0664899, 9.9385283], [78.0670723, 9.9384308], [78.0675387, 9.9383519], [78.0676058, 9.9383374], [78.068342, 9.9381579], [78.0689484, 9.9379148], [78.0693119, 9.937769], [78.0696552, 9.9375322], [78.0702217, 9.9370334], [78.0706251, 9.9366699], [78.0710971, 9.9365177], [78.071198, 9.9365029]]}, "properties": {"kind": "road", "name": "Theni Pradhana Salai", "osm_id": 758343302, "osm_type": "way", "highway": "primary"}}, {"type": "Feature", "geometry": {"type": "LineString", "coordinates": [[78.0626747, 9.9387761], [78.0628158, 9.9388347]]}, "properties": {"kind": "road", "name": "Theni Pradhana Salai", "osm_id": 758343303, "osm_type": "way", "highway": "primary"}}, {"type": "Feature", "geometry": {"type": "LineString", "coordinates": [[78.0586744, 9.9443909], [78.058548, 9.9449343], [78.0581893, 9.9461429], [78.0575919, 9.947601], [78.0572042, 9.9483291], [78.0568328, 9.9489904], [78.0561902, 9.9499922], [78.0553368, 9.9510465], [78.0546943, 9.9517686], [78.0530107, 9.9533365], [78.0527966, 9.9535178], [78.0526768, 9.9536192], [78.0523171, 9.9539238]]}, "properties": {"kind": "road", "name": "", "osm_id": 758343304, "osm_type": "way", "highway": "trunk"}}, {"type": "Feature", "geometry": {"type": "LineString", "coordinates": [[78.0588036, 9.9443377], [78.0588299, 9.9442335]]}, "properties": {"kind": "road", "name": "", "osm_id": 758343305, "osm_type": "way", "highway": "trunk"}}, {"type": "Feature", "geometry": {"type": "LineString", "coordinates": [[78.0587058, 9.9442486], [78.0586744, 9.9443909]]}, "properties": {"kind": "road", "name": "", "osm_id": 758343306, "osm_type": "way", "highway": "trunk"}}, {"type": "Feature", "geometry": {"type": "LineString", "coordinates": [[78.0588299, 9.9442335], [78.0589777, 9.9434654]]}, "properties": {"kind": "road", "name": "", "osm_id": 758343307, "osm_type": "way", "highway": "trunk"}}, {"type": "Feature", "geometry": {"type": "LineString", "coordinates": [[78.0714107, 9.9364876], [78.0716207, 9.9365093], [78.0719252, 9.9365704], [78.0720718, 9.9366302], [78.0724263, 9.9368033], [78.0725026, 9.9368268], [78.0726458, 9.9368265], [78.0730277, 9.9368261], [78.073492, 9.9368063], [78.0739835, 9.9368124], [78.0742653, 9.9367902], [78.074805, 9.9367291], [78.0750262, 9.9366554], [78.0756109, 9.9364606], [78.0761055, 9.9363129], [78.0764108, 9.9362027], [78.0765863, 9.9361315], [78.0767877, 9.9360189], [78.0769307, 9.9358703], [78.0770734, 9.9357165], [78.0772559, 9.93557], [78.0774658, 9.9354017], [78.0774993, 9.9353739], [78.0778692, 9.9351735], [78.0781535, 9.9350906], [78.0783886, 9.935019], [78.0792494, 9.9347566]]}, "properties": {"kind": "road", "name": "Theni Pradhana Salai", "osm_id": 758417479, "osm_type": "way", "highway": "primary"}}, {"type": "Feature", "geometry": {"type": "LineString", "coordinates": [[78.071198, 9.9365029], [78.0714107, 9.9364876]]}, "properties": {"kind": "road", "name": "Theni Pradhana Salai", "osm_id": 758417480, "osm_type": "way", "highway": "primary"}}, {"type": "Feature", "geometry": {"type": "LineString", "coordinates": [[78.0947913, 9.926783], [78.0947172, 9.9264448], [78.0946125, 9.9260097], [78.094534, 9.9256107], [78.0944033, 9.9249783], [78.0943302, 9.9246245], [78.0941633, 9.9238348], [78.0940795, 9.9234258], [78.0939104, 9.9225923], [78.0936012, 9.9211215], [78.0934733, 9.9204394], [78.0935357, 9.9198448], [78.093699, 9.919226], [78.0937487, 9.9191503], [78.0940365, 9.9183376], [78.0942663, 9.9177494]]}, "properties": {"kind": "road", "name": "Puravazhi Salai", "osm_id": 758417484, "osm_type": "way", "highway": "primary"}}, {"type": "Feature", "geometry": {"type": "LineString", "coordinates": [[78.1259009, 9.8652261], [78.126073, 9.8654271]]}, "properties": {"kind": "road", "name": "Madurai Ring Road", "osm_id": 758417500, "osm_type": "way", "highway": "trunk"}}, {"type": "Feature", "geometry": {"type": "LineString", "coordinates": [[78.1259164, 9.865079], [78.1253462, 9.8643559], [78.1238834, 9.8625131], [78.1222311, 9.8604043], [78.12111, 9.8589668], [78.1197313, 9.8572332], [78.1186638, 9.8558908], [78.1175035, 9.8544026], [78.1172028, 9.8540169], [78.1169043, 9.853634], [78.1153486, 9.851652], [78.1131062, 9.8488296], [78.1128618, 9.8485252], [78.111969, 9.8474131], [78.1110302, 9.8462239], [78.110483, 9.8455685], [78.1097428, 9.8448127], [78.1095313, 9.8446403], [78.1091205, 9.8443053], [78.1089464, 9.8441792], [78.1085733, 9.8439089], [78.1073073, 9.8431319], [78.1067119, 9.8427725], [78.1062344, 9.8424554], [78.1059233, 9.8422017], [78.1056658, 9.841911], [78.1054083, 9.841541], [78.1053269, 9.8413836], [78.1052836, 9.8413], [78.1052428, 9.8412212], [78.1051993, 9.8411372]]}, "properties": {"kind": "road", "name": "Madurai Ring Road", "osm_id": 758417501, "osm_type": "way", "highway": "trunk"}}, {"type": "Feature", "geometry": {"type": "LineString", "coordinates": [[78.1260667, 9.8652508], [78.1259164, 9.865079]]}, "properties": {"kind": "road", "name": "Madurai Ring Road", "osm_id": 758417502, "osm_type": "way", "highway": "trunk"}}, {"type": "Feature", "geometry": {"type": "LineString", "coordinates": [[78.126073, 9.8654271], [78.1269688, 9.8665627], [78.1270316, 9.8666404], [78.1271203, 9.8667502], [78.1283301, 9.8682762], [78.1293022, 9.8695343], [78.1303155, 9.8707841], [78.1326411, 9.8737813], [78.13382, 9.8752692], [78.1349936, 9.8767572], [78.1367433, 9.8790283], [78.1384768, 9.88122], [78.1391853, 9.8820906], [78.1395481, 9.8824179], [78.1399245, 9.8827475], [78.1403226, 9.88298], [78.1408562, 9.8832305], [78.1449622, 9.8846023], [78.1457667, 9.884827]]}, "properties": {"kind": "road", "name": "Madurai Ring Road", "osm_id": 758417503, "osm_type": "way", "highway": "trunk"}}, {"type": "Feature", "geometry": {"type": "LineString", "coordinates": [[78.118715, 9.8846866], [78.1187967, 9.8845361]]}, "properties": {"kind": "road", "name": "Avaniapuram Puravazhi Salai", "osm_id": 758417521, "osm_type": "way", "highway": "primary"}}, {"type": "Feature", "geometry": {"type": "LineString", "coordinates": [[77.9738156, 9.9415609], [77.9739758, 9.9415668], [77.9740772, 9.9415686], [77.9750213, 9.9416362], [77.9752279, 9.9416577], [77.9766979, 9.9418108], [77.9769696, 9.9418391], [77.9772236, 9.9418435], [77.9782056, 9.9418603], [77.9791025, 9.9418645], [77.979845, 9.9419025], [77.980214, 9.9418349], [77.9808878, 9.9415982], [77.9814586, 9.9413572], [77.981789, 9.9412558], [77.9820294, 9.9412051], [77.9823341, 9.9411966], [77.9827461, 9.9412558], [77.9837358, 9.9414453], [77.9839182, 9.9414803], [77.983982, 9.9414925], [77.9842695, 9.9415475], [77.9846601, 9.941632], [77.9849004, 9.9417673], [77.9851794, 9.9419913], [77.9856128, 9.9425281], [77.9856774, 9.9426112], [77.9857449, 9.9426737], [77.985793, 9.9427268], [77.9859776, 9.9427987], [77.9861664, 9.9428409], [77.9867243, 9.9428325], [77.9877929, 9.942638], [77.9887285, 9.9424098], [77.9895706, 9.9422882], [77.9905781, 9.9421477], [77.9921445, 9.9416996], [77.9930114, 9.9414798], [77.993648, 9.9413872]]}, "properties": {"kind": "road", "name": "Theni Pradhana Salai", "osm_id": 758433036, "osm_type": "way", "highway": "trunk"}}, {"type": "Feature", "geometry": {"type": "LineString", "coordinates": [[78.0527025, 9.921081], [78.0529303, 9.9217059]]}, "properties": {"kind": "road", "name": "", "osm_id": 758433053, "osm_type": "way", "highway": "trunk"}}, {"type": "Feature", "geometry": {"type": "LineString", "coordinates": [[78.0526695, 9.9209977], [78.0527025, 9.921081]]}, "properties": {"kind": "road", "name": "", "osm_id": 758433054, "osm_type": "way", "highway": "trunk"}}, {"type": "Feature", "geometry": {"type": "LineString", "coordinates": [[78.047133, 9.905493], [78.0467943, 9.904565], [78.0466925, 9.9042861], [78.0463278, 9.9032926], [78.0457776, 9.9019154], [78.0453032, 9.9009515], [78.04514, 9.9007066], [78.0445586, 9.8998358], [78.0444687, 9.8997012], [78.0440693, 9.8991865], [78.0437104, 9.8987948], [78.0433237, 9.8983727], [78.0429857, 9.8980133], [78.0424518, 9.8975786], [78.0418109, 9.8970568], [78.0411768, 9.8965833], [78.040738, 9.8962641], [78.0405611, 9.8961337], [78.039118, 9.8950698], [78.0377393, 9.8939442], [78.0373067, 9.8935021], [78.0367201, 9.8929242], [78.0352902, 9.8912617], [78.0350072, 9.8909179]]}, "properties": {"kind": "road", "name": "", "osm_id": 758433055, "osm_type": "way", "highway": "trunk"}}, {"type": "Feature", "geometry": {"type": "LineString", "coordinates": [[78.0527938, 9.9210068], [78.0527668, 9.920933]]}, "properties": {"kind": "road", "name": "", "osm_id": 758433056, "osm_type": "way", "highway": "trunk"}}, {"type": "Feature", "geometry": {"type": "LineString", "coordinates": [[78.0757069, 9.8915593], [78.0758338, 9.8916697], [78.0760024, 9.8918171], [78.0761302, 9.8919897], [78.0762229, 9.8921301], [78.0763516, 9.8923053], [78.0765332, 9.8924949], [78.0770967, 9.8929074], [78.0776601, 9.8932605], [78.0779732, 9.8933877], [78.0784513, 9.8935215], [78.078499, 9.8935349], [78.0787811, 9.8935799], [78.0793618, 9.8937007], [78.0797929, 9.8938019], [78.0806647, 9.8940284], [78.0811413, 9.8941393], [78.0812434, 9.894163], [78.0814284, 9.8942104], [78.0821182, 9.894387], [78.0824329, 9.8944615], [78.0830822, 9.8945965], [78.083865, 9.8947399], [78.0842668, 9.8948026], [78.0848448, 9.8949149], [78.0854813, 9.895076], [78.0855173, 9.8950965], [78.0858625, 9.8952924], [78.0868294, 9.8960024], [78.0868392, 9.8960103], [78.087436, 9.8964851], [78.0875595, 9.8966231], [78.0882149, 9.8971955], [78.0886863, 9.89756], [78.0893352, 9.8979455], [78.0895642, 9.8980785], [78.0903951, 9.8985301], [78.0907481, 9.8986979], [78.0914891, 9.8989612], [78.0916739, 9.8990759], [78.0922375, 9.8994813], [78.0926877, 9.8998]]}, "properties": {"kind": "road", "name": "Thirupparankundram Salai", "osm_id": 758444875, "osm_type": "way", "highway": "primary"}}, {"type": "Feature", "geometry": {"type": "LineString", "coordinates": [[78.0928265, 9.899802], [78.0927888, 9.8997722]]}, "properties": {"kind": "road", "name": "Thirupparankundram Salai", "osm_id": 758444876, "osm_type": "way", "highway": "primary"}}, {"type": "Feature", "geometry": {"type": "LineString", "coordinates": [[78.1170907, 9.9596183], [78.1171966, 9.9597321], [78.1172835, 9.9599677], [78.1173075, 9.9600326], [78.1173968, 9.9603907], [78.1174471, 9.9605141], [78.1175786, 9.9608367], [78.1178195, 9.961151], [78.1181072, 9.9614542], [78.1181825, 9.9615317], [78.1184836, 9.9618237], [78.1186545, 9.9619991], [78.1187345, 9.9620009], [78.1187779, 9.9620027], [78.1188021, 9.9620252], [78.1188305, 9.9620734]]}, "properties": {"kind": "road", "name": "", "osm_id": 767769641, "osm_type": "way", "highway": "primary"}}, {"type": "Feature", "geometry": {"type": "LineString", "coordinates": [[78.0695545, 9.9628571], [78.0690846, 9.9630804]]}, "properties": {"kind": "road", "name": "Dindigul Salai", "osm_id": 767817738, "osm_type": "way", "highway": "primary"}}, {"type": "Feature", "geometry": {"type": "LineString", "coordinates": [[78.0690846, 9.9630804], [78.0688101, 9.9632065], [78.0681127, 9.96355], [78.0677183, 9.9637465], [78.06753, 9.9638403], [78.065586, 9.9648088], [78.0644917, 9.9653415], [78.0638409, 9.9656395], [78.0630626, 9.9660095], [78.0623197, 9.9663282], [78.062122, 9.9664097], [78.060799, 9.9669826], [78.0600147, 9.9673222], [78.059631, 9.9674723], [78.0586976, 9.9678089], [78.0578241, 9.9681206], [78.0572592, 9.9683315], [78.057015, 9.9683898], [78.0567038, 9.9684231], [78.0562895, 9.968449], [78.0552817, 9.9685037], [78.0548076, 9.9685415], [78.0542713, 9.9686088], [78.0534154, 9.9687332], [78.0531205, 9.968822], [78.052783, 9.9689788], [78.0522221, 9.9692796], [78.0511256, 9.9701619], [78.0507282, 9.9704577], [78.0501553, 9.9708372], [78.0499944, 9.9709191], [78.0496189, 9.9710855], [78.049179, 9.9712202], [78.0488048, 9.9713523], [78.0485742, 9.9714078], [78.0483341, 9.9714434], [78.0479908, 9.9714738], [78.0476207, 9.9714183], [78.0467516, 9.9711674], [78.0459656, 9.9708751], [78.0459134, 9.9708557], [78.0457109, 9.9707962], [78.0454762, 9.9707579], [78.0453823, 9.9707315], [78.0449804, 9.9707202], [78.0449076, 9.9707181], [78.0446501, 9.9707751], [78.0444655, 9.9708216], [78.0443725, 9.9708451], [78.0438811, 9.9710566], [78.042497, 9.9720477], [78.0423435, 9.972153], [78.0416195, 9.9727337], [78.0409255, 9.9733321], [78.0402271, 9.9740376], [78.0397652, 9.9746552], [78.0393819, 9.975138], [78.0390046, 9.975569], [78.0386326, 9.9759369], [78.0384575, 9.9760824], [78.0381141, 9.9763512], [78.0378294, 9.9765796], [78.0374771, 9.9768365], [78.0370676, 9.9771286], [78.0367891, 9.9773369], [78.036547, 9.9775446], [78.0362635, 9.9777758], [78.0360952, 9.9778944], [78.0359382, 9.9780228], [78.0356232, 9.9782292], [78.0355791, 9.9782556], [78.035384, 9.978372], [78.0351829, 9.978471], [78.0348009, 9.9786408], [78.0345081, 9.9787768], [78.0341362, 9.9789602], [78.0340568, 9.9789948], [78.0339314, 9.9790626], [78.0339079, 9.9790732], [78.0338879, 9.979076], [78.0336572, 9.9790956]]}, "properties": {"kind": "road", "name": "Dindigul Salai", "osm_id": 767817739, "osm_type": "way", "highway": "primary"}}, {"type": "Feature", "geometry": {"type": "LineString", "coordinates": [[78.0941791, 9.9177906], [78.0939581, 9.9183423], [78.09367, 9.9190825], [78.0936258, 9.9191982], [78.0934608, 9.9197727], [78.0934221, 9.9199168], [78.0934001, 9.9204471], [78.0934861, 9.9210716], [78.0938686, 9.9228862], [78.0939993, 9.9234758], [78.0940949, 9.9239118], [78.0942407, 9.9246522], [78.0943173, 9.9249979], [78.0945057, 9.9258427], [78.0946341, 9.9264078], [78.0947203, 9.9267827]]}, "properties": {"kind": "road", "name": "Puravazhi Salai", "osm_id": 770411690, "osm_type": "way", "highway": "primary"}}, {"type": "Feature", "geometry": {"type": "LineString", "coordinates": [[77.9741039, 9.9397887], [77.9737981, 9.941238], [77.9737776, 9.9414622]]}, "properties": {"kind": "road", "name": "Thirumangalam - Pallapatti - Silukkuvarpatti Road", "osm_id": 770411770, "osm_type": "way", "highway": "primary"}}, {"type": "Feature", "geometry": {"type": "LineString", "coordinates": [[78.0995307, 9.9272642], [78.0994083, 9.9274916], [78.0993413, 9.9275675]]}, "properties": {"kind": "road", "name": "", "osm_id": 785162618, "osm_type": "way", "highway": "primary"}}, {"type": "Feature", "geometry": {"type": "LineString", "coordinates": [[78.0997033, 9.9274993], [78.0996725, 9.92744], [78.0996613, 9.9274054], [78.0996588, 9.9273238]]}, "properties": {"kind": "road", "name": "", "osm_id": 785162619, "osm_type": "way", "highway": "primary_link"}}, {"type": "Feature", "geometry": {"type": "LineString", "coordinates": [[78.1494938, 9.9116003], [78.1494318, 9.9116537], [78.149334, 9.9116657], [78.1483432, 9.9117687], [78.1476305, 9.9118496], [78.1471957, 9.9119147], [78.1468363, 9.9120318], [78.1464092, 9.9122459], [78.1459258, 9.9125376], [78.1454107, 9.9128226], [78.1449414, 9.9130696], [78.1444122, 9.9133753], [78.144368, 9.9134117]]}, "properties": {"kind": "road", "name": "Kamarajar Salai", "osm_id": 785162620, "osm_type": "way", "highway": "trunk"}}, {"type": "Feature", "geometry": {"type": "LineString", "coordinates": [[78.1574357, 9.8913124], [78.157192, 9.890999], [78.1570762, 9.8908262], [78.1567839, 9.8904325], [78.1564342, 9.8899944], [78.156171, 9.8897034], [78.1560865, 9.88961], [78.156059, 9.8895801]]}, "properties": {"kind": "road", "name": "Madurai Ring Road", "osm_id": 785162621, "osm_type": "way", "highway": "trunk"}}, {"type": "Feature", "geometry": {"type": "LineString", "coordinates": [[78.1560316, 9.8895501], [78.1553916, 9.8888526], [78.1553505, 9.8888078]]}, "properties": {"kind": "road", "name": "Madurai Ring Road", "osm_id": 785162623, "osm_type": "way", "highway": "trunk"}}, {"type": "Feature", "geometry": {"type": "LineString", "coordinates": [[78.1559953, 9.889628], [78.1560246, 9.8896579], [78.1563632, 9.8900447], [78.1567061, 9.8904695], [78.1569716, 9.8908553], [78.1571017, 9.8910667], [78.1575134, 9.8915634]]}, "properties": {"kind": "road", "name": "Madurai Ring Road", "osm_id": 785162624, "osm_type": "way", "highway": "trunk"}}, {"type": "Feature", "geometry": {"type": "LineString", "coordinates": [[78.144368, 9.9134117], [78.1442409, 9.9134729]]}, "properties": {"kind": "road", "name": "Kamarajar Salai", "osm_id": 785162657, "osm_type": "way", "highway": "trunk"}}, {"type": "Feature", "geometry": {"type": "LineString", "coordinates": [[78.1442409, 9.9134729], [78.144199, 9.9134972], [78.1441082, 9.913536], [78.1438355, 9.9136524], [78.143716, 9.9137208], [78.1435733, 9.9137894], [78.1433317, 9.9139015], [78.1432449, 9.9139444], [78.1426198, 9.9142062], [78.1418019, 9.914529], [78.1408839, 9.9147831], [78.1405087, 9.9148843], [78.1404075, 9.9149129], [78.1403873, 9.9149187], [78.140306, 9.9149448], [78.1401481, 9.9149864], [78.1399042, 9.9150518], [78.1392114, 9.9152375], [78.1388074, 9.9153807], [78.1384526, 9.9154963], [78.1380141, 9.9156497], [78.1375435, 9.9158133], [78.1370001, 9.9160304], [78.1366284, 9.9161507], [78.1360538, 9.9163383], [78.1355729, 9.9164701], [78.1348506, 9.9166738], [78.1345883, 9.9167264], [78.1344094, 9.9167598], [78.1339005, 9.916824], [78.1337592, 9.916835], [78.1333973, 9.9168777], [78.133076, 9.9169309], [78.132961, 9.9169441], [78.132917, 9.916955]]}, "properties": {"kind": "road", "name": "Kamarajar Salai", "osm_id": 785162658, "osm_type": "way", "highway": "trunk"}}, {"type": "Feature", "geometry": {"type": "LineString", "coordinates": [[78.1497163, 9.8851529], [78.1498335, 9.8851603], [78.1498972, 9.8851619], [78.1512576, 9.8852419], [78.1516287, 9.8852675], [78.1519308, 9.8853526], [78.1520937, 9.8854406], [78.1523765, 9.8857024], [78.152763, 9.8861587], [78.1543833, 9.8878991], [78.1552275, 9.8888363]]}, "properties": {"kind": "road", "name": "Madurai Ring Road", "osm_id": 785162670, "osm_type": "way", "highway": "trunk"}}, {"type": "Feature", "geometry": {"type": "LineString", "coordinates": [[78.1552669, 9.88888], [78.1553241, 9.8889434], [78.155966, 9.8895981]]}, "properties": {"kind": "road", "name": "Madurai Ring Road", "osm_id": 785162671, "osm_type": "way", "highway": "trunk"}}, {"type": "Feature", "geometry": {"type": "LineString", "coordinates": [[78.1553107, 9.8887644], [78.1546644, 9.8880605], [78.15276, 9.8859836], [78.1523684, 9.8855555], [78.1520519, 9.8852966], [78.1518159, 9.8852067], [78.1516228, 9.885175], [78.149841, 9.8850577], [78.149731, 9.8850567], [78.1489341, 9.8849974], [78.1484792, 9.8849636], [78.1474799, 9.8849004], [78.1472316, 9.8848847], [78.1463226, 9.8848272], [78.1461403, 9.8848157], [78.1460788, 9.884806]]}, "properties": {"kind": "road", "name": "Madurai Ring Road", "osm_id": 785162673, "osm_type": "way", "highway": "trunk"}}, {"type": "Feature", "geometry": {"type": "LineString", "coordinates": [[78.1553505, 9.8888078], [78.1553107, 9.8887644]]}, "properties": {"kind": "road", "name": "Madurai Ring Road", "osm_id": 785162675, "osm_type": "way", "highway": "trunk"}}, {"type": "Feature", "geometry": {"type": "LineString", "coordinates": [[78.1552275, 9.8888363], [78.1552669, 9.88888]]}, "properties": {"kind": "road", "name": "Madurai Ring Road", "osm_id": 785162677, "osm_type": "way", "highway": "trunk"}}, {"type": "Feature", "geometry": {"type": "LineString", "coordinates": [[78.1460788, 9.884806], [78.1460173, 9.8847963]]}, "properties": {"kind": "road", "name": "Madurai Ring Road", "osm_id": 785162678, "osm_type": "way", "highway": "trunk"}}, {"type": "Feature", "geometry": {"type": "LineString", "coordinates": [[78.1460173, 9.8847963], [78.1458721, 9.8847734], [78.1457854, 9.8847449], [78.145013, 9.8844908], [78.1429697, 9.8838189], [78.1423048, 9.8836002], [78.1409047, 9.8831298], [78.1403253, 9.8828603], [78.1399283, 9.8826119], [78.1396011, 9.8823582], [78.1393436, 9.8820358], [78.1386892, 9.8812801], [78.1385719, 9.8811277], [78.1376109, 9.8798796], [78.1369028, 9.8789865], [78.1361014, 9.8779649], [78.1354061, 9.8770786], [78.1340811, 9.8753822], [78.133137, 9.8741931], [78.1317422, 9.8724279], [78.1303099, 9.8705887], [78.1296769, 9.8698277], [78.129119, 9.8691142], [78.1279657, 9.867608], [78.1273112, 9.8667623], [78.127017, 9.8664341], [78.126866, 9.8662655], [78.1260667, 9.8652508]]}, "properties": {"kind": "road", "name": "Madurai Ring Road", "osm_id": 785162679, "osm_type": "way", "highway": "trunk"}}, {"type": "Feature", "geometry": {"type": "LineString", "coordinates": [[78.1460033, 9.8848677], [78.1460702, 9.8848742]]}, "properties": {"kind": "road", "name": "Madurai Ring Road", "osm_id": 785162680, "osm_type": "way", "highway": "trunk"}}, {"type": "Feature", "geometry": {"type": "LineString", "coordinates": [[78.1324176, 9.9171025], [78.13218, 9.9171561], [78.1319554, 9.917184], [78.131732, 9.9172119], [78.1315257, 9.9172362], [78.1306431, 9.9173358], [78.1303461, 9.9173671], [78.1302295, 9.917377], [78.1299889, 9.9173976], [78.1297405, 9.9174188], [78.1292806, 9.917458], [78.1290586, 9.917477], [78.1287783, 9.9174966], [78.1283145, 9.9175292], [78.1282321, 9.917535], [78.127723, 9.9175697], [78.1273458, 9.9176126]]}, "properties": {"kind": "road", "name": "Kamarajar Salai", "osm_id": 785162704, "osm_type": "way", "highway": "trunk"}}, {"type": "Feature", "geometry": {"type": "LineString", "coordinates": [[78.132917, 9.916955], [78.1328391, 9.9169744]]}, "properties": {"kind": "road", "name": "Kamarajar Salai", "osm_id": 785162705, "osm_type": "way", "highway": "trunk"}}, {"type": "Feature", "geometry": {"type": "LineString", "coordinates": [[78.1273458, 9.9176126], [78.1272462, 9.9176241]]}, "properties": {"kind": "road", "name": "Kamarajar Salai", "osm_id": 785162711, "osm_type": "way", "highway": "trunk"}}, {"type": "Feature", "geometry": {"type": "LineString", "coordinates": [[78.1272462, 9.9176241], [78.1268282, 9.9176443], [78.126647, 9.9176582], [78.1259811, 9.9177093], [78.125404, 9.9177536]]}, "properties": {"kind": "road", "name": "Kamarajar Salai", "osm_id": 785162712, "osm_type": "way", "highway": "trunk"}}, {"type": "Feature", "geometry": {"type": "LineString", "coordinates": [[78.1249037, 9.9178191], [78.1248453, 9.9187678], [78.1248007, 9.9194911], [78.1247548, 9.9202367], [78.1247524, 9.920276], [78.1247051, 9.9209944]]}, "properties": {"kind": "road", "name": "Keezha Marret Veethi", "osm_id": 785162718, "osm_type": "way", "highway": "trunk"}}, {"type": "Feature", "geometry": {"type": "LineString", "coordinates": [[78.125404, 9.9177536], [78.1253076, 9.9177478], [78.124908, 9.9177498]]}, "properties": {"kind": "road", "name": "Kamarajar Salai", "osm_id": 785162720, "osm_type": "way", "highway": "trunk"}}, {"type": "Feature", "geometry": {"type": "LineString", "coordinates": [[78.1230924, 9.9239171], [78.1218722, 9.9241572], [78.119862, 9.9245528], [78.1194343, 9.9246369], [78.119044, 9.9247138], [78.1185585, 9.9248093]]}, "properties": {"kind": "road", "name": "Vakkil Puthu Theru", "osm_id": 785162721, "osm_type": "way", "highway": "primary"}}, {"type": "Feature", "geometry": {"type": "LineString", "coordinates": [[78.0612959, 9.8805908], [78.0611893, 9.8805967]]}, "properties": {"kind": "road", "name": "Thirupparankundram Salai", "osm_id": 786176293, "osm_type": "way", "highway": "primary"}}, {"type": "Feature", "geometry": {"type": "LineString", "coordinates": [[78.2641664, 10.0015885], [78.2641397, 10.0017093]]}, "properties": {"kind": "road", "name": "", "osm_id": 789272084, "osm_type": "way", "highway": "trunk_link"}}, {"type": "Feature", "geometry": {"type": "LineString", "coordinates": [[78.2016693, 10.043996], [78.2016519, 10.0439498], [78.2013739, 10.0430555], [78.2009654, 10.0417299], [78.2006066, 10.0409836], [78.2000452, 10.0397991], [78.1999772, 10.0396857], [78.1990454, 10.0382901], [78.1986948, 10.0377752], [78.198371, 10.0372897], [78.1981017, 10.0367019], [78.1979645, 10.0363399], [78.1975448, 10.0351338], [78.1970458, 10.0337155], [78.1962406, 10.0313033], [78.1954581, 10.0290362], [78.1952539, 10.0286118], [78.1947776, 10.0277407], [78.1946285, 10.0274425], [78.1944498, 10.0269943], [78.1941666, 10.0258388], [78.1939137, 10.0243381], [78.1938648, 10.0237703], [78.193799, 10.0228933], [78.1936632, 10.0222817], [78.1933778, 10.0214326], [78.1932643, 10.0212077]]}, "properties": {"kind": "road", "name": "Azhagarkovil Salai", "osm_id": 790342568, "osm_type": "way", "highway": "primary"}}, {"type": "Feature", "geometry": {"type": "LineString", "coordinates": [[78.2038017, 9.9268678], [78.2037239, 9.9268843], [78.2035911, 9.9269305], [78.2034007, 9.9270309], [78.2033074, 9.9270876], [78.2031704, 9.9271708], [78.2029918, 9.9272794], [78.2027347, 9.9274356], [78.20247, 9.9276121], [78.2020226, 9.9279103], [78.2016429, 9.9281635], [78.2013351, 9.9283687], [78.2007141, 9.9287828], [78.2005736, 9.9288764], [78.2002957, 9.9290621], [78.1998286, 9.92937], [78.1997103, 9.9294422], [78.1996513, 9.929487], [78.1994322, 9.9296358], [78.1991185, 9.9298487], [78.1989388, 9.929961], [78.1987993, 9.930031], [78.1987639, 9.9300437], [78.1985539, 9.9301142], [78.1982602, 9.9302001], [78.1971889, 9.9304855], [78.195748, 9.9308693], [78.1955936, 9.9309104], [78.1954922, 9.9309393], [78.195244, 9.9310102], [78.1940577, 9.9313384], [78.1936377, 9.9314546], [78.1932381, 9.9315652], [78.1928626, 9.9316726], [78.1927955, 9.9316882], [78.1917318, 9.9319492], [78.1915556, 9.9319924], [78.1910883, 9.9321071], [78.1907988, 9.9321782], [78.190418, 9.9322716], [78.1898971, 9.9323441], [78.1894599, 9.9323929], [78.1891085, 9.9323969], [78.1890079, 9.9323797], [78.1889436, 9.9323599], [78.1888846, 9.9323322], [78.1884742, 9.9320614], [78.1882824, 9.9319504], [78.1881362, 9.9319015], [78.1879538, 9.9318857], [78.1876454, 9.9318923], [78.1875862, 9.9318962], [78.1873112, 9.9319142], [78.1872698, 9.9319169], [78.1865041, 9.9319672], [78.1861886, 9.9319749], [78.1847942, 9.9320548], [78.1841999, 9.932031], [78.1840837, 9.9320264], [78.1836985, 9.932031], [78.1836623, 9.932031], [78.1820959, 9.9320325], [78.1818169, 9.9320334], [78.1813408, 9.9320178], [78.1810498, 9.9320085], [78.1809358, 9.9320085], [78.1807508, 9.9319913], [78.1806019, 9.9319438], [78.1804222, 9.931854], [78.1802921, 9.9317628], [78.1801868, 9.9316695], [78.1801412, 9.9316291], [78.1801308, 9.9316199]]}, "properties": {"kind": "road", "name": "Sivagangai Salai", "osm_id": 791190148, "osm_type": "way", "highway": "primary"}}, {"type": "Feature", "geometry": {"type": "LineString", "coordinates": [[78.2040726, 9.9268196], [78.2038017, 9.9268678]]}, "properties": {"kind": "road", "name": "Sivagangai Salai", "osm_id": 791190149, "osm_type": "way", "highway": "primary"}}, {"type": "Feature", "geometry": {"type": "LineString", "coordinates": [[78.1932643, 10.0212077], [78.1932621, 10.0214596], [78.19347, 10.0221575], [78.1936204, 10.0227067], [78.1936984, 10.0233294], [78.1937608, 10.0240358], [78.1938514, 10.0246864], [78.1940647, 10.0259274], [78.1943169, 10.0269772], [78.1945071, 10.0275262], [78.1947706, 10.0280787], [78.195153, 10.0287606], [78.195347, 10.0291612], [78.1968028, 10.0334007], [78.1978429, 10.0363824], [78.1979704, 10.0367351], [78.1981322, 10.0370878], [78.1983066, 10.037397], [78.1985946, 10.0378356], [78.198935, 10.0383597], [78.1998781, 10.0397361], [78.2002032, 10.040448], [78.2004805, 10.041028], [78.2008458, 10.0418346], [78.2010909, 10.0426434], [78.201488, 10.0439027], [78.2015209, 10.0439837]]}, "properties": {"kind": "road", "name": "Azhagarkovil Salai", "osm_id": 791192852, "osm_type": "way", "highway": "primary"}}, {"type": "Feature", "geometry": {"type": "LineString", "coordinates": [[78.1689606, 9.9767955], [78.1691031, 9.9770106], [78.1693494, 9.9774388], [78.1696545, 9.9780212], [78.1697483, 9.9781903], [78.1698166, 9.9783129], [78.169907, 9.9784769], [78.1700287, 9.9786977], [78.1703796, 9.9793344], [78.1706613, 9.9798456], [78.1706707, 9.9798626], [78.1708337, 9.9801584], [78.170937, 9.9803374], [78.1710656, 9.9805602], [78.1711195, 9.9806535], [78.1713668, 9.9810784], [78.1715461, 9.9813926], [78.1715704, 9.9814479], [78.1716949, 9.9817312], [78.1717601, 9.9818795], [78.1718154, 9.9820054], [78.1719253, 9.9822743], [78.1721932, 9.9829293], [78.1724427, 9.9834762], [78.1725894, 9.9837978], [78.1726682, 9.9839706], [78.1726829, 9.9840028], [78.1727933, 9.9842447], [78.1729537, 9.9845963], [78.1730754, 9.9848783], [78.1734047, 9.9856787], [78.1739115, 9.9868327], [78.1740166, 9.9870797], [78.174183, 9.9875149], [78.1743305, 9.9878777], [78.1745172, 9.9882296], [78.1746392, 9.9884433], [78.1748076, 9.9887383], [78.1754006, 9.9897662], [78.1761119, 9.9909993], [78.1761622, 9.9910847]]}, "properties": {"kind": "road", "name": "Azhagarkovil Salai", "osm_id": 791192853, "osm_type": "way", "highway": "primary"}}, {"type": "Feature", "geometry": {"type": "LineString", "coordinates": [[78.2308933, 9.9156937], [78.2303032, 9.9157267]]}, "properties": {"kind": "road", "name": "Sivagangai Salai", "osm_id": 791300887, "osm_type": "way", "highway": "primary"}}, {"type": "Feature", "geometry": {"type": "LineString", "coordinates": [[78.06903, 9.9631682], [78.0695853, 9.9628988]]}, "properties": {"kind": "road", "name": "Dindigul Salai", "osm_id": 791672894, "osm_type": "way", "highway": "primary"}}, {"type": "Feature", "geometry": {"type": "LineString", "coordinates": [[78.1561938, 9.8567462], [78.1561536, 9.8568426]]}, "properties": {"kind": "road", "name": "Madurai - Viradanur - Valayankulam Road", "osm_id": 792121221, "osm_type": "way", "highway": "primary"}}, {"type": "Feature", "geometry": {"type": "LineString", "coordinates": [[78.2021754, 9.9618666], [78.2023627, 9.961887], [78.2025719, 9.9619583], [78.2030734, 9.9621723], [78.2038231, 9.9624972], [78.2040229, 9.9626016], [78.2041973, 9.9627178], [78.2050958, 9.9634403], [78.2055572, 9.9638075], [78.2059917, 9.9642038], [78.2066166, 9.964814], [78.2070404, 9.9652843], [78.2071933, 9.9654401], [78.2072912, 9.9655234], [78.2074226, 9.9656264], [78.2075949, 9.9657424], [78.2077129, 9.9658218]]}, "properties": {"kind": "road", "name": "", "osm_id": 792420297, "osm_type": "way", "highway": "trunk_link"}}, {"type": "Feature", "geometry": {"type": "LineString", "coordinates": [[78.2276487, 9.9797947], [78.2276919, 9.979691]]}, "properties": {"kind": "road", "name": "", "osm_id": 792781348, "osm_type": "way", "highway": "trunk_link"}}, {"type": "Feature", "geometry": {"type": "LineString", "coordinates": [[78.2419929, 9.986952], [78.2420868, 9.9868769]]}, "properties": {"kind": "road", "name": "", "osm_id": 792881736, "osm_type": "way", "highway": "trunk_link"}}, {"type": "Feature", "geometry": {"type": "LineString", "coordinates": [[77.9906, 9.9840179], [77.9907741, 9.9846048], [77.9908471, 9.9848877], [77.990935, 9.9851496], [77.9905801, 9.9852836], [77.9904252, 9.985342], [77.9902273, 9.985355], [77.9899962, 9.9853416], [77.989701, 9.9853266], [77.9895347, 9.9853926], [77.9887784, 9.9859236], [77.9885544, 9.986057], [77.9884155, 9.986132], [77.9879536, 9.9863541], [77.9878624, 9.9864017], [77.9877953, 9.9864875], [77.9877336, 9.9866619], [77.9877095, 9.9869775], [77.9876787, 9.9872403], [77.9876518, 9.9874662], [77.9876478, 9.9877093], [77.9876357, 9.988087], [77.9876371, 9.9886008], [77.9876612, 9.9894936], [77.9876626, 9.9896046], [77.9875794, 9.9904221], [77.987507, 9.9910746], [77.9874748, 9.991735], [77.9874802, 9.9919252], [77.9875016, 9.9921074], [77.9875553, 9.9923161], [77.9877055, 9.9928761], [77.987735, 9.9930187], [77.9877551, 9.9931614], [77.9877645, 9.9934044], [77.9877631, 9.993477], [77.9877202, 9.9943052], [77.9877296, 9.9946921], [77.9877672, 9.9951637], [77.9878074, 9.9955348], [77.9878436, 9.9957686], [77.9879294, 9.9961476], [77.9879388, 9.996281], [77.9879294, 9.9963972], [77.987908, 9.9965069], [77.9878061, 9.996775], [77.9876317, 9.9971765], [77.9876076, 9.9972742], [77.9875928, 9.9973719], [77.9875807, 9.9976955], [77.987566, 9.9978012], [77.9875231, 9.9981142], [77.9874882, 9.9984391], [77.9873943, 9.9988115], [77.9872401, 9.9992104], [77.9869571, 9.9997915], [77.9867023, 10.0001772], [77.9860117, 10.0008939], [77.9847552, 10.0023286], [77.9831667, 10.0031333], [77.9817295, 10.0036877], [77.97955, 10.0048167], [77.97615, 10.0069167], [77.9752064, 10.0074939], [77.9744124, 10.0078743], [77.9736078, 10.0082415], [77.9729506, 10.008606], [77.9714701, 10.009541], [77.9705608, 10.0102014], [77.9694066, 10.0112282], [77.9692164, 10.0114567], [77.968804, 10.0119521], [77.9684022, 10.0127086], [77.967841, 10.0136615], [77.9671833, 10.0143], [77.9658166, 10.01515], [77.9647137, 10.0159985], [77.9645167, 10.01615], [77.9640667, 10.0165333], [77.9637705, 10.0170231], [77.9636333, 10.01725], [77.9632515, 10.0174896], [77.9627833, 10.0177834], [77.9627, 10.01835], [77.9627096, 10.018915], [77.962715, 10.0192348], [77.9627167, 10.0193334], [77.9626854, 10.0197794], [77.9626783, 10.0198809], [77.9626702, 10.0199962], [77.96265, 10.0202834], [77.96185, 10.0204667], [77.9615834, 10.0206333], [77.9614378, 10.0206393], [77.960667, 10.0206712], [77.9602212, 10.0206896], [77.9595667, 10.0207167], [77.9594201, 10.0207376], [77.9591636, 10.0207354], [77.9589333, 10.0209334], [77.9587833, 10.0213], [77.9587833, 10.0219397], [77.958765, 10.0220387], [77.9587274, 10.0223502], [77.958639, 10.023118], [77.9586666, 10.0238003], [77.9586901, 10.024378]]}, "properties": {"kind": "road", "name": "Thirumangalam - Pallapatti - Silukkuvarpatti Road", "osm_id": 793730233, "osm_type": "way", "highway": "primary"}}, {"type": "Feature", "geometry": {"type": "LineString", "coordinates": [[78.1199465, 9.9110445], [78.1199384, 9.9108348], [78.1199256, 9.9107614], [78.1198944, 9.9106655]]}, "properties": {"kind": "road", "name": "Aruppukottai Salai", "osm_id": 797940008, "osm_type": "way", "highway": "primary"}}, {"type": "Feature", "geometry": {"type": "LineString", "coordinates": [[78.1274464, 9.9744694], [78.1275265, 9.9744179], [78.1275932, 9.9743862], [78.1277842, 9.9742735], [78.1278128, 9.9742396], [78.1278735, 9.9741496], [78.1279455, 9.9739721], [78.1279775, 9.9738716], [78.1280356, 9.9736843], [78.1281052, 9.9735511], [78.1281989, 9.9734121], [78.1285473, 9.9729958], [78.1285828, 9.9729585], [78.1287374, 9.9727833], [78.1289618, 9.9725699], [78.1293332, 9.9722707], [78.1296362, 9.9720853], [78.1297608, 9.9720027], [78.1300872, 9.9718245], [78.1303, 9.9717095], [78.130425, 9.9716513], [78.1308548, 9.9714837], [78.1310996, 9.9714011], [78.1313258, 9.9713261], [78.1315339, 9.9712514], [78.1319577, 9.9710709], [78.1324428, 9.9708477], [78.1325595, 9.9707909], [78.1326822, 9.9707169], [78.1328847, 9.9705821], [78.1332205, 9.9703362], [78.1334251, 9.9701668], [78.1336661, 9.9699763], [78.1340795, 9.9695782], [78.1342976, 9.9693545], [78.1345671, 9.9690448], [78.1349027, 9.9686281], [78.1350805, 9.9683896], [78.1351204, 9.9683415], [78.1353955, 9.9680167], [78.1357607, 9.9676816], [78.1361631, 9.9673779], [78.1363419, 9.9672132], [78.1364721, 9.9671106], [78.1365505, 9.9670533], [78.1366557, 9.9669769], [78.1367055, 9.9669399], [78.1370683, 9.9666699], [78.1376859, 9.9661897], [78.138518, 9.9655379], [78.1386682, 9.9654296], [78.1388171, 9.9653081], [78.1392369, 9.9649633], [78.1398112, 9.9644514], [78.1401304, 9.9641473], [78.14035, 9.9639442], [78.1407205, 9.9635807], [78.1410609, 9.9632462], [78.1412753, 9.9630639], [78.1413728, 9.9629702], [78.1417391, 9.9625827], [78.1423519, 9.9617136], [78.1425784, 9.9613777], [78.1429223, 9.9609515], [78.1431821, 9.960658], [78.1434569, 9.960294], [78.1436965, 9.9600157], [78.14405, 9.9595913], [78.1440931, 9.9595202], [78.1441442, 9.9594592], [78.1444893, 9.9590224], [78.1446846, 9.9587903], [78.1449238, 9.9584591], [78.1450803, 9.9582824], [78.1454887, 9.9577818], [78.1456676, 9.957531], [78.1458175, 9.9573613], [78.1460144, 9.9571201], [78.1463388, 9.9567427], [78.1466034, 9.9563828], [78.1469126, 9.9561155], [78.1471924, 9.9558915], [78.147537, 9.9556652], [78.1478889, 9.9554885], [78.1488163, 9.9551093], [78.1491582, 9.9549832], [78.1494992, 9.9548597], [78.1498161, 9.9547648]]}, "properties": {"kind": "road", "name": "", "osm_id": 798691492, "osm_type": "way", "highway": "primary"}}, {"type": "Feature", "geometry": {"type": "LineString", "coordinates": [[78.1702829, 9.914131], [78.1702058, 9.9154315]]}, "properties": {"kind": "road", "name": "Madurai Ring Road", "osm_id": 798796925, "osm_type": "way", "highway": "trunk"}}, {"type": "Feature", "geometry": {"type": "LineString", "coordinates": [[78.170372, 9.914113], [78.1704143, 9.913361], [78.1703858, 9.9128947], [78.1703177, 9.9125171], [78.1701856, 9.9120933], [78.1700949, 9.9118468], [78.1699087, 9.9114333], [78.1696057, 9.9107568], [78.1686029, 9.9084338], [78.1674255, 9.9056526], [78.1672434, 9.9053275], [78.1667234, 9.904236], [78.1664839, 9.9035888]]}, "properties": {"kind": "road", "name": "Madurai Ring Road", "osm_id": 798796926, "osm_type": "way", "highway": "trunk"}}, {"type": "Feature", "geometry": {"type": "LineString", "coordinates": [[78.1702863, 9.9154651], [78.170372, 9.914113]]}, "properties": {"kind": "road", "name": "Madurai Ring Road", "osm_id": 798796927, "osm_type": "way", "highway": "trunk"}}, {"type": "Feature", "geometry": {"type": "LineString", "coordinates": [[78.1942026, 9.9539876], [78.1931278, 9.9530883], [78.1909566, 9.9512362], [78.1887703, 9.9494087], [78.1855611, 9.946717], [78.1824575, 9.9440968], [78.1798546, 9.9419112], [78.1795427, 9.9416492], [78.1795245, 9.9416339]]}, "properties": {"kind": "road", "name": "Othakadai Puravazhi Salai", "osm_id": 798796928, "osm_type": "way", "highway": "trunk"}}, {"type": "Feature", "geometry": {"type": "LineString", "coordinates": [[78.1547132, 9.9443545], [78.15443, 9.9442033], [78.1543448, 9.9441623], [78.1536588, 9.9438016], [78.1526978, 9.9433185], [78.1517341, 9.9428379], [78.1513439, 9.9425954], [78.1505216, 9.9420844], [78.1501649, 9.9418474]]}, "properties": {"kind": "road", "name": "Melur Pradhana Salai", "osm_id": 799455115, "osm_type": "way", "highway": "primary"}}, {"type": "Feature", "geometry": {"type": "LineString", "coordinates": [[78.1593184, 9.9471612], [78.1588366, 9.946911]]}, "properties": {"kind": "road", "name": "Melur Pradhana Salai", "osm_id": 799455116, "osm_type": "way", "highway": "primary"}}, {"type": "Feature", "geometry": {"type": "LineString", "coordinates": [[78.1587509, 9.9470344], [78.159204, 9.9472674]]}, "properties": {"kind": "road", "name": "Melur Pradhana Salai", "osm_id": 799455117, "osm_type": "way", "highway": "primary"}}, {"type": "Feature", "geometry": {"type": "LineString", "coordinates": [[78.1634073, 9.9494428], [78.1634673, 9.9494839], [78.1638891, 9.9497658], [78.1652015, 9.950632], [78.1654655, 9.9507134], [78.1660212, 9.9507959], [78.1668837, 9.9508946], [78.167037, 9.9509106], [78.1677253, 9.9509856], [78.1679217, 9.9509951], [78.1682934, 9.9510256], [78.1683578, 9.9510326], [78.1686819, 9.951095], [78.1688004, 9.951103], [78.1690424, 9.9511256], [78.1692896, 9.9511676], [78.1699587, 9.9513347], [78.1703333, 9.9514205], [78.1711084, 9.9516303], [78.1715112, 9.951731], [78.1717385, 9.9517839], [78.1721329, 9.9518902], [78.1726345, 9.9520332], [78.1728667, 9.9520652], [78.1734189, 9.9521415], [78.1737234, 9.9521834], [78.1742752, 9.9522236], [78.1746173, 9.9522486], [78.1747377, 9.9522796], [78.174791, 9.9522933], [78.1751417, 9.9523814], [78.1751648, 9.9523914], [78.1752383, 9.9524232], [78.1761814, 9.9527635], [78.1778154, 9.9533784], [78.1787949, 9.9538741], [78.1791367, 9.9539978], [78.1795212, 9.9541013], [78.1798034, 9.9541772], [78.1798424, 9.9541852]]}, "properties": {"kind": "road", "name": "Melur Pradhana Salai", "osm_id": 799455118, "osm_type": "way", "highway": "primary"}}, {"type": "Feature", "geometry": {"type": "LineString", "coordinates": [[78.1541017, 9.9572332], [78.153812, 9.9570662], [78.1537119, 9.9569991], [78.153558, 9.9569122], [78.1533219, 9.956749], [78.1529399, 9.9564755], [78.1526686, 9.9562812], [78.1523535, 9.9560231], [78.152141, 9.955826], [78.1516078, 9.9552556], [78.1513113, 9.9549146], [78.150825, 9.9542942]]}, "properties": {"kind": "road", "name": "Azhagarkovil Salai", "osm_id": 800255916, "osm_type": "way", "highway": "primary"}}, {"type": "Feature", "geometry": {"type": "LineString", "coordinates": [[78.1544423, 9.9574217], [78.1541017, 9.9572332]]}, "properties": {"kind": "road", "name": "Azhagarkovil Salai", "osm_id": 800255917, "osm_type": "way", "highway": "primary"}}, {"type": "Feature", "geometry": {"type": "LineString", "coordinates": [[78.1588084, 9.9630892], [78.1589514, 9.9632902], [78.1594799, 9.9640776], [78.1598832, 9.9646923], [78.1604407, 9.9654558], [78.1607989, 9.9659443], [78.1613157, 9.9666769], [78.1615822, 9.9670595], [78.1618184, 9.9673965], [78.1622891, 9.9680966], [78.1629108, 9.9690068], [78.1634246, 9.969776], [78.1637194, 9.9701558], [78.1644648, 9.9711998], [78.1647589, 9.9716502]]}, "properties": {"kind": "road", "name": "Azhagarkovil Salai", "osm_id": 800255918, "osm_type": "way", "highway": "primary"}}, {"type": "Feature", "geometry": {"type": "LineString", "coordinates": [[78.1540048, 9.9573348], [78.1543391, 9.9575287]]}, "properties": {"kind": "road", "name": "Azhagarkovil Salai", "osm_id": 800255919, "osm_type": "way", "highway": "primary"}}, {"type": "Feature", "geometry": {"type": "LineString", "coordinates": [[78.1648228, 9.9715564], [78.1645883, 9.971148], [78.1631055, 9.9690567], [78.1623981, 9.9680336], [78.1614321, 9.9666073], [78.1609904, 9.9659979], [78.1606566, 9.9654799], [78.1602739, 9.9649734], [78.160016, 9.9646214], [78.1600074, 9.9646088], [78.1596132, 9.9640264], [78.1595218, 9.9638659], [78.159401, 9.9636978], [78.159191, 9.9633841], [78.1589587, 9.9630792], [78.1589297, 9.9630366]]}, "properties": {"kind": "road", "name": "Azhagarkovil Salai", "osm_id": 800255920, "osm_type": "way", "highway": "primary"}}, {"type": "Feature", "geometry": {"type": "LineString", "coordinates": [[78.1507222, 9.9544018], [78.1512745, 9.9551124], [78.1520359, 9.9559504], [78.1522426, 9.9561276], [78.1522675, 9.9561489], [78.1526866, 9.9564729], [78.1531487, 9.9568116], [78.1532028, 9.9568512], [78.153227, 9.956867], [78.1535595, 9.9570668], [78.1537745, 9.9572069], [78.1539194, 9.9572917], [78.1540048, 9.9573348]]}, "properties": {"kind": "road", "name": "Azhagarkovil Salai", "osm_id": 800255921, "osm_type": "way", "highway": "primary"}}, {"type": "Feature", "geometry": {"type": "LineString", "coordinates": [[78.1381176, 9.9387489], [78.1382337, 9.9388697], [78.1383708, 9.9390341], [78.1385656, 9.9392774], [78.1391952, 9.9399918], [78.1401565, 9.9411353], [78.1405781, 9.9416369], [78.1411909, 9.9423491], [78.1417688, 9.9430264], [78.1419812, 9.9432724], [78.1423835, 9.9437199], [78.1426747, 9.9439709]]}, "properties": {"kind": "road", "name": "Azhagarkovil Salai", "osm_id": 800255922, "osm_type": "way", "highway": "primary"}}, {"type": "Feature", "geometry": {"type": "LineString", "coordinates": [[78.1369121, 9.938944], [78.1369917, 9.9389694], [78.1370893, 9.9389577], [78.1371995, 9.9389266], [78.1373301, 9.9388761], [78.137482, 9.93884], [78.1381176, 9.9387489]]}, "properties": {"kind": "road", "name": "Race Course Salai", "osm_id": 802509932, "osm_type": "way", "highway": "primary"}}, {"type": "Feature", "geometry": {"type": "LineString", "coordinates": [[78.1431965, 9.9446473], [78.143231, 9.9446927]]}, "properties": {"kind": "road", "name": "Azhagarkovil Salai", "osm_id": 807204953, "osm_type": "way", "highway": "primary"}}, {"type": "Feature", "geometry": {"type": "LineString", "coordinates": [[78.1453774, 9.9475522], [78.1454382, 9.9477011], [78.1455988, 9.9479191], [78.1457952, 9.9481991], [78.1459283, 9.9483488], [78.1460959, 9.948557], [78.1463413, 9.9488536], [78.1467603, 9.94936], [78.1472462, 9.9499578], [78.1473479, 9.950087], [78.1475012, 9.9502674], [78.1478769, 9.9507716], [78.1479943, 9.9509109], [78.1480066, 9.9509253]]}, "properties": {"kind": "road", "name": "Azhagarkovil Salai", "osm_id": 807204954, "osm_type": "way", "highway": "primary"}}, {"type": "Feature", "geometry": {"type": "LineString", "coordinates": [[78.1327379, 9.9320762], [78.1327014, 9.9323264], [78.1327036, 9.9324199], [78.1327279, 9.9325004], [78.1328094, 9.9326344], [78.1332536, 9.9333643], [78.1335625, 9.9337657], [78.1336837, 9.933952], [78.1338699, 9.9342383], [78.1339457, 9.9343726], [78.1341159, 9.9346741]]}, "properties": {"kind": "road", "name": "Gokhale Salai", "osm_id": 807794477, "osm_type": "way", "highway": "trunk"}}, {"type": "Feature", "geometry": {"type": "LineString", "coordinates": [[78.0947203, 9.9267827], [78.0948647, 9.9277431], [78.0949955, 9.9284185], [78.0951456, 9.9289389], [78.0953004, 9.9294356], [78.0954419, 9.929763], [78.095702, 9.9303269], [78.0960093, 9.931043], [78.0961969, 9.9316046], [78.0963175, 9.932042], [78.0964251, 9.9324603], [78.0965757, 9.9331976]]}, "properties": {"kind": "road", "name": "Kalavasal Maempalam", "osm_id": 818836308, "osm_type": "way", "highway": "primary"}}, {"type": "Feature", "geometry": {"type": "LineString", "coordinates": [[78.0966999, 9.9333738], [78.0965071, 9.9324484], [78.0964011, 9.9320239], [78.0962849, 9.9315635], [78.0961266, 9.9311408], [78.0959834, 9.9307597], [78.0957599, 9.9302694], [78.0956024, 9.9299015], [78.0954687, 9.9296026], [78.0953331, 9.929251], [78.0952117, 9.9288625], [78.0950759, 9.9283901], [78.0949432, 9.9277407], [78.0947913, 9.926783]]}, "properties": {"kind": "road", "name": "Kalavasal Maempalam", "osm_id": 818836314, "osm_type": "way", "highway": "primary"}}, {"type": "Feature", "geometry": {"type": "LineString", "coordinates": [[78.0965757, 9.9331976], [78.0966351, 9.9336329], [78.0966668, 9.9337821], [78.0967099, 9.9339844], [78.0967658, 9.9342728], [78.0968298, 9.934556], [78.0968544, 9.9346744], [78.0969578, 9.9351712], [78.0971707, 9.9358588], [78.097408, 9.9365291], [78.0974524, 9.9366242]]}, "properties": {"kind": "road", "name": "Puravazhi Salai", "osm_id": 818836315, "osm_type": "way", "highway": "primary"}}, {"type": "Feature", "geometry": {"type": "LineString", "coordinates": [[77.992188, 10.0541297], [77.9924005, 10.0539699], [77.9927414, 10.0537837], [77.9944812, 10.0529247], [77.9950882, 10.0525337], [77.9955984, 10.0520227], [77.9960541, 10.0514342], [77.9968812, 10.0502683], [77.997482, 10.0496133], [77.9979809, 10.0492383], [77.9980993, 10.0491808], [77.9987534, 10.0488632], [77.9989413, 10.0487857], [77.999967, 10.0483869], [78.0005987, 10.0481026], [78.0024763, 10.047342], [78.0030357, 10.0471037]]}, "properties": {"kind": "road", "name": "", "osm_id": 819087575, "osm_type": "way", "highway": "trunk"}}, {"type": "Feature", "geometry": {"type": "LineString", "coordinates": [[77.9919772, 10.0542883], [77.992188, 10.0541297]]}, "properties": {"kind": "road", "name": "", "osm_id": 819087576, "osm_type": "way", "highway": "trunk"}}, {"type": "Feature", "geometry": {"type": "LineString", "coordinates": [[77.9918998, 10.0541955], [77.9897636, 10.0559051], [77.9893782, 10.0562068], [77.9883568, 10.0570064], [77.9876945, 10.0575551], [77.9872231, 10.0579862], [77.9863902, 10.0587588], [77.9862123, 10.0589238], [77.9857661, 10.0593377], [77.9853756, 10.0596556], [77.9847784, 10.0601419], [77.9844286, 10.0604257]]}, "properties": {"kind": "road", "name": "", "osm_id": 819087577, "osm_type": "way", "highway": "trunk"}}, {"type": "Feature", "geometry": {"type": "LineString", "coordinates": [[77.9921278, 10.0540314], [77.9918998, 10.0541955]]}, "properties": {"kind": "road", "name": "", "osm_id": 819087578, "osm_type": "way", "highway": "trunk"}}, {"type": "Feature", "geometry": {"type": "LineString", "coordinates": [[77.9844331, 10.060567], [77.9850691, 10.0600517], [77.9852678, 10.0599003], [77.985786, 10.0594849], [77.9868118, 10.0585079], [77.9875318, 10.0578416], [77.9880807, 10.0573715], [77.9887169, 10.0568726], [77.9889044, 10.0567028], [77.9894655, 10.0562985], [77.9898381, 10.0559579], [77.9907699, 10.0552338], [77.9912748, 10.0548167], [77.9919772, 10.0542883]]}, "properties": {"kind": "road", "name": "", "osm_id": 819172138, "osm_type": "way", "highway": "trunk"}}, {"type": "Feature", "geometry": {"type": "LineString", "coordinates": [[77.984182, 10.0607705], [77.9844331, 10.060567]]}, "properties": {"kind": "road", "name": "", "osm_id": 819172139, "osm_type": "way", "highway": "trunk"}}, {"type": "Feature", "geometry": {"type": "LineString", "coordinates": [[77.9841775, 10.0606295], [77.9836923, 10.0610233], [77.9830458, 10.0615433], [77.9824104, 10.0620545], [77.9816022, 10.0627605], [77.9810941, 10.0631438]]}, "properties": {"kind": "road", "name": "", "osm_id": 819172140, "osm_type": "way", "highway": "trunk"}}, {"type": "Feature", "geometry": {"type": "LineString", "coordinates": [[77.9844286, 10.0604257], [77.9841775, 10.0606295]]}, "properties": {"kind": "road", "name": "", "osm_id": 819172141, "osm_type": "way", "highway": "trunk"}}, {"type": "Feature", "geometry": {"type": "LineString", "coordinates": [[78.0134903, 10.0348153], [78.0134912, 10.0348104], [78.0136117, 10.034024], [78.0138709, 10.0325629], [78.0140585, 10.0319449], [78.0143791, 10.0308869], [78.0145872, 10.0301816], [78.0147337, 10.0295038], [78.0148965, 10.0284283], [78.0149512, 10.0280671], [78.0150116, 10.0274424], [78.0151819, 10.0263292], [78.0153667, 10.0249869], [78.0154797, 10.0243298], [78.0156164, 10.0236985], [78.0158013, 10.0228263], [78.0160242, 10.0217677], [78.0160805, 10.0214614], [78.0161287, 10.0208617], [78.01611, 10.0203995], [78.0160027, 10.0192136], [78.0159571, 10.0185348], [78.0159944, 10.0178529], [78.0160395, 10.0175722], [78.0161204, 10.0171925], [78.016394, 10.0164292], [78.0170005, 10.0149241], [78.0171002, 10.0146715], [78.0174106, 10.0138855], [78.0177086, 10.0128374], [78.0180894, 10.0114692], [78.0182743, 10.0107905], [78.0184435, 10.0101696], [78.0188214, 10.008756], [78.0191999, 10.007449], [78.0194008, 10.006981], [78.0197256, 10.006403], [78.0208438, 10.0045297], [78.0217289, 10.0030188], [78.0218821, 10.0027578], [78.0226063, 10.0015058], [78.0231052, 10.0007504], [78.0240976, 9.9995775], [78.0246608, 9.9988749], [78.0249476, 9.9983646], [78.0251383, 9.9978606], [78.0252295, 9.9974696], [78.0252831, 9.9970946], [78.0252885, 9.9967723], [78.0252992, 9.9957527], [78.0252945, 9.9943371], [78.0252938, 9.9941149], [78.0253069, 9.9934912]]}, "properties": {"kind": "road", "name": "", "osm_id": 819172147, "osm_type": "way", "highway": "trunk"}}, {"type": "Feature", "geometry": {"type": "LineString", "coordinates": [[78.0030357, 10.0471037], [78.0033289, 10.0469789]]}, "properties": {"kind": "road", "name": "", "osm_id": 819172148, "osm_type": "way", "highway": "trunk"}}, {"type": "Feature", "geometry": {"type": "LineString", "coordinates": [[78.0030737, 10.0469361], [78.0029826, 10.0469731], [78.0001302, 10.0481713], [77.9990234, 10.0486362], [77.9981604, 10.049001], [77.9980477, 10.0490486], [77.9978843, 10.0491177], [77.9974203, 10.0494594], [77.9970512, 10.0498025], [77.996666, 10.0503302], [77.9964126, 10.0507271], [77.9959343, 10.0514265], [77.9955832, 10.0518696], [77.9950645, 10.0523936], [77.9945053, 10.0528017], [77.9935118, 10.0532855], [77.9926546, 10.053721], [77.9924024, 10.0538491], [77.9921278, 10.0540314]]}, "properties": {"kind": "road", "name": "", "osm_id": 819172149, "osm_type": "way", "highway": "trunk"}}, {"type": "Feature", "geometry": {"type": "LineString", "coordinates": [[78.0033658, 10.0468175], [78.0030737, 10.0469361]]}, "properties": {"kind": "road", "name": "", "osm_id": 819172150, "osm_type": "way", "highway": "trunk"}}, {"type": "Feature", "geometry": {"type": "LineString", "coordinates": [[78.1115861, 9.9151089], [78.1115632, 9.91514], [78.1115226, 9.9151607], [78.1110291, 9.9152019], [78.110849, 9.915238]]}, "properties": {"kind": "road", "name": "", "osm_id": 819356969, "osm_type": "way", "highway": "primary"}}, {"type": "Feature", "geometry": {"type": "LineString", "coordinates": [[78.0522126, 9.9540122], [78.0507247, 9.9552722], [78.0484727, 9.957211], [78.0463709, 9.9590344], [78.0451427, 9.960097], [78.0450818, 9.9601497], [78.042411, 9.9624327], [78.0420778, 9.9627175], [78.0414506, 9.9632411], [78.0407252, 9.963892], [78.0398823, 9.9646292]]}, "properties": {"kind": "road", "name": "", "osm_id": 822622911, "osm_type": "way", "highway": "trunk"}}, {"type": "Feature", "geometry": {"type": "LineString", "coordinates": [[78.0522886, 9.9541026], [78.0523934, 9.9540116]]}, "properties": {"kind": "road", "name": "", "osm_id": 822622912, "osm_type": "way", "highway": "trunk"}}, {"type": "Feature", "geometry": {"type": "LineString", "coordinates": [[78.0523934, 9.9540116], [78.05288, 9.9535885], [78.053202, 9.9533085], [78.0546802, 9.9519749], [78.0554393, 9.9511163], [78.0562948, 9.9500252], [78.0569333, 9.9490292], [78.0573195, 9.9483688], [78.0576762, 9.9476476], [78.0582984, 9.9461655], [78.0586496, 9.9449761], [78.0588036, 9.9443377]]}, "properties": {"kind": "road", "name": "", "osm_id": 822622913, "osm_type": "way", "highway": "trunk"}}, {"type": "Feature", "geometry": {"type": "LineString", "coordinates": [[78.0523171, 9.9539238], [78.0522126, 9.9540122]]}, "properties": {"kind": "road", "name": "", "osm_id": 822622914, "osm_type": "way", "highway": "trunk"}}, {"type": "Feature", "geometry": {"type": "LineString", "coordinates": [[78.1194171, 9.932097], [78.1202805, 9.9317009]]}, "properties": {"kind": "road", "name": "Palam Station Salai", "osm_id": 837233459, "osm_type": "way", "highway": "primary"}}, {"type": "Feature", "geometry": {"type": "LineString", "coordinates": [[78.1654697, 9.9013104], [78.1653857, 9.9011279], [78.1653325, 9.900972]]}, "properties": {"kind": "road", "name": "Madurai Ring Road", "osm_id": 837233469, "osm_type": "way", "highway": "trunk"}}, {"type": "Feature", "geometry": {"type": "LineString", "coordinates": [[78.1663721, 9.9036453], [78.1663955, 9.9036981], [78.1666445, 9.9042607], [78.1667945, 9.9045814], [78.1670488, 9.9051249], [78.1672304, 9.9055132], [78.1672979, 9.9056575], [78.167339, 9.9057453], [78.1678647, 9.9069502], [78.1685232, 9.908451], [78.1695291, 9.9107747], [78.1699187, 9.9116723], [78.170095, 9.9120814], [78.1702371, 9.9125635], [78.1702988, 9.9128938], [78.1703312, 9.9133502], [78.1702979, 9.9139028], [78.1702829, 9.914131]]}, "properties": {"kind": "road", "name": "Madurai Ring Road", "osm_id": 837233470, "osm_type": "way", "highway": "trunk"}}, {"type": "Feature", "geometry": {"type": "LineString", "coordinates": [[78.1367919, 9.9394402], [78.1367206, 9.9396855], [78.1364125, 9.9406223], [78.1361135, 9.9415948], [78.1359516, 9.9421517], [78.1357385, 9.9428608], [78.1355157, 9.9435354], [78.1353086, 9.9442584], [78.1350759, 9.9449938], [78.1348986, 9.9455888], [78.1347964, 9.9459475], [78.1346098, 9.9465432], [78.1343756, 9.9473149], [78.1340937, 9.9482279], [78.1339096, 9.9488343], [78.1336316, 9.9497145], [78.1334346, 9.9503394], [78.1332521, 9.9509268], [78.1329887, 9.9517446], [78.1326739, 9.9528356], [78.132462, 9.9535354], [78.1324359, 9.9536457], [78.1323816, 9.9539661], [78.1323718, 9.954221], [78.1323934, 9.9544555], [78.1324216, 9.954628], [78.1324932, 9.9549514], [78.1325604, 9.9552112], [78.1327038, 9.9557447], [78.132826, 9.9562073], [78.1329596, 9.9566707], [78.133136, 9.9573151], [78.1332088, 9.9575797], [78.1333191, 9.9579599], [78.1334503, 9.9584186], [78.1335627, 9.9588198], [78.1336403, 9.9590904], [78.1337669, 9.9597228], [78.1338602, 9.9604014], [78.1338726, 9.9604951], [78.1339121, 9.9607942], [78.1339935, 9.9613256], [78.1340695, 9.9616748], [78.13416, 9.9619648], [78.1343192, 9.9622646], [78.1345204, 9.962559], [78.1346377, 9.962781], [78.1347309, 9.9630018], [78.134848, 9.9633783], [78.1348827, 9.9634836], [78.1350205, 9.9638355], [78.1352358, 9.9642857], [78.1356667, 9.9651782], [78.1359877, 9.9658411], [78.1362229, 9.9663328], [78.1363652, 9.9666241], [78.1365811, 9.9670665], [78.1368822, 9.9677151], [78.1369752, 9.9679155], [78.1370422, 9.9680523], [78.1371154, 9.9681929], [78.1371876, 9.9683273], [78.1373278, 9.9685766], [78.1376761, 9.9692], [78.138104, 9.9699892], [78.1383773, 9.9704959], [78.1384402, 9.9706053], [78.1384968, 9.9707025], [78.1389695, 9.971476], [78.1391354, 9.9717411], [78.1392067, 9.97186], [78.1392823, 9.9719961], [78.1393391, 9.9721079], [78.1393856, 9.9722197], [78.1394278, 9.9723415], [78.1394627, 9.9724604], [78.1394933, 9.9725793], [78.1395346, 9.9727735], [78.1396941, 9.9735096], [78.1398718, 9.974329], [78.1399275, 9.9745785], [78.1399656, 9.9747306], [78.1399925, 9.9748195], [78.1400165, 9.9748951], [78.1400479, 9.9749869], [78.1400783, 9.975073], [78.1401137, 9.9751628], [78.1401517, 9.9752477], [78.1401961, 9.9753425], [78.1402436, 9.9754308], [78.1402904, 9.9755151], [78.140351, 9.9756204], [78.1403663, 9.9756471], [78.1404858, 9.9758586], [78.1406279, 9.9761099], [78.1408062, 9.9764046], [78.1411456, 9.9769838], [78.1412811, 9.977214], [78.1413757, 9.9773858], [78.1414462, 9.9775228], [78.1415209, 9.9776944], [78.1415716, 9.9778074], [78.1417089, 9.9781363], [78.1417927, 9.9783319], [78.1419668, 9.9787382], [78.14258, 9.98018], [78.1426975, 9.9804525], [78.1427862, 9.9806713], [78.1429047, 9.9809811], [78.1429968, 9.9812436], [78.1431001, 9.9815378], [78.1431987, 9.9818464], [78.1432797, 9.9821234], [78.1435141, 9.9829114], [78.1435851, 9.9831566], [78.1438315, 9.9840547], [78.1441051, 9.9850537], [78.1442609, 9.9856283], [78.1443122, 9.9858077], [78.1443561, 9.9859507], [78.1444101, 9.9861037], [78.1444676, 9.986245], [78.1445368, 9.9864063], [78.1446026, 9.9865443], [78.1446871, 9.9867023], [78.144877, 9.9870436], [78.1450053, 9.9872615], [78.1450864, 9.9874045], [78.1451556, 9.9875475], [78.1452164, 9.9876855], [78.1452637, 9.9878086], [78.1452974, 9.987915], [78.1453228, 9.9880181], [78.1453498, 9.9881561], [78.1454071, 9.9885373], [78.1454955, 9.9891364], [78.1456418, 9.9901288], [78.1457636, 9.9909843], [78.1457869, 9.9911314], [78.1458198, 9.99129], [78.145854, 9.9914243], [78.1458755, 9.9914904], [78.145909, 9.9915775], [78.1459479, 9.991666], [78.1459906, 9.991763], [78.1460408, 9.9918837], [78.1460875, 9.9920125], [78.1461401, 9.9921792], [78.1461731, 9.9922913], [78.1465367, 9.9936035], [78.1465809, 9.9937422], [78.1466279, 9.9938716], [78.1466708, 9.9939892], [78.1467311, 9.9941344], [78.1467875, 9.9942586], [78.1468424, 9.9943722], [78.1469108, 9.994499], [78.1469819, 9.994631], [78.1470568, 9.9947617], [78.1470952, 9.9948259], [78.1471309, 9.9948848], [78.147163, 9.9949344], [78.147198, 9.9949869], [78.1472834, 9.995109], [78.1474196, 9.9952972], [78.1475909, 9.9955232], [78.1478974, 9.9959435], [78.148053, 9.996168], [78.1481724, 9.9963537], [78.1482887, 9.9965395]]}, "properties": {"kind": "road", "name": "Tallakulam - Chettikulam Meampalam", "osm_id": 837240451, "osm_type": "way", "highway": "trunk"}}, {"type": "Feature", "geometry": {"type": "LineString", "coordinates": [[78.1483572, 9.9964974], [78.1481721, 9.9962059], [78.148011, 9.9959636], [78.1476456, 9.9954734], [78.1474762, 9.9952394], [78.1473441, 9.9950539], [78.1472963, 9.9949873], [78.1472268, 9.9948842], [78.1471678, 9.9947943], [78.1471235, 9.9947243], [78.1470378, 9.9945738], [78.1469438, 9.9943994], [78.1468714, 9.9942476], [78.1468133, 9.9941209], [78.1467496, 9.9939693], [78.1466912, 9.9938141], [78.1466104, 9.9935723], [78.1462535, 9.9922789], [78.1462103, 9.9921291], [78.1461897, 9.9920633], [78.1461672, 9.9919926], [78.1461485, 9.9919374], [78.1461369, 9.9919067], [78.146124, 9.9918743], [78.146067, 9.9917407], [78.1460462, 9.9916936], [78.1460078, 9.9916048], [78.1459777, 9.9915299], [78.1459533, 9.9914673], [78.1459361, 9.9914161], [78.1459056, 9.9913076], [78.1458806, 9.9911961], [78.1458615, 9.991089], [78.1457218, 9.9901174], [78.1454839, 9.9885257], [78.1454455, 9.9882451], [78.1454202, 9.9880922], [78.1453898, 9.9879541], [78.1453661, 9.9878544], [78.1453357, 9.9877612], [78.1452884, 9.9876465], [78.1452091, 9.9874752], [78.1451449, 9.9873472], [78.1450588, 9.9871975], [78.1449491, 9.9870096], [78.1448002, 9.9867524], [78.1447243, 9.9866077], [78.1446584, 9.986473], [78.1445841, 9.9863051], [78.1445216, 9.9861637], [78.1444932, 9.9860956], [78.144462, 9.9860092], [78.1444186, 9.9858794], [78.1443888, 9.9857879], [78.1443404, 9.9856203], [78.1441841, 9.9850375], [78.1439129, 9.9840429], [78.1436595, 9.9831326], [78.1435842, 9.9828714], [78.1433557, 9.9821015], [78.1432339, 9.981699], [78.1431295, 9.9813821], [78.1429797, 9.9809586], [78.1428439, 9.9805978], [78.1427497, 9.9803666], [78.1426584, 9.9801575], [78.142043, 9.9787134], [78.1418067, 9.9781615], [78.141642, 9.9777718], [78.141592, 9.9776566], [78.1414814, 9.9774278], [78.141359, 9.9771921], [78.1412384, 9.9769893], [78.1408692, 9.9763626], [78.1406725, 9.976025], [78.140487, 9.9757107], [78.1403144, 9.9754038], [78.1402673, 9.9753175], [78.1402222, 9.9752187], [78.1401727, 9.9751026], [78.1401378, 9.975008], [78.1401029, 9.9749048], [78.1400607, 9.9747716], [78.1400429, 9.974708], [78.1399984, 9.9745323], [78.1399503, 9.9743165], [78.1397716, 9.9734935], [78.139614, 9.972757], [78.139582, 9.9726109], [78.1395515, 9.9724805], [78.1395209, 9.9723615], [78.1394875, 9.9722584], [78.1394365, 9.9721308], [78.1393885, 9.9720248], [78.1393187, 9.9718915], [78.1392474, 9.9717668], [78.1391819, 9.9716637], [78.1390437, 9.9714416], [78.1385605, 9.9706558], [78.1384996, 9.9705549], [78.1384419, 9.9704518], [78.1381751, 9.96995], [78.1377479, 9.9691655], [78.1373971, 9.9685384], [78.1372545, 9.9682874], [78.1371817, 9.9681516], [78.1371184, 9.9680269], [78.1370465, 9.9678791], [78.1369534, 9.9676811], [78.1366514, 9.9670325], [78.1364338, 9.9665853], [78.1362957, 9.9662989], [78.1360604, 9.9658135], [78.135739, 9.9651458], [78.1353092, 9.9642543], [78.135095, 9.9638068], [78.1349977, 9.9636196], [78.1348111, 9.9630655], [78.134726, 9.9628411], [78.1346268, 9.9626377], [78.134409, 9.9622856], [78.1342382, 9.9619796], [78.134172, 9.9617669], [78.1341175, 9.9615606], [78.1340747, 9.9613], [78.1340279, 9.961008], [78.1339863, 9.9607076], [78.1338841, 9.9599852], [78.1337717, 9.9593803], [78.1337283, 9.9591809], [78.133703, 9.9590643], [78.1335507, 9.9585255], [78.1334284, 9.9580933], [78.1333483, 9.9578193], [78.1331544, 9.9571227], [78.1329833, 9.9565232], [78.1329067, 9.9562286], [78.1327458, 9.9556398], [78.1325775, 9.9550298], [78.132509, 9.9547312], [78.1324644, 9.954452], [78.1324433, 9.954241], [78.132445, 9.954039], [78.1324639, 9.9538369], [78.1325123, 9.9536278], [78.1326728, 9.9531253], [78.1327497, 9.952844], [78.1328825, 9.952375], [78.1329969, 9.9519772], [78.1331787, 9.9513905], [78.1333902, 9.9507043], [78.1336079, 9.9499986], [78.1337922, 9.9494499], [78.1339867, 9.9488434], [78.1342572, 9.9480117], [78.1344593, 9.9473224], [78.1346995, 9.9465423], [78.1349055, 9.9458089], [78.1350649, 9.9452941], [78.1352671, 9.944576], [78.1354532, 9.9439918], [78.1356994, 9.9432101], [78.1358101, 9.9428357], [78.1360619, 9.9419937], [78.1361577, 9.9416563], [78.1363623, 9.941022], [78.1364981, 9.9405797], [78.1366595, 9.9400604], [78.1368473, 9.9394271]]}, "properties": {"kind": "road", "name": "Tallakulam - Chettikulam Meampalam", "osm_id": 837240452, "osm_type": "way", "highway": "trunk"}}, {"type": "Feature", "geometry": {"type": "LineString", "coordinates": [[78.1373016, 9.9373443], [78.1373419, 9.937194], [78.1373862, 9.937103], [78.1374411, 9.9370228], [78.1375348, 9.9369717], [78.1376917, 9.9369568], [78.138338, 9.9370523], [78.1385922, 9.9370843]]}, "properties": {"kind": "road", "name": "Managaratchi Irakkam", "osm_id": 837240453, "osm_type": "way", "highway": "trunk_link"}}, {"type": "Feature", "geometry": {"type": "LineString", "coordinates": [[78.2192495, 9.8618934], [78.2200944, 9.8610368]]}, "properties": {"kind": "road", "name": "", "osm_id": 841475899, "osm_type": "way", "highway": "trunk"}}, {"type": "Feature", "geometry": {"type": "LineString", "coordinates": [[78.230289, 9.849349], [78.2300369, 9.8494152], [78.2293349, 9.8495767], [78.2286884, 9.8497805], [78.2281457, 9.8500063], [78.2275567, 9.8503484], [78.2271061, 9.8506643], [78.2267325, 9.8510073], [78.2263443, 9.8513937], [78.2260145, 9.8518305], [78.2255748, 9.8524511], [78.2248395, 9.8535462], [78.2242524, 9.8545336], [78.2235934, 9.8560634], [78.2234555, 9.8564211], [78.2230639, 9.8571558], [78.2227367, 9.8576156], [78.2205319, 9.860385], [78.2198614, 9.8611408], [78.219173, 9.8618259]]}, "properties": {"kind": "road", "name": "", "osm_id": 841475900, "osm_type": "way", "highway": "trunk"}}, {"type": "Feature", "geometry": {"type": "LineString", "coordinates": [[78.1242801, 9.9238451], [78.1243066, 9.923801], [78.124348, 9.923702], [78.1243573, 9.923684], [78.1244883, 9.92343], [78.1245537, 9.9232948], [78.1246493, 9.9230971], [78.1246889, 9.9229929], [78.1247929, 9.9227199], [78.1248476, 9.9225761], [78.1248956, 9.9224417], [78.1249946, 9.9221304], [78.1251321, 9.9217121], [78.1252394, 9.9212788], [78.1252276, 9.9211301]]}, "properties": {"kind": "road", "name": "Keezha Veli Veethi", "osm_id": 841475903, "osm_type": "way", "highway": "trunk"}}, {"type": "Feature", "geometry": {"type": "LineString", "coordinates": [[78.1185752, 9.9249413], [78.1187233, 9.9249909], [78.1188368, 9.9250284], [78.119166, 9.9251373], [78.1193258, 9.9251447], [78.1195344, 9.9251265], [78.1199703, 9.9250665], [78.1201167, 9.9250747]]}, "properties": {"kind": "road", "name": "Vadakku Veli Veethi", "osm_id": 841475904, "osm_type": "way", "highway": "primary"}}, {"type": "Feature", "geometry": {"type": "LineString", "coordinates": [[78.160665, 9.8951068], [78.161121, 9.8955983], [78.1613946, 9.8958387], [78.1616521, 9.8961003], [78.1623448, 9.896889], [78.1627647, 9.8973808], [78.1643134, 9.8991105], [78.1645573, 9.8994188], [78.1646981, 9.8996664], [78.1647317, 9.8997255], [78.164901, 9.9001463], [78.1649437, 9.9002595], [78.1649821, 9.9003587], [78.1649951, 9.9003944], [78.1650597, 9.9005218]]}, "properties": {"kind": "road", "name": "Madurai Ring Road", "osm_id": 841782737, "osm_type": "way", "highway": "trunk"}}, {"type": "Feature", "geometry": {"type": "LineString", "coordinates": [[78.0981465, 9.9387424], [78.0987924, 9.9410175]]}, "properties": {"kind": "road", "name": "Kamarajar Bridge", "osm_id": 850533305, "osm_type": "way", "highway": "primary"}}, {"type": "Feature", "geometry": {"type": "LineString", "coordinates": [[78.0987924, 9.9410175], [78.0990398, 9.9419661], [78.099146, 9.9422986], [78.0991711, 9.9423987], [78.0992838, 9.9427957], [78.0994853, 9.9434424], [78.0995949, 9.9438647], [78.0996369, 9.9441205], [78.0996533, 9.9444261], [78.0996184, 9.9447833], [78.0995202, 9.9451574], [78.0993507, 9.9454849], [78.0992655, 9.9455915], [78.0990498, 9.9459033]]}, "properties": {"kind": "road", "name": "Puravazhi Salai", "osm_id": 850533306, "osm_type": "way", "highway": "primary"}}, {"type": "Feature", "geometry": {"type": "LineString", "coordinates": [[78.0988657, 9.9409975], [78.0982211, 9.9387218]]}, "properties": {"kind": "road", "name": "Kamarajar Bridge", "osm_id": 850533307, "osm_type": "way", "highway": "primary"}}, {"type": "Feature", "geometry": {"type": "LineString", "coordinates": [[78.0981569, 9.9384813], [78.0978844, 9.9374707], [78.0976905, 9.9368869], [78.0976765, 9.9368449], [78.0975967, 9.936707]]}, "properties": {"kind": "road", "name": "Puravazhi Salai", "osm_id": 850533308, "osm_type": "way", "highway": "primary"}}, {"type": "Feature", "geometry": {"type": "LineString", "coordinates": [[78.0959852, 9.9312031], [78.0960383, 9.9313397]]}, "properties": {"kind": "road", "name": "Puravazhi Salai", "osm_id": 850533310, "osm_type": "way", "highway": "primary_link"}}, {"type": "Feature", "geometry": {"type": "LineString", "coordinates": [[78.0962681, 9.9311884], [78.0962096, 9.9310346]]}, "properties": {"kind": "road", "name": "Puravazhi Salai", "osm_id": 850533311, "osm_type": "way", "highway": "primary_link"}}, {"type": "Feature", "geometry": {"type": "LineString", "coordinates": [[78.095732, 9.9299959], [78.0956518, 9.9298214], [78.0956109, 9.9297259], [78.0954694, 9.9293776], [78.0953132, 9.9288848], [78.0951711, 9.9283184], [78.0950575, 9.9278761], [78.0949133, 9.926861], [78.0947172, 9.9264448]]}, "properties": {"kind": "road", "name": "Puravazhi Salai", "osm_id": 850533312, "osm_type": "way", "highway": "primary_link"}}, {"type": "Feature", "geometry": {"type": "LineString", "coordinates": [[78.0942663, 9.9177494], [78.0943388, 9.9175918]]}, "properties": {"kind": "road", "name": "Puravazhi Salai", "osm_id": 850533313, "osm_type": "way", "highway": "primary"}}, {"type": "Feature", "geometry": {"type": "LineString", "coordinates": [[78.0942453, 9.917609], [78.0941791, 9.9177906]]}, "properties": {"kind": "road", "name": "Puravazhi Salai", "osm_id": 850533315, "osm_type": "way", "highway": "primary"}}, {"type": "Feature", "geometry": {"type": "LineString", "coordinates": [[78.0962566, 9.9124779], [78.0957818, 9.9136257], [78.0957387, 9.9137446], [78.095509, 9.9143525], [78.0952248, 9.9150995], [78.0951987, 9.915235], [78.0950966, 9.9154029], [78.0947744, 9.9162343], [78.0945044, 9.9169354], [78.0943426, 9.9173391], [78.0942453, 9.917609]]}, "properties": {"kind": "road", "name": "Puravazhi Salai", "osm_id": 850533316, "osm_type": "way", "highway": "primary"}}, {"type": "Feature", "geometry": {"type": "LineString", "coordinates": [[78.0963196, 9.9124092], [78.0962566, 9.9124779]]}, "properties": {"kind": "road", "name": "Puravazhi Salai", "osm_id": 850533317, "osm_type": "way", "highway": "primary"}}, {"type": "Feature", "geometry": {"type": "LineString", "coordinates": [[78.0963751, 9.9123677], [78.0963196, 9.9124092]]}, "properties": {"kind": "road", "name": "Puravazhi Salai", "osm_id": 850533318, "osm_type": "way", "highway": "primary"}}, {"type": "Feature", "geometry": {"type": "LineString", "coordinates": [[78.0963336, 9.9124877], [78.0963592, 9.9124227]]}, "properties": {"kind": "road", "name": "Puravazhi Salai", "osm_id": 850533319, "osm_type": "way", "highway": "primary"}}, {"type": "Feature", "geometry": {"type": "LineString", "coordinates": [[78.0963751, 9.9123677], [78.0964008, 9.9122033]]}, "properties": {"kind": "road", "name": "Puravazhi Salai", "osm_id": 850533320, "osm_type": "way", "highway": "primary"}}, {"type": "Feature", "geometry": {"type": "LineString", "coordinates": [[78.0984992, 9.9066013], [78.0985462, 9.906521], [78.0985628, 9.9064151], [78.0986327, 9.9060592], [78.0986489, 9.9059952], [78.0986783, 9.9059042], [78.0987146, 9.9058053]]}, "properties": {"kind": "road", "name": "Puravazhi Salai", "osm_id": 850533321, "osm_type": "way", "highway": "primary"}}, {"type": "Feature", "geometry": {"type": "LineString", "coordinates": [[78.1605926, 9.8948743], [78.1574357, 9.8913124]]}, "properties": {"kind": "road", "name": "Madurai Ring Road", "osm_id": 860009618, "osm_type": "way", "highway": "trunk"}}, {"type": "Feature", "geometry": {"type": "LineString", "coordinates": [[78.1575134, 9.8915634], [78.160665, 9.8951068]]}, "properties": {"kind": "road", "name": "Madurai Ring Road", "osm_id": 860009619, "osm_type": "way", "highway": "trunk"}}, {"type": "Feature", "geometry": {"type": "LineString", "coordinates": [[78.1624092, 9.8968256], [78.1615394, 9.8958466], [78.1611706, 9.8954926], [78.1605926, 9.8948743]]}, "properties": {"kind": "road", "name": "Madurai Ring Road", "osm_id": 860009620, "osm_type": "way", "highway": "trunk"}}, {"type": "Feature", "geometry": {"type": "LineString", "coordinates": [[78.1498179, 9.9112211], [78.1500023, 9.9111242], [78.150502, 9.9109447], [78.1510562, 9.9107309], [78.1515504, 9.9104829], [78.1524071, 9.9100325], [78.1527535, 9.9098664], [78.1530085, 9.9097441], [78.153276, 9.9096158], [78.1533701, 9.9095707], [78.153661, 9.9094024], [78.154243, 9.9089702], [78.154497, 9.9087222], [78.1551954, 9.9080529], [78.1554194, 9.9078383], [78.1557144, 9.9075008], [78.1559906, 9.9071829], [78.1560881, 9.9070707], [78.1568295, 9.9062882], [78.1569933, 9.9061153], [78.157656, 9.9056444], [78.1582865, 9.905153], [78.158905, 9.9047397], [78.1591409, 9.9045821], [78.1594179, 9.9044304], [78.1597228, 9.9042636], [78.1604812, 9.9037079], [78.1608228, 9.9034576], [78.161004, 9.9033194], [78.161146, 9.903206], [78.1612509, 9.9031222], [78.1613912, 9.9030101], [78.1618288, 9.902587], [78.1619714, 9.9024282], [78.1622699, 9.9020957], [78.162741, 9.9017431], [78.1635261, 9.9012107], [78.1638207, 9.9010625], [78.1640379, 9.9009938], [78.1642334, 9.9009428], [78.1644786, 9.900901], [78.1645111, 9.9008965], [78.1647508, 9.9008629], [78.1650101, 9.9008508]]}, "properties": {"kind": "road", "name": "Ramanathapuram Salai", "osm_id": 860012445, "osm_type": "way", "highway": "trunk"}}, {"type": "Feature", "geometry": {"type": "LineString", "coordinates": [[78.1118884, 9.9123773], [78.1117958, 9.9124098], [78.1117123, 9.9124423], [78.1116233, 9.912489]]}, "properties": {"kind": "road", "name": "Therkku Veli Veedhi", "osm_id": 862431390, "osm_type": "way", "highway": "primary"}}, {"type": "Feature", "geometry": {"type": "LineString", "coordinates": [[78.1124674, 9.9166024], [78.1125241, 9.9165847], [78.1126069, 9.9165588], [78.1126585, 9.9165209], [78.1126655, 9.9164065], [78.1126516, 9.916215], [78.1126036, 9.9153675], [78.1125899, 9.91509], [78.1126239, 9.9148663], [78.1126227, 9.914706], [78.1126213, 9.9145768], [78.1125709, 9.9143706], [78.1125722, 9.9142336], [78.1125605, 9.9138337], [78.1125376, 9.9133416], [78.1125328, 9.913233], [78.1124364, 9.9124372]]}, "properties": {"kind": "road", "name": "Thirupparankundram Salai", "osm_id": 862431391, "osm_type": "way", "highway": "primary"}}, {"type": "Feature", "geometry": {"type": "LineString", "coordinates": [[78.1122687, 9.9123382], [78.1118884, 9.9123773]]}, "properties": {"kind": "road", "name": "Therkku Veli Veethi", "osm_id": 862431392, "osm_type": "way", "highway": "primary"}}, {"type": "Feature", "geometry": {"type": "LineString", "coordinates": [[78.1117553, 9.9121053], [78.1119066, 9.9117481], [78.1119618, 9.9115636], [78.1119723, 9.9114908], [78.1119672, 9.9114056], [78.1119528, 9.9113039], [78.1119195, 9.9112068], [78.1118266, 9.9110504], [78.1114181, 9.9104644], [78.1112225, 9.910183], [78.1110714, 9.9100108], [78.1109156, 9.9098665], [78.1107543, 9.9097386], [78.110571, 9.909617], [78.1103858, 9.9095322]]}, "properties": {"kind": "road", "name": "Thirupparankundram Salai", "osm_id": 862431393, "osm_type": "way", "highway": "primary"}}, {"type": "Feature", "geometry": {"type": "LineString", "coordinates": [[78.0926877, 9.8998], [78.0927317, 9.8998277]]}, "properties": {"kind": "road", "name": "Thirupparankundram Salai", "osm_id": 862524373, "osm_type": "way", "highway": "primary"}}, {"type": "Feature", "geometry": {"type": "LineString", "coordinates": [[78.0698763, 9.8832581], [78.0717652, 9.8845566], [78.0740818, 9.8862831], [78.0741441, 9.8863325], [78.0742939, 9.8864648], [78.0745185, 9.8867599], [78.0747793, 9.8869541], [78.0748565, 9.8870266], [78.0749323, 9.8871461], [78.0749738, 9.8871996], [78.0750641, 9.8873847], [78.0752012, 9.8878338], [78.0752748, 9.8880876]]}, "properties": {"kind": "road", "name": "Thirupparankundram Salai", "osm_id": 862524375, "osm_type": "way", "highway": "primary"}}, {"type": "Feature", "geometry": {"type": "LineString", "coordinates": [[78.0623592, 9.880579], [78.0622904, 9.8805782], [78.0614883, 9.8805902], [78.0613978, 9.8805905], [78.0612959, 9.8805908]]}, "properties": {"kind": "road", "name": "Thirupparankundram Salai", "osm_id": 862524376, "osm_type": "way", "highway": "primary"}}, {"type": "Feature", "geometry": {"type": "LineString", "coordinates": [[78.0612298, 9.8806634], [78.0613197, 9.8806558]]}, "properties": {"kind": "road", "name": "Thirupparankundram Salai", "osm_id": 862524378, "osm_type": "way", "highway": "primary"}}, {"type": "Feature", "geometry": {"type": "LineString", "coordinates": [[78.0609736, 9.8806724], [78.0610989, 9.8806686], [78.0612298, 9.8806634]]}, "properties": {"kind": "road", "name": "Thirupparankundram Salai", "osm_id": 862524379, "osm_type": "way", "highway": "primary"}}, {"type": "Feature", "geometry": {"type": "LineString", "coordinates": [[78.0608846, 9.8806765], [78.0609736, 9.8806724]]}, "properties": {"kind": "road", "name": "Thirupparankundram Salai", "osm_id": 862524380, "osm_type": "way", "highway": "primary"}}, {"type": "Feature", "geometry": {"type": "LineString", "coordinates": [[78.0608995, 9.8806039], [78.0608485, 9.8806051]]}, "properties": {"kind": "road", "name": "Thirupparankundram Salai", "osm_id": 862524382, "osm_type": "way", "highway": "primary"}}, {"type": "Feature", "geometry": {"type": "LineString", "coordinates": [[78.0611893, 9.8805967], [78.0608995, 9.8806039]]}, "properties": {"kind": "road", "name": "Thirupparankundram Salai", "osm_id": 862524383, "osm_type": "way", "highway": "primary"}}, {"type": "Feature", "geometry": {"type": "LineString", "coordinates": [[78.1579443, 9.9477169], [78.1579897, 9.9475571], [78.1580932, 9.9471464], [78.1581209, 9.9470398]]}, "properties": {"kind": "road", "name": "120 \u0b85\u0b9f\u0bbf \u0b9a\u0bbe\u0bb2\u0bc8", "osm_id": 866704973, "osm_type": "way", "highway": "primary"}}, {"type": "Feature", "geometry": {"type": "LineString", "coordinates": [[78.1582169, 9.9465784], [78.1581789, 9.9467158], [78.1581472, 9.9468293]]}, "properties": {"kind": "road", "name": "120 \u0b85\u0b9f\u0bbf \u0b9a\u0bbe\u0bb2\u0bc8", "osm_id": 866704976, "osm_type": "way", "highway": "primary"}}, {"type": "Feature", "geometry": {"type": "LineString", "coordinates": [[78.1535595, 9.9570668], [78.1537119, 9.9569991], [78.1538105, 9.9568714], [78.1543461, 9.9561148], [78.1554411, 9.9547351], [78.1556388, 9.9544549], [78.1560794, 9.9538304], [78.1563109, 9.9534379], [78.1566172, 9.9528783], [78.1570009, 9.9517737], [78.1573558, 9.9503465], [78.1575621, 9.9495174], [78.15798, 9.9478173], [78.1579443, 9.9477169]]}, "properties": {"kind": "road", "name": "120 \u0b85\u0b9f\u0bbf \u0b9a\u0bbe\u0bb2\u0bc8", "osm_id": 866704978, "osm_type": "way", "highway": "primary"}}, {"type": "Feature", "geometry": {"type": "LineString", "coordinates": [[78.1555493, 9.9543938], [78.1556388, 9.9544549]]}, "properties": {"kind": "road", "name": "", "osm_id": 866704979, "osm_type": "way", "highway": "primary_link"}}, {"type": "Feature", "geometry": {"type": "LineString", "coordinates": [[78.124631, 9.9245389], [78.1244196, 9.9242167], [78.1243703, 9.9241895], [78.1243111, 9.9240896], [78.1242343, 9.923953]]}, "properties": {"kind": "road", "name": "Keezha Veli Veethi", "osm_id": 866982768, "osm_type": "way", "highway": "trunk"}}, {"type": "Feature", "geometry": {"type": "LineString", "coordinates": [[78.125965, 9.9299174], [78.1259811, 9.9300531], [78.1259155, 9.9300974]]}, "properties": {"kind": "road", "name": "Kal Palam Salai", "osm_id": 867021928, "osm_type": "way", "highway": "primary"}}, {"type": "Feature", "geometry": {"type": "LineString", "coordinates": [[78.1000892, 9.9457393], [78.1001652, 9.9453388], [78.1002114, 9.9450701], [78.1002631, 9.9447409], [78.1003109, 9.9444377], [78.1004113, 9.9441704], [78.1004359, 9.944103], [78.1004326, 9.9440325]]}, "properties": {"kind": "road", "name": "Thathaneri Pradhana Salai", "osm_id": 867021929, "osm_type": "way", "highway": "primary"}}, {"type": "Feature", "geometry": {"type": "LineString", "coordinates": [[78.1182775, 9.9699544], [78.1181525, 9.9696944], [78.1181072, 9.9695466], [78.1181091, 9.9693273], [78.1181532, 9.9690131], [78.1182537, 9.9684931], [78.1183002, 9.9679648], [78.1183302, 9.9677027], [78.118348, 9.9673735], [78.1183871, 9.9669455], [78.1184073, 9.9666464], [78.1184388, 9.9663492], [78.1185022, 9.9657538], [78.118516, 9.9656413], [78.1185935, 9.9649813], [78.1186334, 9.9646819], [78.1186928, 9.9641966], [78.1187585, 9.9638625], [78.1188174, 9.9635629], [78.1188383, 9.9634447], [78.1188821, 9.9630776], [78.1188707, 9.9625544], [78.1188592, 9.9624353], [78.1188305, 9.9620734]]}, "properties": {"kind": "road", "name": "Sellur - Kulamangalam Road", "osm_id": 867021934, "osm_type": "way", "highway": "primary"}}, {"type": "Feature", "geometry": {"type": "LineString", "coordinates": [[78.1262491, 9.9710341], [78.1262185, 9.9710287], [78.1261864, 9.9710231], [78.1261687, 9.9710265], [78.1260855, 9.9710482], [78.1259683, 9.9711154], [78.1256284, 9.9713316], [78.1252725, 9.9715123], [78.1251543, 9.9715774], [78.1249093, 9.9716829], [78.1247714, 9.9717277], [78.1243694, 9.9718746], [78.1242526, 9.9719451], [78.1237724, 9.9722393], [78.1235378, 9.9723825], [78.123184, 9.9726027], [78.1229434, 9.9726688], [78.1227139, 9.9726876], [78.1227041, 9.9726882], [78.1224873, 9.9727014], [78.1222778, 9.9726737], [78.1218317, 9.9725345], [78.1215009, 9.9724072], [78.1211831, 9.9722778], [78.1211155, 9.9722496], [78.1210849, 9.9722369], [78.1210458, 9.9722206], [78.12031, 9.9718523], [78.1198972, 9.9716429], [78.1192218, 9.9712164], [78.1191125, 9.9711387], [78.1190079, 9.9710222], [78.1189599, 9.9709556]]}, "properties": {"kind": "road", "name": "", "osm_id": 867021970, "osm_type": "way", "highway": "primary"}}, {"type": "Feature", "geometry": {"type": "LineString", "coordinates": [[78.126306, 9.9710388], [78.1262491, 9.9710341]]}, "properties": {"kind": "road", "name": "", "osm_id": 867021971, "osm_type": "way", "highway": "primary"}}, {"type": "Feature", "geometry": {"type": "LineString", "coordinates": [[78.1188969, 9.9710203], [78.1189363, 9.9710648], [78.1190352, 9.9711723], [78.1191712, 9.9712914], [78.1193992, 9.9714454], [78.1198781, 9.9717215], [78.1202432, 9.9719181], [78.1210938, 9.972319], [78.1212364, 9.9723848], [78.1218166, 9.9726117], [78.1221425, 9.972728], [78.1222571, 9.972763], [78.1223564, 9.9727768], [78.122463, 9.9727874], [78.1227151, 9.9727795], [78.1229498, 9.9727379], [78.1231624, 9.9726731], [78.1232844, 9.9726216], [78.1234708, 9.9725028], [78.1236693, 9.9723793], [78.1242587, 9.9719949], [78.1243701, 9.9719328], [78.1245203, 9.9718767], [78.1247932, 9.9717829], [78.1249259, 9.9717254], [78.1251633, 9.971633], [78.1252699, 9.9715815], [78.1256387, 9.9713794], [78.125909, 9.9712116], [78.1260139, 9.9711393], [78.1260468, 9.9711271], [78.1260766, 9.9711284], [78.1261044, 9.9711363], [78.1261296, 9.9711505], [78.1261624, 9.9711756], [78.1261953, 9.9712067], [78.126261, 9.9712605]]}, "properties": {"kind": "road", "name": "", "osm_id": 867021996, "osm_type": "way", "highway": "primary"}}, {"type": "Feature", "geometry": {"type": "LineString", "coordinates": [[78.1273821, 9.9744849], [78.1274464, 9.9744694]]}, "properties": {"kind": "road", "name": "", "osm_id": 867021997, "osm_type": "way", "highway": "primary"}}, {"type": "Feature", "geometry": {"type": "LineString", "coordinates": [[78.1357862, 9.9374736], [78.1361026, 9.9378248], [78.1364523, 9.9381968], [78.1366328, 9.9384286], [78.1367209, 9.9385771], [78.1367522, 9.9387088], [78.1367749, 9.9388043], [78.1367806, 9.938832], [78.1367876, 9.9388575]]}, "properties": {"kind": "road", "name": "Gokhale Salai", "osm_id": 867022038, "osm_type": "way", "highway": "primary"}}, {"type": "Feature", "geometry": {"type": "LineString", "coordinates": [[78.1356317, 9.9372542], [78.1356772, 9.9373311]]}, "properties": {"kind": "road", "name": "Gokhale Salai", "osm_id": 867022039, "osm_type": "way", "highway": "primary"}}, {"type": "Feature", "geometry": {"type": "LineString", "coordinates": [[78.1426747, 9.9439709], [78.1425448, 9.9437419], [78.1420642, 9.9432601], [78.1418142, 9.9429523], [78.1415209, 9.9426218], [78.1409626, 9.9419961], [78.1403192, 9.9412212], [78.1402052, 9.9410833], [78.1397118, 9.9404865], [78.1390402, 9.939718], [78.1388993, 9.9395538], [78.1385618, 9.9391607], [78.1383741, 9.9389272], [78.1382266, 9.9387376], [78.1381368, 9.9386246], [78.1381148, 9.9385949], [78.1380894, 9.9385607], [78.1379899, 9.9384207], [78.1378487, 9.9382131], [78.1376144, 9.9377723]]}, "properties": {"kind": "road", "name": "Azhagarkovil Salai", "osm_id": 867022042, "osm_type": "way", "highway": "primary"}}, {"type": "Feature", "geometry": {"type": "LineString", "coordinates": [[78.108721, 9.9610158], [78.1086579, 9.9610298], [78.1085951, 9.96103], [78.1081605, 9.9610238], [78.106963, 9.9610034], [78.1066374, 9.9610011], [78.106203, 9.9609855], [78.1059708, 9.9609929], [78.1056809, 9.9610393], [78.1055176, 9.9610598], [78.1051429, 9.9611223], [78.1046581, 9.9611879], [78.1044611, 9.9612162], [78.1040407, 9.9612791], [78.1038356, 9.9613107], [78.1034772, 9.9613696], [78.1030446, 9.9614486], [78.1029749, 9.9614643], [78.1027733, 9.9614969]]}, "properties": {"kind": "road", "name": "Anaiyur Salai", "osm_id": 867022069, "osm_type": "way", "highway": "primary"}}, {"type": "Feature", "geometry": {"type": "LineString", "coordinates": [[78.1088847, 9.9609882], [78.108721, 9.9610158]]}, "properties": {"kind": "road", "name": "Anaiyur Salai", "osm_id": 867022070, "osm_type": "way", "highway": "primary"}}, {"type": "Feature", "geometry": {"type": "LineString", "coordinates": [[78.0986638, 9.9557708], [78.0986352, 9.9559518], [78.0986073, 9.9562186], [78.0985689, 9.9565123], [78.0985209, 9.9568821], [78.0985109, 9.9570332], [78.0984619, 9.9573405], [78.0984197, 9.9575379], [78.0983975, 9.957672], [78.0983546, 9.9580194], [78.0983455, 9.9580948], [78.0983042, 9.9583702], [78.0982698, 9.9585735], [78.098249, 9.9587553], [78.0982123, 9.9589657], [78.0981698, 9.9592791], [78.0980428, 9.9601004], [78.0979695, 9.9605188]]}, "properties": {"kind": "road", "name": "Madurai - Palamedu Road", "osm_id": 867022090, "osm_type": "way", "highway": "primary"}}, {"type": "Feature", "geometry": {"type": "LineString", "coordinates": [[78.0969544, 9.9661393], [78.0969151, 9.9664352]]}, "properties": {"kind": "road", "name": "Madurai - Palamedu Road", "osm_id": 867022091, "osm_type": "way", "highway": "primary"}}, {"type": "Feature", "geometry": {"type": "LineString", "coordinates": [[78.0992379, 9.951522], [78.0992214, 9.9516156], [78.099178, 9.9518938], [78.0991442, 9.9521405], [78.0991217, 9.952305], [78.0991066, 9.9524087], [78.0990295, 9.9529418], [78.0989485, 9.9533719], [78.0988969, 9.9536291], [78.0988576, 9.9537976], [78.0987874, 9.9542123], [78.0987841, 9.9542472], [78.0987661, 9.9544354], [78.0987714, 9.9546279], [78.0987395, 9.9549562], [78.0987102, 9.9554003], [78.0986979, 9.9555552], [78.0986971, 9.9555601]]}, "properties": {"kind": "road", "name": "Madurai - Palamedu Road", "osm_id": 867022092, "osm_type": "way", "highway": "primary"}}, {"type": "Feature", "geometry": {"type": "LineString", "coordinates": [[78.0986971, 9.9555601], [78.0986638, 9.9557708]]}, "properties": {"kind": "road", "name": "Madurai - Palamedu Road", "osm_id": 867022093, "osm_type": "way", "highway": "primary"}}, {"type": "Feature", "geometry": {"type": "LineString", "coordinates": [[78.20427, 9.9625873], [78.2050892, 9.9632831], [78.2059596, 9.9640562], [78.2075083, 9.9655786], [78.207644, 9.9657399], [78.2077129, 9.9658218]]}, "properties": {"kind": "road", "name": "Madurai - Trichy Highway", "osm_id": 867030601, "osm_type": "way", "highway": "trunk"}}, {"type": "Feature", "geometry": {"type": "LineString", "coordinates": [[78.1771165, 9.8203592], [78.1769085, 9.8205506]]}, "properties": {"kind": "road", "name": "Madurai - Viradanur - Valayankulam Road", "osm_id": 870776552, "osm_type": "way", "highway": "primary"}}, {"type": "Feature", "geometry": {"type": "LineString", "coordinates": [[78.0993534, 9.8487159], [78.1002213, 9.8480472], [78.1005189, 9.8478179], [78.1009483, 9.8474844], [78.1012485, 9.8472513], [78.101778, 9.8466187], [78.1023643, 9.8456361], [78.1027431, 9.8450975], [78.1027786, 9.845047], [78.1028121, 9.8449993], [78.1037155, 9.8437147], [78.1037976, 9.843598], [78.1045444, 9.8423549], [78.1045557, 9.8423353], [78.1048044, 9.8419027]]}, "properties": {"kind": "road", "name": "Aruppukottai Salai", "osm_id": 870776571, "osm_type": "way", "highway": "primary"}}, {"type": "Feature", "geometry": {"type": "LineString", "coordinates": [[78.0992875, 9.8543139], [78.0994094, 9.8544675]]}, "properties": {"kind": "road", "name": "Aruppukottai Salai", "osm_id": 870776572, "osm_type": "way", "highway": "primary"}}, {"type": "Feature", "geometry": {"type": "LineString", "coordinates": [[78.1027733, 9.9614969], [78.1028742, 9.9615047], [78.1031728, 9.9614843], [78.1034891, 9.9614412], [78.1035519, 9.9614327], [78.1040466, 9.9613477], [78.1044658, 9.96128], [78.1051477, 9.961188], [78.1059723, 9.9610544], [78.1062053, 9.9610601], [78.1066323, 9.9610717], [78.1069677, 9.9610664], [78.1081567, 9.9610767], [78.1085524, 9.9610958], [78.1086758, 9.9610902], [78.108738, 9.9610799]]}, "properties": {"kind": "road", "name": "Anaiyur Salai", "osm_id": 884162475, "osm_type": "way", "highway": "primary"}}, {"type": "Feature", "geometry": {"type": "LineString", "coordinates": [[78.1027733, 9.9614969], [78.1025178, 9.9615042], [78.1020199, 9.9615357], [78.1016498, 9.9615119], [78.1015678, 9.9615099], [78.1013292, 9.9614669], [78.1010824, 9.9613967], [78.1009433, 9.9613507], [78.1008524, 9.9613391], [78.100664, 9.9613666], [78.1005469, 9.9613967], [78.100153, 9.961501], [78.1001111, 9.9615068], [78.0997643, 9.9615683], [78.0993949, 9.9616548], [78.099064, 9.9617244], [78.0990026, 9.9617374], [78.0984995, 9.9618183], [78.0981034, 9.9618398]]}, "properties": {"kind": "road", "name": "Anaiyur Salai", "osm_id": 884162476, "osm_type": "way", "highway": "primary"}}, {"type": "Feature", "geometry": {"type": "LineString", "coordinates": [[78.1133859, 9.9594874], [78.1133609, 9.9594156], [78.1131771, 9.9594691], [78.1126335, 9.9596482], [78.1121469, 9.9598166], [78.1118929, 9.9599131], [78.1113132, 9.9601168], [78.1111598, 9.9601814], [78.1109328, 9.9602505], [78.1105302, 9.960377], [78.1103115, 9.9604562], [78.1099635, 9.9605763], [78.1093639, 9.960803], [78.1090527, 9.9609183], [78.1089245, 9.9609712], [78.1088847, 9.9609882]]}, "properties": {"kind": "road", "name": "Anaiyur Salai", "osm_id": 884162477, "osm_type": "way", "highway": "primary"}}, {"type": "Feature", "geometry": {"type": "LineString", "coordinates": [[78.1191359, 9.959581], [78.1186553, 9.9595876], [78.1184216, 9.9595903], [78.1180987, 9.9595969], [78.1172624, 9.9596352], [78.1170907, 9.9596183]]}, "properties": {"kind": "road", "name": "", "osm_id": 884162478, "osm_type": "way", "highway": "primary"}}, {"type": "Feature", "geometry": {"type": "LineString", "coordinates": [[78.1188305, 9.9620734], [78.1188307, 9.9619975], [78.1188216, 9.9619257], [78.118834, 9.9616387], [78.1189984, 9.9609762], [78.119035, 9.9605252], [78.1190919, 9.9599886], [78.1191359, 9.959581]]}, "properties": {"kind": "road", "name": "Sellur - Kulamangalam Road", "osm_id": 884162480, "osm_type": "way", "highway": "primary"}}, {"type": "Feature", "geometry": {"type": "LineString", "coordinates": [[78.126261, 9.9712605], [78.1263186, 9.9713583], [78.1264493, 9.9717074], [78.1264819, 9.9717941], [78.1265967, 9.9721602], [78.1267141, 9.9725132], [78.1267814, 9.9727638], [78.1269041, 9.9731466], [78.1269598, 9.973315], [78.1270384, 9.9735412], [78.1271537, 9.9739028], [78.1272693, 9.9742763], [78.1273371, 9.9744636], [78.1273821, 9.9744849]]}, "properties": {"kind": "road", "name": "", "osm_id": 884162490, "osm_type": "way", "highway": "primary"}}, {"type": "Feature", "geometry": {"type": "LineString", "coordinates": [[78.1263455, 9.9710572], [78.126306, 9.9710388]]}, "properties": {"kind": "road", "name": "", "osm_id": 884162491, "osm_type": "way", "highway": "primary"}}, {"type": "Feature", "geometry": {"type": "LineString", "coordinates": [[78.1481215, 9.9508148], [78.1480658, 9.9507453], [78.1473837, 9.9498817], [78.1468875, 9.9492893], [78.1464296, 9.9487638], [78.1461816, 9.9484764], [78.1460301, 9.948276], [78.1458839, 9.9481039], [78.1456951, 9.947867], [78.1455273, 9.9476526], [78.1453774, 9.9475522]]}, "properties": {"kind": "road", "name": "Azhagarkovil Salai", "osm_id": 884162503, "osm_type": "way", "highway": "primary"}}, {"type": "Feature", "geometry": {"type": "LineString", "coordinates": [[78.1088937, 9.9610517], [78.1093921, 9.9608875], [78.1103307, 9.9605484], [78.1105599, 9.9604708], [78.1106853, 9.9604251], [78.110955, 9.9603268], [78.1112226, 9.9602537], [78.111336, 9.9601773], [78.1127063, 9.9596943], [78.1133859, 9.9594874]]}, "properties": {"kind": "road", "name": "Anaiyur Salai", "osm_id": 884162504, "osm_type": "way", "highway": "primary"}}, {"type": "Feature", "geometry": {"type": "LineString", "coordinates": [[78.108738, 9.9610799], [78.1088937, 9.9610517]]}, "properties": {"kind": "road", "name": "Anaiyur Salai", "osm_id": 884162505, "osm_type": "way", "highway": "primary"}}, {"type": "Feature", "geometry": {"type": "LineString", "coordinates": [[78.0977283, 9.9621088], [78.0977873, 9.9619825], [78.0978329, 9.961899]]}, "properties": {"kind": "road", "name": "", "osm_id": 884162513, "osm_type": "way", "highway": "primary_link"}}, {"type": "Feature", "geometry": {"type": "LineString", "coordinates": [[78.0978538, 9.9618263], [78.0978431, 9.9618233], [78.0978398, 9.9617369], [78.097822, 9.9615313]]}, "properties": {"kind": "road", "name": "Anaiyur Salai", "osm_id": 884162514, "osm_type": "way", "highway": "primary"}}, {"type": "Feature", "geometry": {"type": "LineString", "coordinates": [[78.0978431, 9.9618233], [78.0977702, 9.9618507], [78.0976609, 9.9619042]]}, "properties": {"kind": "road", "name": "", "osm_id": 884162515, "osm_type": "way", "highway": "primary_link"}}, {"type": "Feature", "geometry": {"type": "LineString", "coordinates": [[78.0978857, 9.9618995], [78.0980309, 9.9618694], [78.0981034, 9.9618398]]}, "properties": {"kind": "road", "name": "Anaiyur Salai", "osm_id": 884162516, "osm_type": "way", "highway": "primary"}}, {"type": "Feature", "geometry": {"type": "LineString", "coordinates": [[78.0978415, 9.9618985], [78.0978857, 9.9618995]]}, "properties": {"kind": "road", "name": "Anaiyur Salai", "osm_id": 884162517, "osm_type": "way", "highway": "primary"}}, {"type": "Feature", "geometry": {"type": "LineString", "coordinates": [[78.0981034, 9.9618398], [78.0979997, 9.9618353], [78.0978922, 9.9618284]]}, "properties": {"kind": "road", "name": "Anaiyur Salai", "osm_id": 884162520, "osm_type": "way", "highway": "primary"}}, {"type": "Feature", "geometry": {"type": "LineString", "coordinates": [[78.0978922, 9.9618284], [78.0978538, 9.9618263]]}, "properties": {"kind": "road", "name": "Anaiyur Salai", "osm_id": 884162521, "osm_type": "way", "highway": "primary"}}, {"type": "Feature", "geometry": {"type": "LineString", "coordinates": [[78.1426747, 9.9439709], [78.1428335, 9.9441767], [78.1431763, 9.9446211], [78.1431965, 9.9446473]]}, "properties": {"kind": "road", "name": "Azhagarkovil Salai", "osm_id": 884177250, "osm_type": "way", "highway": "primary"}}, {"type": "Feature", "geometry": {"type": "LineString", "coordinates": [[78.2015209, 10.0439837], [78.201618, 10.0442483]]}, "properties": {"kind": "road", "name": "Azhagarkovil Salai", "osm_id": 884177255, "osm_type": "way", "highway": "primary"}}, {"type": "Feature", "geometry": {"type": "LineString", "coordinates": [[78.2020757, 10.045879], [78.202136, 10.0455741], [78.2021601, 10.0454645], [78.2021548, 10.0453773], [78.202132, 10.0452862], [78.2020944, 10.0451726], [78.2017551, 10.044235], [78.2017437, 10.0442054]]}, "properties": {"kind": "road", "name": "Azhagarkovil Salai", "osm_id": 884177256, "osm_type": "way", "highway": "primary"}}, {"type": "Feature", "geometry": {"type": "LineString", "coordinates": [[78.2017437, 10.0442054], [78.2016693, 10.043996]]}, "properties": {"kind": "road", "name": "Azhagarkovil Salai", "osm_id": 884177257, "osm_type": "way", "highway": "primary"}}, {"type": "Feature", "geometry": {"type": "LineString", "coordinates": [[78.201618, 10.0442483], [78.2016425, 10.0443048], [78.2018111, 10.0447855], [78.2019281, 10.0451399], [78.2019886, 10.0453614], [78.2020165, 10.0455536], [78.2020757, 10.045879]]}, "properties": {"kind": "road", "name": "Azhagarkovil Salai", "osm_id": 884177258, "osm_type": "way", "highway": "primary"}}, {"type": "Feature", "geometry": {"type": "LineString", "coordinates": [[78.1647589, 9.9716502], [78.1648774, 9.9718169]]}, "properties": {"kind": "road", "name": "Azhagarkovil Salai", "osm_id": 884205139, "osm_type": "way", "highway": "primary"}}, {"type": "Feature", "geometry": {"type": "LineString", "coordinates": [[78.1654034, 9.9725835], [78.1656568, 9.9729251], [78.1659928, 9.9733862], [78.1662354, 9.973738], [78.1666594, 9.9743137], [78.1667152, 9.9743987], [78.1672129, 9.9749836], [78.1674826, 9.9753188], [78.1677998, 9.9756715], [78.1680394, 9.9759056], [78.1682598, 9.9761331], [78.1687087, 9.9766054], [78.1688005, 9.9767121], [78.1689606, 9.9767955]]}, "properties": {"kind": "road", "name": "Azhagarkovil Salai", "osm_id": 884205140, "osm_type": "way", "highway": "primary"}}, {"type": "Feature", "geometry": {"type": "LineString", "coordinates": [[78.1649389, 9.9717068], [78.1648228, 9.9715564]]}, "properties": {"kind": "road", "name": "Azhagarkovil Salai", "osm_id": 884205141, "osm_type": "way", "highway": "primary"}}, {"type": "Feature", "geometry": {"type": "LineString", "coordinates": [[78.0950138, 10.0468498], [78.0951957, 10.047014]]}, "properties": {"kind": "road", "name": "Thanichiyam - Alanganallur - Vavidamaruthur Road", "osm_id": 884205147, "osm_type": "way", "highway": "primary"}}, {"type": "Feature", "geometry": {"type": "LineString", "coordinates": [[78.159204, 9.9472674], [78.1593372, 9.9473303], [78.159532, 9.9474139], [78.1596379, 9.9474692], [78.1605295, 9.9479242], [78.1608776, 9.9480942], [78.1609732, 9.9481381], [78.1610514, 9.9481715]]}, "properties": {"kind": "road", "name": "Melur Pradhana Salai", "osm_id": 884205167, "osm_type": "way", "highway": "primary"}}, {"type": "Feature", "geometry": {"type": "LineString", "coordinates": [[78.1610514, 9.9481715], [78.1611652, 9.9482214]]}, "properties": {"kind": "road", "name": "Melur Pradhana Salai", "osm_id": 884205168, "osm_type": "way", "highway": "primary"}}, {"type": "Feature", "geometry": {"type": "LineString", "coordinates": [[78.1610872, 9.9480231], [78.1607228, 9.9478513], [78.1601901, 9.9476001], [78.1599946, 9.9475079], [78.1595756, 9.9472948]]}, "properties": {"kind": "road", "name": "Melur Pradhana Salai", "osm_id": 884205169, "osm_type": "way", "highway": "primary"}}, {"type": "Feature", "geometry": {"type": "LineString", "coordinates": [[78.1611942, 9.9480804], [78.1610872, 9.9480231]]}, "properties": {"kind": "road", "name": "Melur Pradhana Salai", "osm_id": 884205170, "osm_type": "way", "highway": "primary"}}, {"type": "Feature", "geometry": {"type": "LineString", "coordinates": [[77.9737566, 9.9414611], [77.9737363, 9.9414669], [77.9737191, 9.9414788], [77.9737122, 9.9414867], [77.9737039, 9.9415019], [77.9737001, 9.9415188], [77.9737011, 9.9415361], [77.9737086, 9.9415555], [77.9737221, 9.9415715], [77.97374, 9.9415823], [77.9737606, 9.9415867], [77.9737815, 9.9415844], [77.9738006, 9.9415754], [77.9738156, 9.9415609], [77.9738251, 9.9415424], [77.9738279, 9.9415218], [77.9738237, 9.9415014], [77.9738131, 9.9414835], [77.9737972, 9.9414699], [77.9737776, 9.9414622], [77.9737566, 9.9414611]]}, "properties": {"kind": "road", "name": "", "osm_id": 897215646, "osm_type": "way", "highway": "trunk"}}, {"type": "Feature", "geometry": {"type": "LineString", "coordinates": [[77.9533237, 9.9388396], [77.9536734, 9.9390292], [77.9547127, 9.9392607], [77.956285, 9.9396236], [77.9576411, 9.9397505], [77.9594049, 9.9398942], [77.9610958, 9.9400844], [77.9615464, 9.9401816], [77.9626708, 9.9407227], [77.9630131, 9.9408092], [77.9630999, 9.940803], [77.9645783, 9.9407897], [77.9649796, 9.9407861], [77.9650476, 9.9407871], [77.965057, 9.9407872], [77.965062, 9.9407873]]}, "properties": {"kind": "road", "name": "Madurai - Theni Road", "osm_id": 897215649, "osm_type": "way", "highway": "trunk"}}, {"type": "Feature", "geometry": {"type": "LineString", "coordinates": [[78.0593076, 9.9379579], [78.0591432, 9.9378731], [78.0585307, 9.9376847], [78.0582506, 9.9375596], [78.0579469, 9.9373546]]}, "properties": {"kind": "road", "name": "Theni Pradhana Salai", "osm_id": 897215660, "osm_type": "way", "highway": "trunk"}}, {"type": "Feature", "geometry": {"type": "LineString", "coordinates": [[78.0987036, 9.9279567], [78.0987712, 9.9279291], [78.0993316, 9.9276699], [78.0995068, 9.9275883]]}, "properties": {"kind": "road", "name": "Theni Pradhana Salai", "osm_id": 897215661, "osm_type": "way", "highway": "primary"}}, {"type": "Feature", "geometry": {"type": "LineString", "coordinates": [[78.0986172, 9.9279939], [78.0987036, 9.9279567]]}, "properties": {"kind": "road", "name": "Theni Pradhana Salai", "osm_id": 897215662, "osm_type": "way", "highway": "primary"}}, {"type": "Feature", "geometry": {"type": "LineString", "coordinates": [[78.0993413, 9.9275675], [78.0991285, 9.92767], [78.0987027, 9.9278651], [78.098682, 9.9278746]]}, "properties": {"kind": "road", "name": "Theni Pradhana Salai", "osm_id": 897215663, "osm_type": "way", "highway": "primary"}}, {"type": "Feature", "geometry": {"type": "LineString", "coordinates": [[78.098682, 9.9278746], [78.0986114, 9.9279002]]}, "properties": {"kind": "road", "name": "Theni Pradhana Salai", "osm_id": 897215664, "osm_type": "way", "highway": "primary"}}, {"type": "Feature", "geometry": {"type": "LineString", "coordinates": [[78.0578045, 9.9371417], [78.0578556, 9.9373469], [78.0579446, 9.9374841]]}, "properties": {"kind": "road", "name": "Theni Pradhana Salai", "osm_id": 897464039, "osm_type": "way", "highway": "trunk"}}, {"type": "Feature", "geometry": {"type": "LineString", "coordinates": [[78.0558951, 9.9354843], [78.0558368, 9.9355003]]}, "properties": {"kind": "road", "name": "Theni Pradhana Salai", "osm_id": 897464045, "osm_type": "way", "highway": "trunk"}}, {"type": "Feature", "geometry": {"type": "LineString", "coordinates": [[78.0560633, 9.9354503], [78.0559605, 9.9354718], [78.0558951, 9.9354843]]}, "properties": {"kind": "road", "name": "Theni Pradhana Salai", "osm_id": 897464046, "osm_type": "way", "highway": "trunk"}}, {"type": "Feature", "geometry": {"type": "LineString", "coordinates": [[78.0561293, 9.9354372], [78.0560633, 9.9354503]]}, "properties": {"kind": "road", "name": "Theni Pradhana Salai", "osm_id": 897464047, "osm_type": "way", "highway": "trunk"}}, {"type": "Feature", "geometry": {"type": "LineString", "coordinates": [[78.0562508, 9.9354194], [78.0561293, 9.9354372]]}, "properties": {"kind": "road", "name": "Theni Pradhana Salai", "osm_id": 897464048, "osm_type": "way", "highway": "trunk"}}, {"type": "Feature", "geometry": {"type": "LineString", "coordinates": [[78.0565311, 9.9353889], [78.0562508, 9.9354194]]}, "properties": {"kind": "road", "name": "Theni Pradhana Salai", "osm_id": 897464049, "osm_type": "way", "highway": "trunk"}}, {"type": "Feature", "geometry": {"type": "LineString", "coordinates": [[78.0578045, 9.9371417], [78.057763, 9.9369676], [78.057701, 9.9367384], [78.0576427, 9.9365369], [78.0575606, 9.9363394], [78.0574879, 9.9361806], [78.0573661, 9.9360085], [78.0571779, 9.9357878], [78.0569998, 9.9356212], [78.0567841, 9.9354499], [78.0566311, 9.9354028], [78.0565934, 9.9353921], [78.0565311, 9.9353889]]}, "properties": {"kind": "road", "name": "Theni Pradhana Salai", "osm_id": 897464050, "osm_type": "way", "highway": "trunk"}}, {"type": "Feature", "geometry": {"type": "LineString", "coordinates": [[78.0579446, 9.9374841], [78.0580383, 9.9375738], [78.0582491, 9.9377134], [78.0585859, 9.9378385], [78.0590859, 9.9379586], [78.059182, 9.9379698], [78.0593076, 9.9379579]]}, "properties": {"kind": "road", "name": "Theni Pradhana Salai", "osm_id": 897464051, "osm_type": "way", "highway": "trunk"}}, {"type": "Feature", "geometry": {"type": "LineString", "coordinates": [[77.9533237, 9.9388396], [77.953019, 9.9387249], [77.9516908, 9.9384214], [77.9509868, 9.9383607], [77.9502048, 9.9383484], [77.9492963, 9.938284], [77.9486226, 9.9381677], [77.9483239, 9.9380072], [77.9481617, 9.9379629], [77.9480112, 9.9379332], [77.9476692, 9.9379306], [77.9474438, 9.9378674], [77.9470051, 9.9377443], [77.9464419, 9.9375124], [77.9451306, 9.9372019], [77.944216, 9.9370528], [77.9439091, 9.9370028]]}, "properties": {"kind": "road", "name": "Madurai - Theni Road", "osm_id": 897464052, "osm_type": "way", "highway": "trunk"}}, {"type": "Feature", "geometry": {"type": "LineString", "coordinates": [[77.9586901, 10.024378], [77.9587382, 10.0244668]]}, "properties": {"kind": "road", "name": "Thirumangalam - Pallapatti - Silukkuvarpatti Road", "osm_id": 914311143, "osm_type": "way", "highway": "primary"}}, {"type": "Feature", "geometry": {"type": "LineString", "coordinates": [[78.1054644, 9.9351753], [78.1054147, 9.9352831]]}, "properties": {"kind": "road", "name": "", "osm_id": 915435477, "osm_type": "way", "highway": "primary_link"}}, {"type": "Feature", "geometry": {"type": "LineString", "coordinates": [[78.1054238, 9.93541], [78.1054778, 9.9353937], [78.1055186, 9.9353839]]}, "properties": {"kind": "road", "name": "", "osm_id": 915435480, "osm_type": "way", "highway": "primary_link"}}, {"type": "Feature", "geometry": {"type": "LineString", "coordinates": [[78.0982512, 9.9384539], [78.098053, 9.9377402], [78.0980086, 9.937635], [78.0978844, 9.9374707]]}, "properties": {"kind": "road", "name": "Vaigai Thenkarai Salai", "osm_id": 915435481, "osm_type": "way", "highway": "primary"}}, {"type": "Feature", "geometry": {"type": "LineString", "coordinates": [[78.098273, 9.938542], [78.0982512, 9.9384539]]}, "properties": {"kind": "road", "name": "Vaigai Thenkarai Salai", "osm_id": 915435482, "osm_type": "way", "highway": "primary"}}, {"type": "Feature", "geometry": {"type": "LineString", "coordinates": [[78.155966, 9.8895981], [78.1559953, 9.889628]]}, "properties": {"kind": "road", "name": "Madurai Ring Road", "osm_id": 921233137, "osm_type": "way", "highway": "trunk"}}, {"type": "Feature", "geometry": {"type": "LineString", "coordinates": [[78.156059, 9.8895801], [78.1560316, 9.8895501]]}, "properties": {"kind": "road", "name": "Madurai Ring Road", "osm_id": 921233138, "osm_type": "way", "highway": "trunk"}}, {"type": "Feature", "geometry": {"type": "LineString", "coordinates": [[78.1635664, 9.9489567], [78.1634681, 9.9490333], [78.1633661, 9.9491099], [78.163291, 9.9491443], [78.163154, 9.9491713]]}, "properties": {"kind": "road", "name": "Madurai Ring Road", "osm_id": 921251296, "osm_type": "way", "highway": "trunk_link"}}, {"type": "Feature", "geometry": {"type": "LineString", "coordinates": [[78.1652661, 9.9000278], [78.1652338, 9.900346], [78.165225, 9.9004479]]}, "properties": {"kind": "road", "name": "", "osm_id": 921251300, "osm_type": "way", "highway": "trunk"}}, {"type": "Feature", "geometry": {"type": "LineString", "coordinates": [[78.093391, 9.8247325], [78.0933249, 9.8245648], [78.0932793, 9.8244433], [78.0932524, 9.8243428], [78.0932605, 9.8242265], [78.093298, 9.8240574], [78.0933377, 9.8238599]]}, "properties": {"kind": "road", "name": "", "osm_id": 921251302, "osm_type": "way", "highway": "trunk_link"}}, {"type": "Feature", "geometry": {"type": "LineString", "coordinates": [[78.0157652, 9.8480968], [78.0156224, 9.8481537], [78.0152619, 9.8483294], [78.0151343, 9.8483875]]}, "properties": {"kind": "road", "name": "Madurai Ring Road", "osm_id": 921251303, "osm_type": "way", "highway": "trunk"}}, {"type": "Feature", "geometry": {"type": "LineString", "coordinates": [[78.0486085, 9.8347377], [78.0468246, 9.8346499], [78.0465167, 9.8346384], [78.0450657, 9.8345841], [78.0438286, 9.8345378], [78.0423829, 9.8348572], [78.0418735, 9.8349737], [78.0406395, 9.8352559], [78.0392005, 9.8355721], [78.038094, 9.8357957], [78.0361949, 9.8360453], [78.0357015, 9.8361102], [78.0346736, 9.8364954], [78.0336912, 9.8368409], [78.033073, 9.8372149], [78.0322619, 9.8377095], [78.0313408, 9.8382596], [78.0297788, 9.8391706], [78.0296811, 9.8392276], [78.0282833, 9.8400686], [78.0272687, 9.8406723], [78.0260564, 9.8414211], [78.0239829, 9.8428598], [78.0226456, 9.8438146], [78.0211606, 9.8448223], [78.0208851, 9.8450242], [78.0208185, 9.845073]]}, "properties": {"kind": "road", "name": "Madurai Ring Road", "osm_id": 921251304, "osm_type": "way", "highway": "trunk"}}, {"type": "Feature", "geometry": {"type": "LineString", "coordinates": [[78.0192147, 9.84618], [78.0161343, 9.8478633], [78.0157652, 9.8480968]]}, "properties": {"kind": "road", "name": "Madurai Ring Road", "osm_id": 921251305, "osm_type": "way", "highway": "trunk"}}, {"type": "Feature", "geometry": {"type": "LineString", "coordinates": [[78.0158063, 9.8481941], [78.0192518, 9.846263]]}, "properties": {"kind": "road", "name": "Madurai Ring Road", "osm_id": 921251306, "osm_type": "way", "highway": "trunk"}}, {"type": "Feature", "geometry": {"type": "LineString", "coordinates": [[78.0965404, 9.816357], [78.0956747, 9.8180439], [78.0956572, 9.8180779]]}, "properties": {"kind": "road", "name": "Madurai - Thoothukudi Highway", "osm_id": 921413058, "osm_type": "way", "highway": "trunk"}}, {"type": "Feature", "geometry": {"type": "LineString", "coordinates": [[78.0965539, 9.8163286], [78.0965404, 9.816357]]}, "properties": {"kind": "road", "name": "Madurai - Thoothukudi Highway", "osm_id": 921413059, "osm_type": "way", "highway": "trunk"}}, {"type": "Feature", "geometry": {"type": "LineString", "coordinates": [[78.0957694, 9.818138], [78.0966084, 9.8163826]]}, "properties": {"kind": "road", "name": "Madurai - Thoothukudi Highway", "osm_id": 921413060, "osm_type": "way", "highway": "trunk"}}, {"type": "Feature", "geometry": {"type": "LineString", "coordinates": [[78.0966084, 9.8163826], [78.0966288, 9.8163419]]}, "properties": {"kind": "road", "name": "Madurai - Thoothukudi Highway", "osm_id": 921413061, "osm_type": "way", "highway": "trunk"}}, {"type": "Feature", "geometry": {"type": "LineString", "coordinates": [[78.0565029, 9.8352472], [78.0565964, 9.835269], [78.0573375, 9.8353695], [78.0578353, 9.8353611], [78.0582387, 9.8352765], [78.0585391, 9.8352511], [78.0595863, 9.835285], [78.0613131, 9.8353806], [78.0619283, 9.8353695], [78.0630109, 9.8351994], [78.0646919, 9.8349487], [78.0648079, 9.8349314], [78.0655086, 9.8347394], [78.067414, 9.834194], [78.0697234, 9.8336216], [78.0716525, 9.8331311]]}, "properties": {"kind": "road", "name": "Madurai Ring Road", "osm_id": 921413110, "osm_type": "way", "highway": "trunk"}}, {"type": "Feature", "geometry": {"type": "LineString", "coordinates": [[78.0486171, 9.8348028], [78.0486997, 9.8348107]]}, "properties": {"kind": "road", "name": "Madurai Ring Road", "osm_id": 921413111, "osm_type": "way", "highway": "trunk"}}, {"type": "Feature", "geometry": {"type": "LineString", "coordinates": [[78.0716378, 9.8330449], [78.0700955, 9.8334215], [78.0674401, 9.8340917], [78.0647606, 9.8348258], [78.0619308, 9.8353121], [78.0611872, 9.835326], [78.0602236, 9.8352341], [78.0590025, 9.8351648], [78.0584091, 9.8351905], [78.0577979, 9.835284], [78.0572725, 9.8352771], [78.0565922, 9.8351877], [78.0565236, 9.8351741]]}, "properties": {"kind": "road", "name": "Madurai Ring Road", "osm_id": 921413112, "osm_type": "way", "highway": "trunk"}}, {"type": "Feature", "geometry": {"type": "LineString", "coordinates": [[78.0487125, 9.8347372], [78.0486085, 9.8347377]]}, "properties": {"kind": "road", "name": "Madurai Ring Road", "osm_id": 921413113, "osm_type": "way", "highway": "trunk"}}, {"type": "Feature", "geometry": {"type": "LineString", "coordinates": [[78.0486997, 9.8348107], [78.0491297, 9.8348256], [78.0512605, 9.8349216], [78.0529221, 9.8349914]]}, "properties": {"kind": "road", "name": "Madurai Ring Road", "osm_id": 921413114, "osm_type": "way", "highway": "trunk"}}, {"type": "Feature", "geometry": {"type": "LineString", "coordinates": [[78.0529221, 9.8349914], [78.0530411, 9.8350008]]}, "properties": {"kind": "road", "name": "Madurai Ring Road", "osm_id": 921413115, "osm_type": "way", "highway": "trunk"}}, {"type": "Feature", "geometry": {"type": "LineString", "coordinates": [[78.0529338, 9.8349374], [78.0518109, 9.8348579], [78.0488095, 9.8347401], [78.0487125, 9.8347372]]}, "properties": {"kind": "road", "name": "Madurai Ring Road", "osm_id": 921413116, "osm_type": "way", "highway": "trunk"}}, {"type": "Feature", "geometry": {"type": "LineString", "coordinates": [[78.0530512, 9.8349434], [78.0529338, 9.8349374]]}, "properties": {"kind": "road", "name": "Madurai Ring Road", "osm_id": 921413117, "osm_type": "way", "highway": "trunk"}}, {"type": "Feature", "geometry": {"type": "LineString", "coordinates": [[78.0530411, 9.8350008], [78.0533807, 9.8350122], [78.0558955, 9.8351581], [78.0562388, 9.8352084]]}, "properties": {"kind": "road", "name": "Madurai Ring Road", "osm_id": 922242015, "osm_type": "way", "highway": "trunk"}}, {"type": "Feature", "geometry": {"type": "LineString", "coordinates": [[78.0562388, 9.8352084], [78.0565029, 9.8352472]]}, "properties": {"kind": "road", "name": "Madurai Ring Road", "osm_id": 922242016, "osm_type": "way", "highway": "trunk"}}, {"type": "Feature", "geometry": {"type": "LineString", "coordinates": [[78.0562589, 9.8351376], [78.0557309, 9.835065], [78.0533183, 9.8349632], [78.0530512, 9.8349434]]}, "properties": {"kind": "road", "name": "Madurai Ring Road", "osm_id": 922242017, "osm_type": "way", "highway": "trunk"}}, {"type": "Feature", "geometry": {"type": "LineString", "coordinates": [[78.0565236, 9.8351741], [78.0562589, 9.8351376]]}, "properties": {"kind": "road", "name": "Madurai Ring Road", "osm_id": 922242018, "osm_type": "way", "highway": "trunk"}}, {"type": "Feature", "geometry": {"type": "LineString", "coordinates": [[78.0468913, 9.8813752], [78.0472992, 9.881262], [78.0473168, 9.8812576], [78.0477309, 9.8811546], [78.0481094, 9.8810631], [78.0487039, 9.8809082], [78.048855, 9.8808921], [78.0491361, 9.8808845], [78.0493235, 9.8809221], [78.0494595, 9.8809693], [78.0498111, 9.8812021], [78.0500117, 9.8814092], [78.0504463, 9.8818983], [78.050987, 9.8822534], [78.0514885, 9.8823335], [78.0516221, 9.8823549], [78.0522916, 9.8823211], [78.0526747, 9.8822439], [78.0527185, 9.8822351], [78.0536469, 9.8820478], [78.0540259, 9.8819714], [78.054137, 9.881949], [78.0549524, 9.8815093], [78.0551215, 9.8813913], [78.0555991, 9.8811158], [78.0557982, 9.8810087], [78.055842, 9.8809954], [78.056154, 9.8809005], [78.0563492, 9.8808879], [78.0566776, 9.8808667], [78.058269, 9.8807845], [78.0585809, 9.8807684], [78.0594577, 9.8807231], [78.0607145, 9.8806842], [78.0608846, 9.8806765]]}, "properties": {"kind": "road", "name": "Thirupparankundram Salai", "osm_id": 952309367, "osm_type": "way", "highway": "primary"}}, {"type": "Feature", "geometry": {"type": "LineString", "coordinates": [[78.0561148, 9.8808415], [78.0560803, 9.8808438], [78.0558925, 9.8808861], [78.0557727, 9.8809437], [78.0556619, 9.8809971], [78.0552434, 9.8812349], [78.0551314, 9.8813109], [78.0548613, 9.881494], [78.0547445, 9.8815731], [78.0543637, 9.8817739], [78.0540901, 9.8818849], [78.053736, 9.8819801], [78.0536491, 9.8819971], [78.0527919, 9.882165], [78.0527169, 9.8821751], [78.0520087, 9.8822707], [78.0515956, 9.8822971], [78.051086, 9.8821862], [78.0508071, 9.8820593], [78.0505174, 9.8818057], [78.0502701, 9.8815884], [78.050068, 9.8813429], [78.0498519, 9.8811324], [78.0496237, 9.8809791], [78.0494885, 9.8809004]]}, "properties": {"kind": "road", "name": "Thirupparankundram Salai", "osm_id": 952309368, "osm_type": "way", "highway": "primary"}}, {"type": "Feature", "geometry": {"type": "LineString", "coordinates": [[78.0634309, 9.8806233], [78.0635755, 9.8806919], [78.0640877, 9.8806632], [78.0648887, 9.8805126], [78.0651568, 9.8805205], [78.0653813, 9.8805408], [78.0654109, 9.8805435], [78.065896, 9.8808067], [78.066279, 9.8810275], [78.0674386, 9.8817289], [78.0682481, 9.8822279], [78.0698288, 9.8832232]]}, "properties": {"kind": "road", "name": "Thirupparankundram Salai", "osm_id": 952312979, "osm_type": "way", "highway": "primary"}}, {"type": "Feature", "geometry": {"type": "LineString", "coordinates": [[78.0698288, 9.8832232], [78.0698763, 9.8832581]]}, "properties": {"kind": "road", "name": "Thirupparankundram Salai", "osm_id": 952312980, "osm_type": "way", "highway": "primary"}}, {"type": "Feature", "geometry": {"type": "LineString", "coordinates": [[78.0698908, 9.8831292], [78.0694871, 9.8828727], [78.0682746, 9.8821623], [78.0674817, 9.8816524], [78.0662988, 9.8809455], [78.0656256, 9.8805386], [78.0653821, 9.8804187], [78.0653413, 9.8803986], [78.0650097, 9.8803813], [78.064575, 9.8804436], [78.0641611, 9.8804778], [78.0636059, 9.8805429], [78.0634309, 9.8806233]]}, "properties": {"kind": "road", "name": "Thirupparankundram Salai", "osm_id": 952312981, "osm_type": "way", "highway": "primary"}}, {"type": "Feature", "geometry": {"type": "LineString", "coordinates": [[78.0699393, 9.8831614], [78.0698908, 9.8831292]]}, "properties": {"kind": "road", "name": "Thirupparankundram Salai", "osm_id": 952312982, "osm_type": "way", "highway": "primary"}}, {"type": "Feature", "geometry": {"type": "LineString", "coordinates": [[78.0286163, 9.9852203], [78.0281501, 9.9858791], [78.0277459, 9.9865139], [78.0272328, 9.9875813], [78.0268658, 9.988269], [78.0266147, 9.988835], [78.0264673, 9.9891472], [78.025598, 9.9909882], [78.0255259, 9.9911409], [78.0252971, 9.9918545], [78.0252197, 9.9923358], [78.0251823, 9.9929086], [78.0251774, 9.9932293]]}, "properties": {"kind": "road", "name": "", "osm_id": 963748104, "osm_type": "way", "highway": "trunk"}}, {"type": "Feature", "geometry": {"type": "LineString", "coordinates": [[78.0251774, 9.9932293], [78.0251734, 9.9934898]]}, "properties": {"kind": "road", "name": "", "osm_id": 963748105, "osm_type": "way", "highway": "trunk"}}, {"type": "Feature", "geometry": {"type": "LineString", "coordinates": [[78.0253123, 9.9932307], [78.0253153, 9.99309], [78.0253636, 9.9921761], [78.0254494, 9.9917693], [78.0255942, 9.9913361], [78.0256722, 9.9911488], [78.0256991, 9.9910844], [78.0257659, 9.990924], [78.0261804, 9.9900727], [78.0263292, 9.989767], [78.0267271, 9.9888901], [78.0269087, 9.9884822], [78.0273353, 9.9875982], [78.0278782, 9.9865444], [78.0281214, 9.9861183], [78.029143, 9.9847384]]}, "properties": {"kind": "road", "name": "", "osm_id": 963748106, "osm_type": "way", "highway": "trunk"}}, {"type": "Feature", "geometry": {"type": "LineString", "coordinates": [[78.0253069, 9.9934912], [78.0253123, 9.9932307]]}, "properties": {"kind": "road", "name": "", "osm_id": 963748107, "osm_type": "way", "highway": "trunk"}}, {"type": "Feature", "geometry": {"type": "LineString", "coordinates": [[78.0187091, 9.9844476], [78.0187527, 9.9844832]]}, "properties": {"kind": "road", "name": "Madurai - Melakkal - Samayanallur Road", "osm_id": 963748149, "osm_type": "way", "highway": "primary"}}, {"type": "Feature", "geometry": {"type": "LineString", "coordinates": [[78.0313571, 9.9771376], [78.0312851, 9.9775264], [78.0311181, 9.9783601]]}, "properties": {"kind": "road", "name": "", "osm_id": 963748152, "osm_type": "way", "highway": "trunk"}}, {"type": "Feature", "geometry": {"type": "LineString", "coordinates": [[78.0311181, 9.9783601], [78.0310625, 9.9786381]]}, "properties": {"kind": "road", "name": "", "osm_id": 963748153, "osm_type": "way", "highway": "trunk"}}, {"type": "Feature", "geometry": {"type": "LineString", "coordinates": [[78.0307581, 9.9811829], [78.0309167, 9.9799452], [78.0311845, 9.978609]]}, "properties": {"kind": "road", "name": "Madurai Ring Road", "osm_id": 963748154, "osm_type": "way", "highway": "trunk"}}, {"type": "Feature", "geometry": {"type": "LineString", "coordinates": [[78.0311845, 9.978609], [78.0312402, 9.9783311]]}, "properties": {"kind": "road", "name": "Madurai Ring Road", "osm_id": 963748155, "osm_type": "way", "highway": "trunk"}}, {"type": "Feature", "geometry": {"type": "LineString", "coordinates": [[78.1942626, 10.1483989], [78.1939248, 10.1477821], [78.1935667, 10.1472533], [78.1932297, 10.1468189], [78.1928879, 10.1463404], [78.192392, 10.1455996], [78.1919963, 10.1449337], [78.1916123, 10.1443205], [78.1912417, 10.1436855], [78.1910813, 10.1434107], [78.190757, 10.1428811], [78.1903197, 10.1421628], [78.1899295, 10.1415333], [78.1895292, 10.1409392], [78.1894221, 10.1407802], [78.1888035, 10.1398801], [78.1883241, 10.1391554], [78.1880159, 10.1386715], [78.1877855, 10.1382772], [78.1875809, 10.137849], [78.1872781, 10.1372376], [78.1870168, 10.1366701], [78.1866381, 10.1358229], [78.1863017, 10.1350388], [78.1858759, 10.1342246], [78.185377, 10.133477], [78.1848707, 10.1327483], [78.1847257, 10.1325556]]}, "properties": {"kind": "road", "name": "Madurai - Natham - Thuvarankurichi Road", "osm_id": 965616533, "osm_type": "way", "highway": "trunk"}}, {"type": "Feature", "geometry": {"type": "LineString", "coordinates": [[77.9762373, 9.9488769], [77.9763919, 9.9498799], [77.9764616, 9.9504823], [77.9765502, 9.950831], [77.9766507, 9.9510802], [77.9769605, 9.9515813], [77.9770973, 9.9517583], [77.977336, 9.9520251], [77.9776311, 9.9524029], [77.9777142, 9.9525535], [77.9777545, 9.9527093], [77.9777258, 9.9528962], [77.977666, 9.9530766], [77.9776338, 9.9532747], [77.977615, 9.9536578], [77.9776264, 9.9539618], [77.9776421, 9.9543833], [77.9776552, 9.9559852], [77.9776706, 9.9566657], [77.9776995, 9.9579445], [77.9776996, 9.9579494]]}, "properties": {"kind": "road", "name": "Thirumangalam - Pallapatti - Silukkuvarpatti Road", "osm_id": 965981473, "osm_type": "way", "highway": "primary"}}, {"type": "Feature", "geometry": {"type": "LineString", "coordinates": [[77.9776996, 9.9579494], [77.9777035, 9.9581198]]}, "properties": {"kind": "road", "name": "Thirumangalam - Pallapatti - Silukkuvarpatti Road", "osm_id": 965981474, "osm_type": "way", "highway": "primary"}}, {"type": "Feature", "geometry": {"type": "LineString", "coordinates": [[78.1005391, 10.0789205], [78.1005028, 10.0787509], [78.1003369, 10.077977], [78.1001223, 10.0749167], [78.1000902, 10.0744594], [78.0999463, 10.0741086], [78.0998649, 10.0739101], [78.0988671, 10.0727059], [78.0984594, 10.0719136], [78.0981697, 10.0706777], [78.0979015, 10.070477], [78.0974187, 10.0702234], [78.0967321, 10.0692516], [78.0961511, 10.0674595], [78.0961723, 10.0671074], [78.0961753, 10.0670575], [78.0962385, 10.0660086], [78.0964424, 10.0637374], [78.0966248, 10.0603886], [78.0967882, 10.0582164], [78.0968608, 10.0572511], [78.09623, 10.0549756]]}, "properties": {"kind": "road", "name": "Madurai - Palamedu Road", "osm_id": 966942524, "osm_type": "way", "highway": "primary"}}, {"type": "Feature", "geometry": {"type": "LineString", "coordinates": [[78.0961998, 10.0546743], [78.0961849, 10.0545256], [78.0959167, 10.0533847], [78.0956672, 10.0520082], [78.095348, 10.0502472], [78.0948009, 10.0487153], [78.0948385, 10.0478265], [78.0948438, 10.0477012], [78.0952441, 10.0470524]]}, "properties": {"kind": "road", "name": "Madurai - Palamedu Road", "osm_id": 966942526, "osm_type": "way", "highway": "primary"}}, {"type": "Feature", "geometry": {"type": "LineString", "coordinates": [[78.09623, 10.0549756], [78.0961998, 10.0546743]]}, "properties": {"kind": "road", "name": "Madurai - Palamedu Road", "osm_id": 966942527, "osm_type": "way", "highway": "primary"}}, {"type": "Feature", "geometry": {"type": "LineString", "coordinates": [[78.2433734, 9.8371949], [78.2437181, 9.8367992], [78.2438251, 9.8366492], [78.2439614, 9.8364583], [78.2442524, 9.836074], [78.2446985, 9.8355282], [78.2452709, 9.8349054], [78.2457341, 9.8343858], [78.2460547, 9.8340677], [78.2462839, 9.8338053], [78.2463154, 9.833759], [78.2464379, 9.833579]]}, "properties": {"kind": "road", "name": "", "osm_id": 966968866, "osm_type": "way", "highway": "trunk"}}, {"type": "Feature", "geometry": {"type": "LineString", "coordinates": [[78.2464379, 9.833579], [78.2462863, 9.8336284], [78.2460919, 9.8336644], [78.2459218, 9.8336803], [78.2458286, 9.8337442], [78.2455288, 9.8341273], [78.2450468, 9.8346861], [78.2445931, 9.835189], [78.2439369, 9.8359712], [78.2435967, 9.8364622], [78.2432396, 9.8371293]]}, "properties": {"kind": "road", "name": "", "osm_id": 966968867, "osm_type": "way", "highway": "trunk"}}, {"type": "Feature", "geometry": {"type": "LineString", "coordinates": [[78.2435818, 9.8366273], [78.2432396, 9.8371293]]}, "properties": {"kind": "road", "name": "", "osm_id": 966968868, "osm_type": "way", "highway": "trunk"}}, {"type": "Feature", "geometry": {"type": "LineString", "coordinates": [[78.2433734, 9.8371949], [78.2436569, 9.8367168]]}, "properties": {"kind": "road", "name": "", "osm_id": 966968869, "osm_type": "way", "highway": "trunk"}}, {"type": "Feature", "geometry": {"type": "LineString", "coordinates": [[78.1241981, 9.9239419], [78.1239354, 9.9240707], [78.1238939, 9.9240594], [78.1233484, 9.9242904]]}, "properties": {"kind": "road", "name": "Keezha Veli Veethi", "osm_id": 966976736, "osm_type": "way", "highway": "trunk"}}, {"type": "Feature", "geometry": {"type": "LineString", "coordinates": [[77.9840777, 9.8141199], [77.9840702, 9.8143601], [77.9840659, 9.8145408], [77.9840701, 9.8149154], [77.9840704, 9.8152327], [77.9840808, 9.8154601], [77.9840826, 9.8155861], [77.9840837, 9.8156621], [77.9840989, 9.815848], [77.984177, 9.8162167], [77.9842891, 9.816596], [77.9843791, 9.81687], [77.9843944, 9.8169166]]}, "properties": {"kind": "road", "name": "Varanasi - Kanniyakumari Road (Old NH7)", "osm_id": 967060247, "osm_type": "way", "highway": "primary"}}, {"type": "Feature", "geometry": {"type": "LineString", "coordinates": [[77.9843944, 9.8169166], [77.9844674, 9.8171258]]}, "properties": {"kind": "road", "name": "Varanasi - Kanniyakumari Road (Old NH7)", "osm_id": 967060248, "osm_type": "way", "highway": "primary"}}, {"type": "Feature", "geometry": {"type": "LineString", "coordinates": [[78.1187843, 9.9708964], [78.118777, 9.9709249], [78.1187793, 9.9709542], [78.1187909, 9.9709813], [78.1188106, 9.9710034], [78.1188364, 9.9710182], [78.1188656, 9.9710242], [78.1188969, 9.9710203], [78.1189251, 9.9710063], [78.1189469, 9.9709839], [78.1189599, 9.9709556], [78.1189625, 9.9709246], [78.1189545, 9.9708946], [78.1189368, 9.9708689], [78.1189114, 9.9708505], [78.1188812, 9.9708416], [78.1188513, 9.9708427], [78.1188234, 9.9708531], [78.1188003, 9.9708716], [78.1187843, 9.9708964]]}, "properties": {"kind": "road", "name": "Sellur - Kulamangalam Road", "osm_id": 967935706, "osm_type": "way", "highway": "primary"}}, {"type": "Feature", "geometry": {"type": "LineString", "coordinates": [[78.1186608, 9.9706633], [78.1187843, 9.9708964]]}, "properties": {"kind": "road", "name": "Sellur - Kulamangalam Road", "osm_id": 967935707, "osm_type": "way", "highway": "primary"}}, {"type": "Feature", "geometry": {"type": "LineString", "coordinates": [[78.1495658, 9.9117109], [78.1496904, 9.9117159], [78.1501191, 9.911693], [78.1504654, 9.9117011], [78.1506917, 9.9118638]]}, "properties": {"kind": "road", "name": "Vaigai Thenkarai Salai", "osm_id": 972355193, "osm_type": "way", "highway": "primary"}}, {"type": "Feature", "geometry": {"type": "LineString", "coordinates": [[78.1508149, 9.9117792], [78.1507868, 9.9117765], [78.1507591, 9.9117816], [78.1507339, 9.9117941], [78.1507133, 9.911813], [78.1506988, 9.9118369], [78.1506917, 9.9118638], [78.1506925, 9.9118914], [78.150701, 9.9119178], [78.1507167, 9.9119407], [78.1507381, 9.9119585], [78.1507638, 9.9119696], [78.150791, 9.9119734], [78.1508182, 9.9119697], [78.1508434, 9.9119588], [78.1508646, 9.9119416], [78.1508813, 9.9119173], [78.15089, 9.9118893], [78.1508899, 9.91186], [78.1508811, 9.911832], [78.1508643, 9.9118078], [78.1508417, 9.91179], [78.1508149, 9.9117792]]}, "properties": {"kind": "road", "name": "", "osm_id": 972355195, "osm_type": "way", "highway": "primary"}}, {"type": "Feature", "geometry": {"type": "LineString", "coordinates": [[78.1496805, 9.9111968], [78.1496614, 9.9111751], [78.1496384, 9.9111612], [78.1496122, 9.9111543], [78.1495851, 9.9111552], [78.1495595, 9.9111638], [78.1495374, 9.9111793], [78.1495202, 9.9112015], [78.1495106, 9.9112278], [78.1495096, 9.9112557], [78.1495171, 9.9112826], [78.1495325, 9.9113061]]}, "properties": {"kind": "road", "name": "", "osm_id": 972355196, "osm_type": "way", "highway": "trunk"}}, {"type": "Feature", "geometry": {"type": "LineString", "coordinates": [[78.1443789, 9.9135238], [78.14447, 9.9134904], [78.1449379, 9.9132221], [78.145448, 9.9129481], [78.1459647, 9.9126516], [78.1464156, 9.9123481], [78.1468266, 9.9121662], [78.1472969, 9.9120142], [78.1480808, 9.9118636], [78.1483506, 9.9118329], [78.1490895, 9.911755], [78.1493435, 9.9117248], [78.1494782, 9.9117125], [78.1495658, 9.9117109]]}, "properties": {"kind": "road", "name": "Kamarajar Salai", "osm_id": 972355197, "osm_type": "way", "highway": "trunk"}}, {"type": "Feature", "geometry": {"type": "LineString", "coordinates": [[78.1328967, 9.91705], [78.1329791, 9.9170305], [78.1334853, 9.9169503], [78.1338832, 9.9169005], [78.1344522, 9.9168404], [78.1350424, 9.9167155], [78.1366692, 9.9162608], [78.1370396, 9.9161257], [78.1375934, 9.9159238], [78.1380534, 9.9157561], [78.1384742, 9.9156102], [78.1392204, 9.9153556], [78.1402579, 9.9150723], [78.1404252, 9.9150254], [78.1409121, 9.9149108], [78.1418443, 9.914654]]}, "properties": {"kind": "road", "name": "Kamarajar Salai", "osm_id": 972355198, "osm_type": "way", "highway": "trunk"}}, {"type": "Feature", "geometry": {"type": "LineString", "coordinates": [[78.1442714, 9.9135838], [78.1443789, 9.9135238]]}, "properties": {"kind": "road", "name": "Kamarajar Salai", "osm_id": 972355199, "osm_type": "way", "highway": "trunk"}}, {"type": "Feature", "geometry": {"type": "LineString", "coordinates": [[78.1494938, 9.9116003], [78.1494782, 9.9117125], [78.1494742, 9.9117589], [78.1494422, 9.9119532], [78.1494553, 9.912075]]}, "properties": {"kind": "road", "name": "80 Adi Salai", "osm_id": 972355202, "osm_type": "way", "highway": "primary"}}, {"type": "Feature", "geometry": {"type": "LineString", "coordinates": [[78.149689, 9.9112823], [78.1498179, 9.9112211]]}, "properties": {"kind": "road", "name": "", "osm_id": 972355205, "osm_type": "way", "highway": "trunk"}}, {"type": "Feature", "geometry": {"type": "LineString", "coordinates": [[78.1496819, 9.9113921], [78.149689, 9.9112823]]}, "properties": {"kind": "road", "name": "", "osm_id": 972355206, "osm_type": "way", "highway": "trunk"}}, {"type": "Feature", "geometry": {"type": "LineString", "coordinates": [[78.1495325, 9.9113061], [78.1495444, 9.9114921], [78.1494938, 9.9116003]]}, "properties": {"kind": "road", "name": "Ramanathapuram Salai", "osm_id": 972355207, "osm_type": "way", "highway": "trunk"}}, {"type": "Feature", "geometry": {"type": "LineString", "coordinates": [[78.1493751, 9.9125198], [78.1494553, 9.912075]]}, "properties": {"kind": "road", "name": "80 Adi Salai", "osm_id": 972355210, "osm_type": "way", "highway": "primary"}}, {"type": "Feature", "geometry": {"type": "LineString", "coordinates": [[78.1501428, 9.912249], [78.1503307, 9.9122129], [78.1511788, 9.911988], [78.1512986, 9.9119326], [78.1514339, 9.9118853], [78.1522178, 9.9115659], [78.1529508, 9.911214], [78.1533661, 9.9109273], [78.1546148, 9.9102184], [78.1551204, 9.9097836], [78.1559971, 9.9089849], [78.1566318, 9.9084049], [78.1574841, 9.9076355], [78.1581157, 9.9071207], [78.1584248, 9.906822], [78.1594971, 9.9058289], [78.160386, 9.9051036], [78.1614349, 9.9042065], [78.1617138, 9.9039327], [78.1620109, 9.9035849], [78.1622313, 9.9032325], [78.1625324, 9.9028557], [78.162798, 9.902579], [78.1634623, 9.9020857], [78.1640282, 9.9016445], [78.1643092, 9.9014417], [78.1644013, 9.901321], [78.1644105, 9.9012419], [78.1644164, 9.9011226], [78.1644211, 9.9010038], [78.1644564, 9.9009604], [78.1644786, 9.900901]]}, "properties": {"kind": "road", "name": "Vaigai Thenkarai Salai", "osm_id": 972355211, "osm_type": "way", "highway": "primary"}}, {"type": "Feature", "geometry": {"type": "LineString", "coordinates": [[78.1642069, 9.9008511], [78.1642334, 9.9009428], [78.1642558, 9.9009975], [78.1642844, 9.9010646], [78.1643088, 9.901161], [78.1643101, 9.9012241], [78.1642901, 9.9012879], [78.1642348, 9.9013596], [78.1638478, 9.9016607], [78.1629731, 9.9023135], [78.1627075, 9.9025387], [78.1624726, 9.9027881], [78.1621595, 9.9031863], [78.1619215, 9.9035275], [78.1616834, 9.9038278], [78.1614123, 9.904081], [78.1602334, 9.9051221], [78.1593431, 9.9058291], [78.1583564, 9.9067532], [78.1580475, 9.9070414], [78.157407, 9.9075806], [78.1565666, 9.9083511], [78.1561532, 9.9087207], [78.1550939, 9.9096837], [78.1545354, 9.910156], [78.1534603, 9.9107564], [78.1528938, 9.911109], [78.152201, 9.911472], [78.151375, 9.9118168], [78.1513086, 9.9118268], [78.1512557, 9.9118236], [78.1508643, 9.9118078]]}, "properties": {"kind": "road", "name": "Vaigai Thenkarai Salai", "osm_id": 972355214, "osm_type": "way", "highway": "primary"}}, {"type": "Feature", "geometry": {"type": "LineString", "coordinates": [[78.0974692, 9.9367108], [78.0974367, 9.9367321], [78.097413, 9.9367661], [78.0974055, 9.9368101], [78.097415, 9.9368676], [78.0974788, 9.9371152], [78.0976998, 9.9377501], [78.097756, 9.9379713], [78.0978236, 9.9382766], [78.0978753, 9.9384824]]}, "properties": {"kind": "road", "name": "Vaigai Thenkarai Salai", "osm_id": 972364579, "osm_type": "way", "highway": "primary"}}, {"type": "Feature", "geometry": {"type": "LineString", "coordinates": [[78.0978753, 9.9384824], [78.0979093, 9.9386014]]}, "properties": {"kind": "road", "name": "Vaigai Thenkarai Salai", "osm_id": 972364580, "osm_type": "way", "highway": "primary"}}, {"type": "Feature", "geometry": {"type": "LineString", "coordinates": [[78.1488464, 9.9269524], [78.1487635, 9.9269383]]}, "properties": {"kind": "road", "name": "Sivagangai Salai", "osm_id": 972548963, "osm_type": "way", "highway": "primary"}}, {"type": "Feature", "geometry": {"type": "LineString", "coordinates": [[78.1490135, 9.9269965], [78.1488464, 9.9269524]]}, "properties": {"kind": "road", "name": "Sivagangai Salai", "osm_id": 972548964, "osm_type": "way", "highway": "primary"}}, {"type": "Feature", "geometry": {"type": "LineString", "coordinates": [[78.1119985, 10.1029495], [78.1117953, 10.1024195], [78.1110964, 10.1014515], [78.1108417, 10.1009825], [78.1105606, 10.1004647], [78.1101844, 10.099772], [78.1089844, 10.0983741], [78.1089659, 10.0983505], [78.1079866, 10.0971066], [78.1071283, 10.0955433], [78.10644, 10.0937619], [78.1059572, 10.091681], [78.1055082, 10.0902936], [78.1052615, 10.0893007], [78.1051864, 10.0884979], [78.1051542, 10.0871986], [78.1049718, 10.0862585], [78.1047771, 10.0858291], [78.1041197, 10.0850834]]}, "properties": {"kind": "road", "name": "Madurai - Palamedu Road", "osm_id": 978427603, "osm_type": "way", "highway": "primary"}}, {"type": "Feature", "geometry": {"type": "LineString", "coordinates": [[78.1041197, 10.0850834], [78.1039734, 10.0849175], [78.1039459, 10.0848863]]}, "properties": {"kind": "road", "name": "Madurai - Palamedu Road", "osm_id": 978427604, "osm_type": "way", "highway": "primary"}}, {"type": "Feature", "geometry": {"type": "LineString", "coordinates": [[78.1039459, 10.0848863], [78.1037922, 10.0847119], [78.1018159, 10.0824701], [78.1014206, 10.0819488], [78.100783, 10.0797365]]}, "properties": {"kind": "road", "name": "Madurai - Palamedu Road", "osm_id": 978427635, "osm_type": "way", "highway": "primary"}}, {"type": "Feature", "geometry": {"type": "LineString", "coordinates": [[78.100783, 10.0797365], [78.1005391, 10.0789205]]}, "properties": {"kind": "road", "name": "Madurai - Palamedu Road", "osm_id": 978427636, "osm_type": "way", "highway": "primary"}}, {"type": "Feature", "geometry": {"type": "LineString", "coordinates": [[78.1055484, 9.9354118], [78.1055375, 9.935394]]}, "properties": {"kind": "road", "name": "", "osm_id": 979678577, "osm_type": "way", "highway": "primary"}}, {"type": "Feature", "geometry": {"type": "LineString", "coordinates": [[78.1236846, 9.9284169], [78.1238202, 9.9284401], [78.1240963, 9.9283325], [78.1248558, 9.9280479], [78.1250593, 9.9279652]]}, "properties": {"kind": "road", "name": "Vaigai Vadakarai Salai", "osm_id": 979678585, "osm_type": "way", "highway": "primary"}}, {"type": "Feature", "geometry": {"type": "LineString", "coordinates": [[78.1502529, 9.9121566], [78.1503239, 9.9121442], [78.1506244, 9.912026], [78.1507638, 9.9119696]]}, "properties": {"kind": "road", "name": "Vaigai Thenkarai Salai", "osm_id": 979678589, "osm_type": "way", "highway": "primary"}}, {"type": "Feature", "geometry": {"type": "LineString", "coordinates": [[78.1508646, 9.9119416], [78.1510539, 9.911941], [78.1512986, 9.9119326]]}, "properties": {"kind": "road", "name": "Vaigai Thenkarai Salai", "osm_id": 979678590, "osm_type": "way", "highway": "primary"}}, {"type": "Feature", "geometry": {"type": "LineString", "coordinates": [[78.1494553, 9.912075], [78.1495112, 9.9119673], [78.1495524, 9.9117811], [78.1495658, 9.9117109]]}, "properties": {"kind": "road", "name": "80 Adi Salai", "osm_id": 979678593, "osm_type": "way", "highway": "primary"}}, {"type": "Feature", "geometry": {"type": "LineString", "coordinates": [[78.1493751, 9.9125198], [78.1492637, 9.9126189], [78.1491019, 9.9128889], [78.1489554, 9.9131068], [78.1487717, 9.9132754], [78.1474414, 9.9141001], [78.1470682, 9.91437], [78.1466442, 9.914643], [78.1460836, 9.9149709], [78.1459302, 9.9150533], [78.1456985, 9.915165], [78.1453449, 9.9153598], [78.1440956, 9.9160783], [78.1421937, 9.9171876], [78.1419493, 9.9173105], [78.1417849, 9.91739], [78.1416372, 9.9174732], [78.141362, 9.9175831], [78.1412125, 9.9176408], [78.1408129, 9.9177228], [78.1401115, 9.917861], [78.1397581, 9.9178627], [78.1395161, 9.9178482]]}, "properties": {"kind": "road", "name": "Vaigai Thenkarai Salai", "osm_id": 979678594, "osm_type": "way", "highway": "primary"}}, {"type": "Feature", "geometry": {"type": "LineString", "coordinates": [[78.1379539, 9.9185033], [78.1381863, 9.9184392]]}, "properties": {"kind": "road", "name": "Vaigai Thenkarai Salai", "osm_id": 979678595, "osm_type": "way", "highway": "primary"}}, {"type": "Feature", "geometry": {"type": "LineString", "coordinates": [[78.1384224, 9.9182192], [78.1383091, 9.9182566]]}, "properties": {"kind": "road", "name": "Vaigai Thenkarai Salai", "osm_id": 979678596, "osm_type": "way", "highway": "primary"}}, {"type": "Feature", "geometry": {"type": "LineString", "coordinates": [[78.1268626, 9.9269273], [78.1268894, 9.9268387], [78.1267799, 9.9266223]]}, "properties": {"kind": "road", "name": "Vaigai Vadakarai Salai", "osm_id": 979678599, "osm_type": "way", "highway": "primary"}}, {"type": "Feature", "geometry": {"type": "LineString", "coordinates": [[78.1267696, 9.9269868], [78.1268626, 9.9269273]]}, "properties": {"kind": "road", "name": "Vaigai Vadakarai Salai", "osm_id": 979678600, "osm_type": "way", "highway": "primary"}}, {"type": "Feature", "geometry": {"type": "LineString", "coordinates": [[78.2940184, 10.0118734], [78.2943099, 10.0120102], [78.2953572, 10.0123709], [78.2968384, 10.0127981], [78.2974647, 10.0130049], [78.2982163, 10.0133512], [78.2986533, 10.0135786], [78.2992557, 10.0138919], [78.3006552, 10.0146373], [78.301912, 10.0152782], [78.3020838, 10.0153658], [78.302831, 10.0157591], [78.3030708, 10.0158853], [78.3035188, 10.0160578], [78.3039307, 10.0161595], [78.3053167, 10.0164072], [78.3059687, 10.0165644], [78.3068248, 10.0169411], [78.3075067, 10.0174263], [78.3080925, 10.0180129], [78.308851, 10.0188766], [78.3102307, 10.0204804], [78.3107993, 10.0210396], [78.3112465, 10.0214046]]}, "properties": {"kind": "road", "name": "Madurai - Trichy Highway", "osm_id": 981179873, "osm_type": "way", "highway": "trunk"}}, {"type": "Feature", "geometry": {"type": "LineString", "coordinates": [[78.2936056, 10.0116796], [78.2940184, 10.0118734]]}, "properties": {"kind": "road", "name": "Madurai - Trichy Highway", "osm_id": 981179874, "osm_type": "way", "highway": "trunk"}}, {"type": "Feature", "geometry": {"type": "LineString", "coordinates": [[78.3113165, 10.0213012], [78.3108839, 10.0209481], [78.3103231, 10.0203966], [78.3089464, 10.0187962], [78.3081848, 10.017929], [78.3080084, 10.0177523], [78.3075888, 10.0173322], [78.3068879, 10.0168334], [78.3065831, 10.0166993], [78.3060096, 10.016447], [78.3053429, 10.0162862], [78.3039572, 10.0160386], [78.303557, 10.0159398], [78.3031235, 10.0157728], [78.3021422, 10.0152564], [78.3019667, 10.0151669], [78.301389, 10.0148723], [78.300714, 10.014528], [78.2993148, 10.0137829], [78.2982723, 10.0132405], [78.2980478, 10.0131371], [78.2975115, 10.01289], [78.2968761, 10.0126801], [78.2953956, 10.0122532], [78.2943578, 10.0118957], [78.2940997, 10.0117745]]}, "properties": {"kind": "road", "name": "Madurai - Trichy Highway", "osm_id": 981179875, "osm_type": "way", "highway": "trunk"}}, {"type": "Feature", "geometry": {"type": "LineString", "coordinates": [[78.2940997, 10.0117745], [78.2936868, 10.0115807]]}, "properties": {"kind": "road", "name": "Madurai - Trichy Highway", "osm_id": 981179876, "osm_type": "way", "highway": "trunk"}}, {"type": "Feature", "geometry": {"type": "LineString", "coordinates": [[78.1199874, 9.911562], [78.1199465, 9.9110445]]}, "properties": {"kind": "road", "name": "Aruppukottai Salai", "osm_id": 986980454, "osm_type": "way", "highway": "primary"}}, {"type": "Feature", "geometry": {"type": "LineString", "coordinates": [[78.1198794, 9.9110508], [78.1199186, 9.9115693]]}, "properties": {"kind": "road", "name": "Aruppukottai Salai", "osm_id": 986980455, "osm_type": "way", "highway": "primary"}}, {"type": "Feature", "geometry": {"type": "LineString", "coordinates": [[78.1124112, 9.9121401], [78.1124363, 9.9121817], [78.1124655, 9.9122283], [78.1125028, 9.9122515], [78.1125781, 9.9122627]]}, "properties": {"kind": "road", "name": "South Marret Veethi", "osm_id": 986980456, "osm_type": "way", "highway": "primary"}}, {"type": "Feature", "geometry": {"type": "LineString", "coordinates": [[78.0960383, 9.9313397], [78.0960963, 9.9315224], [78.0961883, 9.9318046], [78.0962837, 9.9321683], [78.0963614, 9.9325153], [78.0964838, 9.9332024], [78.0965477, 9.933443], [78.0966351, 9.9336329]]}, "properties": {"kind": "road", "name": "Puravazhi Salai", "osm_id": 990098898, "osm_type": "way", "highway": "primary_link"}}, {"type": "Feature", "geometry": {"type": "LineString", "coordinates": [[78.0968185, 9.9338147], [78.0967737, 9.9333564], [78.096742, 9.9331254], [78.0966533, 9.9326666], [78.0965241, 9.9320389], [78.0963044, 9.9312695], [78.0962681, 9.9311884]]}, "properties": {"kind": "road", "name": "Puravazhi Salai", "osm_id": 990098899, "osm_type": "way", "highway": "primary_link"}}, {"type": "Feature", "geometry": {"type": "LineString", "coordinates": [[78.0843791, 9.9326512], [78.0847633, 9.9324829], [78.0850649, 9.9323798], [78.0854995, 9.9323084], [78.0871812, 9.9322899], [78.0874723, 9.9323345], [78.0878339, 9.9325924], [78.0895358, 9.9342344], [78.0896195, 9.934301], [78.0897075, 9.9343339], [78.0898218, 9.9343559], [78.0899686, 9.9343459], [78.0908984, 9.9339651]]}, "properties": {"kind": "road", "name": "Mudakkusalai Maempalam", "osm_id": 990848612, "osm_type": "way", "highway": "primary"}}, {"type": "Feature", "geometry": {"type": "LineString", "coordinates": [[78.0097657, 9.9390511], [78.0089786, 9.9390855], [78.0077993, 9.9392243], [78.0069369, 9.9393612], [78.0066404, 9.939382], [78.0059007, 9.9394545]]}, "properties": {"kind": "road", "name": "Madurai Kamarajar Palkalai Maempalam", "osm_id": 990848613, "osm_type": "way", "highway": "trunk"}}, {"type": "Feature", "geometry": {"type": "LineString", "coordinates": [[78.1581472, 9.9468293], [78.1581301, 9.9468928]]}, "properties": {"kind": "road", "name": "120 \u0b85\u0b9f\u0bbf \u0b9a\u0bbe\u0bb2\u0bc8", "osm_id": 991924174, "osm_type": "way", "highway": "primary"}}, {"type": "Feature", "geometry": {"type": "LineString", "coordinates": [[78.2273864, 9.9799417], [78.2264685, 9.9814342], [78.2261431, 9.9819497], [78.2256114, 9.9825906], [78.2244166, 9.9836421], [78.2215084, 9.9855605], [78.2192516, 9.9870704], [78.2166276, 9.9887962], [78.2137916, 9.9906661], [78.2119531, 9.9919071]]}, "properties": {"kind": "road", "name": "Madurai North Ring Road", "osm_id": 992410191, "osm_type": "way", "highway": "motorway"}}, {"type": "Feature", "geometry": {"type": "LineString", "coordinates": [[78.0033289, 10.0469789], [78.0038782, 10.0467449], [78.0046167, 10.0463014], [78.0057808, 10.0455355], [78.0081647, 10.0440165], [78.0084359, 10.0438348], [78.0088596, 10.0435443], [78.0095892, 10.0430002], [78.0103617, 10.0422818], [78.0106683, 10.0420051], [78.0109887, 10.0415508], [78.0113843, 10.0410806], [78.0119028, 10.0402577], [78.0122098, 10.0396498], [78.0125782, 10.0387665], [78.0126755, 10.0385169], [78.0128408, 10.0379738], [78.013141, 10.0366471], [78.0133217, 10.035747], [78.0134528, 10.0350227]]}, "properties": {"kind": "road", "name": "", "osm_id": 996118877, "osm_type": "way", "highway": "trunk"}}, {"type": "Feature", "geometry": {"type": "LineString", "coordinates": [[78.0134528, 10.0350227], [78.0134903, 10.0348153]]}, "properties": {"kind": "road", "name": "", "osm_id": 996118878, "osm_type": "way", "highway": "trunk"}}, {"type": "Feature", "geometry": {"type": "LineString", "coordinates": [[78.0133345, 10.035034], [78.0132643, 10.0355126], [78.0129008, 10.0372345], [78.0126956, 10.0380724], [78.0125904, 10.0383981], [78.0125448, 10.0385395], [78.0124273, 10.0388329], [78.01222, 10.0393405], [78.0119252, 10.0399454], [78.0114981, 10.0406893], [78.0109921, 10.0414022], [78.0107155, 10.0417242], [78.0105196, 10.0419671], [78.0104723, 10.0420258], [78.0098792, 10.0425841], [78.0092309, 10.043134], [78.0083852, 10.0437194], [78.0082431, 10.0438178], [78.0038328, 10.0466278], [78.0033658, 10.0468175]]}, "properties": {"kind": "road", "name": "", "osm_id": 996118879, "osm_type": "way", "highway": "trunk"}}, {"type": "Feature", "geometry": {"type": "LineString", "coordinates": [[78.0133645, 10.0348287], [78.0133345, 10.035034]]}, "properties": {"kind": "road", "name": "", "osm_id": 996118880, "osm_type": "way", "highway": "trunk"}}, {"type": "Feature", "geometry": {"type": "LineString", "coordinates": [[78.348794, 10.0492653], [78.3487062, 10.050113], [78.3486986, 10.0510112], [78.348776, 10.0518224], [78.3488819, 10.0524258], [78.3489586, 10.0528632], [78.3491036, 10.0532964], [78.349557, 10.0547687], [78.3499068, 10.056057], [78.3501996, 10.0572246], [78.3504123, 10.0578851], [78.3506815, 10.0584276], [78.3515903, 10.0598616], [78.3519052, 10.0604857], [78.3520645, 10.0609867], [78.3521995, 10.0615256], [78.3523748, 10.0630014], [78.3523913, 10.0631406], [78.3525332, 10.0639616], [78.3527335, 10.0648799], [78.3531154, 10.0661888], [78.3536552, 10.0677188], [78.3537787, 10.0680689], [78.3540952, 10.0687991], [78.3543008, 10.0692394], [78.3545227, 10.0699138], [78.354619, 10.0703546], [78.3546754, 10.0706562], [78.3547488, 10.0710396], [78.3552571, 10.0735578], [78.3553866, 10.0742449], [78.3554551, 10.0748902], [78.3554438, 10.0753199], [78.3552306, 10.0765643], [78.3551928, 10.0776304], [78.3552373, 10.0779294], [78.355289, 10.0782761], [78.3553884, 10.0786703], [78.3555739, 10.0791774], [78.3566546, 10.0811889], [78.3572102, 10.0822093], [78.3575188, 10.0828817], [78.3577867, 10.0837671], [78.3579155, 10.084354], [78.3579733, 10.0849575], [78.3580158, 10.0858579], [78.3580557, 10.0867048], [78.3580955, 10.0875483], [78.3581341, 10.0895052], [78.3580087, 10.0902965], [78.3578013, 10.0911821], [78.3576706, 10.0917518], [78.3571803, 10.0938882], [78.3567944, 10.0955223], [78.3563238, 10.0975152], [78.3551254, 10.1011181], [78.3535228, 10.1058028], [78.3529676, 10.1074498], [78.3526578, 10.1083687], [78.3515821, 10.1114931], [78.3511952, 10.1129194], [78.3509317, 10.1143697], [78.3507174, 10.1155384], [78.3504752, 10.1172974], [78.3503927, 10.1200757], [78.3503829, 10.1205589], [78.3503245, 10.1222156], [78.3503007, 10.1229808], [78.3502489, 10.123651], [78.349591, 10.1267302], [78.3495273, 10.1273104], [78.3495218, 10.127841], [78.3496476, 10.1285806], [78.3497736, 10.1289914], [78.3500084, 10.1295706]]}, "properties": {"kind": "road", "name": "Madurai - Trichy Highway", "osm_id": 1005561644, "osm_type": "way", "highway": "trunk"}}, {"type": "Feature", "geometry": {"type": "LineString", "coordinates": [[78.3501106, 10.1295223], [78.3498804, 10.1289546], [78.3497579, 10.1285552], [78.349635, 10.1278323], [78.3496403, 10.127317], [78.3497028, 10.1267477], [78.3503611, 10.1236667], [78.3504137, 10.1229867], [78.3504375, 10.122219], [78.3505058, 10.1200784], [78.35055, 10.1183736]]}, "properties": {"kind": "road", "name": "Trichy - Madurai highway", "osm_id": 1005561646, "osm_type": "way", "highway": "trunk"}}, {"type": "Feature", "geometry": {"type": "LineString", "coordinates": [[78.0859965, 9.9377268], [78.0860938, 9.9376943], [78.086248, 9.9375618], [78.086449, 9.9373938], [78.0866865, 9.9372206], [78.0871168, 9.9368644], [78.0873343, 9.9366975], [78.0877326, 9.9363273], [78.0879294, 9.9361493], [78.0882676, 9.9358271], [78.0889218, 9.9352538], [78.0896932, 9.9345539], [78.0898213, 9.9344395], [78.0898148, 9.9343041]]}, "properties": {"kind": "road", "name": "Melakkal Salai", "osm_id": 1008293572, "osm_type": "way", "highway": "primary"}}, {"type": "Feature", "geometry": {"type": "LineString", "coordinates": [[78.0015774, 9.982127], [78.0013311, 9.9820668], [78.0010387, 9.9820166], [78.0007973, 9.9820034], [77.9993333, 9.982], [77.998374, 9.9819704], [77.9982264, 9.9819532], [77.9981044, 9.9819242], [77.9980186, 9.9818872], [77.9978093, 9.9817842], [77.9977195, 9.9817512], [77.9976057, 9.9817246], [77.997, 9.9816683], [77.9968153, 9.9816515], [77.9960659, 9.9815834], [77.9958862, 9.9815517], [77.9958315, 9.9815349], [77.9957226, 9.9815015], [77.9953524, 9.9813774], [77.995221, 9.9813523], [77.9950869, 9.9813391], [77.9949595, 9.9813298], [77.9940154, 9.9813404], [77.9938303, 9.981351], [77.9936868, 9.9813615], [77.9915027, 9.9816098], [77.9909202, 9.9816809], [77.990292, 9.9817971], [77.9899666, 9.9818677]]}, "properties": {"kind": "road", "name": "Melakkal Salai", "osm_id": 1009947478, "osm_type": "way", "highway": "primary"}}, {"type": "Feature", "geometry": {"type": "LineString", "coordinates": [[78.0016317, 9.9821403], [78.0015774, 9.982127]]}, "properties": {"kind": "road", "name": "Melakkal Salai", "osm_id": 1009947479, "osm_type": "way", "highway": "primary"}}, {"type": "Feature", "geometry": {"type": "LineString", "coordinates": [[78.1090097, 9.9169886], [78.1093205, 9.9168848], [78.1096269, 9.9167731], [78.109921, 9.9166997], [78.1103818, 9.9166173], [78.1105778, 9.9165828], [78.1106917, 9.9164895]]}, "properties": {"kind": "road", "name": "Cochin \u2013 Madurai - Dhanushkodi Road (Old NH49)", "osm_id": 1012761582, "osm_type": "way", "highway": "primary"}}, {"type": "Feature", "geometry": {"type": "LineString", "coordinates": [[78.1894621, 10.0104372], [78.1896383, 10.0109139], [78.1897093, 10.0111159], [78.1902317, 10.0125746], [78.1904469, 10.0131782], [78.1909378, 10.014555], [78.1909827, 10.0146811], [78.1914112, 10.0158776], [78.1914434, 10.0159555], [78.1914715, 10.0160069], [78.191489, 10.0160388], [78.1917706, 10.0164587], [78.1918283, 10.0165512], [78.1918699, 10.0166357], [78.1921213, 10.0172201], [78.1921501, 10.017298], [78.1928679, 10.0190492], [78.1929769, 10.0192922], [78.1929903, 10.0193351], [78.1929991, 10.0194011], [78.1929977, 10.0195451], [78.1930098, 10.0197511], [78.193082, 10.0203602], [78.1931081, 10.0205134], [78.1932643, 10.0212077]]}, "properties": {"kind": "road", "name": "Azhagarkovil Salai", "osm_id": 1013551324, "osm_type": "way", "highway": "primary"}}, {"type": "Feature", "geometry": {"type": "LineString", "coordinates": [[78.1870014, 10.0064922], [78.1870749, 10.0065468]]}, "properties": {"kind": "road", "name": "Azhagarkovil Salai", "osm_id": 1013551325, "osm_type": "way", "highway": "primary"}}, {"type": "Feature", "geometry": {"type": "LineString", "coordinates": [[78.0898148, 9.9343041], [78.0897283, 9.9344158], [78.0895955, 9.9345395], [78.0893075, 9.9348018], [78.0888736, 9.9351957], [78.0878825, 9.9360661], [78.0872609, 9.9366185], [78.0870751, 9.9367836], [78.0866176, 9.9371366], [78.0860375, 9.9376406], [78.0859965, 9.9377268]]}, "properties": {"kind": "road", "name": "Melakkal Salai", "osm_id": 1024203149, "osm_type": "way", "highway": "primary"}}, {"type": "Feature", "geometry": {"type": "LineString", "coordinates": [[78.036662, 9.9365982], [78.0367725, 9.9365919], [78.0370416, 9.9365398], [78.0372134, 9.9364883], [78.0372816, 9.9364679], [78.0375975, 9.9363692], [78.0383561, 9.9361684], [78.0388003, 9.9360771], [78.0392663, 9.9359813], [78.0394135, 9.935951], [78.0412807, 9.9355536], [78.042238, 9.9353321], [78.042958, 9.9351696], [78.0434835, 9.9351266], [78.043734, 9.9351175], [78.0440261, 9.9351068], [78.0442733, 9.9350941], [78.0444165, 9.9350827], [78.0450311, 9.9350005], [78.0456947, 9.9348756], [78.0462102, 9.9348053], [78.0467022, 9.9346981], [78.047267, 9.9345686], [78.0475386, 9.9345408], [78.0477829, 9.9345339], [78.048253, 9.9345409], [78.0487399, 9.934544], [78.0493631, 9.9345603], [78.0497852, 9.9345548], [78.0499442, 9.9345498], [78.0504111, 9.9345389], [78.050834, 9.9345344], [78.0512017, 9.9345305], [78.0516193, 9.9345563], [78.0519018, 9.9345763], [78.0523053, 9.9346464], [78.0524673, 9.9346781], [78.0528949, 9.9347818], [78.0530688, 9.9348261], [78.0531497, 9.934861], [78.0535205, 9.9350091], [78.0536908, 9.935071], [78.0542312, 9.93525], [78.0543931, 9.9352713]]}, "properties": {"kind": "road", "name": "Theni Pradhana Salai", "osm_id": 1034787801, "osm_type": "way", "highway": "trunk"}}, {"type": "Feature", "geometry": {"type": "LineString", "coordinates": [[78.0205503, 9.9392206], [78.0206342, 9.9392079]]}, "properties": {"kind": "road", "name": "Theni Pradhana Salai", "osm_id": 1034787802, "osm_type": "way", "highway": "trunk"}}, {"type": "Feature", "geometry": {"type": "LineString", "coordinates": [[78.0543931, 9.9352713], [78.0542524, 9.935189], [78.0540377, 9.935116], [78.05362, 9.9349632], [78.0533509, 9.9348386], [78.0531001, 9.9347369], [78.0526245, 9.934615], [78.0523163, 9.9345457], [78.0519143, 9.934467], [78.0516052, 9.9344299], [78.0512776, 9.9344167], [78.050902, 9.9344155], [78.0503305, 9.9344208], [78.0499315, 9.9344272], [78.0495646, 9.9344316], [78.0487481, 9.9344199], [78.0482654, 9.9344122], [78.0477731, 9.934394], [78.0475332, 9.9344124], [78.0472132, 9.9344544], [78.0466648, 9.9345718], [78.0461602, 9.9346765], [78.0455542, 9.9347721], [78.0449857, 9.9348644], [78.044397, 9.9349515], [78.0442501, 9.9349638], [78.0435076, 9.9350025], [78.0428991, 9.935052], [78.0421996, 9.9352063], [78.0416722, 9.9353456], [78.0399511, 9.9357039], [78.0397066, 9.9357564], [78.0387964, 9.9359573], [78.038337, 9.9360712], [78.0379312, 9.9361648], [78.0375657, 9.9362692], [78.037306, 9.936337], [78.0368909, 9.9364507], [78.0366373, 9.9364756]]}, "properties": {"kind": "road", "name": "Theni Pradhana Salai", "osm_id": 1034787803, "osm_type": "way", "highway": "trunk"}}, {"type": "Feature", "geometry": {"type": "LineString", "coordinates": [[78.0206518, 9.9390973], [78.020565, 9.9391111]]}, "properties": {"kind": "road", "name": "Theni Pradhana Salai", "osm_id": 1034787804, "osm_type": "way", "highway": "trunk"}}, {"type": "Feature", "geometry": {"type": "LineString", "coordinates": [[78.0206342, 9.9392079], [78.0207165, 9.9391955], [78.0216571, 9.9390632], [78.0220487, 9.9390071], [78.0222059, 9.9389823], [78.0225435, 9.9389291], [78.0226475, 9.9389127]]}, "properties": {"kind": "road", "name": "Theni Pradhana Salai", "osm_id": 1034787809, "osm_type": "way", "highway": "trunk"}}, {"type": "Feature", "geometry": {"type": "LineString", "coordinates": [[78.0226475, 9.9389127], [78.0227316, 9.9388994]]}, "properties": {"kind": "road", "name": "Theni Pradhana Salai", "osm_id": 1034787810, "osm_type": "way", "highway": "trunk"}}, {"type": "Feature", "geometry": {"type": "LineString", "coordinates": [[78.0227316, 9.9388994], [78.0228175, 9.9388859], [78.0230831, 9.9388441], [78.0235964, 9.9387632], [78.0239024, 9.9387151], [78.0242709, 9.9386493], [78.0246049, 9.9385785], [78.024926, 9.9385087], [78.0252631, 9.938427], [78.025779, 9.9382991], [78.0263775, 9.9381523], [78.0269118, 9.9380229], [78.0273293, 9.9379352], [78.0273514, 9.9379306]]}, "properties": {"kind": "road", "name": "Theni Pradhana Salai", "osm_id": 1034787811, "osm_type": "way", "highway": "trunk"}}, {"type": "Feature", "geometry": {"type": "LineString", "coordinates": [[78.0273514, 9.9379306], [78.027432, 9.9379136]]}, "properties": {"kind": "road", "name": "Theni Pradhana Salai", "osm_id": 1034787812, "osm_type": "way", "highway": "trunk"}}, {"type": "Feature", "geometry": {"type": "LineString", "coordinates": [[78.0226604, 9.9387853], [78.0218836, 9.9389119], [78.021656, 9.9389501], [78.0207278, 9.9390821], [78.0206518, 9.9390973]]}, "properties": {"kind": "road", "name": "Theni Pradhana Salai", "osm_id": 1034787813, "osm_type": "way", "highway": "trunk"}}, {"type": "Feature", "geometry": {"type": "LineString", "coordinates": [[78.0227476, 9.9387691], [78.0226604, 9.9387853]]}, "properties": {"kind": "road", "name": "Theni Pradhana Salai", "osm_id": 1034787814, "osm_type": "way", "highway": "trunk"}}, {"type": "Feature", "geometry": {"type": "LineString", "coordinates": [[78.0273126, 9.9378203], [78.0271205, 9.9378581], [78.0263435, 9.9380339], [78.0254636, 9.9382382], [78.0251561, 9.9383079], [78.0246793, 9.938416], [78.024326, 9.9385024], [78.0237977, 9.9385954], [78.0233642, 9.9386673], [78.0227476, 9.9387691]]}, "properties": {"kind": "road", "name": "Theni Pradhana Salai", "osm_id": 1034787815, "osm_type": "way", "highway": "trunk"}}, {"type": "Feature", "geometry": {"type": "LineString", "coordinates": [[78.0274066, 9.9378008], [78.0273126, 9.9378203]]}, "properties": {"kind": "road", "name": "Theni Pradhana Salai", "osm_id": 1034787816, "osm_type": "way", "highway": "trunk"}}, {"type": "Feature", "geometry": {"type": "LineString", "coordinates": [[78.03084, 9.937077], [78.0307312, 9.9370937], [78.0292497, 9.9373871], [78.0286147, 9.9375233], [78.027714, 9.9377295], [78.0274066, 9.9378008]]}, "properties": {"kind": "road", "name": "Theni Pradhana Salai", "osm_id": 1034787823, "osm_type": "way", "highway": "trunk"}}, {"type": "Feature", "geometry": {"type": "LineString", "coordinates": [[78.0309261, 9.9370586], [78.03084, 9.937077]]}, "properties": {"kind": "road", "name": "Theni Pradhana Salai", "osm_id": 1034787824, "osm_type": "way", "highway": "trunk"}}, {"type": "Feature", "geometry": {"type": "LineString", "coordinates": [[78.0365469, 9.9364935], [78.0360256, 9.936518], [78.0356747, 9.9365447], [78.035004, 9.9365952], [78.0346902, 9.936623], [78.0338943, 9.9366999], [78.0333613, 9.9367358], [78.0331677, 9.9367352], [78.0328635, 9.9367486], [78.0324387, 9.9367618], [78.032209, 9.9368102], [78.0317959, 9.9368858], [78.0313932, 9.9369504], [78.0309261, 9.9370586]]}, "properties": {"kind": "road", "name": "Theni Pradhana Salai", "osm_id": 1034787825, "osm_type": "way", "highway": "trunk"}}, {"type": "Feature", "geometry": {"type": "LineString", "coordinates": [[78.0366373, 9.9364756], [78.0365469, 9.9364935]]}, "properties": {"kind": "road", "name": "Theni Pradhana Salai", "osm_id": 1034787826, "osm_type": "way", "highway": "trunk"}}, {"type": "Feature", "geometry": {"type": "LineString", "coordinates": [[78.027432, 9.9379136], [78.0278067, 9.9378349], [78.027884, 9.9378177], [78.0286306, 9.9376511], [78.02901, 9.9375665], [78.0290757, 9.9375519], [78.0293425, 9.9374908], [78.0295191, 9.9374503], [78.0297959, 9.9373962], [78.0305513, 9.9372485], [78.0307554, 9.9372086], [78.0308348, 9.9371931], [78.0308664, 9.9371869]]}, "properties": {"kind": "road", "name": "Theni Pradhana Salai", "osm_id": 1034787827, "osm_type": "way", "highway": "trunk"}}, {"type": "Feature", "geometry": {"type": "LineString", "coordinates": [[78.0308664, 9.9371869], [78.0309472, 9.9371711]]}, "properties": {"kind": "road", "name": "Theni Pradhana Salai", "osm_id": 1034787828, "osm_type": "way", "highway": "trunk"}}, {"type": "Feature", "geometry": {"type": "LineString", "coordinates": [[78.0309472, 9.9371711], [78.0318156, 9.9370013], [78.0323302, 9.9369007], [78.0323775, 9.9368955], [78.0325704, 9.9368742], [78.0329007, 9.9368659], [78.0330482, 9.9368622], [78.0334336, 9.9368454], [78.033505, 9.9368425], [78.0345048, 9.9367619], [78.0347683, 9.9367384], [78.0349016, 9.9367265], [78.0358145, 9.9366451], [78.0363306, 9.9366172], [78.0365134, 9.9366067], [78.0365797, 9.9366029]]}, "properties": {"kind": "road", "name": "Theni Pradhana Salai", "osm_id": 1034787829, "osm_type": "way", "highway": "trunk"}}, {"type": "Feature", "geometry": {"type": "LineString", "coordinates": [[78.0365797, 9.9366029], [78.036662, 9.9365982]]}, "properties": {"kind": "road", "name": "Theni Pradhana Salai", "osm_id": 1034787830, "osm_type": "way", "highway": "trunk"}}, {"type": "Feature", "geometry": {"type": "LineString", "coordinates": [[78.0038411, 9.939655], [78.0037473, 9.9396632]]}, "properties": {"kind": "road", "name": "Theni Pradhana Salai", "osm_id": 1034807911, "osm_type": "way", "highway": "trunk"}}, {"type": "Feature", "geometry": {"type": "LineString", "coordinates": [[78.0037843, 9.9397928], [78.0038722, 9.939786]]}, "properties": {"kind": "road", "name": "Theni Pradhana Salai", "osm_id": 1034807913, "osm_type": "way", "highway": "trunk"}}, {"type": "Feature", "geometry": {"type": "LineString", "coordinates": [[77.9937296, 9.9413753], [77.9946379, 9.9412431], [77.9959043, 9.9410359], [77.9959554, 9.9410275], [77.996406, 9.9409345], [77.997119, 9.9407699], [77.9974826, 9.9407028], [77.9979403, 9.9405993], [77.9982387, 9.940546], [77.9985149, 9.9405163], [77.9989309, 9.9404844], [77.999339, 9.9404157], [77.9995387, 9.9403776], [78.0005432, 9.9401857], [78.0011569, 9.9400755], [78.0019434, 9.9399697]]}, "properties": {"kind": "road", "name": "Theni Pradhana Salai", "osm_id": 1034807923, "osm_type": "way", "highway": "trunk"}}, {"type": "Feature", "geometry": {"type": "LineString", "coordinates": [[77.993648, 9.9413872], [77.9937296, 9.9413753]]}, "properties": {"kind": "road", "name": "Theni Pradhana Salai", "osm_id": 1034807924, "osm_type": "way", "highway": "trunk"}}, {"type": "Feature", "geometry": {"type": "LineString", "coordinates": [[78.0037473, 9.9396632], [78.0033012, 9.9397373], [78.0028198, 9.9397887], [78.0024909, 9.9398238], [78.0019063, 9.9398926], [78.0011438, 9.9399957], [78.000528, 9.9401063], [77.9995093, 9.9403009], [77.9993243, 9.9403362], [77.9989208, 9.9404041], [77.9985073, 9.9404358], [77.9982269, 9.9404659], [77.9979238, 9.9405201], [77.9978778, 9.9405305], [77.9974636, 9.9406241], [77.9971035, 9.9407117], [77.9963867, 9.9408618], [77.9951041, 9.9411007], [77.9949267, 9.9411338], [77.9937265, 9.9413103]]}, "properties": {"kind": "road", "name": "Theni Pradhana Salai", "osm_id": 1034807925, "osm_type": "way", "highway": "trunk"}}, {"type": "Feature", "geometry": {"type": "LineString", "coordinates": [[77.9937265, 9.9413103], [77.9936448, 9.9413223]]}, "properties": {"kind": "road", "name": "Theni Pradhana Salai", "osm_id": 1034807926, "osm_type": "way", "highway": "trunk"}}, {"type": "Feature", "geometry": {"type": "LineString", "coordinates": [[78.0292973, 9.8760572], [78.0284888, 9.8750106], [78.0279163, 9.8742362], [78.0269995, 9.8730513], [78.0264416, 9.8723322], [78.0259479, 9.8714981], [78.025689, 9.8709757], [78.0255443, 9.8705736], [78.0253187, 9.8699139], [78.0251839, 9.8695413], [78.0250387, 9.869172], [78.0249949, 9.8690704], [78.0249868, 9.8690515], [78.0249642, 9.8689989], [78.0249494, 9.8689647]]}, "properties": {"kind": "road", "name": "", "osm_id": 1036266100, "osm_type": "way", "highway": "trunk"}}, {"type": "Feature", "geometry": {"type": "LineString", "coordinates": [[78.0470294, 9.9055817], [78.0470785, 9.9057147], [78.0483579, 9.90918], [78.0489375, 9.9107499], [78.0498446, 9.9132108], [78.0501251, 9.9139735]]}, "properties": {"kind": "road", "name": "", "osm_id": 1036604378, "osm_type": "way", "highway": "trunk"}}, {"type": "Feature", "geometry": {"type": "LineString", "coordinates": [[78.0470123, 9.9055352], [78.0470294, 9.9055817]]}, "properties": {"kind": "road", "name": "", "osm_id": 1036604379, "osm_type": "way", "highway": "trunk"}}, {"type": "Feature", "geometry": {"type": "LineString", "coordinates": [[78.0501425, 9.9140208], [78.0509132, 9.9161159], [78.0513625, 9.9173918], [78.0526695, 9.9209977]]}, "properties": {"kind": "road", "name": "", "osm_id": 1036604380, "osm_type": "way", "highway": "trunk"}}, {"type": "Feature", "geometry": {"type": "LineString", "coordinates": [[78.0501251, 9.9139735], [78.0501425, 9.9140208]]}, "properties": {"kind": "road", "name": "", "osm_id": 1036604381, "osm_type": "way", "highway": "trunk"}}, {"type": "Feature", "geometry": {"type": "LineString", "coordinates": [[78.0527668, 9.920933], [78.0521398, 9.9191478], [78.0514833, 9.9173671], [78.0510699, 9.9162129], [78.0505463, 9.9147634], [78.0504101, 9.9144479], [78.0502543, 9.9140214]]}, "properties": {"kind": "road", "name": "", "osm_id": 1036604382, "osm_type": "way", "highway": "trunk"}}, {"type": "Feature", "geometry": {"type": "LineString", "coordinates": [[78.0502543, 9.9140214], [78.050237, 9.9139741]]}, "properties": {"kind": "road", "name": "", "osm_id": 1036604383, "osm_type": "way", "highway": "trunk"}}, {"type": "Feature", "geometry": {"type": "LineString", "coordinates": [[78.050237, 9.9139741], [78.0501749, 9.913804], [78.0499726, 9.9132505], [78.0492457, 9.9112433], [78.0489671, 9.9104741], [78.0488528, 9.9101714], [78.0487257, 9.9098347], [78.0481916, 9.9083836], [78.047884, 9.9075458], [78.0475747, 9.9067032], [78.04715, 9.9055395]]}, "properties": {"kind": "road", "name": "", "osm_id": 1036604384, "osm_type": "way", "highway": "trunk"}}, {"type": "Feature", "geometry": {"type": "LineString", "coordinates": [[78.04715, 9.9055395], [78.047133, 9.905493]]}, "properties": {"kind": "road", "name": "", "osm_id": 1036604385, "osm_type": "way", "highway": "trunk"}}, {"type": "Feature", "geometry": {"type": "LineString", "coordinates": [[78.0349554, 9.890855], [78.0348033, 9.8906703], [78.0344279, 9.890218], [78.0341514, 9.8899064], [78.0321442, 9.8875761], [78.0306744, 9.8858375], [78.0304427, 9.8855592], [78.0301924, 9.8852553], [78.0299049, 9.88486], [78.0297206, 9.8845449], [78.0295759, 9.8842002], [78.0294361, 9.8838104], [78.0293361, 9.8833948], [78.0292536, 9.8828125], [78.0292455, 9.8824638], [78.0292642, 9.8820231], [78.0293944, 9.8812751], [78.0294564, 9.8810109], [78.0295133, 9.8807604], [78.0298174, 9.8794778], [78.0299656, 9.8787495], [78.0300182, 9.878388], [78.0300172, 9.8780001]]}, "properties": {"kind": "road", "name": "", "osm_id": 1036604425, "osm_type": "way", "highway": "trunk"}}, {"type": "Feature", "geometry": {"type": "LineString", "coordinates": [[78.0350072, 9.8909179], [78.0349554, 9.890855]]}, "properties": {"kind": "road", "name": "", "osm_id": 1036604426, "osm_type": "way", "highway": "trunk"}}, {"type": "Feature", "geometry": {"type": "LineString", "coordinates": [[78.0298632, 9.8777749], [78.029888, 9.8782654], [78.0298601, 9.8787009], [78.0297035, 9.8794746], [78.0293326, 9.8810326], [78.0292936, 9.8812088], [78.029283, 9.8812474], [78.0291857, 9.8818223], [78.0291592, 9.8825233], [78.0291855, 9.8831358], [78.0293072, 9.8836981], [78.0294529, 9.8841479], [78.0296945, 9.8846642], [78.0301076, 9.8853237], [78.0303727, 9.8856354], [78.0318551, 9.8873787], [78.0340874, 9.8900082], [78.0342851, 9.890236], [78.0343656, 9.8903395], [78.0344189, 9.8904026], [78.0348612, 9.8909262]]}, "properties": {"kind": "road", "name": "", "osm_id": 1036604427, "osm_type": "way", "highway": "trunk"}}, {"type": "Feature", "geometry": {"type": "LineString", "coordinates": [[78.0348612, 9.8909262], [78.0349138, 9.8909884]]}, "properties": {"kind": "road", "name": "", "osm_id": 1036604428, "osm_type": "way", "highway": "trunk"}}, {"type": "Feature", "geometry": {"type": "LineString", "coordinates": [[78.1381863, 9.9184392], [78.1387112, 9.9182509], [78.1392825, 9.9180501], [78.1394217, 9.9180202], [78.1395665, 9.917986]]}, "properties": {"kind": "road", "name": "Vaigai Thenkarai Salai", "osm_id": 1044489925, "osm_type": "way", "highway": "primary"}}, {"type": "Feature", "geometry": {"type": "LineString", "coordinates": [[78.1395161, 9.9178482], [78.139381, 9.9178862], [78.1390224, 9.918009], [78.1384224, 9.9182192]]}, "properties": {"kind": "road", "name": "Vaigai Thenkarai Salai", "osm_id": 1044489926, "osm_type": "way", "highway": "primary"}}, {"type": "Feature", "geometry": {"type": "LineString", "coordinates": [[78.1249037, 9.9178191], [78.1253019, 9.9178208], [78.1253984, 9.917828]]}, "properties": {"kind": "road", "name": "Kamarajar Salai", "osm_id": 1044489927, "osm_type": "way", "highway": "trunk"}}, {"type": "Feature", "geometry": {"type": "LineString", "coordinates": [[78.1253984, 9.917828], [78.1266486, 9.9177349], [78.1272667, 9.9176888]]}, "properties": {"kind": "road", "name": "Kamarajar Salai", "osm_id": 1044489929, "osm_type": "way", "highway": "trunk"}}, {"type": "Feature", "geometry": {"type": "LineString", "coordinates": [[78.1272667, 9.9176888], [78.1273651, 9.9176797]]}, "properties": {"kind": "road", "name": "Kamarajar Salai", "osm_id": 1044489930, "osm_type": "way", "highway": "trunk"}}, {"type": "Feature", "geometry": {"type": "LineString", "coordinates": [[78.1273651, 9.9176797], [78.1275848, 9.9176588], [78.1282346, 9.9175975], [78.129749, 9.9174811], [78.130643, 9.9174103], [78.1318768, 9.9172553], [78.1323291, 9.9171875], [78.1324132, 9.9171749]]}, "properties": {"kind": "road", "name": "Kamarajar Salai", "osm_id": 1044489931, "osm_type": "way", "highway": "trunk"}}, {"type": "Feature", "geometry": {"type": "LineString", "coordinates": [[78.1328096, 9.9170695], [78.1328967, 9.91705]]}, "properties": {"kind": "road", "name": "Kamarajar Salai", "osm_id": 1044489932, "osm_type": "way", "highway": "trunk"}}, {"type": "Feature", "geometry": {"type": "LineString", "coordinates": [[78.0979093, 9.9386014], [78.0979401, 9.9386921], [78.0979673, 9.9387508], [78.0979865, 9.9387893], [78.0980137, 9.9388064], [78.0980496, 9.9388198], [78.0980862, 9.9388263], [78.0981148, 9.938826], [78.0983366, 9.9387767], [78.0987768, 9.938594], [78.1000248, 9.9382303], [78.1001942, 9.9381674], [78.1004552, 9.9380617], [78.1007255, 9.9379228], [78.1011569, 9.9376195], [78.1019338, 9.9370165], [78.1023324, 9.9368194], [78.1027385, 9.936642], [78.1038269, 9.9362414], [78.1041938, 9.9360629], [78.1053499, 9.9354487], [78.1054238, 9.93541], [78.105506, 9.935367], [78.10555, 9.9353442]]}, "properties": {"kind": "road", "name": "Vaigai Thenkarai Salai", "osm_id": 1044493996, "osm_type": "way", "highway": "primary"}}, {"type": "Feature", "geometry": {"type": "LineString", "coordinates": [[78.1054845, 9.935246], [78.1054147, 9.9352831], [78.1053147, 9.9353364], [78.1048461, 9.9356346], [78.1040165, 9.9360377], [78.1032915, 9.9363219], [78.1025584, 9.9366061], [78.1020669, 9.9368286], [78.1019169, 9.9368965], [78.1016077, 9.9371205], [78.1013199, 9.9373656], [78.101055, 9.9375646], [78.1006854, 9.9378363], [78.1005174, 9.9379318], [78.1002205, 9.9380566], [78.0999055, 9.9381806], [78.0995837, 9.9382727], [78.0993041, 9.9383416], [78.0989073, 9.9384337], [78.0985948, 9.938538], [78.0984446, 9.9385899], [78.0983855, 9.9386046], [78.0983525, 9.9386074], [78.0983197, 9.9386003], [78.0982908, 9.9385733], [78.098273, 9.938542]]}, "properties": {"kind": "road", "name": "Vaigai Thenkarai Salai", "osm_id": 1044493997, "osm_type": "way", "highway": "primary"}}, {"type": "Feature", "geometry": {"type": "LineString", "coordinates": [[78.1234768, 9.9249093], [78.1232625, 9.9243935], [78.1231996, 9.9242526]]}, "properties": {"kind": "road", "name": "", "osm_id": 1044494009, "osm_type": "way", "highway": "primary"}}, {"type": "Feature", "geometry": {"type": "LineString", "coordinates": [[78.1383091, 9.9182566], [78.138124, 9.9183345], [78.1369803, 9.9187283], [78.1360298, 9.919067], [78.1350216, 9.919338], [78.1345922, 9.9194514], [78.1342548, 9.919649], [78.1340013, 9.9198448], [78.1339319, 9.9198999], [78.133232, 9.9202314], [78.132208, 9.9209085], [78.1317792, 9.9212496], [78.1315937, 9.9213264], [78.131307, 9.9215091], [78.1308809, 9.9217705], [78.1304364, 9.9219465], [78.1301721, 9.9220614], [78.1297418, 9.9222411], [78.1293226, 9.9224433], [78.1286786, 9.9227541], [78.1285442, 9.9228041]]}, "properties": {"kind": "road", "name": "Vaigai Thenkarai Salai", "osm_id": 1044494012, "osm_type": "way", "highway": "primary"}}, {"type": "Feature", "geometry": {"type": "LineString", "coordinates": [[78.1286092, 9.9228982], [78.1287132, 9.9228323], [78.1297191, 9.9223317], [78.1299672, 9.9222378], [78.1305841, 9.9220133], [78.1309167, 9.9218495], [78.131539, 9.9214717], [78.1320191, 9.9211757], [78.132298, 9.9209353], [78.1333173, 9.920288], [78.1341139, 9.9198917], [78.1344626, 9.9196275], [78.1347737, 9.9194795], [78.1351573, 9.9193923], [78.1360397, 9.9191519], [78.1369785, 9.9188295], [78.1375418, 9.9186473], [78.1379539, 9.9185033]]}, "properties": {"kind": "road", "name": "Vaigai Thenkarai Salai", "osm_id": 1044494013, "osm_type": "way", "highway": "primary"}}, {"type": "Feature", "geometry": {"type": "LineString", "coordinates": [[78.1288002, 9.9292112], [78.1288479, 9.9291843], [78.1288952, 9.9291433], [78.1289009, 9.9291042], [78.1289047, 9.929052], [78.1289066, 9.9289793], [78.1288856, 9.9288903]]}, "properties": {"kind": "road", "name": "", "osm_id": 1049073022, "osm_type": "way", "highway": "primary_link"}}, {"type": "Feature", "geometry": {"type": "LineString", "coordinates": [[78.1636942, 9.9495233], [78.1636674, 9.9494235], [78.1636404, 9.9493354], [78.1636338, 9.9492477], [78.1636221, 9.9490958]]}, "properties": {"kind": "road", "name": "Madurai Ring Road", "osm_id": 1049097686, "osm_type": "way", "highway": "trunk_link"}}, {"type": "Feature", "geometry": {"type": "LineString", "coordinates": [[78.1611652, 9.9482214], [78.161227, 9.9482415], [78.1616043, 9.9484237], [78.1621455, 9.9486617], [78.1622416, 9.9487039], [78.1632871, 9.9493586], [78.1634073, 9.9494428]]}, "properties": {"kind": "road", "name": "Melur Pradhana Salai", "osm_id": 1049097687, "osm_type": "way", "highway": "primary"}}, {"type": "Feature", "geometry": {"type": "LineString", "coordinates": [[78.1634449, 9.9493576], [78.163154, 9.9491713], [78.1627221, 9.9488939], [78.1622047, 9.9485541], [78.1615796, 9.9482563], [78.1611942, 9.9480804]]}, "properties": {"kind": "road", "name": "Melur Pradhana Salai", "osm_id": 1049097688, "osm_type": "way", "highway": "primary"}}, {"type": "Feature", "geometry": {"type": "LineString", "coordinates": [[78.1224947, 9.9290175], [78.1223364, 9.9291072], [78.1218354, 9.9296751], [78.1210673, 9.9305574], [78.1207759, 9.9309466], [78.1205884, 9.9312746], [78.1205854, 9.9312919], [78.1205794, 9.9313267], [78.1205942, 9.9313656], [78.1206375, 9.9314289]]}, "properties": {"kind": "road", "name": "Vaigai Vadakarai Salai", "osm_id": 1049212229, "osm_type": "way", "highway": "primary"}}, {"type": "Feature", "geometry": {"type": "LineString", "coordinates": [[78.1202805, 9.9317009], [78.1205551, 9.9316297]]}, "properties": {"kind": "road", "name": "Palam Station Salai", "osm_id": 1049212231, "osm_type": "way", "highway": "primary"}}, {"type": "Feature", "geometry": {"type": "LineString", "coordinates": [[78.1205854, 9.9312919], [78.120462, 9.9314225], [78.1203615, 9.9315192]]}, "properties": {"kind": "road", "name": "", "osm_id": 1049212232, "osm_type": "way", "highway": "primary_link"}}, {"type": "Feature", "geometry": {"type": "LineString", "coordinates": [[78.117182, 9.88748], [78.1173786, 9.8871563], [78.1176416, 9.8867234], [78.1177778, 9.8864443], [78.1185388, 9.8850699], [78.1186212, 9.8848339]]}, "properties": {"kind": "road", "name": "Avaniapuram Puravazhi Salai", "osm_id": 1049260807, "osm_type": "way", "highway": "primary"}}, {"type": "Feature", "geometry": {"type": "LineString", "coordinates": [[78.11888, 9.8843655], [78.1190311, 9.8842322], [78.1193668, 9.8836155], [78.1194953, 9.8832322], [78.1195198, 9.8831145], [78.1195784, 9.8825109], [78.1195946, 9.882225], [78.1195871, 9.8814961], [78.1195839, 9.8811977], [78.1195483, 9.8800374], [78.119501, 9.8794359], [78.1194388, 9.8790365], [78.1193611, 9.8788175], [78.1192696, 9.8786214], [78.1188768, 9.878068], [78.1187098, 9.8778611], [78.1185261, 9.8776721], [78.1183801, 9.877554], [78.1181022, 9.877392], [78.1174147, 9.8770712], [78.1167893, 9.8767938], [78.1155385, 9.8762405], [78.1133454, 9.8752698], [78.1125296, 9.874902], [78.1103127, 9.873904], [78.1091172, 9.8733598], [78.1087176, 9.8730603], [78.10854, 9.8729454]]}, "properties": {"kind": "road", "name": "Avaniapuram Puravazhi Salai", "osm_id": 1049260808, "osm_type": "way", "highway": "primary"}}, {"type": "Feature", "geometry": {"type": "LineString", "coordinates": [[78.1696376, 9.9229364], [78.1695995, 9.923587], [78.1695057, 9.924777], [78.1694894, 9.92504], [78.1694433, 9.9254516], [78.1694289, 9.9257136]]}, "properties": {"kind": "road", "name": "Madurai Ring Road", "osm_id": 1049263878, "osm_type": "way", "highway": "trunk"}}, {"type": "Feature", "geometry": {"type": "LineString", "coordinates": [[78.1695262, 9.9257223], [78.1695277, 9.9256819], [78.1695365, 9.9254487], [78.1695646, 9.9252154], [78.1695868, 9.9249729], [78.1697573, 9.9229444]]}, "properties": {"kind": "road", "name": "Madurai Ring Road", "osm_id": 1049263879, "osm_type": "way", "highway": "trunk"}}, {"type": "Feature", "geometry": {"type": "LineString", "coordinates": [[78.1688352, 9.9298312], [78.1688578, 9.9299134], [78.168882, 9.9299543], [78.1689366, 9.9300095], [78.1690055, 9.9300459], [78.1690823, 9.9300603], [78.1691599, 9.9300512], [78.1692312, 9.9300196], [78.1692421, 9.93001], [78.1692896, 9.9299684], [78.1693231, 9.929917], [78.1693453, 9.9298475], [78.1693465, 9.9297747], [78.1693266, 9.9297046], [78.1692999, 9.9296587], [78.1692459, 9.9296044], [78.1691779, 9.9295683], [78.1691021, 9.9295538], [78.1690254, 9.929562], [78.1689546, 9.9295923], [78.1688961, 9.9296419], [78.168876, 9.9296682], [78.1688415, 9.9297463], [78.1688352, 9.9298312]]}, "properties": {"kind": "road", "name": "Madurai Ring Road", "osm_id": 1049263880, "osm_type": "way", "highway": "trunk"}}, {"type": "Feature", "geometry": {"type": "LineString", "coordinates": [[78.1693231, 9.929917], [78.1694582, 9.9298879], [78.1696309, 9.9298636], [78.1698156, 9.9298292]]}, "properties": {"kind": "road", "name": "Sivagangai Salai", "osm_id": 1049263881, "osm_type": "way", "highway": "primary"}}, {"type": "Feature", "geometry": {"type": "LineString", "coordinates": [[78.1698156, 9.9298292], [78.1696137, 9.9297906], [78.1694285, 9.9297299], [78.1693266, 9.9297046]]}, "properties": {"kind": "road", "name": "Sivagangai Salai", "osm_id": 1049263882, "osm_type": "way", "highway": "primary"}}, {"type": "Feature", "geometry": {"type": "LineString", "coordinates": [[78.1684712, 9.9297393], [78.1686584, 9.9298174], [78.1688578, 9.9299134]]}, "properties": {"kind": "road", "name": "Sivagangai Salai", "osm_id": 1049263883, "osm_type": "way", "highway": "primary"}}, {"type": "Feature", "geometry": {"type": "LineString", "coordinates": [[78.168876, 9.9296682], [78.1687151, 9.929708], [78.1684712, 9.9297393]]}, "properties": {"kind": "road", "name": "Sivagangai Salai", "osm_id": 1049263884, "osm_type": "way", "highway": "primary"}}, {"type": "Feature", "geometry": {"type": "LineString", "coordinates": [[78.1051993, 9.8411372], [78.1050757, 9.8409068], [78.1048182, 9.8402725], [78.1045983, 9.8396488], [78.1044266, 9.8390674], [78.1042442, 9.8383063], [78.1041369, 9.8378042], [78.1041262, 9.8374553], [78.1041584, 9.836858], [78.1043837, 9.8347808], [78.104373, 9.8343844], [78.1042764, 9.8339774], [78.1041208, 9.8336656], [78.1037132, 9.8331793], [78.1032786, 9.8327617], [78.1029171, 9.8324698], [78.1026618, 9.8322179], [78.1025737, 9.832131], [78.102284, 9.8318548], [78.102125, 9.8317099], [78.1020427, 9.8316349], [78.1019308, 9.8315407], [78.1017857, 9.831428], [78.1016332, 9.8313146], [78.1014909, 9.8312098], [78.1014171, 9.831159], [78.1013341, 9.8311032], [78.1011512, 9.8309807], [78.1010238, 9.8309004], [78.1008958, 9.8308282], [78.1007427, 9.8307462], [78.0999777, 9.830327], [78.0998217, 9.8302467], [78.0997522, 9.8302138], [78.0996522, 9.8301665], [78.09938, 9.8300537], [78.0991399, 9.8299673], [78.0988597, 9.8298837], [78.0986448, 9.829832], [78.0983508, 9.8297723], [78.0980828, 9.8297332], [78.0977682, 9.8297012], [78.096967, 9.8296216], [78.0966005, 9.8295861], [78.0961052, 9.82954], [78.0958929, 9.8295131], [78.0956914, 9.8294797], [78.0955243, 9.8294382], [78.0954059, 9.8293983], [78.0952965, 9.8293513], [78.0951541, 9.829276], [78.0950394, 9.8291967], [78.0948882, 9.8290715], [78.094772, 9.8289468], [78.0946736, 9.8288161], [78.0945892, 9.8286702], [78.0945311, 9.8285439], [78.0944765, 9.8283972], [78.0944321, 9.8282465], [78.0943887, 9.8280592], [78.0943363, 9.8277709], [78.0942932, 9.8273492], [78.0941913, 9.8268735], [78.0940572, 9.8263713], [78.0938694, 9.8257899], [78.093628, 9.8251133], [78.0934671, 9.8248335], [78.093391, 9.8247325], [78.093274, 9.8245996], [78.0931466, 9.8245031], [78.0930755, 9.8244638]]}, "properties": {"kind": "road", "name": "Madurai Ring Road", "osm_id": 1049280097, "osm_type": "way", "highway": "trunk"}}, {"type": "Feature", "geometry": {"type": "LineString", "coordinates": [[78.0930184, 9.8245536], [78.0931441, 9.8246585], [78.0932962, 9.8248046], [78.093486, 9.8250679], [78.0936592, 9.8254858], [78.0938109, 9.8259143], [78.0940533, 9.8266699], [78.0941342, 9.8270334], [78.0942539, 9.8277865], [78.0942964, 9.8280206], [78.0943358, 9.8282227], [78.0943933, 9.8284257], [78.0944654, 9.8286206], [78.0945393, 9.8287654], [78.0946371, 9.8289215], [78.0947232, 9.8290259], [78.0948538, 9.8291543], [78.0949395, 9.8292271], [78.0950279, 9.8292971], [78.0951301, 9.8293626], [78.0952707, 9.8294366], [78.0953994, 9.8294898], [78.0955388, 9.8295349], [78.0956667, 9.8295669], [78.0958749, 9.8296015], [78.0960944, 9.829627], [78.0965809, 9.8296734], [78.0969613, 9.8297097], [78.0977609, 9.8297871], [78.0980682, 9.8298193], [78.0983653, 9.8298617], [78.0987067, 9.8299311], [78.0990306, 9.830019], [78.0991761, 9.8300698], [78.0992502, 9.8300957], [78.0993034, 9.8301142], [78.0995267, 9.8302013], [78.099747, 9.8303073], [78.0999438, 9.8304075], [78.1007263, 9.8308319], [78.1009698, 9.83097], [78.1012158, 9.8311211], [78.1014257, 9.831265], [78.1016247, 9.8314105], [78.1018749, 9.8316095], [78.1019453, 9.8316697], [78.1022669, 9.8319624], [78.1028481, 9.8325257], [78.1032783, 9.8329021], [78.1037241, 9.8333389], [78.1039955, 9.8336673], [78.1041927, 9.8340162], [78.1042717, 9.8343883], [78.1042729, 9.8347785], [78.1041549, 9.8358827], [78.1041281, 9.8361953], [78.1040236, 9.8371813], [78.1040182, 9.8376122], [78.1040845, 9.8380763], [78.1041964, 9.8385245], [78.104447, 9.8395029], [78.1044624, 9.8395459], [78.1046147, 9.8399695], [78.1047832, 9.8404382], [78.1048781, 9.8406587], [78.1050352, 9.8410241], [78.105046, 9.8410491]]}, "properties": {"kind": "road", "name": "Madurai Ring Road", "osm_id": 1049280098, "osm_type": "way", "highway": "trunk"}}, {"type": "Feature", "geometry": {"type": "LineString", "coordinates": [[78.1185585, 9.9248093], [78.1185487, 9.9248464], [78.1185494, 9.9248884], [78.1185552, 9.9249106], [78.1185752, 9.9249413]]}, "properties": {"kind": "road", "name": "", "osm_id": 1049351160, "osm_type": "way", "highway": "primary_link"}}, {"type": "Feature", "geometry": {"type": "LineString", "coordinates": [[78.1188368, 9.9250284], [78.1188734, 9.9250642], [78.1188801, 9.9251018], [78.1188801, 9.9251329], [78.1188635, 9.9251755], [78.1188336, 9.9252131], [78.1187788, 9.9252491], [78.1187194, 9.9252829]]}, "properties": {"kind": "road", "name": "", "osm_id": 1049351161, "osm_type": "way", "highway": "primary_link"}}, {"type": "Feature", "geometry": {"type": "LineString", "coordinates": [[78.1120405, 9.9221962], [78.1124798, 9.923301], [78.1125015, 9.9233571], [78.1125178, 9.9233992], [78.1125533, 9.9234911]]}, "properties": {"kind": "road", "name": "Mela Veli Veethi", "osm_id": 1049351163, "osm_type": "way", "highway": "primary"}}, {"type": "Feature", "geometry": {"type": "LineString", "coordinates": [[78.1115888, 9.9165815], [78.1117384, 9.9166843], [78.1119353, 9.916711], [78.1120157, 9.9167044], [78.1121136, 9.9166837], [78.1124674, 9.9166024]]}, "properties": {"kind": "road", "name": "", "osm_id": 1049351167, "osm_type": "way", "highway": "primary"}}, {"type": "Feature", "geometry": {"type": "LineString", "coordinates": [[78.110849, 9.915238], [78.1108028, 9.915261], [78.1105863, 9.9154344], [78.1104563, 9.9155776]]}, "properties": {"kind": "road", "name": "", "osm_id": 1049351170, "osm_type": "way", "highway": "primary"}}, {"type": "Feature", "geometry": {"type": "LineString", "coordinates": [[78.1111242, 9.9165077], [78.1114478, 9.9165401], [78.1115888, 9.9165815]]}, "properties": {"kind": "road", "name": "Cochin \u2013 Madurai - Dhanushkodi Road (Old NH49)", "osm_id": 1049351171, "osm_type": "way", "highway": "primary"}}, {"type": "Feature", "geometry": {"type": "LineString", "coordinates": [[78.0312402, 9.9783311], [78.0314045, 9.9775116], [78.0317068, 9.9759958], [78.0317632, 9.975733]]}, "properties": {"kind": "road", "name": "Madurai Ring Road", "osm_id": 1049357483, "osm_type": "way", "highway": "trunk"}}, {"type": "Feature", "geometry": {"type": "LineString", "coordinates": [[78.0317083, 9.9752968], [78.0313571, 9.9771376]]}, "properties": {"kind": "road", "name": "Madurai Ring Road", "osm_id": 1049357484, "osm_type": "way", "highway": "trunk"}}, {"type": "Feature", "geometry": {"type": "LineString", "coordinates": [[78.168882, 9.9299543], [78.1689025, 9.9301719], [78.1689264, 9.930924], [78.1689561, 9.9312246]]}, "properties": {"kind": "road", "name": "Madurai Ring Road", "osm_id": 1049365693, "osm_type": "way", "highway": "trunk"}}, {"type": "Feature", "geometry": {"type": "LineString", "coordinates": [[78.1693068, 9.9311951], [78.1692772, 9.9308685], [78.1692624, 9.9307174], [78.1692454, 9.9304068], [78.1692421, 9.93001]]}, "properties": {"kind": "road", "name": "Madurai Ring Road", "osm_id": 1049365694, "osm_type": "way", "highway": "trunk"}}, {"type": "Feature", "geometry": {"type": "LineString", "coordinates": [[77.9682168, 10.0806906], [77.9683448, 10.0806021], [77.9684011, 10.0805655]]}, "properties": {"kind": "road", "name": "Varanasi - Kanniyakumari Road (Old NH7)", "osm_id": 1049508158, "osm_type": "way", "highway": "primary"}}, {"type": "Feature", "geometry": {"type": "LineString", "coordinates": [[77.9675281, 10.0814647], [77.9676373, 10.0813793], [77.9677598, 10.0811766], [77.9679021, 10.0810047], [77.9680898, 10.0808384], [77.9682168, 10.0806906], [77.9680329, 10.0807798], [77.9678466, 10.080938], [77.9676836, 10.0811466], [77.9675602, 10.0813254], [77.9675281, 10.0814647]]}, "properties": {"kind": "road", "name": "Varanasi - Kanniyakumari Road (Old NH7)", "osm_id": 1049508159, "osm_type": "way", "highway": "primary"}}, {"type": "Feature", "geometry": {"type": "LineString", "coordinates": [[78.0301862, 9.877926], [78.0303603, 9.878055], [78.0305769, 9.8782845], [78.0306099, 9.8783928], [78.0306708, 9.878469]]}, "properties": {"kind": "road", "name": "Thirupparankundram Salai", "osm_id": 1049624700, "osm_type": "way", "highway": "primary"}}, {"type": "Feature", "geometry": {"type": "LineString", "coordinates": [[78.0306708, 9.878469], [78.0306762, 9.8783651], [78.0306014, 9.8779982], [78.0305285, 9.8777264]]}, "properties": {"kind": "road", "name": "Thirupparankundram Salai", "osm_id": 1049624701, "osm_type": "way", "highway": "primary"}}, {"type": "Feature", "geometry": {"type": "LineString", "coordinates": [[78.097346, 9.903828], [78.097409, 9.9039414], [78.0975294, 9.9040678], [78.0976152, 9.9041713], [78.0978268, 9.9044262], [78.0983767, 9.9050923], [78.098479, 9.9052683], [78.0985063, 9.9053862], [78.0984945, 9.9055957]]}, "properties": {"kind": "road", "name": "Thirupparankundram Salai", "osm_id": 1049624727, "osm_type": "way", "highway": "primary"}}, {"type": "Feature", "geometry": {"type": "LineString", "coordinates": [[78.0927317, 9.8998277], [78.0928281, 9.8999089], [78.0930475, 9.9000942], [78.0935128, 9.9004331], [78.0936602, 9.9004869]]}, "properties": {"kind": "road", "name": "Thirupparankundram Salai", "osm_id": 1049624728, "osm_type": "way", "highway": "primary"}}, {"type": "Feature", "geometry": {"type": "LineString", "coordinates": [[78.0936602, 9.9004869], [78.0935656, 9.9003687], [78.0931144, 9.9000187], [78.0928265, 9.899802]]}, "properties": {"kind": "road", "name": "Thirupparankundram Salai", "osm_id": 1049624729, "osm_type": "way", "highway": "primary"}}, {"type": "Feature", "geometry": {"type": "LineString", "coordinates": [[78.0987217, 9.9055222], [78.0986843, 9.9054306], [78.0985924, 9.9052749], [78.0983307, 9.9049334], [78.097986, 9.9044992], [78.0977948, 9.9042318], [78.0977435, 9.9041728], [78.0974812, 9.9039047], [78.097346, 9.903828]]}, "properties": {"kind": "road", "name": "Thirupparankundram Salai", "osm_id": 1049624730, "osm_type": "way", "highway": "primary"}}, {"type": "Feature", "geometry": {"type": "LineString", "coordinates": [[78.0959821, 9.9495796], [78.0960791, 9.9495215], [78.0967678, 9.9488349], [78.0971474, 9.9483555], [78.0976801, 9.9477026], [78.0981356, 9.9471467], [78.098439, 9.9467611], [78.0986475, 9.9465436], [78.0990031, 9.9462821], [78.0991114, 9.9462098]]}, "properties": {"kind": "road", "name": "Dindigul Salai", "osm_id": 1049860877, "osm_type": "way", "highway": "primary"}}, {"type": "Feature", "geometry": {"type": "LineString", "coordinates": [[78.0989269, 9.9460749], [78.0987574, 9.9462422], [78.0983689, 9.9466753], [78.0982884, 9.9467764], [78.0982018, 9.9468851], [78.0980723, 9.9470477], [78.0976271, 9.9476067], [78.0970923, 9.9483], [78.096714, 9.9487532], [78.0966435, 9.9488258], [78.0960421, 9.9494738], [78.0959821, 9.9495796]]}, "properties": {"kind": "road", "name": "Dindigul Salai", "osm_id": 1049860878, "osm_type": "way", "highway": "primary"}}, {"type": "Feature", "geometry": {"type": "LineString", "coordinates": [[78.0959821, 9.9495796], [78.0958528, 9.9497116], [78.0950865, 9.9504938]]}, "properties": {"kind": "road", "name": "Dindigul Salai", "osm_id": 1049860879, "osm_type": "way", "highway": "primary"}}, {"type": "Feature", "geometry": {"type": "LineString", "coordinates": [[78.0340568, 9.9789948], [78.0341074, 9.9790708]]}, "properties": {"kind": "road", "name": "Madurai - Melakkal - Samayanallur Road", "osm_id": 1049860886, "osm_type": "way", "highway": "primary_link"}}, {"type": "Feature", "geometry": {"type": "LineString", "coordinates": [[77.9530515, 10.0919099], [77.9535007, 10.091113], [77.9536279, 10.0909147], [77.9537377, 10.0907436], [77.9538808, 10.0905735], [77.9541375, 10.0902965], [77.9556579, 10.088892], [77.9559935, 10.0885275], [77.9567324, 10.0876715], [77.9580816, 10.0861996], [77.9584024, 10.0859031], [77.9587036, 10.085699], [77.9589192, 10.0856059], [77.9590639, 10.0855435], [77.9594983, 10.0853831], [77.9604464, 10.0851759], [77.9619033, 10.0848575], [77.9621323, 10.0847994], [77.9624433, 10.0847119], [77.9632324, 10.0844676], [77.9637601, 10.0843042], [77.964357, 10.0840676], [77.9651596, 10.0837018], [77.9654118, 10.0835621], [77.9655158, 10.0834529]]}, "properties": {"kind": "road", "name": "Varanasi - Kanniyakumari Road (Old NH7)", "osm_id": 1049864559, "osm_type": "way", "highway": "primary"}}, {"type": "Feature", "geometry": {"type": "LineString", "coordinates": [[78.095474, 9.9304345], [78.0955474, 9.9304299], [78.0956313, 9.9304887], [78.0957062, 9.9305262]]}, "properties": {"kind": "road", "name": "", "osm_id": 1049877487, "osm_type": "way", "highway": "primary_link"}}, {"type": "Feature", "geometry": {"type": "LineString", "coordinates": [[78.0960056, 9.9305595], [78.096032, 9.9304728], [78.0958644, 9.9301211], [78.0958619, 9.9300655]]}, "properties": {"kind": "road", "name": "", "osm_id": 1049877488, "osm_type": "way", "highway": "primary_link"}}, {"type": "Feature", "geometry": {"type": "LineString", "coordinates": [[78.095872, 9.9298741], [78.0957518, 9.9298711], [78.0956518, 9.9298214]]}, "properties": {"kind": "road", "name": "", "osm_id": 1049877489, "osm_type": "way", "highway": "primary_link"}}, {"type": "Feature", "geometry": {"type": "LineString", "coordinates": [[78.0953237, 9.9296489], [78.0953132, 9.929758], [78.0954407, 9.9300374], [78.095474, 9.9301381], [78.0954556, 9.930241], [78.0954083, 9.9303248]]}, "properties": {"kind": "road", "name": "", "osm_id": 1049877490, "osm_type": "way", "highway": "primary_link"}}, {"type": "Feature", "geometry": {"type": "LineString", "coordinates": [[78.095732, 9.9299959], [78.0956634, 9.9301598], [78.0956019, 9.9303069]]}, "properties": {"kind": "road", "name": "", "osm_id": 1049877492, "osm_type": "way", "highway": "primary_link"}}, {"type": "Feature", "geometry": {"type": "LineString", "coordinates": [[78.0957947, 9.9301288], [78.0956634, 9.9301598], [78.0955448, 9.9301879]]}, "properties": {"kind": "road", "name": "", "osm_id": 1049877493, "osm_type": "way", "highway": "primary_link"}}, {"type": "Feature", "geometry": {"type": "LineString", "coordinates": [[78.0956019, 9.9303069], [78.0957062, 9.9305262], [78.09572, 9.9305572], [78.0959149, 9.9309956], [78.0959577, 9.9310919], [78.0959852, 9.9312031]]}, "properties": {"kind": "road", "name": "Puravazhi Salai", "osm_id": 1049877494, "osm_type": "way", "highway": "primary_link"}}, {"type": "Feature", "geometry": {"type": "LineString", "coordinates": [[78.0962096, 9.9310346], [78.0960056, 9.9305595], [78.0957947, 9.9301288]]}, "properties": {"kind": "road", "name": "Puravazhi Salai", "osm_id": 1049877495, "osm_type": "way", "highway": "primary_link"}}, {"type": "Feature", "geometry": {"type": "LineString", "coordinates": [[78.0963592, 9.9124227], [78.0963751, 9.9123677]]}, "properties": {"kind": "road", "name": "Puravazhi Salai", "osm_id": 1049877496, "osm_type": "way", "highway": "primary"}}, {"type": "Feature", "geometry": {"type": "LineString", "coordinates": [[78.0983223, 9.9072516], [78.0983699, 9.9071228], [78.098415, 9.907001], [78.0984992, 9.9066013]]}, "properties": {"kind": "road", "name": "Puravazhi Salai", "osm_id": 1049877497, "osm_type": "way", "highway": "primary"}}, {"type": "Feature", "geometry": {"type": "LineString", "coordinates": [[78.0974969, 9.9093344], [78.0980034, 9.9080479], [78.0983223, 9.9072516]]}, "properties": {"kind": "road", "name": "Puravazhi Salai", "osm_id": 1049877498, "osm_type": "way", "highway": "primary"}}, {"type": "Feature", "geometry": {"type": "LineString", "coordinates": [[78.0974135, 9.9095665], [78.0974969, 9.9093344]]}, "properties": {"kind": "road", "name": "Puravazhi Salai", "osm_id": 1049877499, "osm_type": "way", "highway": "primary"}}, {"type": "Feature", "geometry": {"type": "LineString", "coordinates": [[78.1066033, 9.9088854], [78.1067232, 9.9089199], [78.1068309, 9.9089509], [78.1073384, 9.9090255], [78.1081284, 9.909159], [78.108898, 9.9092844], [78.1095003, 9.9093789]]}, "properties": {"kind": "road", "name": "Thirupparankundram Salai", "osm_id": 1049884029, "osm_type": "way", "highway": "primary"}}, {"type": "Feature", "geometry": {"type": "LineString", "coordinates": [[78.1103858, 9.9095322], [78.1103391, 9.9095238]]}, "properties": {"kind": "road", "name": "Thirupparankundram Salai", "osm_id": 1049884030, "osm_type": "way", "highway": "primary"}}, {"type": "Feature", "geometry": {"type": "LineString", "coordinates": [[78.106382, 9.9088054], [78.1060451, 9.9087574]]}, "properties": {"kind": "road", "name": "Thirupparankundram Salai", "osm_id": 1049884031, "osm_type": "way", "highway": "primary"}}, {"type": "Feature", "geometry": {"type": "LineString", "coordinates": [[78.099963, 9.9071607], [78.0999878, 9.9072498], [78.1001036, 9.9074059], [78.1002255, 9.9075305], [78.1003458, 9.9076085], [78.1004601, 9.9076565], [78.1007404, 9.9077391], [78.1012825, 9.9078573], [78.1019095, 9.9079702], [78.1022284, 9.9080181], [78.1022813, 9.9080247]]}, "properties": {"kind": "road", "name": "Thirupparankundram Salai", "osm_id": 1049884032, "osm_type": "way", "highway": "primary"}}, {"type": "Feature", "geometry": {"type": "LineString", "coordinates": [[78.1029379, 9.9081393], [78.1024432, 9.90803]]}, "properties": {"kind": "road", "name": "Thirupparankundram Salai", "osm_id": 1049884033, "osm_type": "way", "highway": "primary"}}, {"type": "Feature", "geometry": {"type": "LineString", "coordinates": [[78.099963, 9.9071607], [78.0995419, 9.9065862], [78.0995281, 9.9065667], [78.0990609, 9.9059409]]}, "properties": {"kind": "road", "name": "Thirupparankundram Salai", "osm_id": 1049884034, "osm_type": "way", "highway": "primary"}}, {"type": "Feature", "geometry": {"type": "LineString", "coordinates": [[78.1004326, 9.9440325], [78.1003704, 9.9440857], [78.1003399, 9.9441652], [78.1002253, 9.9444805], [78.1001796, 9.9447306], [78.1001328, 9.9450524], [78.1000779, 9.9453522], [78.0999635, 9.9456603]]}, "properties": {"kind": "road", "name": "Thathaneri Pradhana Salai", "osm_id": 1049938549, "osm_type": "way", "highway": "primary"}}, {"type": "Feature", "geometry": {"type": "LineString", "coordinates": [[78.1292472, 9.9292216], [78.1293172, 9.9291731], [78.1293418, 9.9291191], [78.129346, 9.9290751], [78.1292256, 9.9289879], [78.129123, 9.9289389], [78.1288856, 9.9288903], [78.1287174, 9.9288565], [78.1284002, 9.9287413], [78.1271689, 9.9282985]]}, "properties": {"kind": "road", "name": "Varanasi - Kanniyakumari Road (Old NH7)", "osm_id": 1049938555, "osm_type": "way", "highway": "trunk"}}, {"type": "Feature", "geometry": {"type": "LineString", "coordinates": [[78.1295546, 9.9292609], [78.1295145, 9.9291586], [78.1295145, 9.929047], [78.1295877, 9.9289214], [78.1295859, 9.9288512]]}, "properties": {"kind": "road", "name": "", "osm_id": 1049938556, "osm_type": "way", "highway": "primary_link"}}, {"type": "Feature", "geometry": {"type": "LineString", "coordinates": [[78.1538449, 9.9275053], [78.153926, 9.9275138], [78.1540742, 9.9275404], [78.1542113, 9.927589], [78.1549369, 9.9278131], [78.1549511, 9.9278169], [78.1552505, 9.9278959], [78.1554821, 9.9279605], [78.1559618, 9.9281159], [78.1565931, 9.9282573], [78.1572633, 9.9283744], [78.1580115, 9.9284713], [78.1590015, 9.9286389], [78.1602559, 9.9288488], [78.1610614, 9.9289801], [78.1618424, 9.9291355], [78.1630497, 9.9293475], [78.1636953, 9.9294949], [78.1641647, 9.9296262], [78.1647388, 9.9297594]]}, "properties": {"kind": "road", "name": "Sivagangai Salai", "osm_id": 1049938557, "osm_type": "way", "highway": "primary"}}, {"type": "Feature", "geometry": {"type": "LineString", "coordinates": [[78.1549785, 9.9277569], [78.1549619, 9.9277346], [78.1546268, 9.9276374], [78.1543609, 9.9275601], [78.1542199, 9.9275188], [78.1540869, 9.9274959], [78.1539518, 9.9274788], [78.1539419, 9.9274784], [78.1538868, 9.9274764], [78.1538451, 9.9274735], [78.1535844, 9.9274762], [78.1533021, 9.9274877], [78.1532747, 9.9274878], [78.152947, 9.927421], [78.1526252, 9.9273592], [78.1525838, 9.9273549], [78.1521693, 9.9273295], [78.1517554, 9.9273489], [78.1516711, 9.9273481], [78.1514515, 9.9273454], [78.1511834, 9.9273295], [78.1504622, 9.9272595], [78.1501794, 9.9272274], [78.1498807, 9.9271906], [78.1494906, 9.9271126], [78.1494263, 9.9271011], [78.1492807, 9.9270665], [78.1490135, 9.9269965]]}, "properties": {"kind": "road", "name": "Sivagangai Salai", "osm_id": 1049938558, "osm_type": "way", "highway": "primary"}}, {"type": "Feature", "geometry": {"type": "LineString", "coordinates": [[78.165761, 9.9296972], [78.1655185, 9.9297183], [78.1648723, 9.9297437]]}, "properties": {"kind": "road", "name": "Sivagangai Salai", "osm_id": 1049938559, "osm_type": "way", "highway": "primary"}}, {"type": "Feature", "geometry": {"type": "LineString", "coordinates": [[78.1938963, 9.9614062], [78.1940465, 9.9615114], [78.1941192, 9.9615586], [78.1942771, 9.9616532], [78.1945357, 9.9618111], [78.1949301, 9.9620499], [78.1951408, 9.9621776], [78.1953084, 9.9622648], [78.1955217, 9.9623599], [78.1957389, 9.9624153], [78.1962499, 9.9625342], [78.1968226, 9.9626306], [78.1973737, 9.9627112], [78.1980872, 9.9627759], [78.1984627, 9.962805], [78.1987752, 9.9627944], [78.1989522, 9.9627786], [78.1992272, 9.9627271], [78.2001404, 9.9624021], [78.2002317, 9.9623729]]}, "properties": {"kind": "road", "name": "Melur Pradhana Salai", "osm_id": 1050201031, "osm_type": "way", "highway": "primary"}}, {"type": "Feature", "geometry": {"type": "LineString", "coordinates": [[78.1938645, 9.9613863], [78.1938963, 9.9614062]]}, "properties": {"kind": "road", "name": "Melur Pradhana Salai", "osm_id": 1050201032, "osm_type": "way", "highway": "primary"}}, {"type": "Feature", "geometry": {"type": "LineString", "coordinates": [[78.2002035, 9.9623017], [78.199207, 9.9626478], [78.1988409, 9.9627165], [78.1986679, 9.962735], [78.1983702, 9.9627112], [78.1973617, 9.9626425], [78.1964336, 9.9625038], [78.1962995, 9.9624735], [78.1958395, 9.9623757], [78.1956705, 9.9623374], [78.195523, 9.9622846], [78.1953299, 9.9621947], [78.1952618, 9.9621566], [78.1950496, 9.9620376], [78.1950138, 9.9620162], [78.1947653, 9.9618685], [78.1945682, 9.9617456], [78.1943187, 9.9615964], [78.1940813, 9.9614352], [78.1939301, 9.9613515]]}, "properties": {"kind": "road", "name": "Melur Pradhana Salai", "osm_id": 1050201033, "osm_type": "way", "highway": "primary"}}, {"type": "Feature", "geometry": {"type": "LineString", "coordinates": [[78.1939301, 9.9613515], [78.1938876, 9.961322]]}, "properties": {"kind": "road", "name": "Melur Pradhana Salai", "osm_id": 1050201034, "osm_type": "way", "highway": "primary"}}, {"type": "Feature", "geometry": {"type": "LineString", "coordinates": [[78.2030636, 9.9614336], [78.2029279, 9.9614795], [78.2028763, 9.9615079], [78.2026704, 9.961636], [78.202539, 9.9616915], [78.2024042, 9.9617232], [78.2021776, 9.9617787], [78.2011074, 9.9620323], [78.2002518, 9.9622873]]}, "properties": {"kind": "road", "name": "Melur Pradhana Salai", "osm_id": 1050201035, "osm_type": "way", "highway": "primary"}}, {"type": "Feature", "geometry": {"type": "LineString", "coordinates": [[78.2002518, 9.9622873], [78.2002035, 9.9623017]]}, "properties": {"kind": "road", "name": "Melur Pradhana Salai", "osm_id": 1050201036, "osm_type": "way", "highway": "primary"}}, {"type": "Feature", "geometry": {"type": "LineString", "coordinates": [[78.2002718, 9.9623601], [78.2007607, 9.962204], [78.2016321, 9.9619847], [78.2018735, 9.9619231], [78.2021148, 9.961884], [78.2021754, 9.9618666], [78.2025991, 9.9617446], [78.2027429, 9.9616879], [78.2028743, 9.9616028], [78.202944, 9.9615553], [78.2029844, 9.9615291], [78.2030636, 9.9614336]]}, "properties": {"kind": "road", "name": "Melur Pradhana Salai", "osm_id": 1050201037, "osm_type": "way", "highway": "primary"}}, {"type": "Feature", "geometry": {"type": "LineString", "coordinates": [[78.2002317, 9.9623729], [78.2002718, 9.9623601]]}, "properties": {"kind": "road", "name": "Melur Pradhana Salai", "osm_id": 1050201038, "osm_type": "way", "highway": "primary"}}, {"type": "Feature", "geometry": {"type": "LineString", "coordinates": [[78.1701666, 9.9337723], [78.1702957, 9.9339171], [78.1704885, 9.9341011], [78.1707597, 9.9343817], [78.1720293, 9.9354797], [78.1742156, 9.9372947], [78.1745796, 9.9376077], [78.1754224, 9.9383322], [78.17628, 9.9390527], [78.1768229, 9.9395155], [78.1769338, 9.9396064], [78.1781159, 9.9405964], [78.179403, 9.9416744], [78.1794176, 9.9416866]]}, "properties": {"kind": "road", "name": "Othakadai Puravazhi Salai", "osm_id": 1050211523, "osm_type": "way", "highway": "trunk"}}, {"type": "Feature", "geometry": {"type": "LineString", "coordinates": [[78.1794176, 9.9416866], [78.179481, 9.9417397]]}, "properties": {"kind": "road", "name": "Othakadai Puravazhi Salai", "osm_id": 1050211524, "osm_type": "way", "highway": "trunk"}}, {"type": "Feature", "geometry": {"type": "LineString", "coordinates": [[78.1794584, 9.9415784], [78.1794366, 9.9415601], [78.1763271, 9.938941], [78.1724283, 9.9356434], [78.1712172, 9.9346381], [78.1708534, 9.9343247], [78.1703613, 9.9338222], [78.1703066, 9.9337691]]}, "properties": {"kind": "road", "name": "Othakadai Puravazhi Salai", "osm_id": 1050211525, "osm_type": "way", "highway": "trunk"}}, {"type": "Feature", "geometry": {"type": "LineString", "coordinates": [[78.1795245, 9.9416339], [78.1794584, 9.9415784]]}, "properties": {"kind": "road", "name": "Othakadai Puravazhi Salai", "osm_id": 1050211526, "osm_type": "way", "highway": "trunk"}}, {"type": "Feature", "geometry": {"type": "LineString", "coordinates": [[78.194197, 9.9541084], [78.1945806, 9.9544358], [78.1956548, 9.9553459]]}, "properties": {"kind": "road", "name": "Othakadai Puravazhi Salai", "osm_id": 1050211531, "osm_type": "way", "highway": "trunk"}}, {"type": "Feature", "geometry": {"type": "LineString", "coordinates": [[78.1941455, 9.9540645], [78.194197, 9.9541084]]}, "properties": {"kind": "road", "name": "Othakadai Puravazhi Salai", "osm_id": 1050211532, "osm_type": "way", "highway": "trunk"}}, {"type": "Feature", "geometry": {"type": "LineString", "coordinates": [[78.1957383, 9.9552782], [78.1954946, 9.9550688], [78.1942557, 9.9540321]]}, "properties": {"kind": "road", "name": "Othakadai Puravazhi Salai", "osm_id": 1050211533, "osm_type": "way", "highway": "trunk"}}, {"type": "Feature", "geometry": {"type": "LineString", "coordinates": [[78.1942557, 9.9540321], [78.1942026, 9.9539876]]}, "properties": {"kind": "road", "name": "Othakadai Puravazhi Salai", "osm_id": 1050211534, "osm_type": "way", "highway": "trunk"}}, {"type": "Feature", "geometry": {"type": "LineString", "coordinates": [[78.1886975, 9.9582103], [78.1887826, 9.9582585], [78.1892011, 9.9585134], [78.1892829, 9.9585676], [78.1895886, 9.9587485], [78.1901009, 9.9590417], [78.1905033, 9.9592624], [78.1907514, 9.9594011], [78.1913508, 9.9597498], [78.1917022, 9.9599611], [78.1918524, 9.9600483], [78.1920321, 9.9601566], [78.1928475, 9.9606691], [78.1931023, 9.9608422], [78.1933545, 9.961031], [78.1935744, 9.9612001], [78.1937675, 9.9613256], [78.1938645, 9.9613863]]}, "properties": {"kind": "road", "name": "Melur Pradhana Salai", "osm_id": 1050211535, "osm_type": "way", "highway": "primary"}}, {"type": "Feature", "geometry": {"type": "LineString", "coordinates": [[78.1886549, 9.9581862], [78.1886975, 9.9582103]]}, "properties": {"kind": "road", "name": "Melur Pradhana Salai", "osm_id": 1050211536, "osm_type": "way", "highway": "primary"}}, {"type": "Feature", "geometry": {"type": "LineString", "coordinates": [[78.1938876, 9.961322], [78.1934068, 9.9609769], [78.1931546, 9.960784], [78.1929186, 9.9606295], [78.1925686, 9.9604049], [78.1920053, 9.9600681], [78.1918578, 9.9599796], [78.1912757, 9.9596335], [78.1909364, 9.9594354], [78.1907809, 9.9593443], [78.1903705, 9.9591039], [78.1893405, 9.9585213], [78.1892654, 9.9584698], [78.1888108, 9.958203], [78.1887508, 9.9581701]]}, "properties": {"kind": "road", "name": "Melur Pradhana Salai", "osm_id": 1050211537, "osm_type": "way", "highway": "primary"}}, {"type": "Feature", "geometry": {"type": "LineString", "coordinates": [[78.1887508, 9.9581701], [78.1886908, 9.9581371]]}, "properties": {"kind": "road", "name": "Melur Pradhana Salai", "osm_id": 1050211538, "osm_type": "way", "highway": "primary"}}, {"type": "Feature", "geometry": {"type": "LineString", "coordinates": [[78.2077129, 9.9658218], [78.2079938, 9.9661556], [78.2083422, 9.9665877], [78.2087241, 9.9670551], [78.2090165, 9.9673892], [78.2093464, 9.967679], [78.2098093, 9.9679942], [78.210393, 9.9683857], [78.2108079, 9.9686459], [78.2117167, 9.9692311], [78.2131152, 9.9702835], [78.2136791, 9.9707607], [78.2154661, 9.9722748], [78.2158958, 9.972639], [78.2166162, 9.9732498], [78.2166816, 9.9733032], [78.2175118, 9.9739819], [78.2180035, 9.9743559], [78.2184015, 9.9746615], [78.2186583, 9.9748615], [78.218757, 9.9749363]]}, "properties": {"kind": "road", "name": "Madurai - Trichy Highway", "osm_id": 1050211545, "osm_type": "way", "highway": "trunk"}}, {"type": "Feature", "geometry": {"type": "LineString", "coordinates": [[78.218757, 9.9749363], [78.2187999, 9.9749689]]}, "properties": {"kind": "road", "name": "Madurai - Trichy Highway", "osm_id": 1050211546, "osm_type": "way", "highway": "trunk"}}, {"type": "Feature", "geometry": {"type": "LineString", "coordinates": [[78.2187968, 9.9748151], [78.2187388, 9.9747732], [78.2167332, 9.973214], [78.214788, 9.9715732], [78.2147363, 9.9715294], [78.2129738, 9.9700346], [78.2128627, 9.9699414], [78.2116713, 9.96903], [78.2097356, 9.9677978], [78.209204, 9.9673961], [78.2077398, 9.9656725], [78.2072631, 9.9651964], [78.2062054, 9.9641464], [78.2045607, 9.9626746], [78.2033261, 9.9616512], [78.2030636, 9.9614336]]}, "properties": {"kind": "road", "name": "Madurai - Trichy Highway", "osm_id": 1050211547, "osm_type": "way", "highway": "trunk"}}, {"type": "Feature", "geometry": {"type": "LineString", "coordinates": [[78.2188507, 9.9748597], [78.2187968, 9.9748151]]}, "properties": {"kind": "road", "name": "Madurai - Trichy Highway", "osm_id": 1050211548, "osm_type": "way", "highway": "trunk"}}, {"type": "Feature", "geometry": {"type": "LineString", "coordinates": [[78.2187999, 9.9749689], [78.2188073, 9.9749745], [78.2193052, 9.9753505], [78.2199639, 9.9758976], [78.2206951, 9.9767075], [78.221, 9.977086], [78.22135, 9.9775364], [78.2216886, 9.9778876], [78.2222095, 9.9783422], [78.2226032, 9.978613], [78.2231171, 9.9788531], [78.2235291, 9.979006], [78.224072, 9.9791303], [78.2243268, 9.9791714], [78.2253839, 9.9792562], [78.2262266, 9.9793624], [78.2268907, 9.9795285], [78.2276487, 9.9797947], [78.2278086, 9.9798508], [78.2279167, 9.9798961], [78.2285062, 9.9801234], [78.229151, 9.9802751], [78.2298197, 9.9803477], [78.2306801, 9.9804741], [78.2310176, 9.9805641], [78.2311314, 9.9806125], [78.2316294, 9.9808245], [78.231966, 9.9809928], [78.232264, 9.9811695], [78.233453, 9.9819226], [78.2343475, 9.9823709], [78.2357576, 9.9829798], [78.2370914, 9.9835551], [78.2388893, 9.9843389], [78.2390768, 9.9844365], [78.2391159, 9.9844568]]}, "properties": {"kind": "road", "name": "Madurai - Trichy Highway", "osm_id": 1050211574, "osm_type": "way", "highway": "trunk"}}, {"type": "Feature", "geometry": {"type": "LineString", "coordinates": [[78.2391159, 9.9844568], [78.239189, 9.9844949]]}, "properties": {"kind": "road", "name": "Madurai - Trichy Highway", "osm_id": 1050211575, "osm_type": "way", "highway": "trunk"}}, {"type": "Feature", "geometry": {"type": "LineString", "coordinates": [[78.2391476, 9.9843722], [78.2390486, 9.9843232], [78.2372716, 9.9835334], [78.2352683, 9.9826709], [78.2334, 9.9817776], [78.2323695, 9.9811249], [78.2320465, 9.9809138], [78.2318829, 9.980835], [78.2314834, 9.980611], [78.2308165, 9.9803854], [78.2304662, 9.980302], [78.2296048, 9.9802052], [78.2288256, 9.9800677], [78.2287143, 9.9800481], [78.2284244, 9.9799469], [78.2276919, 9.979691], [78.2272145, 9.9795243], [78.2268583, 9.9794214], [78.2267262, 9.9793833], [78.2263919, 9.9792868], [78.2254609, 9.9791324], [78.2243423, 9.9790458], [78.2239678, 9.9789893], [78.223555, 9.9788895], [78.2231555, 9.9787519], [78.2226737, 9.9785213], [78.2222512, 9.9782338], [78.2217778, 9.9778256], [78.221473, 9.9774914], [78.2209323, 9.976812], [78.2206174, 9.976447], [78.2199686, 9.975745], [78.2191513, 9.9750873], [78.2188688, 9.9748733], [78.2188507, 9.9748597]]}, "properties": {"kind": "road", "name": "Madurai - Trichy Highway", "osm_id": 1050211576, "osm_type": "way", "highway": "trunk"}}, {"type": "Feature", "geometry": {"type": "LineString", "coordinates": [[78.2392215, 9.9844087], [78.2391476, 9.9843722]]}, "properties": {"kind": "road", "name": "Madurai - Trichy Highway", "osm_id": 1050211577, "osm_type": "way", "highway": "trunk"}}, {"type": "Feature", "geometry": {"type": "LineString", "coordinates": [[78.0909313, 9.9340669], [78.0913688, 9.933869], [78.0916551, 9.9336841], [78.091878, 9.9335243], [78.0923543, 9.9331696], [78.0927058, 9.9328492]]}, "properties": {"kind": "road", "name": "Theni Pradhana Salai", "osm_id": 1051229355, "osm_type": "way", "highway": "primary"}}, {"type": "Feature", "geometry": {"type": "LineString", "coordinates": [[78.0926307, 9.9327954], [78.0924965, 9.9328602], [78.0920736, 9.9331665], [78.0917921, 9.9333604], [78.0912298, 9.9337183], [78.0909477, 9.9338512], [78.0908573, 9.9338875]]}, "properties": {"kind": "road", "name": "Theni Pradhana Salai", "osm_id": 1051229356, "osm_type": "way", "highway": "primary"}}, {"type": "Feature", "geometry": {"type": "LineString", "coordinates": [[78.1104159, 9.9162259], [78.1104617, 9.9163344], [78.1105324, 9.9164244], [78.1105968, 9.9164644], [78.1106917, 9.9164895]]}, "properties": {"kind": "road", "name": "", "osm_id": 1051304938, "osm_type": "way", "highway": "primary"}}, {"type": "Feature", "geometry": {"type": "LineString", "coordinates": [[78.1115888, 9.9165815], [78.111617, 9.9169656], [78.1116363, 9.9172707]]}, "properties": {"kind": "road", "name": "Mela Veli Veethi", "osm_id": 1051304939, "osm_type": "way", "highway": "primary"}}, {"type": "Feature", "geometry": {"type": "LineString", "coordinates": [[78.1056202, 9.9214994], [78.105739, 9.921434], [78.1057946, 9.9214034], [78.1062669, 9.9209979], [78.1069555, 9.9204067], [78.1074869, 9.9199505], [78.1078618, 9.9195935], [78.1078792, 9.9195769], [78.1080288, 9.9194375], [78.108094, 9.9192986]]}, "properties": {"kind": "road", "name": "Payaniyar Viduthi Salai", "osm_id": 1051310692, "osm_type": "way", "highway": "primary"}}, {"type": "Feature", "geometry": {"type": "LineString", "coordinates": [[78.0995068, 9.9275883], [78.0995604, 9.9275032], [78.0996588, 9.9273238], [78.099674, 9.9272975], [78.099738, 9.9271862], [78.0998309, 9.9270422], [78.099947, 9.9269278], [78.1000229, 9.9268531], [78.1003124, 9.9266188], [78.1004778, 9.9264849], [78.1014844, 9.9256701], [78.1016772, 9.9255019], [78.1017708, 9.9253295]]}, "properties": {"kind": "road", "name": "Payaniyar Viduthi Salai", "osm_id": 1051310693, "osm_type": "way", "highway": "primary"}}, {"type": "Feature", "geometry": {"type": "LineString", "coordinates": [[78.108094, 9.9192986], [78.1079603, 9.919348], [78.1078003, 9.919486], [78.1073934, 9.9198437], [78.1068709, 9.920309], [78.1061951, 9.9209271], [78.1057501, 9.9213342], [78.1057022, 9.9213898], [78.1056202, 9.9214994]]}, "properties": {"kind": "road", "name": "Payaniyar Viduthi Salai", "osm_id": 1051310694, "osm_type": "way", "highway": "primary"}}, {"type": "Feature", "geometry": {"type": "LineString", "coordinates": [[78.108094, 9.9192986], [78.1081491, 9.9192496], [78.1082559, 9.9191546]]}, "properties": {"kind": "road", "name": "Payaniyar Viduthi Salai", "osm_id": 1051310695, "osm_type": "way", "highway": "primary"}}, {"type": "Feature", "geometry": {"type": "LineString", "coordinates": [[78.1106917, 9.9164895], [78.1109775, 9.9165013], [78.1111242, 9.9165077]]}, "properties": {"kind": "road", "name": "Cochin \u2013 Madurai - Dhanushkodi Road (Old NH49)", "osm_id": 1051310697, "osm_type": "way", "highway": "primary"}}, {"type": "Feature", "geometry": {"type": "LineString", "coordinates": [[78.1117553, 9.9121053], [78.1116233, 9.912489]]}, "properties": {"kind": "road", "name": "Mela Veli Veethi", "osm_id": 1051329275, "osm_type": "way", "highway": "primary"}}, {"type": "Feature", "geometry": {"type": "LineString", "coordinates": [[78.1104159, 9.9162259], [78.1103891, 9.9163215], [78.1103026, 9.9164263], [78.1102221, 9.9164893], [78.1101116, 9.9165522]]}, "properties": {"kind": "road", "name": "", "osm_id": 1051329276, "osm_type": "way", "highway": "primary"}}, {"type": "Feature", "geometry": {"type": "LineString", "coordinates": [[78.1206722, 9.9313979], [78.1206692, 9.9313488], [78.1206687, 9.9313014], [78.1206862, 9.9312476], [78.1207682, 9.9310981], [78.1208339, 9.9309784], [78.1211279, 9.9305814], [78.1216655, 9.9300053], [78.121896, 9.9297144], [78.1223942, 9.9291608], [78.1224947, 9.9290175]]}, "properties": {"kind": "road", "name": "Vaigai Vadakarai Salai", "osm_id": 1052380240, "osm_type": "way", "highway": "primary"}}, {"type": "Feature", "geometry": {"type": "LineString", "coordinates": [[78.1399854, 9.9198865], [78.1391352, 9.9201675], [78.1386573, 9.9204432], [78.1380101, 9.9209051]]}, "properties": {"kind": "road", "name": "Vaigai Vadakarai Salai", "osm_id": 1052409282, "osm_type": "way", "highway": "primary"}}, {"type": "Feature", "geometry": {"type": "LineString", "coordinates": [[78.1328391, 9.9169744], [78.1326678, 9.9170279], [78.1325292, 9.9170798], [78.1324176, 9.9171025]]}, "properties": {"kind": "road", "name": "Kamarajar Salai", "osm_id": 1052620084, "osm_type": "way", "highway": "trunk"}}, {"type": "Feature", "geometry": {"type": "LineString", "coordinates": [[78.1324132, 9.9171749], [78.1325584, 9.9171363], [78.1328096, 9.9170695]]}, "properties": {"kind": "road", "name": "Kamarajar Salai", "osm_id": 1052620086, "osm_type": "way", "highway": "trunk"}}, {"type": "Feature", "geometry": {"type": "LineString", "coordinates": [[78.0927058, 9.9328492], [78.0927491, 9.9328127], [78.0932848, 9.9324152], [78.0940751, 9.9317565], [78.0943905, 9.9314581], [78.0947625, 9.9311223], [78.09509, 9.9307852], [78.0952664, 9.9306184], [78.095474, 9.9304345]]}, "properties": {"kind": "road", "name": "Theni Pradhana Salai", "osm_id": 1052620087, "osm_type": "way", "highway": "primary"}}, {"type": "Feature", "geometry": {"type": "LineString", "coordinates": [[78.0954083, 9.9303248], [78.0950771, 9.9306808], [78.0949238, 9.9308138], [78.0943159, 9.9313925], [78.0937925, 9.9318738], [78.093243, 9.9323185], [78.092768, 9.9326875], [78.0926985, 9.9327438], [78.0926307, 9.9327954]]}, "properties": {"kind": "road", "name": "Theni Pradhana Salai", "osm_id": 1052620088, "osm_type": "way", "highway": "primary"}}, {"type": "Feature", "geometry": {"type": "LineString", "coordinates": [[78.0998905, 9.9860416], [78.0999431, 9.9862018], [78.0999623, 9.986306], [78.0999558, 9.9865041], [78.099884, 9.9867836], [78.0997401, 9.9871619], [78.0996552, 9.9874161], [78.0996227, 9.9875118], [78.0994504, 9.98799], [78.0993876, 9.9882045], [78.0991255, 9.9889587], [78.0985157, 9.9908263], [78.0984091, 9.9911003], [78.0977972, 9.9931369], [78.0974516, 9.9942041], [78.0969309, 9.9960347], [78.096448, 9.9976275], [78.0955386, 10.0002839], [78.0952706, 10.0009283], [78.0948337, 10.0021782], [78.0947524, 10.0024119]]}, "properties": {"kind": "road", "name": "Madurai - Palamedu Road", "osm_id": 1055265403, "osm_type": "way", "highway": "primary"}}, {"type": "Feature", "geometry": {"type": "LineString", "coordinates": [[78.0947524, 10.0024119], [78.0946953, 10.002571]]}, "properties": {"kind": "road", "name": "Madurai - Palamedu Road", "osm_id": 1055265404, "osm_type": "way", "highway": "primary"}}, {"type": "Feature", "geometry": {"type": "LineString", "coordinates": [[78.099753, 9.9855683], [78.0998379, 9.9858814], [78.0998423, 9.9859019]]}, "properties": {"kind": "road", "name": "Madurai - Palamedu Road", "osm_id": 1055265407, "osm_type": "way", "highway": "primary"}}, {"type": "Feature", "geometry": {"type": "LineString", "coordinates": [[78.0998423, 9.9859019], [78.0998905, 9.9860416]]}, "properties": {"kind": "road", "name": "Madurai - Palamedu Road", "osm_id": 1055265408, "osm_type": "way", "highway": "primary"}}, {"type": "Feature", "geometry": {"type": "LineString", "coordinates": [[78.1172071, 9.8895078], [78.1172475, 9.8893529], [78.1172463, 9.8892373], [78.1172245, 9.8886747], [78.1171726, 9.888031], [78.1171371, 9.8875913]]}, "properties": {"kind": "road", "name": "Aruppukottai Salai", "osm_id": 1060263930, "osm_type": "way", "highway": "primary"}}, {"type": "Feature", "geometry": {"type": "LineString", "coordinates": [[78.1170696, 9.887609], [78.1171083, 9.8882325], [78.1171259, 9.8884578], [78.1171363, 9.8885671], [78.1171412, 9.8886812], [78.1171519, 9.8888644], [78.117168, 9.8892386], [78.1171767, 9.8893576], [78.1172071, 9.8895078]]}, "properties": {"kind": "road", "name": "Aruppukottai Salai", "osm_id": 1060263933, "osm_type": "way", "highway": "primary"}}, {"type": "Feature", "geometry": {"type": "LineString", "coordinates": [[78.1171371, 9.8875913], [78.1171608, 9.8875699], [78.1171771, 9.8875425], [78.1171844, 9.8875116], [78.117182, 9.88748], [78.117171, 9.8874516], [78.1171523, 9.8874275], [78.1171273, 9.8874096], [78.1170983, 9.8873995], [78.117063, 9.8873983], [78.1170292, 9.8874085], [78.1170006, 9.887429], [78.1169805, 9.887457], [78.1169705, 9.8874899], [78.1169718, 9.8875242], [78.1169841, 9.8875563], [78.1170061, 9.8875829], [78.1170357, 9.8876011], [78.1170696, 9.887609], [78.1171048, 9.8876057], [78.1171371, 9.8875913]]}, "properties": {"kind": "road", "name": "", "osm_id": 1060263935, "osm_type": "way", "highway": "primary"}}, {"type": "Feature", "geometry": {"type": "LineString", "coordinates": [[78.10854, 9.8729454], [78.1086662, 9.8730887], [78.1090872, 9.8734215], [78.1104139, 9.8740779], [78.1124912, 9.8750104], [78.1155772, 9.8763849], [78.1165566, 9.8768239], [78.1167567, 9.876909], [78.1179385, 9.8774539], [78.1180405, 9.8775115], [78.1184191, 9.8777248], [78.1187664, 9.8780995], [78.1191917, 9.8787083], [78.1193485, 9.8791567], [78.1194693, 9.8800729], [78.1194814, 9.8812044], [78.1194885, 9.8818695], [78.1194939, 9.8823747], [78.119425, 9.8830153], [78.1193835, 9.8832046], [78.1192456, 9.883595], [78.1189343, 9.8841763], [78.11888, 9.8843655]]}, "properties": {"kind": "road", "name": "Avaniapuram Puravazhi Salai", "osm_id": 1060263939, "osm_type": "way", "highway": "primary"}}, {"type": "Feature", "geometry": {"type": "LineString", "coordinates": [[78.1187967, 9.8845361], [78.1188497, 9.8844276], [78.11888, 9.8843655]]}, "properties": {"kind": "road", "name": "Avaniapuram Puravazhi Salai", "osm_id": 1060263940, "osm_type": "way", "highway": "primary"}}, {"type": "Feature", "geometry": {"type": "LineString", "coordinates": [[78.1186212, 9.8848339], [78.1184411, 9.8850313], [78.1176922, 9.8863225], [78.1171757, 9.8872591], [78.1170983, 9.8873995]]}, "properties": {"kind": "road", "name": "Avaniapuram Puravazhi Salai", "osm_id": 1060263941, "osm_type": "way", "highway": "primary"}}, {"type": "Feature", "geometry": {"type": "LineString", "coordinates": [[78.1186212, 9.8848339], [78.118715, 9.8846866]]}, "properties": {"kind": "road", "name": "Avaniapuram Puravazhi Salai", "osm_id": 1060263942, "osm_type": "way", "highway": "primary"}}, {"type": "Feature", "geometry": {"type": "LineString", "coordinates": [[78.1171757, 9.8872591], [78.1171066, 9.8873063], [78.1170822, 9.8873145], [78.117048, 9.8873165], [78.1170128, 9.8873083], [78.1169425, 9.8872772]]}, "properties": {"kind": "road", "name": "", "osm_id": 1060263943, "osm_type": "way", "highway": "primary_link"}}, {"type": "Feature", "geometry": {"type": "LineString", "coordinates": [[78.1171726, 9.888031], [78.1173786, 9.8871563]]}, "properties": {"kind": "road", "name": "", "osm_id": 1060263944, "osm_type": "way", "highway": "primary_link"}}, {"type": "Feature", "geometry": {"type": "LineString", "coordinates": [[78.1228527, 9.9244364], [78.1230012, 9.9244115]]}, "properties": {"kind": "road", "name": "Vadakku Veli Veedhi", "osm_id": 1060293998, "osm_type": "way", "highway": "primary"}}, {"type": "Feature", "geometry": {"type": "LineString", "coordinates": [[78.1237976, 9.9256526], [78.123908, 9.9255971]]}, "properties": {"kind": "road", "name": "Vaigai Thenkarai Salai", "osm_id": 1060293999, "osm_type": "way", "highway": "primary"}}, {"type": "Feature", "geometry": {"type": "LineString", "coordinates": [[78.123908, 9.9255971], [78.1245675, 9.9252558], [78.1246242, 9.9251714]]}, "properties": {"kind": "road", "name": "Vaigai Thenkarai Salai", "osm_id": 1060294000, "osm_type": "way", "highway": "primary"}}, {"type": "Feature", "geometry": {"type": "LineString", "coordinates": [[78.1246242, 9.9251714], [78.1245259, 9.9251858], [78.1242619, 9.9253176], [78.1240231, 9.9254396], [78.1238689, 9.9255055], [78.1237329, 9.9255425]]}, "properties": {"kind": "road", "name": "Vaigai Thenkarai Salai", "osm_id": 1060294001, "osm_type": "way", "highway": "primary"}}, {"type": "Feature", "geometry": {"type": "LineString", "coordinates": [[78.124965, 9.9249541], [78.1246242, 9.9251714]]}, "properties": {"kind": "road", "name": "Vaigai Thenkarai Salai", "osm_id": 1060294002, "osm_type": "way", "highway": "primary"}}, {"type": "Feature", "geometry": {"type": "LineString", "coordinates": [[78.1230012, 9.9244115], [78.1230562, 9.9244264], [78.1231191, 9.9244828]]}, "properties": {"kind": "road", "name": "Kal Palam Salai", "osm_id": 1060294003, "osm_type": "way", "highway": "primary"}}, {"type": "Feature", "geometry": {"type": "LineString", "coordinates": [[78.1233484, 9.9242904], [78.1232625, 9.9243935]]}, "properties": {"kind": "road", "name": "Vaigai Causeway Approach Road", "osm_id": 1060294004, "osm_type": "way", "highway": "trunk"}}, {"type": "Feature", "geometry": {"type": "LineString", "coordinates": [[78.1231996, 9.9242526], [78.123146, 9.9240849]]}, "properties": {"kind": "road", "name": "Yaanaikkal Veethi", "osm_id": 1060294005, "osm_type": "way", "highway": "primary"}}, {"type": "Feature", "geometry": {"type": "LineString", "coordinates": [[78.1395665, 9.917986], [78.139661, 9.9179757], [78.1401011, 9.9179698], [78.1406305, 9.9178892], [78.1410566, 9.9178143], [78.1412117, 9.9177782], [78.1414141, 9.9177023], [78.1416904, 9.9175988], [78.1418579, 9.9174987], [78.1420206, 9.9174055], [78.1422847, 9.9172591], [78.1441929, 9.9161472], [78.1451213, 9.9156139], [78.1459635, 9.9151778], [78.1461711, 9.9150524]]}, "properties": {"kind": "road", "name": "Vaigai Thenkarai Salai", "osm_id": 1060306813, "osm_type": "way", "highway": "primary"}}, {"type": "Feature", "geometry": {"type": "LineString", "coordinates": [[78.1461711, 9.9150524], [78.1466975, 9.9147387], [78.1470768, 9.9144692], [78.1474632, 9.9142127], [78.1488017, 9.9133869], [78.1491359, 9.9130737], [78.1494944, 9.9126881], [78.1497084, 9.9124714], [78.1498268, 9.9123771], [78.1499649, 9.9123036], [78.1501428, 9.912249]]}, "properties": {"kind": "road", "name": "Vaigai Thenkarai Salai", "osm_id": 1060306820, "osm_type": "way", "highway": "primary"}}, {"type": "Feature", "geometry": {"type": "LineString", "coordinates": [[78.1461711, 9.9150524], [78.1459302, 9.9150533]]}, "properties": {"kind": "road", "name": "", "osm_id": 1060306821, "osm_type": "way", "highway": "primary"}}, {"type": "Feature", "geometry": {"type": "LineString", "coordinates": [[78.1495658, 9.9117109], [78.1496239, 9.9115515], [78.1496819, 9.9113921]]}, "properties": {"kind": "road", "name": "Ramanathapuram Salai", "osm_id": 1060306825, "osm_type": "way", "highway": "trunk"}}, {"type": "Feature", "geometry": {"type": "LineString", "coordinates": [[78.149689, 9.9112823], [78.1496919, 9.9112231], [78.1496805, 9.9111968]]}, "properties": {"kind": "road", "name": "", "osm_id": 1060306829, "osm_type": "way", "highway": "trunk"}}, {"type": "Feature", "geometry": {"type": "LineString", "coordinates": [[78.1689606, 9.9767955], [78.1688804, 9.9766611], [78.1688092, 9.9765419], [78.1683296, 9.976032], [78.168127, 9.9758266], [78.1678518, 9.9755359], [78.1667759, 9.974229], [78.1663615, 9.9736601], [78.1655387, 9.9724967]]}, "properties": {"kind": "road", "name": "Azhagarkovil Salai", "osm_id": 1064815628, "osm_type": "way", "highway": "primary"}}, {"type": "Feature", "geometry": {"type": "LineString", "coordinates": [[78.143231, 9.9446927], [78.1434051, 9.9449225], [78.1434754, 9.9450163], [78.1438574, 9.9455259], [78.144724, 9.9466821], [78.1447815, 9.9467546], [78.1449167, 9.9469249], [78.1450852, 9.9471676], [78.1453774, 9.9475522]]}, "properties": {"kind": "road", "name": "Azhagarkovil Salai", "osm_id": 1064815637, "osm_type": "way", "highway": "primary"}}, {"type": "Feature", "geometry": {"type": "LineString", "coordinates": [[78.1463413, 9.9488536], [78.1464296, 9.9487638]]}, "properties": {"kind": "road", "name": "", "osm_id": 1064815638, "osm_type": "way", "highway": "primary_link"}}, {"type": "Feature", "geometry": {"type": "LineString", "coordinates": [[78.1870514, 10.0064459], [78.1868166, 10.0062548], [78.1865998, 10.0060314], [78.1863692, 10.0057663], [78.1857777, 10.0050287], [78.1854693, 10.0046021], [78.1850452, 10.0039966], [78.1842082, 10.0028003], [78.1837726, 10.0021806], [78.1828546, 10.0008467], [78.1826864, 10.0006022], [78.1825495, 10.0004249], [78.1824132, 10.0002534], [78.1819, 9.999667], [78.1812172, 9.998926], [78.1806801, 9.9983181], [78.1805387, 9.9982113]]}, "properties": {"kind": "road", "name": "Azhagarkovil Salai", "osm_id": 1064895895, "osm_type": "way", "highway": "primary"}}, {"type": "Feature", "geometry": {"type": "LineString", "coordinates": [[78.1805387, 9.9982113], [78.1806115, 9.9983595], [78.1818475, 9.9997149], [78.1823649, 10.0003005], [78.182506, 10.0004768], [78.1826322, 10.000645], [78.1828541, 10.0009723], [78.1830737, 10.0012928], [78.1833113, 10.0016387], [78.1837499, 10.0022484], [78.1841449, 10.002849], [78.1842441, 10.0029888], [78.184968, 10.0040074], [78.1857153, 10.0050705], [78.1863135, 10.005814], [78.1866399, 10.0061816], [78.186863, 10.0063802], [78.1870014, 10.0064922]]}, "properties": {"kind": "road", "name": "Azhagarkovil Salai", "osm_id": 1064895896, "osm_type": "way", "highway": "primary"}}, {"type": "Feature", "geometry": {"type": "LineString", "coordinates": [[78.1894621, 10.0104372], [78.1894129, 10.0102493], [78.189306, 10.0100329], [78.188759, 10.0090504], [78.1882547, 10.0081632], [78.1879097, 10.007507], [78.1876403, 10.0070472], [78.1875254, 10.0068871], [78.1874382, 10.0067883], [78.187324, 10.0066662], [78.187207, 10.0065668], [78.1871219, 10.0065021]]}, "properties": {"kind": "road", "name": "Azhagarkovil Salai", "osm_id": 1064895897, "osm_type": "way", "highway": "primary"}}, {"type": "Feature", "geometry": {"type": "LineString", "coordinates": [[78.1871219, 10.0065021], [78.1870514, 10.0064459]]}, "properties": {"kind": "road", "name": "Azhagarkovil Salai", "osm_id": 1064895898, "osm_type": "way", "highway": "primary"}}, {"type": "Feature", "geometry": {"type": "LineString", "coordinates": [[78.1870749, 10.0065468], [78.1873341, 10.0067764], [78.1874551, 10.0069168], [78.1875934, 10.0071099], [78.187839, 10.0075425], [78.1881729, 10.0081825], [78.1886923, 10.009084], [78.1892339, 10.0100487], [78.1893626, 10.0103008], [78.1894621, 10.0104372]]}, "properties": {"kind": "road", "name": "Azhagarkovil Salai", "osm_id": 1064895899, "osm_type": "way", "highway": "primary"}}, {"type": "Feature", "geometry": {"type": "LineString", "coordinates": [[78.2163117, 10.0684882], [78.2161628, 10.0684591], [78.2156707, 10.068507], [78.215604, 10.0684639]]}, "properties": {"kind": "road", "name": "Madurai - Alagarkoil - Melur Road", "osm_id": 1064898071, "osm_type": "way", "highway": "primary"}}, {"type": "Feature", "geometry": {"type": "LineString", "coordinates": [[78.2152411, 10.0670294], [78.2152837, 10.0672181], [78.2153792, 10.0674943], [78.2154215, 10.0677187], [78.2154566, 10.0680163], [78.2154916, 10.0685089], [78.2156075, 10.0686082]]}, "properties": {"kind": "road", "name": "Azhagarkovil Salai", "osm_id": 1064898072, "osm_type": "way", "highway": "primary"}}, {"type": "Feature", "geometry": {"type": "LineString", "coordinates": [[78.2156075, 10.0686082], [78.2161649, 10.0685542], [78.2163117, 10.0684882]]}, "properties": {"kind": "road", "name": "Madurai - Alagarkoil - Melur Road", "osm_id": 1064898073, "osm_type": "way", "highway": "primary"}}, {"type": "Feature", "geometry": {"type": "LineString", "coordinates": [[78.215604, 10.0684639], [78.2155883, 10.0679926], [78.2155523, 10.0676806], [78.2154947, 10.0674631], [78.2154773, 10.0674022], [78.2153699, 10.0671819], [78.2152411, 10.0670294]]}, "properties": {"kind": "road", "name": "Azhagarkovil Salai", "osm_id": 1064898074, "osm_type": "way", "highway": "primary"}}, {"type": "Feature", "geometry": {"type": "LineString", "coordinates": [[78.1845925, 10.1326247], [78.1846517, 10.132697], [78.1853828, 10.1337061], [78.1858664, 10.1345081], [78.1861659, 10.1350886], [78.1865888, 10.1360414], [78.1870442, 10.1370893], [78.1875034, 10.1380543], [78.1879028, 10.1388015], [78.1882356, 10.1392654], [78.1887147, 10.1399727], [78.1893349, 10.140847], [78.1893441, 10.1408606], [78.1894392, 10.1410006], [78.1897009, 10.1413861], [78.1898075, 10.141543], [78.1901277, 10.1421102], [78.190258, 10.142341], [78.1907374, 10.1431305], [78.1912595, 10.1439648], [78.1913185, 10.1440674], [78.1918131, 10.1449274], [78.1922652, 10.1456597], [78.1924815, 10.145974], [78.192572, 10.1461055], [78.1928486, 10.1465074], [78.1935902, 10.1475584], [78.1938081, 10.1478705], [78.1940519, 10.1482871], [78.1941209, 10.1484375]]}, "properties": {"kind": "road", "name": "Madurai - Natham - Thuvarankurichi Road", "osm_id": 1064908271, "osm_type": "way", "highway": "trunk"}}, {"type": "Feature", "geometry": {"type": "LineString", "coordinates": [[78.1225604, 9.928975], [78.1227567, 9.9288384], [78.1230289, 9.928667], [78.1235199, 9.9284694]]}, "properties": {"kind": "road", "name": "Vaigai Vadakarai Salai", "osm_id": 1065968668, "osm_type": "way", "highway": "primary"}}, {"type": "Feature", "geometry": {"type": "LineString", "coordinates": [[78.1250593, 9.9279652], [78.1251399, 9.9279324], [78.1252797, 9.9278397], [78.1263528, 9.9272372], [78.1267696, 9.9269868]]}, "properties": {"kind": "road", "name": "Vaigai Vadakarai Salai", "osm_id": 1065968669, "osm_type": "way", "highway": "primary"}}, {"type": "Feature", "geometry": {"type": "LineString", "coordinates": [[78.1250593, 9.9279652], [78.1248006, 9.9279682], [78.1240694, 9.9282065], [78.1237604, 9.9283164], [78.1236846, 9.9284169]]}, "properties": {"kind": "road", "name": "Vaigai Vadakarai Salai", "osm_id": 1065968670, "osm_type": "way", "highway": "primary"}}, {"type": "Feature", "geometry": {"type": "LineString", "coordinates": [[78.1364322, 9.935887], [78.1365803, 9.9362066], [78.1375611, 9.9380116]]}, "properties": {"kind": "road", "name": "Azhagarkovil Salai", "osm_id": 1065974097, "osm_type": "way", "highway": "primary"}}, {"type": "Feature", "geometry": {"type": "LineString", "coordinates": [[78.1371276, 9.936691], [78.1369764, 9.9364265], [78.1368549, 9.936202], [78.1367983, 9.9361088], [78.1365927, 9.9357739]]}, "properties": {"kind": "road", "name": "Azhagarkovil Salai", "osm_id": 1065974103, "osm_type": "way", "highway": "primary"}}, {"type": "Feature", "geometry": {"type": "LineString", "coordinates": [[78.0976415, 9.9623988], [78.097621, 9.962632], [78.0974399, 9.963576], [78.0971976, 9.9648893], [78.0971385, 9.9652097], [78.0969647, 9.9660614], [78.0969544, 9.9661393]]}, "properties": {"kind": "road", "name": "Madurai - Palamedu Road", "osm_id": 1066073939, "osm_type": "way", "highway": "primary"}}, {"type": "Feature", "geometry": {"type": "LineString", "coordinates": [[78.0976415, 9.9623988], [78.0977052, 9.9622549], [78.0977283, 9.9621088], [78.0977702, 9.9618507], [78.097822, 9.9615313], [78.0978745, 9.9612771], [78.0980029, 9.96065], [78.0979695, 9.9605188]]}, "properties": {"kind": "road", "name": "Madurai - Palamedu Road", "osm_id": 1066073940, "osm_type": "way", "highway": "primary"}}, {"type": "Feature", "geometry": {"type": "LineString", "coordinates": [[78.0979695, 9.9605188], [78.097892, 9.9606336], [78.097774, 9.9612669], [78.0977548, 9.9613699], [78.0977316, 9.9615114], [78.097684, 9.9617756], [78.0976609, 9.9619042], [78.0976182, 9.9622459], [78.0976415, 9.9623988]]}, "properties": {"kind": "road", "name": "Madurai - Palamedu Road", "osm_id": 1066073941, "osm_type": "way", "highway": "primary"}}, {"type": "Feature", "geometry": {"type": "LineString", "coordinates": [[78.097774, 9.9612669], [78.0978745, 9.9612771]]}, "properties": {"kind": "road", "name": "", "osm_id": 1066073942, "osm_type": "way", "highway": "primary_link"}}, {"type": "Feature", "geometry": {"type": "LineString", "coordinates": [[78.097684, 9.9617756], [78.0977702, 9.9618507], [78.0978329, 9.961899], [78.0978415, 9.9618985]]}, "properties": {"kind": "road", "name": "Anaiyur Salai", "osm_id": 1066073943, "osm_type": "way", "highway": "primary"}}, {"type": "Feature", "geometry": {"type": "LineString", "coordinates": [[78.158879, 9.9629618], [78.15817, 9.9619173], [78.1580591, 9.9617634], [78.1578512, 9.961475], [78.1575545, 9.9609616], [78.1571215, 9.9599703], [78.1569914, 9.9597226]]}, "properties": {"kind": "road", "name": "Azhagarkovil Salai", "osm_id": 1069024544, "osm_type": "way", "highway": "primary"}}, {"type": "Feature", "geometry": {"type": "LineString", "coordinates": [[78.1589297, 9.9630366], [78.158879, 9.9629618]]}, "properties": {"kind": "road", "name": "Azhagarkovil Salai", "osm_id": 1069024545, "osm_type": "way", "highway": "primary"}}, {"type": "Feature", "geometry": {"type": "LineString", "coordinates": [[78.1568796, 9.959782], [78.1571479, 9.9603216], [78.157323, 9.9607707], [78.1574724, 9.9611124], [78.1575847, 9.9613208], [78.1578025, 9.9616126], [78.1579558, 9.9618346], [78.1582131, 9.9622177], [78.1584413, 9.9625734], [78.1587531, 9.9630116]]}, "properties": {"kind": "road", "name": "Azhagarkovil Salai", "osm_id": 1069024546, "osm_type": "way", "highway": "primary"}}, {"type": "Feature", "geometry": {"type": "LineString", "coordinates": [[78.1587531, 9.9630116], [78.1588084, 9.9630892]]}, "properties": {"kind": "road", "name": "Azhagarkovil Salai", "osm_id": 1069024547, "osm_type": "way", "highway": "primary"}}, {"type": "Feature", "geometry": {"type": "LineString", "coordinates": [[78.1780187, 9.9943059], [78.1782276, 9.9946851], [78.1785527, 9.9952185], [78.1787532, 9.9955592], [78.1792045, 9.996353], [78.1794363, 9.9967386], [78.1796924, 9.9971732], [78.1798106, 9.9973554], [78.1798898, 9.9974684], [78.1799488, 9.9975595], [78.1801473, 9.9977866], [78.1803213, 9.9979697], [78.1805387, 9.9982113]]}, "properties": {"kind": "road", "name": "Azhagarkovil Salai", "osm_id": 1069050590, "osm_type": "way", "highway": "primary"}}, {"type": "Feature", "geometry": {"type": "LineString", "coordinates": [[78.1761622, 9.9910847], [78.1762125, 9.9911701]]}, "properties": {"kind": "road", "name": "Azhagarkovil Salai", "osm_id": 1069050591, "osm_type": "way", "highway": "primary"}}, {"type": "Feature", "geometry": {"type": "LineString", "coordinates": [[78.1691308, 9.9287613], [78.1690284, 9.9299521], [78.1690206, 9.9304347], [78.169043, 9.9310501], [78.1690715, 9.9312605], [78.1691238, 9.9315512], [78.1691846, 9.9318135], [78.1692508, 9.9320199]]}, "properties": {"kind": "road", "name": "", "osm_id": 1069662687, "osm_type": "way", "highway": "trunk"}}, {"type": "Feature", "geometry": {"type": "LineString", "coordinates": [[78.1693564, 9.9319522], [78.1692938, 9.9317428], [78.169265, 9.9316268], [78.1692411, 9.9315133], [78.1691732, 9.9311189], [78.1691702, 9.9308411], [78.1691656, 9.9306425], [78.1691563, 9.9302293], [78.1691699, 9.9297622], [78.1692121, 9.9293377], [78.16926, 9.9287803]]}, "properties": {"kind": "road", "name": "", "osm_id": 1069662688, "osm_type": "way", "highway": "trunk"}}, {"type": "Feature", "geometry": {"type": "LineString", "coordinates": [[78.1694289, 9.9257136], [78.1693496, 9.9258927], [78.1692095, 9.9264851], [78.1691136, 9.927293], [78.1690761, 9.9279706], [78.168979, 9.9290103], [78.1689441, 9.9293153], [78.1688961, 9.9296419]]}, "properties": {"kind": "road", "name": "Madurai Ring Road", "osm_id": 1069662689, "osm_type": "way", "highway": "trunk"}}, {"type": "Feature", "geometry": {"type": "LineString", "coordinates": [[78.1692999, 9.9296587], [78.1693465, 9.9288558], [78.1694545, 9.9278757], [78.1695393, 9.9266116], [78.1695651, 9.9259047], [78.1695262, 9.9257223]]}, "properties": {"kind": "road", "name": "Madurai Ring Road", "osm_id": 1069662690, "osm_type": "way", "highway": "trunk"}}, {"type": "Feature", "geometry": {"type": "LineString", "coordinates": [[78.1689561, 9.9312246], [78.1689901, 9.9314799], [78.1690636, 9.9318264], [78.1691553, 9.9320591], [78.1692682, 9.9323537], [78.1694098, 9.9327392], [78.1695618, 9.9330629], [78.1698404, 9.9334915], [78.1701147, 9.933803], [78.1703615, 9.9340511], [78.1703963, 9.9340769], [78.1704395, 9.9340957], [78.1704885, 9.9341011]]}, "properties": {"kind": "road", "name": "", "osm_id": 1069662691, "osm_type": "way", "highway": "trunk"}}, {"type": "Feature", "geometry": {"type": "LineString", "coordinates": [[78.1703613, 9.9338222], [78.170361, 9.9337713], [78.1703574, 9.9337322], [78.1701001, 9.9333373], [78.1700156, 9.9331929], [78.1697823, 9.9327701], [78.1695313, 9.9321691], [78.1694107, 9.9318248], [78.1693522, 9.9315051], [78.1693068, 9.9311951]]}, "properties": {"kind": "road", "name": "", "osm_id": 1069662692, "osm_type": "way", "highway": "trunk"}}, {"type": "Feature", "geometry": {"type": "LineString", "coordinates": [[78.16926, 9.9287803], [78.1692763, 9.9286378], [78.1693007, 9.928355], [78.169338, 9.9278474], [78.1693559, 9.9274719], [78.1693961, 9.9268445]]}, "properties": {"kind": "road", "name": "", "osm_id": 1069662693, "osm_type": "way", "highway": "trunk"}}, {"type": "Feature", "geometry": {"type": "LineString", "coordinates": [[78.1692661, 9.9268512], [78.1691698, 9.9283484], [78.1691308, 9.9287613]]}, "properties": {"kind": "road", "name": "", "osm_id": 1069662694, "osm_type": "way", "highway": "trunk"}}, {"type": "Feature", "geometry": {"type": "LineString", "coordinates": [[78.1692508, 9.9320199], [78.1695698, 9.9328627], [78.1697592, 9.9332248]]}, "properties": {"kind": "road", "name": "", "osm_id": 1069662695, "osm_type": "way", "highway": "trunk"}}, {"type": "Feature", "geometry": {"type": "LineString", "coordinates": [[78.169888, 9.933158], [78.1696819, 9.9328253], [78.1693564, 9.9319522]]}, "properties": {"kind": "road", "name": "", "osm_id": 1069662696, "osm_type": "way", "highway": "trunk"}}, {"type": "Feature", "geometry": {"type": "LineString", "coordinates": [[78.1693736, 9.9260336], [78.1692834, 9.9265554], [78.1692661, 9.9268512]]}, "properties": {"kind": "road", "name": "", "osm_id": 1069662697, "osm_type": "way", "highway": "trunk"}}, {"type": "Feature", "geometry": {"type": "LineString", "coordinates": [[78.1693961, 9.9268445], [78.1694133, 9.9265764], [78.1694781, 9.9260425]]}, "properties": {"kind": "road", "name": "", "osm_id": 1069662698, "osm_type": "way", "highway": "trunk"}}, {"type": "Feature", "geometry": {"type": "LineString", "coordinates": [[78.1697592, 9.9332248], [78.1698132, 9.9333042], [78.1701666, 9.9337723]]}, "properties": {"kind": "road", "name": "", "osm_id": 1069662699, "osm_type": "way", "highway": "trunk"}}, {"type": "Feature", "geometry": {"type": "LineString", "coordinates": [[78.1703066, 9.9337691], [78.1702655, 9.9337252], [78.1702087, 9.933651], [78.1701426, 9.9335696], [78.1700772, 9.9334694], [78.169888, 9.933158]]}, "properties": {"kind": "road", "name": "", "osm_id": 1069662700, "osm_type": "way", "highway": "trunk"}}, {"type": "Feature", "geometry": {"type": "LineString", "coordinates": [[78.1762125, 9.9911701], [78.176252, 9.9912371], [78.1770413, 9.9926304], [78.1778655, 9.9940279], [78.1779568, 9.9941936]]}, "properties": {"kind": "road", "name": "Azhagarkovil Salai", "osm_id": 1071956871, "osm_type": "way", "highway": "primary"}}, {"type": "Feature", "geometry": {"type": "LineString", "coordinates": [[78.1779568, 9.9941936], [78.1780187, 9.9943059]]}, "properties": {"kind": "road", "name": "Azhagarkovil Salai", "osm_id": 1071956872, "osm_type": "way", "highway": "primary"}}, {"type": "Feature", "geometry": {"type": "LineString", "coordinates": [[78.3192299, 10.0236108], [78.3195373, 10.0236276], [78.3196495, 10.0236182], [78.3201015, 10.0235416], [78.3206591, 10.0234142], [78.3210635, 10.0233218], [78.322123, 10.0230687], [78.3232302, 10.022802], [78.3237888, 10.0226587], [78.3243359, 10.0225347], [78.3248777, 10.0224002], [78.3259882, 10.0221127], [78.3267915, 10.0218887], [78.3277997, 10.0215313], [78.3287001, 10.0211392], [78.3297287, 10.0206004], [78.3311602, 10.0197501], [78.3331955, 10.0184618], [78.3339595, 10.0179792], [78.3349997, 10.0173541]]}, "properties": {"kind": "road", "name": "Melur Puravazhi Salai", "osm_id": 1074193083, "osm_type": "way", "highway": "trunk"}}, {"type": "Feature", "geometry": {"type": "LineString", "coordinates": [[78.3152671, 10.0227916], [78.3155059, 10.0228508]]}, "properties": {"kind": "road", "name": "Madurai - Trichy Highway", "osm_id": 1074193084, "osm_type": "way", "highway": "trunk"}}, {"type": "Feature", "geometry": {"type": "LineString", "coordinates": [[78.3349703, 10.0172039], [78.3347731, 10.017324], [78.3339253, 10.0178462], [78.3331579, 10.0183288], [78.3310739, 10.0196559], [78.3297328, 10.0204463], [78.3286076, 10.0210064], [78.3277148, 10.0213676], [78.3270189, 10.0216363], [78.3259549, 10.0219794], [78.3237403, 10.0224954], [78.3220774, 10.0229149], [78.3208664, 10.023196], [78.3203141, 10.0233502], [78.319719, 10.0234669], [78.319626, 10.0234712], [78.3195193, 10.0234808]]}, "properties": {"kind": "road", "name": "Melur Puravazhi Salai", "osm_id": 1074193085, "osm_type": "way", "highway": "trunk"}}, {"type": "Feature", "geometry": {"type": "LineString", "coordinates": [[78.3155379, 10.0227682], [78.3152916, 10.0227079]]}, "properties": {"kind": "road", "name": "Madurai - Trichy Highway", "osm_id": 1074193086, "osm_type": "way", "highway": "trunk"}}, {"type": "Feature", "geometry": {"type": "LineString", "coordinates": [[78.3114183, 10.0215003], [78.3116957, 10.0216373], [78.3121587, 10.0218602], [78.3128284, 10.0220776], [78.3134518, 10.0222817]]}, "properties": {"kind": "road", "name": "Madurai - Trichy Highway", "osm_id": 1074193088, "osm_type": "way", "highway": "trunk"}}, {"type": "Feature", "geometry": {"type": "LineString", "coordinates": [[78.3134729, 10.0221806], [78.3128561, 10.0219837], [78.3122007, 10.0217666], [78.3117364, 10.0215561], [78.3114637, 10.0214079]]}, "properties": {"kind": "road", "name": "Madurai - Trichy Highway", "osm_id": 1074193089, "osm_type": "way", "highway": "trunk"}}, {"type": "Feature", "geometry": {"type": "LineString", "coordinates": [[78.3152916, 10.0227079], [78.3143303, 10.0224631], [78.3137002, 10.0222532]]}, "properties": {"kind": "road", "name": "Madurai - Trichy Highway", "osm_id": 1074193090, "osm_type": "way", "highway": "trunk"}}, {"type": "Feature", "geometry": {"type": "LineString", "coordinates": [[78.3136774, 10.0223552], [78.3142765, 10.0225449], [78.3152671, 10.0227916]]}, "properties": {"kind": "road", "name": "Madurai - Trichy Highway", "osm_id": 1074193091, "osm_type": "way", "highway": "trunk"}}, {"type": "Feature", "geometry": {"type": "LineString", "coordinates": [[78.3134518, 10.0222817], [78.3136774, 10.0223552]]}, "properties": {"kind": "road", "name": "Madurai - Trichy Highway", "osm_id": 1074193092, "osm_type": "way", "highway": "trunk"}}, {"type": "Feature", "geometry": {"type": "LineString", "coordinates": [[78.3137002, 10.0222532], [78.3134729, 10.0221806]]}, "properties": {"kind": "road", "name": "Madurai - Trichy Highway", "osm_id": 1074193093, "osm_type": "way", "highway": "trunk"}}, {"type": "Feature", "geometry": {"type": "LineString", "coordinates": [[78.3155059, 10.0228508], [78.3165148, 10.0231052]]}, "properties": {"kind": "road", "name": "Madurai - Trichy Highway", "osm_id": 1074193094, "osm_type": "way", "highway": "trunk"}}, {"type": "Feature", "geometry": {"type": "LineString", "coordinates": [[78.3165469, 10.0230104], [78.3155379, 10.0227682]]}, "properties": {"kind": "road", "name": "Madurai - Trichy Highway", "osm_id": 1074193095, "osm_type": "way", "highway": "trunk"}}, {"type": "Feature", "geometry": {"type": "LineString", "coordinates": [[78.319742, 10.0240895], [78.3197375, 10.0239874], [78.3197095, 10.0238787], [78.3196495, 10.0236182], [78.319626, 10.0234712]]}, "properties": {"kind": "road", "name": "Trichy - Madurai - Tuticorin Road (Old NH45B)", "osm_id": 1074193097, "osm_type": "way", "highway": "primary"}}, {"type": "Feature", "geometry": {"type": "LineString", "coordinates": [[78.3192299, 10.0236108], [78.3194008, 10.023694], [78.3194552, 10.023732], [78.3195124, 10.0237769], [78.3196213, 10.0239011]]}, "properties": {"kind": "road", "name": "", "osm_id": 1074193098, "osm_type": "way", "highway": "trunk_link"}}, {"type": "Feature", "geometry": {"type": "LineString", "coordinates": [[78.3197095, 10.0238787], [78.319783, 10.0237669], [78.319815, 10.0237183], [78.3198683, 10.0236577], [78.3199422, 10.0236156], [78.3204154, 10.0235172], [78.3205126, 10.0234895], [78.3205534, 10.023473], [78.3206591, 10.0234142]]}, "properties": {"kind": "road", "name": "", "osm_id": 1074193099, "osm_type": "way", "highway": "trunk_link"}}, {"type": "Feature", "geometry": {"type": "LineString", "coordinates": [[78.3195193, 10.0234808], [78.3195373, 10.0236276], [78.3196213, 10.0239011], [78.3196607, 10.0240151], [78.319742, 10.0240895]]}, "properties": {"kind": "road", "name": "Trichy - Madurai - Tuticorin Road (Old NH45B)", "osm_id": 1074193100, "osm_type": "way", "highway": "primary"}}, {"type": "Feature", "geometry": {"type": "LineString", "coordinates": [[78.3114637, 10.0214079], [78.3113403, 10.0213135]]}, "properties": {"kind": "road", "name": "Madurai - Trichy Highway", "osm_id": 1074193101, "osm_type": "way", "highway": "trunk"}}, {"type": "Feature", "geometry": {"type": "LineString", "coordinates": [[78.3112726, 10.0214189], [78.3114183, 10.0215003]]}, "properties": {"kind": "road", "name": "Madurai - Trichy Highway", "osm_id": 1074193102, "osm_type": "way", "highway": "trunk"}}, {"type": "Feature", "geometry": {"type": "LineString", "coordinates": [[78.3165148, 10.0231052], [78.3172075, 10.0232771], [78.3172247, 10.0232813], [78.3181827, 10.0235129], [78.3187636, 10.0235921], [78.3192299, 10.0236108]]}, "properties": {"kind": "road", "name": "Madurai - Trichy Highway", "osm_id": 1074205499, "osm_type": "way", "highway": "trunk"}}, {"type": "Feature", "geometry": {"type": "LineString", "coordinates": [[78.3195193, 10.0234808], [78.3187802, 10.023482], [78.3182079, 10.0233915], [78.3172483, 10.0231901], [78.3168076, 10.0230712]]}, "properties": {"kind": "road", "name": "Madurai - Trichy Highway", "osm_id": 1074205500, "osm_type": "way", "highway": "trunk"}}, {"type": "Feature", "geometry": {"type": "LineString", "coordinates": [[78.3450346, 10.0364077], [78.3450375, 10.0366608], [78.3450727, 10.0374879], [78.3451204, 10.0380543], [78.345448, 10.0393627], [78.3456301, 10.0400579], [78.346534, 10.0427493], [78.3469554, 10.0436966], [78.3469985, 10.0437891], [78.347466, 10.0450628], [78.3474989, 10.0451523]]}, "properties": {"kind": "road", "name": "Trichy - Madurai - Tuticorin Road (Old NH45B)", "osm_id": 1074205501, "osm_type": "way", "highway": "primary"}}, {"type": "Feature", "geometry": {"type": "LineString", "coordinates": [[78.3473722, 10.0437003], [78.3472201, 10.0436426], [78.347102, 10.0435514], [78.3469173, 10.04338]]}, "properties": {"kind": "road", "name": "", "osm_id": 1074205502, "osm_type": "way", "highway": "trunk_link"}}, {"type": "Feature", "geometry": {"type": "LineString", "coordinates": [[78.3471814, 10.0440383], [78.3471801, 10.0439264], [78.3472558, 10.0438206], [78.3473688, 10.043766]]}, "properties": {"kind": "road", "name": "", "osm_id": 1074205503, "osm_type": "way", "highway": "trunk_link"}}, {"type": "Feature", "geometry": {"type": "LineString", "coordinates": [[78.3475058, 10.043732], [78.3476712, 10.0437408]]}, "properties": {"kind": "road", "name": "Melur - Thiruppathur Road", "osm_id": 1074205504, "osm_type": "way", "highway": "trunk"}}, {"type": "Feature", "geometry": {"type": "LineString", "coordinates": [[78.3496725, 10.0439514], [78.3494224, 10.0454446]]}, "properties": {"kind": "road", "name": "Melur Puravazhi Salai", "osm_id": 1074205505, "osm_type": "way", "highway": "trunk"}}, {"type": "Feature", "geometry": {"type": "LineString", "coordinates": [[78.349738, 10.0435399], [78.3496725, 10.0439514]]}, "properties": {"kind": "road", "name": "Melur Puravazhi Salai", "osm_id": 1074205506, "osm_type": "way", "highway": "trunk"}}, {"type": "Feature", "geometry": {"type": "LineString", "coordinates": [[78.3495611, 10.0454766], [78.3498117, 10.0439745]]}, "properties": {"kind": "road", "name": "Melur Puravazhi Salai", "osm_id": 1074205507, "osm_type": "way", "highway": "trunk"}}, {"type": "Feature", "geometry": {"type": "LineString", "coordinates": [[78.3498117, 10.0439745], [78.3498712, 10.0435755]]}, "properties": {"kind": "road", "name": "Melur Puravazhi Salai", "osm_id": 1074205508, "osm_type": "way", "highway": "trunk"}}, {"type": "Feature", "geometry": {"type": "LineString", "coordinates": [[78.3489288, 10.0491618], [78.3488193, 10.0491578], [78.3486932, 10.0490956], [78.3485864, 10.0489852], [78.3484974, 10.0488262], [78.3484705, 10.0484459], [78.3484303, 10.0475559], [78.3484062, 10.0473103], [78.3483284, 10.0470382], [78.3479663, 10.0460241], [78.3476659, 10.0452819]]}, "properties": {"kind": "road", "name": "Trichy - Madurai - Tuticorin Road (Old NH45B)", "osm_id": 1074205509, "osm_type": "way", "highway": "primary"}}, {"type": "Feature", "geometry": {"type": "LineString", "coordinates": [[78.3476659, 10.0452819], [78.3476149, 10.045134]]}, "properties": {"kind": "road", "name": "Trichy - Madurai - Tuticorin Road (Old NH45B)", "osm_id": 1074205510, "osm_type": "way", "highway": "primary"}}, {"type": "Feature", "geometry": {"type": "LineString", "coordinates": [[78.347564, 10.0453152], [78.3475845, 10.045368], [78.3479612, 10.0463377], [78.3482429, 10.0471418], [78.3483178, 10.0474426], [78.3483745, 10.0486625], [78.3484151, 10.0489157], [78.3484714, 10.0490181], [78.3486188, 10.0492118], [78.348794, 10.0492653], [78.3489096, 10.0492839]]}, "properties": {"kind": "road", "name": "Trichy - Madurai - Tuticorin Road (Old NH45B)", "osm_id": 1074205511, "osm_type": "way", "highway": "primary"}}, {"type": "Feature", "geometry": {"type": "LineString", "coordinates": [[78.3490712, 10.0476722], [78.3490493, 10.0478181], [78.3488632, 10.0488512], [78.3488193, 10.0491578], [78.348794, 10.0492653]]}, "properties": {"kind": "road", "name": "Madurai - Trichy Highway", "osm_id": 1074205512, "osm_type": "way", "highway": "trunk"}}, {"type": "Feature", "geometry": {"type": "LineString", "coordinates": [[78.2017055, 9.9604222], [78.2020441, 9.9607038], [78.2029279, 9.9614795], [78.2029844, 9.9615291], [78.20427, 9.9625873]]}, "properties": {"kind": "road", "name": "Othakadai Puravazhi Salai", "osm_id": 1074229398, "osm_type": "way", "highway": "trunk"}}, {"type": "Feature", "geometry": {"type": "LineString", "coordinates": [[77.9737815, 9.9415844], [77.9737978, 9.9416385], [77.9739822, 9.942249], [77.9740399, 9.9423423], [77.9743371, 9.9428232], [77.97452, 9.9431191], [77.9750589, 9.9439911], [77.9756382, 9.9450585], [77.9757432, 9.9452817], [77.9758321, 9.9454708], [77.9759252, 9.9456688], [77.9759062, 9.945883], [77.9759011, 9.9459409], [77.9758963, 9.9463266], [77.9759201, 9.9465066], [77.9762095, 9.9486964], [77.9762195, 9.9487613]]}, "properties": {"kind": "road", "name": "Thirumangalam - Pallapatti - Silukkuvarpatti Road", "osm_id": 1074604594, "osm_type": "way", "highway": "primary"}}, {"type": "Feature", "geometry": {"type": "LineString", "coordinates": [[77.9762195, 9.9487613], [77.9762373, 9.9488769]]}, "properties": {"kind": "road", "name": "Thirumangalam - Pallapatti - Silukkuvarpatti Road", "osm_id": 1074604595, "osm_type": "way", "highway": "primary"}}, {"type": "Feature", "geometry": {"type": "LineString", "coordinates": [[77.9737122, 9.9414867], [77.9734883, 9.941439], [77.9730272, 9.941379], [77.9726844, 9.9413497], [77.9718912, 9.9413233], [77.970872, 9.9412894], [77.9697435, 9.9412519], [77.9684616, 9.9411398], [77.9675066, 9.9410372], [77.9662586, 9.9407529], [77.9651444, 9.9407282]]}, "properties": {"kind": "road", "name": "Madurai - Theni Road", "osm_id": 1074604604, "osm_type": "way", "highway": "trunk"}}, {"type": "Feature", "geometry": {"type": "LineString", "coordinates": [[77.9651444, 9.9407282], [77.9650479, 9.9407261]]}, "properties": {"kind": "road", "name": "Madurai - Theni Road", "osm_id": 1074604605, "osm_type": "way", "highway": "trunk"}}, {"type": "Feature", "geometry": {"type": "LineString", "coordinates": [[77.9651312, 9.9407882], [77.9662242, 9.940803], [77.967503, 9.9411031], [77.9683656, 9.9412004], [77.9692894, 9.9412821], [77.9694342, 9.9412949], [77.9697861, 9.9413372], [77.9700393, 9.9413499], [77.9701585, 9.9413547], [77.9708934, 9.941384], [77.970992, 9.9413879], [77.9726751, 9.9414182], [77.9730345, 9.9414323], [77.9733068, 9.9414613], [77.9734731, 9.9414941], [77.9735811, 9.941516], [77.9737011, 9.9415361]]}, "properties": {"kind": "road", "name": "Madurai - Theni Road", "osm_id": 1074604617, "osm_type": "way", "highway": "trunk"}}, {"type": "Feature", "geometry": {"type": "LineString", "coordinates": [[77.965062, 9.9407873], [77.9651312, 9.9407882]]}, "properties": {"kind": "road", "name": "Madurai - Theni Road", "osm_id": 1074604618, "osm_type": "way", "highway": "trunk"}}, {"type": "Feature", "geometry": {"type": "LineString", "coordinates": [[78.1003825, 9.9263715], [78.1004778, 9.9264849]]}, "properties": {"kind": "road", "name": "", "osm_id": 1076869802, "osm_type": "way", "highway": "primary_link"}}, {"type": "Feature", "geometry": {"type": "LineString", "coordinates": [[78.0998424, 9.926838], [78.099947, 9.9269278]]}, "properties": {"kind": "road", "name": "", "osm_id": 1076869803, "osm_type": "way", "highway": "primary_link"}}, {"type": "Feature", "geometry": {"type": "LineString", "coordinates": [[78.1125533, 9.9234911], [78.1126215, 9.9237278], [78.1126974, 9.9238565]]}, "properties": {"kind": "road", "name": "Mela Veli Veethi", "osm_id": 1080038454, "osm_type": "way", "highway": "primary"}}, {"type": "Feature", "geometry": {"type": "LineString", "coordinates": [[78.0192518, 9.846263], [78.0195438, 9.8461152], [78.020177, 9.8456713], [78.0204224, 9.845482], [78.0206437, 9.8453113], [78.0208045, 9.845182]]}, "properties": {"kind": "road", "name": "Madurai Ring Road", "osm_id": 1082696072, "osm_type": "way", "highway": "trunk"}}, {"type": "Feature", "geometry": {"type": "LineString", "coordinates": [[78.0208045, 9.845182], [78.0208682, 9.8451307]]}, "properties": {"kind": "road", "name": "Madurai Ring Road", "osm_id": 1082696073, "osm_type": "way", "highway": "trunk"}}, {"type": "Feature", "geometry": {"type": "LineString", "coordinates": [[78.0207524, 9.8451214], [78.020287, 9.8454625], [78.0195837, 9.8459576], [78.0192147, 9.84618]]}, "properties": {"kind": "road", "name": "Madurai Ring Road", "osm_id": 1082696074, "osm_type": "way", "highway": "trunk"}}, {"type": "Feature", "geometry": {"type": "LineString", "coordinates": [[78.0208185, 9.845073], [78.0207524, 9.8451214]]}, "properties": {"kind": "road", "name": "Madurai Ring Road", "osm_id": 1082696075, "osm_type": "way", "highway": "trunk"}}, {"type": "Feature", "geometry": {"type": "LineString", "coordinates": [[77.996213, 9.8358321], [77.9980006, 9.8354343], [77.9989981, 9.8352306], [77.9991231, 9.8352204]]}, "properties": {"kind": "road", "name": "Tirumangalam Puravazhi Salai", "osm_id": 1082726640, "osm_type": "way", "highway": "trunk"}}, {"type": "Feature", "geometry": {"type": "LineString", "coordinates": [[77.9991256, 9.8351075], [77.9989818, 9.8351192], [77.9979764, 9.8353246], [77.9961896, 9.8357221]]}, "properties": {"kind": "road", "name": "Tirumangalam Puravazhi Salai", "osm_id": 1082726641, "osm_type": "way", "highway": "trunk"}}, {"type": "Feature", "geometry": {"type": "LineString", "coordinates": [[77.996081, 9.8358614], [77.996213, 9.8358321]]}, "properties": {"kind": "road", "name": "Tirumangalam Puravazhi Salai", "osm_id": 1082726642, "osm_type": "way", "highway": "trunk"}}, {"type": "Feature", "geometry": {"type": "LineString", "coordinates": [[77.9961896, 9.8357221], [77.9960555, 9.835752]]}, "properties": {"kind": "road", "name": "Tirumangalam Puravazhi Salai", "osm_id": 1082726643, "osm_type": "way", "highway": "trunk"}}, {"type": "Feature", "geometry": {"type": "LineString", "coordinates": [[77.9992978, 9.8352062], [77.9994358, 9.8351949], [77.9998339, 9.8352105], [78.00052, 9.8353535], [78.000916, 9.8355303], [78.0012428, 9.8357055]]}, "properties": {"kind": "road", "name": "Tirumangalam Puravazhi Salai", "osm_id": 1082726644, "osm_type": "way", "highway": "trunk"}}, {"type": "Feature", "geometry": {"type": "LineString", "coordinates": [[77.9991231, 9.8352204], [77.9992978, 9.8352062]]}, "properties": {"kind": "road", "name": "Tirumangalam Puravazhi Salai", "osm_id": 1082726645, "osm_type": "way", "highway": "trunk"}}, {"type": "Feature", "geometry": {"type": "LineString", "coordinates": [[78.0012511, 9.8355872], [78.0009744, 9.8354331], [78.0005557, 9.8352461], [77.999848, 9.8350986], [77.9994334, 9.8350824], [77.9992694, 9.8350958]]}, "properties": {"kind": "road", "name": "Tirumangalam Puravazhi Salai", "osm_id": 1082726646, "osm_type": "way", "highway": "trunk"}}, {"type": "Feature", "geometry": {"type": "LineString", "coordinates": [[77.9992694, 9.8350958], [77.9991256, 9.8351075]]}, "properties": {"kind": "road", "name": "Tirumangalam Puravazhi Salai", "osm_id": 1082726647, "osm_type": "way", "highway": "trunk"}}, {"type": "Feature", "geometry": {"type": "LineString", "coordinates": [[78.0012428, 9.8357055], [78.0015322, 9.8359079]]}, "properties": {"kind": "road", "name": "Tirumangalam Puravazhi Salai", "osm_id": 1082726648, "osm_type": "way", "highway": "trunk"}}, {"type": "Feature", "geometry": {"type": "LineString", "coordinates": [[78.0014816, 9.8357266], [78.0012511, 9.8355872]]}, "properties": {"kind": "road", "name": "Tirumangalam Puravazhi Salai", "osm_id": 1082726649, "osm_type": "way", "highway": "trunk"}}, {"type": "Feature", "geometry": {"type": "LineString", "coordinates": [[77.9946264, 9.8361851], [77.996081, 9.8358614]]}, "properties": {"kind": "road", "name": "Tirumangalam Puravazhi Salai", "osm_id": 1082726660, "osm_type": "way", "highway": "trunk"}}, {"type": "Feature", "geometry": {"type": "LineString", "coordinates": [[77.9945461, 9.836203], [77.9946264, 9.8361851]]}, "properties": {"kind": "road", "name": "Tirumangalam Puravazhi Salai", "osm_id": 1082726661, "osm_type": "way", "highway": "trunk"}}, {"type": "Feature", "geometry": {"type": "LineString", "coordinates": [[77.9960555, 9.835752], [77.9946028, 9.8360752]]}, "properties": {"kind": "road", "name": "Tirumangalam Puravazhi Salai", "osm_id": 1082726662, "osm_type": "way", "highway": "trunk"}}, {"type": "Feature", "geometry": {"type": "LineString", "coordinates": [[77.9946028, 9.8360752], [77.9945225, 9.8360931]]}, "properties": {"kind": "road", "name": "Tirumangalam Puravazhi Salai", "osm_id": 1082726663, "osm_type": "way", "highway": "trunk"}}, {"type": "Feature", "geometry": {"type": "LineString", "coordinates": [[77.9794842, 9.8256213], [77.9799115, 9.8255192], [77.9800665, 9.8252817], [77.9801576, 9.8250136], [77.9804535, 9.824595], [77.9806513, 9.8244386], [77.9808783, 9.8243708], [77.9812576, 9.8243558], [77.9817617, 9.8244056], [77.9818093, 9.8244208], [77.9818301, 9.824434], [77.9818355, 9.8244545], [77.9818086, 9.824584], [77.9818153, 9.8246025], [77.9818388, 9.8246117], [77.9818878, 9.8246157], [77.9829039, 9.8246997], [77.9831201, 9.8246745], [77.9836094, 9.8246174], [77.9839526, 9.8244949], [77.9840521, 9.8244594], [77.9841329, 9.8244306], [77.9843375, 9.8243363], [77.9846695, 9.8241834], [77.9848925, 9.8240806], [77.9850188, 9.8240224], [77.9851874, 9.8239447], [77.9864059, 9.8236233], [77.986496, 9.8235859]]}, "properties": {"kind": "road", "name": "Thirumangalam - Usilampatti Road", "osm_id": 1082726674, "osm_type": "way", "highway": "primary"}}, {"type": "Feature", "geometry": {"type": "LineString", "coordinates": [[77.9794026, 9.8256408], [77.9794842, 9.8256213]]}, "properties": {"kind": "road", "name": "Thirumangalam - Usilampatti Road", "osm_id": 1082726675, "osm_type": "way", "highway": "primary"}}, {"type": "Feature", "geometry": {"type": "LineString", "coordinates": [[77.9799115, 9.8255192], [77.9800022, 9.8260489], [77.9800099, 9.8261399]]}, "properties": {"kind": "road", "name": "Thirumangalam - Pallapatti - Silukkuvarpatti Road", "osm_id": 1082726676, "osm_type": "way", "highway": "primary"}}, {"type": "Feature", "geometry": {"type": "LineString", "coordinates": [[77.9800099, 9.8261399], [77.9800169, 9.8262213]]}, "properties": {"kind": "road", "name": "Thirumangalam - Pallapatti - Silukkuvarpatti Road", "osm_id": 1082726677, "osm_type": "way", "highway": "primary"}}, {"type": "Feature", "geometry": {"type": "LineString", "coordinates": [[77.9803317, 9.8645248], [77.98039, 9.8647505]]}, "properties": {"kind": "road", "name": "Thirumangalam - Pallapatti - Silukkuvarpatti Road", "osm_id": 1082726691, "osm_type": "way", "highway": "primary"}}, {"type": "Feature", "geometry": {"type": "LineString", "coordinates": [[78.1329873, 9.9317202], [78.1328864, 9.9317625], [78.1328118, 9.932025], [78.1327379, 9.9320762]]}, "properties": {"kind": "road", "name": "Gokhale Salai", "osm_id": 1086573654, "osm_type": "way", "highway": "trunk"}}, {"type": "Feature", "geometry": {"type": "LineString", "coordinates": [[78.1365927, 9.9357739], [78.1365444, 9.9357233]]}, "properties": {"kind": "road", "name": "Azhagarkovil Salai", "osm_id": 1086759246, "osm_type": "way", "highway": "primary"}}, {"type": "Feature", "geometry": {"type": "LineString", "coordinates": [[78.0162641, 9.9392596], [78.0158197, 9.9392309], [78.0136379, 9.9391767], [78.0133301, 9.9391612]]}, "properties": {"kind": "road", "name": "Madurai Kamarajar Palkalai Maempalam", "osm_id": 1088383995, "osm_type": "way", "highway": "trunk"}}, {"type": "Feature", "geometry": {"type": "LineString", "coordinates": [[78.0133301, 9.9391612], [78.0130952, 9.9391576]]}, "properties": {"kind": "road", "name": "Madurai Kamarajar Palkalai Maempalam", "osm_id": 1088383996, "osm_type": "way", "highway": "trunk"}}, {"type": "Feature", "geometry": {"type": "LineString", "coordinates": [[78.0131052, 9.9392918], [78.0133282, 9.9392983]]}, "properties": {"kind": "road", "name": "Madurai Kamarajar Palkalai Maempalam", "osm_id": 1088383997, "osm_type": "way", "highway": "trunk"}}, {"type": "Feature", "geometry": {"type": "LineString", "coordinates": [[78.0133282, 9.9392983], [78.0136263, 9.9393069], [78.0158334, 9.9393786], [78.0162125, 9.9394176]]}, "properties": {"kind": "road", "name": "Madurai Kamarajar Palkalai Maempalam", "osm_id": 1088383998, "osm_type": "way", "highway": "trunk"}}, {"type": "Feature", "geometry": {"type": "LineString", "coordinates": [[78.0106986, 9.9392355], [78.0111907, 9.9392531], [78.0121216, 9.939272], [78.0127404, 9.9392813], [78.0131052, 9.9392918]]}, "properties": {"kind": "road", "name": "Madurai Kamarajar Palkalai Maempalam", "osm_id": 1088383999, "osm_type": "way", "highway": "trunk"}}, {"type": "Feature", "geometry": {"type": "LineString", "coordinates": [[78.0097614, 9.9392126], [78.0106986, 9.9392355]]}, "properties": {"kind": "road", "name": "Madurai Kamarajar Palkalai Maempalam", "osm_id": 1088384000, "osm_type": "way", "highway": "trunk"}}, {"type": "Feature", "geometry": {"type": "LineString", "coordinates": [[78.0130952, 9.9391576], [78.012736, 9.939148], [78.012141, 9.9391268], [78.0106947, 9.9390804]]}, "properties": {"kind": "road", "name": "Madurai Kamarajar Palkalai Maempalam", "osm_id": 1088384001, "osm_type": "way", "highway": "trunk"}}, {"type": "Feature", "geometry": {"type": "LineString", "coordinates": [[78.0106947, 9.9390804], [78.0097657, 9.9390511]]}, "properties": {"kind": "road", "name": "Madurai Kamarajar Palkalai Maempalam", "osm_id": 1088384002, "osm_type": "way", "highway": "trunk"}}, {"type": "Feature", "geometry": {"type": "LineString", "coordinates": [[78.0057687, 9.9395932], [78.0066096, 9.9395343], [78.0069427, 9.9394978], [78.0077941, 9.9393646], [78.0090118, 9.9392386], [78.0096662, 9.9392159], [78.0097614, 9.9392126]]}, "properties": {"kind": "road", "name": "Madurai Kamarajar Palkalai Maempalam", "osm_id": 1088384003, "osm_type": "way", "highway": "trunk"}}, {"type": "Feature", "geometry": {"type": "LineString", "coordinates": [[78.0059007, 9.9394545], [78.0038411, 9.939655]]}, "properties": {"kind": "road", "name": "Theni Pradhana Salai", "osm_id": 1088384004, "osm_type": "way", "highway": "trunk"}}, {"type": "Feature", "geometry": {"type": "LineString", "coordinates": [[78.0038722, 9.939786], [78.0057687, 9.9395932]]}, "properties": {"kind": "road", "name": "Theni Pradhana Salai", "osm_id": 1088384005, "osm_type": "way", "highway": "trunk"}}, {"type": "Feature", "geometry": {"type": "LineString", "coordinates": [[78.0162125, 9.9394176], [78.0171211, 9.9394192], [78.0184554, 9.9394518], [78.018771, 9.9394595], [78.0190579, 9.9394534], [78.0193617, 9.9394113], [78.0198677, 9.9393236], [78.0205503, 9.9392206]]}, "properties": {"kind": "road", "name": "Theni Pradhana Salai", "osm_id": 1088384006, "osm_type": "way", "highway": "trunk"}}, {"type": "Feature", "geometry": {"type": "LineString", "coordinates": [[78.020565, 9.9391111], [78.0198047, 9.939214], [78.0193338, 9.9393054], [78.0190492, 9.939345], [78.018443, 9.9393324], [78.0171296, 9.9393021], [78.0162641, 9.9392596]]}, "properties": {"kind": "road", "name": "Theni Pradhana Salai", "osm_id": 1088384007, "osm_type": "way", "highway": "trunk"}}, {"type": "Feature", "geometry": {"type": "LineString", "coordinates": [[78.3471026, 10.0437916], [78.3472207, 10.0437895], [78.3473688, 10.043766], [78.3475058, 10.043732]]}, "properties": {"kind": "road", "name": "Melur - Thiruppathur Road", "osm_id": 1097047225, "osm_type": "way", "highway": "trunk"}}, {"type": "Feature", "geometry": {"type": "LineString", "coordinates": [[78.1095003, 9.9093789], [78.1098083, 9.9094282], [78.1102033, 9.9095108], [78.1103391, 9.9095238]]}, "properties": {"kind": "road", "name": "Thirupparankundram Salai", "osm_id": 1097930148, "osm_type": "way", "highway": "primary"}}, {"type": "Feature", "geometry": {"type": "LineString", "coordinates": [[78.1103391, 9.9095238], [78.1102186, 9.9094599], [78.1098218, 9.9093639], [78.1095031, 9.9093104]]}, "properties": {"kind": "road", "name": "Thirupparankundram Salai", "osm_id": 1097930149, "osm_type": "way", "highway": "primary"}}, {"type": "Feature", "geometry": {"type": "LineString", "coordinates": [[78.0989309, 9.8491106], [78.0987063, 9.8493043], [78.0985038, 9.8495079], [78.0981969, 9.8498557], [78.0980377, 9.8500465], [78.0979589, 9.8501593], [78.0978419, 9.8503266], [78.0977875, 9.85042], [78.0977585, 9.8504935], [78.0977446, 9.8505619], [78.0977597, 9.8506565], [78.0978076, 9.8509184], [78.0978269, 9.8510164], [78.0979013, 9.8513951], [78.0979244, 9.8514951], [78.0979515, 9.8516124], [78.0979995, 9.8518084], [78.0980717, 9.8520336], [78.0981199, 9.8521641], [78.098199, 9.8523526]]}, "properties": {"kind": "road", "name": "Aruppukottai Road", "osm_id": 1105142721, "osm_type": "way", "highway": "primary"}}, {"type": "Feature", "geometry": {"type": "LineString", "coordinates": [[78.098199, 9.8523526], [78.0980969, 9.8519178], [78.0980443, 9.8517103], [78.0979902, 9.8514791], [78.09788, 9.8509012], [78.0978447, 9.8506957], [78.0978421, 9.8506136], [78.0978421, 9.8505501], [78.0978586, 9.8504766], [78.0978927, 9.8504107], [78.0979748, 9.8502737], [78.0981012, 9.8500794], [78.0982524, 9.8499095], [78.0985573, 9.8495558], [78.0987403, 9.8493405], [78.0989309, 9.8491106]]}, "properties": {"kind": "road", "name": "Aruppukottai Road", "osm_id": 1105142722, "osm_type": "way", "highway": "primary"}}, {"type": "Feature", "geometry": {"type": "LineString", "coordinates": [[78.0991284, 9.8540654], [78.0989183, 9.8537813], [78.0988238, 9.8536494], [78.0987213, 9.8535063], [78.0985777, 9.853286], [78.0984465, 9.8530508], [78.0984003, 9.8529275], [78.0983564, 9.8528103], [78.098279, 9.852594], [78.098199, 9.8523526]]}, "properties": {"kind": "road", "name": "Aruppukottai Salai", "osm_id": 1105142724, "osm_type": "way", "highway": "primary"}}, {"type": "Feature", "geometry": {"type": "LineString", "coordinates": [[78.0989309, 9.8491106], [78.0991707, 9.8488794], [78.0992315, 9.8488251], [78.0992998, 9.848764]]}, "properties": {"kind": "road", "name": "Aruppukottai Salai", "osm_id": 1105142725, "osm_type": "way", "highway": "primary"}}, {"type": "Feature", "geometry": {"type": "LineString", "coordinates": [[78.0992998, 9.848764], [78.0993534, 9.8487159]]}, "properties": {"kind": "road", "name": "Aruppukottai Salai", "osm_id": 1105142726, "osm_type": "way", "highway": "primary"}}, {"type": "Feature", "geometry": {"type": "LineString", "coordinates": [[78.0468976, 9.8812815], [78.046375, 9.881432], [78.0462826, 9.8814884]]}, "properties": {"kind": "road", "name": "Thirupparankundram Salai", "osm_id": 1105766974, "osm_type": "way", "highway": "primary"}}, {"type": "Feature", "geometry": {"type": "LineString", "coordinates": [[78.0472941, 9.8811758], [78.0468976, 9.8812815]]}, "properties": {"kind": "road", "name": "Thirupparankundram Salai", "osm_id": 1105766975, "osm_type": "way", "highway": "primary"}}, {"type": "Feature", "geometry": {"type": "LineString", "coordinates": [[78.0477077, 9.8810788], [78.0472941, 9.8811758]]}, "properties": {"kind": "road", "name": "Thirupparankundram Salai", "osm_id": 1105766976, "osm_type": "way", "highway": "primary"}}, {"type": "Feature", "geometry": {"type": "LineString", "coordinates": [[78.0480902, 9.8809832], [78.0477077, 9.8810788]]}, "properties": {"kind": "road", "name": "Thirupparankundram Salai", "osm_id": 1105766977, "osm_type": "way", "highway": "primary"}}, {"type": "Feature", "geometry": {"type": "LineString", "coordinates": [[78.0494885, 9.8809004], [78.0493773, 9.8808647], [78.0491237, 9.8808152], [78.0488643, 9.8808286], [78.0486882, 9.880847], [78.0480902, 9.8809832]]}, "properties": {"kind": "road", "name": "Thirupparankundram Salai", "osm_id": 1105766978, "osm_type": "way", "highway": "primary"}}, {"type": "Feature", "geometry": {"type": "LineString", "coordinates": [[78.1210066, 9.9067971], [78.1210841, 9.9066333]]}, "properties": {"kind": "road", "name": "", "osm_id": 1109907876, "osm_type": "way", "highway": "primary"}}, {"type": "Feature", "geometry": {"type": "LineString", "coordinates": [[78.121415, 9.9050746], [78.1213905, 9.9052414], [78.1213712, 9.9054579], [78.1212718, 9.9059254], [78.1211987, 9.906092], [78.120956, 9.9067846]]}, "properties": {"kind": "road", "name": "Aruppukottai Salai", "osm_id": 1109907878, "osm_type": "way", "highway": "primary"}}, {"type": "Feature", "geometry": {"type": "LineString", "coordinates": [[78.1369523, 9.9391643], [78.1370871, 9.9390164], [78.1371995, 9.9389266]]}, "properties": {"kind": "road", "name": "", "osm_id": 1110706215, "osm_type": "way", "highway": "primary_link"}}, {"type": "Feature", "geometry": {"type": "LineString", "coordinates": [[78.1373827, 9.9372958], [78.1373154, 9.9371545], [78.1372463, 9.9370233], [78.1371169, 9.9367774], [78.1371276, 9.936691]]}, "properties": {"kind": "road", "name": "Azhagarkovil Salai", "osm_id": 1110706219, "osm_type": "way", "highway": "primary"}}, {"type": "Feature", "geometry": {"type": "LineString", "coordinates": [[78.1376144, 9.9377723], [78.1375022, 9.9375467], [78.1373827, 9.9372958]]}, "properties": {"kind": "road", "name": "Azhagarkovil Salai", "osm_id": 1110706220, "osm_type": "way", "highway": "primary"}}, {"type": "Feature", "geometry": {"type": "LineString", "coordinates": [[78.1460702, 9.8848742], [78.1464143, 9.8849077], [78.1482476, 9.8850355], [78.1485641, 9.8850576], [78.1497163, 9.8851529]]}, "properties": {"kind": "road", "name": "Madurai Ring Road", "osm_id": 1122293201, "osm_type": "way", "highway": "trunk"}}, {"type": "Feature", "geometry": {"type": "LineString", "coordinates": [[78.1121288, 9.9181417], [78.1117022, 9.9181271], [78.1116614, 9.9181286]]}, "properties": {"kind": "road", "name": "Town Hall Road", "osm_id": 1128471637, "osm_type": "way", "highway": "primary_link"}}, {"type": "Feature", "geometry": {"type": "LineString", "coordinates": [[78.0565114, 9.9310854], [78.0564407, 9.9309188]]}, "properties": {"kind": "road", "name": "", "osm_id": 1136383500, "osm_type": "way", "highway": "trunk"}}, {"type": "Feature", "geometry": {"type": "LineString", "coordinates": [[78.0564328, 9.9312508], [78.0565056, 9.9314255]]}, "properties": {"kind": "road", "name": "", "osm_id": 1136383502, "osm_type": "way", "highway": "trunk"}}, {"type": "Feature", "geometry": {"type": "LineString", "coordinates": [[77.9780774, 9.7571984], [77.9783134, 9.7577998], [77.9786651, 9.7586811], [77.9788137, 9.7592312], [77.9789175, 9.7596972], [77.9789274, 9.7597418], [77.9791547, 9.7608486]]}, "properties": {"kind": "road", "name": "", "osm_id": 1146035796, "osm_type": "way", "highway": "trunk"}}, {"type": "Feature", "geometry": {"type": "LineString", "coordinates": [[77.9791547, 9.7608486], [77.9792022, 9.7610885], [77.9792815, 9.761493], [77.9795081, 9.7625634], [77.9796559, 9.7633582], [77.9798536, 9.7643639], [77.979987, 9.7650415]]}, "properties": {"kind": "road", "name": "", "osm_id": 1146035797, "osm_type": "way", "highway": "trunk"}}, {"type": "Feature", "geometry": {"type": "LineString", "coordinates": [[77.9800877, 9.7650073], [77.9799508, 9.7643409], [77.979745, 9.7631871], [77.9796147, 9.7625295], [77.9795126, 9.7619913], [77.9792954, 9.7609826]]}, "properties": {"kind": "road", "name": "", "osm_id": 1146035798, "osm_type": "way", "highway": "trunk"}}, {"type": "Feature", "geometry": {"type": "LineString", "coordinates": [[77.9800099, 9.7651575], [77.9803165, 9.766715], [77.9804082, 9.7670172], [77.9804949, 9.7672685]]}, "properties": {"kind": "road", "name": "", "osm_id": 1146035799, "osm_type": "way", "highway": "trunk"}}, {"type": "Feature", "geometry": {"type": "LineString", "coordinates": [[77.9806217, 9.7672818], [77.9805169, 9.7670053], [77.980435, 9.7666985], [77.9801102, 9.7651171]]}, "properties": {"kind": "road", "name": "", "osm_id": 1146035801, "osm_type": "way", "highway": "trunk"}}, {"type": "Feature", "geometry": {"type": "LineString", "coordinates": [[77.9801102, 9.7651171], [77.9800877, 9.7650073]]}, "properties": {"kind": "road", "name": "", "osm_id": 1146035804, "osm_type": "way", "highway": "trunk"}}, {"type": "Feature", "geometry": {"type": "LineString", "coordinates": [[77.979987, 9.7650415], [77.9800099, 9.7651575]]}, "properties": {"kind": "road", "name": "", "osm_id": 1146035805, "osm_type": "way", "highway": "trunk"}}, {"type": "Feature", "geometry": {"type": "LineString", "coordinates": [[77.9841711, 9.7997347], [77.9841018, 9.800045]]}, "properties": {"kind": "road", "name": "Tirumangalam Puravazhi Salai", "osm_id": 1146035807, "osm_type": "way", "highway": "trunk"}}, {"type": "Feature", "geometry": {"type": "LineString", "coordinates": [[77.9842032, 9.8001093], [77.9842889, 9.7997541]]}, "properties": {"kind": "road", "name": "Tirumangalam Puravazhi Salai", "osm_id": 1146035808, "osm_type": "way", "highway": "trunk"}}, {"type": "Feature", "geometry": {"type": "LineString", "coordinates": [[77.9793336, 9.816539], [77.9794573, 9.8162606], [77.9795714, 9.8160038]]}, "properties": {"kind": "road", "name": "Tirumangalam Puravazhi Salai", "osm_id": 1146047112, "osm_type": "way", "highway": "trunk"}}, {"type": "Feature", "geometry": {"type": "LineString", "coordinates": [[77.9794516, 9.8159663], [77.9793515, 9.8162006], [77.9792173, 9.8165148]]}, "properties": {"kind": "road", "name": "Tirumangalam Puravazhi Salai", "osm_id": 1146047113, "osm_type": "way", "highway": "trunk"}}, {"type": "Feature", "geometry": {"type": "LineString", "coordinates": [[77.9755754, 9.8262647], [77.975713, 9.825772], [77.975871, 9.8252659]]}, "properties": {"kind": "road", "name": "Tirumangalam Puravazhi Salai", "osm_id": 1146047114, "osm_type": "way", "highway": "trunk"}}, {"type": "Feature", "geometry": {"type": "LineString", "coordinates": [[77.9757432, 9.8251861], [77.9756446, 9.8255645], [77.9755068, 9.8260661]]}, "properties": {"kind": "road", "name": "Tirumangalam Puravazhi Salai", "osm_id": 1146047115, "osm_type": "way", "highway": "trunk"}}, {"type": "Feature", "geometry": {"type": "LineString", "coordinates": [[77.975493, 9.8283757], [77.9753198, 9.8285969]]}, "properties": {"kind": "road", "name": "", "osm_id": 1146047116, "osm_type": "way", "highway": "trunk_link"}}, {"type": "Feature", "geometry": {"type": "LineString", "coordinates": [[77.9751935, 9.8283711], [77.9752055, 9.8286133], [77.9751903, 9.8292151], [77.9752132, 9.8295311], [77.9752286, 9.8300352], [77.9752699, 9.8305162], [77.9753627, 9.831095], [77.9754285, 9.8313983], [77.9756589, 9.8319776], [77.9760848, 9.8327281], [77.9766217, 9.8333907], [77.9771013, 9.8338172], [77.9772146, 9.8338999], [77.9774071, 9.8340298]]}, "properties": {"kind": "road", "name": "Tirumangalam Puravazhi Salai", "osm_id": 1146047117, "osm_type": "way", "highway": "trunk"}}, {"type": "Feature", "geometry": {"type": "LineString", "coordinates": [[77.9802032, 9.8352508], [77.9805554, 9.8353887]]}, "properties": {"kind": "road", "name": "Tirumangalam Puravazhi Salai", "osm_id": 1146047118, "osm_type": "way", "highway": "trunk"}}, {"type": "Feature", "geometry": {"type": "LineString", "coordinates": [[77.9774741, 9.8339221], [77.9772933, 9.833789], [77.9771754, 9.8337022], [77.9767103, 9.8332792], [77.9761796, 9.8326646], [77.9757628, 9.831895], [77.97555, 9.8313273], [77.9754699, 9.8310165], [77.9753847, 9.8304977], [77.9753441, 9.8300187], [77.9753224, 9.8294026], [77.9753129, 9.8289445], [77.9753198, 9.8285969], [77.9753356, 9.8282359]]}, "properties": {"kind": "road", "name": "Tirumangalam Puravazhi Salai", "osm_id": 1146047119, "osm_type": "way", "highway": "trunk"}}, {"type": "Feature", "geometry": {"type": "LineString", "coordinates": [[77.9805863, 9.8352209], [77.9802818, 9.8351128]]}, "properties": {"kind": "road", "name": "Tirumangalam Puravazhi Salai", "osm_id": 1146047120, "osm_type": "way", "highway": "trunk"}}, {"type": "Feature", "geometry": {"type": "LineString", "coordinates": [[77.9802818, 9.8351128], [77.9788773, 9.8346299], [77.9785361, 9.8344961], [77.9777401, 9.834118], [77.9774741, 9.8339221]]}, "properties": {"kind": "road", "name": "Tirumangalam Puravazhi Salai", "osm_id": 1146047121, "osm_type": "way", "highway": "trunk"}}, {"type": "Feature", "geometry": {"type": "LineString", "coordinates": [[77.9774071, 9.8340298], [77.9776807, 9.8342144], [77.9784902, 9.8345989], [77.9788359, 9.8347345], [77.9802032, 9.8352508]]}, "properties": {"kind": "road", "name": "Tirumangalam Puravazhi Salai", "osm_id": 1146047122, "osm_type": "way", "highway": "trunk"}}, {"type": "Feature", "geometry": {"type": "LineString", "coordinates": [[77.9805554, 9.8353887], [77.9836103, 9.8364727]]}, "properties": {"kind": "road", "name": "Tirumangalam Puravazhi Salai", "osm_id": 1146047123, "osm_type": "way", "highway": "trunk"}}, {"type": "Feature", "geometry": {"type": "LineString", "coordinates": [[77.9836511, 9.8363537], [77.9805863, 9.8352209]]}, "properties": {"kind": "road", "name": "Tirumangalam Puravazhi Salai", "osm_id": 1146047124, "osm_type": "way", "highway": "trunk"}}, {"type": "Feature", "geometry": {"type": "LineString", "coordinates": [[77.9836103, 9.8364727], [77.98378, 9.8365314], [77.9850832, 9.8370278], [77.9854814, 9.8371473]]}, "properties": {"kind": "road", "name": "Tirumangalam Puravazhi Salai", "osm_id": 1146047129, "osm_type": "way", "highway": "trunk"}}, {"type": "Feature", "geometry": {"type": "LineString", "coordinates": [[77.9854814, 9.8371473], [77.9855687, 9.8371735]]}, "properties": {"kind": "road", "name": "Tirumangalam Puravazhi Salai", "osm_id": 1146047130, "osm_type": "way", "highway": "trunk"}}, {"type": "Feature", "geometry": {"type": "LineString", "coordinates": [[77.9855482, 9.8370486], [77.9851742, 9.8369361], [77.9836511, 9.8363537]]}, "properties": {"kind": "road", "name": "Tirumangalam Puravazhi Salai", "osm_id": 1146047131, "osm_type": "way", "highway": "trunk"}}, {"type": "Feature", "geometry": {"type": "LineString", "coordinates": [[77.9856375, 9.8370758], [77.9855482, 9.8370486]]}, "properties": {"kind": "road", "name": "Tirumangalam Puravazhi Salai", "osm_id": 1146047132, "osm_type": "way", "highway": "trunk"}}, {"type": "Feature", "geometry": {"type": "LineString", "coordinates": [[77.9915455, 9.8368706], [77.9937418, 9.836382]]}, "properties": {"kind": "road", "name": "Tirumangalam Puravazhi Salai", "osm_id": 1146047135, "osm_type": "way", "highway": "trunk"}}, {"type": "Feature", "geometry": {"type": "LineString", "coordinates": [[77.9937204, 9.8362715], [77.9936503, 9.8362871], [77.9915248, 9.83676]]}, "properties": {"kind": "road", "name": "Tirumangalam Puravazhi Salai", "osm_id": 1146047136, "osm_type": "way", "highway": "trunk"}}, {"type": "Feature", "geometry": {"type": "LineString", "coordinates": [[77.993851, 9.8363577], [77.9945461, 9.836203]]}, "properties": {"kind": "road", "name": "Tirumangalam Puravazhi Salai", "osm_id": 1146047137, "osm_type": "way", "highway": "trunk"}}, {"type": "Feature", "geometry": {"type": "LineString", "coordinates": [[77.9937418, 9.836382], [77.9937689, 9.836376], [77.993851, 9.8363577]]}, "properties": {"kind": "road", "name": "Tirumangalam Puravazhi Salai", "osm_id": 1146047138, "osm_type": "way", "highway": "trunk"}}, {"type": "Feature", "geometry": {"type": "LineString", "coordinates": [[77.9945225, 9.8360931], [77.9938266, 9.8362479]]}, "properties": {"kind": "road", "name": "Tirumangalam Puravazhi Salai", "osm_id": 1146047139, "osm_type": "way", "highway": "trunk"}}, {"type": "Feature", "geometry": {"type": "LineString", "coordinates": [[77.9938266, 9.8362479], [77.9937204, 9.8362715]]}, "properties": {"kind": "road", "name": "Tirumangalam Puravazhi Salai", "osm_id": 1146047140, "osm_type": "way", "highway": "trunk"}}, {"type": "Feature", "geometry": {"type": "LineString", "coordinates": [[77.9908773, 9.8370193], [77.9915455, 9.8368706]]}, "properties": {"kind": "road", "name": "Tirumangalam Puravazhi Salai", "osm_id": 1146047141, "osm_type": "way", "highway": "trunk"}}, {"type": "Feature", "geometry": {"type": "LineString", "coordinates": [[77.9915248, 9.83676], [77.9909451, 9.836889], [77.9908957, 9.8369]]}, "properties": {"kind": "road", "name": "Tirumangalam Puravazhi Salai", "osm_id": 1146047142, "osm_type": "way", "highway": "trunk"}}, {"type": "Feature", "geometry": {"type": "LineString", "coordinates": [[78.0015322, 9.8359079], [78.00402, 9.8378728]]}, "properties": {"kind": "road", "name": "Tirumangalam Puravazhi Salai", "osm_id": 1146047143, "osm_type": "way", "highway": "trunk"}}, {"type": "Feature", "geometry": {"type": "LineString", "coordinates": [[78.0040878, 9.8378115], [78.0014816, 9.8357266]]}, "properties": {"kind": "road", "name": "Tirumangalam Puravazhi Salai", "osm_id": 1146047144, "osm_type": "way", "highway": "trunk"}}, {"type": "Feature", "geometry": {"type": "LineString", "coordinates": [[78.00402, 9.8378728], [78.0042824, 9.8380765]]}, "properties": {"kind": "road", "name": "Tirumangalam Puravazhi Salai", "osm_id": 1146047145, "osm_type": "way", "highway": "trunk"}}, {"type": "Feature", "geometry": {"type": "LineString", "coordinates": [[78.0043109, 9.8380082], [78.0040878, 9.8378115]]}, "properties": {"kind": "road", "name": "Tirumangalam Puravazhi Salai", "osm_id": 1146047146, "osm_type": "way", "highway": "trunk"}}, {"type": "Feature", "geometry": {"type": "LineString", "coordinates": [[78.0608485, 9.8806051], [78.0607031, 9.8806087], [78.0602773, 9.8806311], [78.0592149, 9.8806764], [78.0585767, 9.8807036], [78.0584185, 9.8807104], [78.0582532, 9.8807244]]}, "properties": {"kind": "road", "name": "Thirupparankundram Salai", "osm_id": 1149451718, "osm_type": "way", "highway": "primary"}}, {"type": "Feature", "geometry": {"type": "LineString", "coordinates": [[78.1588366, 9.946911], [78.1587298, 9.9468551], [78.1585824, 9.9467779], [78.1585266, 9.9467459], [78.1583023, 9.9466245], [78.1582645, 9.946604], [78.1582169, 9.9465784], [78.1581591, 9.9465474], [78.1576772, 9.9462662], [78.1570229, 9.9458192], [78.1569615, 9.945778], [78.1567902, 9.9456519], [78.1566876, 9.9455763], [78.1563942, 9.9453466], [78.1563452, 9.9453157], [78.1562772, 9.9452726], [78.1555653, 9.944849], [78.154868, 9.9444341], [78.1547806, 9.9443859], [78.1547132, 9.9443545]]}, "properties": {"kind": "road", "name": "Melur Pradhana Salai", "osm_id": 1150094624, "osm_type": "way", "highway": "primary"}}, {"type": "Feature", "geometry": {"type": "LineString", "coordinates": [[78.1421795, 9.9265546], [78.1423134, 9.926572], [78.1423751, 9.9265739], [78.1425427, 9.9265779], [78.1427921, 9.9265805], [78.1430906, 9.9265553], [78.1431925, 9.9265375], [78.1432763, 9.9265085], [78.1434707, 9.9264114], [78.1437591, 9.9262159], [78.1439421, 9.9261168], [78.1441882, 9.9260692], [78.1443974, 9.9260303], [78.1446053, 9.9260058], [78.1447569, 9.9259952], [78.1449004, 9.9260005], [78.1450974, 9.9260362], [78.145237, 9.926089], [78.1453603, 9.9261498], [78.1455977, 9.9262846], [78.145705, 9.9263585], [78.1458525, 9.9264325], [78.1459612, 9.926492], [78.1460805, 9.9265395], [78.1462079, 9.9265752], [78.1463447, 9.9266016], [78.1465861, 9.9266227], [78.1469898, 9.9266452], [78.147083, 9.9266564], [78.1476523, 9.9267826], [78.1484838, 9.9269627], [78.1485581, 9.9269838]]}, "properties": {"kind": "road", "name": "Sivagangai Salai", "osm_id": 1153458555, "osm_type": "way", "highway": "primary"}}, {"type": "Feature", "geometry": {"type": "LineString", "coordinates": [[78.1422836, 9.9264981], [78.1421244, 9.9264646]]}, "properties": {"kind": "road", "name": "Sivagangai Salai", "osm_id": 1153458583, "osm_type": "way", "highway": "primary"}}, {"type": "Feature", "geometry": {"type": "LineString", "coordinates": [[78.1357443, 9.9372465], [78.135881, 9.9374292], [78.1362732, 9.9378904]]}, "properties": {"kind": "road", "name": "Tallakulam Etram", "osm_id": 1154089595, "osm_type": "way", "highway": "trunk"}}, {"type": "Feature", "geometry": {"type": "LineString", "coordinates": [[78.136839, 9.9364598], [78.1365175, 9.9358466]]}, "properties": {"kind": "road", "name": "Tallakulam Irakkam", "osm_id": 1154089596, "osm_type": "way", "highway": "trunk"}}, {"type": "Feature", "geometry": {"type": "LineString", "coordinates": [[78.1385922, 9.9370843], [78.1394585, 9.9371824]]}, "properties": {"kind": "road", "name": "Managaratchi Irakkam", "osm_id": 1154089597, "osm_type": "way", "highway": "trunk_link"}}, {"type": "Feature", "geometry": {"type": "LineString", "coordinates": [[78.1327809, 9.9317302], [78.1327743, 9.9318259], [78.1327379, 9.9320762]]}, "properties": {"kind": "road", "name": "Gokhale Salai", "osm_id": 1154089598, "osm_type": "way", "highway": "trunk"}}, {"type": "Feature", "geometry": {"type": "LineString", "coordinates": [[78.1356772, 9.9373311], [78.1357862, 9.9374736]]}, "properties": {"kind": "road", "name": "Gokhale Salai", "osm_id": 1154089599, "osm_type": "way", "highway": "primary"}}, {"type": "Feature", "geometry": {"type": "LineString", "coordinates": [[78.1381176, 9.9387489], [78.1381368, 9.9386246]]}, "properties": {"kind": "road", "name": "", "osm_id": 1154089601, "osm_type": "way", "highway": "primary"}}, {"type": "Feature", "geometry": {"type": "LineString", "coordinates": [[78.1394585, 9.9371824], [78.1397256, 9.9372826]]}, "properties": {"kind": "road", "name": "Managaratchi Irakkam", "osm_id": 1154089602, "osm_type": "way", "highway": "trunk_link"}}, {"type": "Feature", "geometry": {"type": "LineString", "coordinates": [[78.1373827, 9.9372958], [78.1373979, 9.9371962], [78.1374496, 9.9371293], [78.1375111, 9.9370909], [78.1375875, 9.9370807], [78.137746, 9.9371029], [78.1379221, 9.937122], [78.138699, 9.9372254], [78.1394899, 9.937293], [78.1397256, 9.9372826]]}, "properties": {"kind": "road", "name": "Dr. Ambedkar Salai", "osm_id": 1154089603, "osm_type": "way", "highway": "primary"}}, {"type": "Feature", "geometry": {"type": "LineString", "coordinates": [[78.1368965, 9.938961], [78.1369121, 9.938944], [78.1369223, 9.9389208], [78.1369241, 9.9388956], [78.1369173, 9.938871], [78.1369024, 9.9388501], [78.1368813, 9.9388352], [78.1368563, 9.9388283], [78.1368304, 9.9388299], [78.1368066, 9.9388401], [78.1367876, 9.9388575], [78.1367758, 9.9388799], [78.1367721, 9.9389049], [78.1367773, 9.9389303], [78.136791, 9.9389523], [78.1368088, 9.9389671], [78.1368304, 9.9389758], [78.1368536, 9.9389778], [78.1368764, 9.9389727], [78.1368965, 9.938961]]}, "properties": {"kind": "road", "name": "", "osm_id": 1154089605, "osm_type": "way", "highway": "primary"}}, {"type": "Feature", "geometry": {"type": "LineString", "coordinates": [[78.1373016, 9.9373443], [78.1371672, 9.9371005], [78.1371165, 9.9370084], [78.136839, 9.9364598]]}, "properties": {"kind": "road", "name": "Tallakulam Irakkam", "osm_id": 1154089606, "osm_type": "way", "highway": "trunk"}}, {"type": "Feature", "geometry": {"type": "LineString", "coordinates": [[78.1394793, 9.9371044], [78.1393763, 9.9371035], [78.1388883, 9.9370413], [78.1385923, 9.9370006], [78.1381614, 9.9369459], [78.1377953, 9.9369058], [78.1373905, 9.9368483], [78.1373305, 9.9368262], [78.1372202, 9.9367627], [78.1371276, 9.936691]]}, "properties": {"kind": "road", "name": "Dr. Ambedkar Salai", "osm_id": 1154089608, "osm_type": "way", "highway": "primary"}}, {"type": "Feature", "geometry": {"type": "LineString", "coordinates": [[78.1364779, 9.9357628], [78.1364724, 9.9357181], [78.1364742, 9.9356581]]}, "properties": {"kind": "road", "name": "Tallakulam Irakkam", "osm_id": 1154089609, "osm_type": "way", "highway": "trunk"}}, {"type": "Feature", "geometry": {"type": "LineString", "coordinates": [[78.1365021, 9.935823], [78.1364779, 9.9357628]]}, "properties": {"kind": "road", "name": "Tallakulam Irakkam", "osm_id": 1154089611, "osm_type": "way", "highway": "trunk"}}, {"type": "Feature", "geometry": {"type": "LineString", "coordinates": [[78.1365175, 9.9358466], [78.1365021, 9.935823]]}, "properties": {"kind": "road", "name": "Tallakulam Irakkam", "osm_id": 1154089612, "osm_type": "way", "highway": "trunk"}}, {"type": "Feature", "geometry": {"type": "LineString", "coordinates": [[78.1506244, 9.9542946], [78.150254, 9.954484], [78.149991, 9.9545997], [78.1497608, 9.9546718], [78.1491089, 9.9548839], [78.1482377, 9.9551916], [78.1475372, 9.9555236], [78.1474839, 9.9555566], [78.14735, 9.9556396], [78.1472446, 9.955705]]}, "properties": {"kind": "road", "name": "", "osm_id": 1154437139, "osm_type": "way", "highway": "primary"}}, {"type": "Feature", "geometry": {"type": "LineString", "coordinates": [[78.1472446, 9.955705], [78.1472203, 9.95572]]}, "properties": {"kind": "road", "name": "", "osm_id": 1154437140, "osm_type": "way", "highway": "primary"}}, {"type": "Feature", "geometry": {"type": "LineString", "coordinates": [[78.150743, 9.9542059], [78.1505575, 9.9539242], [78.1490903, 9.9521187], [78.1488211, 9.9517331], [78.1482931, 9.951029], [78.1481539, 9.9508552]]}, "properties": {"kind": "road", "name": "Azhagarkovil Salai", "osm_id": 1154437151, "osm_type": "way", "highway": "primary"}}, {"type": "Feature", "geometry": {"type": "LineString", "coordinates": [[78.1481539, 9.9508552], [78.1481215, 9.9508148]]}, "properties": {"kind": "road", "name": "Azhagarkovil Salai", "osm_id": 1154437152, "osm_type": "way", "highway": "primary"}}, {"type": "Feature", "geometry": {"type": "LineString", "coordinates": [[78.1480338, 9.950957], [78.1481662, 9.9511118], [78.1485922, 9.9516872], [78.1486956, 9.9518065], [78.1490132, 9.9522348], [78.1492834, 9.9525735], [78.1497543, 9.9531629], [78.1503478, 9.9539271], [78.1506323, 9.9542634]]}, "properties": {"kind": "road", "name": "Azhagarkovil Salai", "osm_id": 1154437153, "osm_type": "way", "highway": "primary"}}, {"type": "Feature", "geometry": {"type": "LineString", "coordinates": [[78.1480066, 9.9509253], [78.1480338, 9.950957]]}, "properties": {"kind": "road", "name": "Azhagarkovil Salai", "osm_id": 1154437154, "osm_type": "way", "highway": "primary"}}, {"type": "Feature", "geometry": {"type": "LineString", "coordinates": [[78.1569569, 9.9596568], [78.1567035, 9.9591743], [78.1565475, 9.9589461], [78.1563734, 9.9587292], [78.156196, 9.9585379], [78.1558907, 9.9583044], [78.1556011, 9.9581065], [78.1551852, 9.957866], [78.154901, 9.9577098], [78.1545736, 9.9575132], [78.1544423, 9.9574217]]}, "properties": {"kind": "road", "name": "Azhagarkovil Salai", "osm_id": 1154440621, "osm_type": "way", "highway": "primary"}}, {"type": "Feature", "geometry": {"type": "LineString", "coordinates": [[78.1569914, 9.9597226], [78.1569569, 9.9596568]]}, "properties": {"kind": "road", "name": "Azhagarkovil Salai", "osm_id": 1154440622, "osm_type": "way", "highway": "primary"}}, {"type": "Feature", "geometry": {"type": "LineString", "coordinates": [[78.1543391, 9.9575287], [78.1547672, 9.9577624], [78.1549101, 9.9578339], [78.1555304, 9.9581701], [78.1557154, 9.9582916], [78.1559028, 9.9584275], [78.1560066, 9.9585123], [78.1561141, 9.958609], [78.1562482, 9.9587501], [78.1564039, 9.9589417], [78.1565437, 9.9591579], [78.1566582, 9.9593368], [78.1568414, 9.9597053]]}, "properties": {"kind": "road", "name": "Azhagarkovil Salai", "osm_id": 1154440623, "osm_type": "way", "highway": "primary"}}, {"type": "Feature", "geometry": {"type": "LineString", "coordinates": [[78.1568414, 9.9597053], [78.1568796, 9.959782]]}, "properties": {"kind": "road", "name": "Azhagarkovil Salai", "osm_id": 1154440624, "osm_type": "way", "highway": "primary"}}, {"type": "Feature", "geometry": {"type": "LineString", "coordinates": [[78.165493, 9.9724321], [78.1653559, 9.9722383], [78.1649389, 9.9717068]]}, "properties": {"kind": "road", "name": "Azhagarkovil Salai", "osm_id": 1154443364, "osm_type": "way", "highway": "primary"}}, {"type": "Feature", "geometry": {"type": "LineString", "coordinates": [[78.1655387, 9.9724967], [78.165493, 9.9724321]]}, "properties": {"kind": "road", "name": "Azhagarkovil Salai", "osm_id": 1154443365, "osm_type": "way", "highway": "primary"}}, {"type": "Feature", "geometry": {"type": "LineString", "coordinates": [[78.1648774, 9.9718169], [78.1652178, 9.9723333], [78.165357, 9.9725209]]}, "properties": {"kind": "road", "name": "Azhagarkovil Salai", "osm_id": 1154443366, "osm_type": "way", "highway": "primary"}}, {"type": "Feature", "geometry": {"type": "LineString", "coordinates": [[78.165357, 9.9725209], [78.1654034, 9.9725835]]}, "properties": {"kind": "road", "name": "Azhagarkovil Salai", "osm_id": 1154443367, "osm_type": "way", "highway": "primary"}}, {"type": "Feature", "geometry": {"type": "LineString", "coordinates": [[78.1341159, 9.9346741], [78.1342288, 9.9348671], [78.1343983, 9.9351568], [78.1345655, 9.9354241], [78.1347575, 9.9357309], [78.1349656, 9.9360637], [78.1350652, 9.9362151], [78.1353805, 9.9367019], [78.1354548, 9.9369045]]}, "properties": {"kind": "road", "name": "Gokhale Salai", "osm_id": 1160162053, "osm_type": "way", "highway": "trunk"}}, {"type": "Feature", "geometry": {"type": "LineString", "coordinates": [[78.1368473, 9.9394271], [78.1369332, 9.939142], [78.1369745, 9.939019], [78.1370597, 9.9388981], [78.1372641, 9.9387738], [78.1373762, 9.9387057], [78.1374703, 9.9386066], [78.1375453, 9.9385035], [78.1375855, 9.9384005], [78.137621, 9.9382899], [78.1376317, 9.9381438], [78.1376082, 9.937992], [78.1373016, 9.9373443]]}, "properties": {"kind": "road", "name": "Tallakulam - Chettikulam Meampalam", "osm_id": 1160863000, "osm_type": "way", "highway": "trunk"}}, {"type": "Feature", "geometry": {"type": "LineString", "coordinates": [[78.1365444, 9.9357233], [78.1365099, 9.9356921], [78.1364742, 9.9356581]]}, "properties": {"kind": "road", "name": "Azhagarkovil Salai", "osm_id": 1160863001, "osm_type": "way", "highway": "primary"}}, {"type": "Feature", "geometry": {"type": "LineString", "coordinates": [[78.1362732, 9.9378904], [78.1365761, 9.9382146], [78.1366896, 9.9383799], [78.1367748, 9.9385461], [78.1368385, 9.9388545], [78.1368486, 9.9390637], [78.1368428, 9.939174], [78.1368321, 9.9392603], [78.1367919, 9.9394402]]}, "properties": {"kind": "road", "name": "Tallakulam Etram", "osm_id": 1160898190, "osm_type": "way", "highway": "trunk"}}, {"type": "Feature", "geometry": {"type": "LineString", "coordinates": [[77.9472337, 10.103214], [77.94719, 10.1031006], [77.9471514, 10.1029095], [77.9471514, 10.1028021], [77.9471717, 10.1027096], [77.9472224, 10.1025897], [77.9472986, 10.1024923], [77.9490334, 10.100648], [77.9493246, 10.1002738], [77.9495764, 10.0998607], [77.9497837, 10.0994282], [77.9505654, 10.0976161], [77.9507858, 10.0971052], [77.9516595, 10.0944906], [77.9518816, 10.0939852], [77.9529897, 10.0920195]]}, "properties": {"kind": "road", "name": "Varanasi - Kanniyakumari Road (Old NH7)", "osm_id": 1161704821, "osm_type": "way", "highway": "primary"}}, {"type": "Feature", "geometry": {"type": "LineString", "coordinates": [[77.9529897, 10.0920195], [77.9530515, 10.0919099]]}, "properties": {"kind": "road", "name": "Varanasi - Kanniyakumari Road (Old NH7)", "osm_id": 1161704822, "osm_type": "way", "highway": "primary"}}, {"type": "Feature", "geometry": {"type": "LineString", "coordinates": [[77.9529134, 10.0919833], [77.9518153, 10.0939527], [77.9515742, 10.0944624], [77.9514797, 10.0947471], [77.9507089, 10.097068], [77.9497091, 10.0993889], [77.9495011, 10.099831], [77.9492524, 10.1002283], [77.9489682, 10.100593], [77.9472376, 10.1024367], [77.9471513, 10.1025466], [77.9470853, 10.102674], [77.94706, 10.1027939], [77.947065, 10.1029288], [77.947115, 10.1031243], [77.9471532, 10.1032362]]}, "properties": {"kind": "road", "name": "Varanasi - Kanniyakumari Road (Old NH7)", "osm_id": 1161704823, "osm_type": "way", "highway": "primary"}}, {"type": "Feature", "geometry": {"type": "LineString", "coordinates": [[77.9529728, 10.0918768], [77.9529134, 10.0919833]]}, "properties": {"kind": "road", "name": "Varanasi - Kanniyakumari Road (Old NH7)", "osm_id": 1161704824, "osm_type": "way", "highway": "primary"}}, {"type": "Feature", "geometry": {"type": "LineString", "coordinates": [[77.9472337, 10.103214], [77.9477647, 10.1030674], [77.9486084, 10.1028809], [77.9495025, 10.1026943], [77.9508437, 10.1023986], [77.9520582, 10.1021325], [77.9524583, 10.1020448], [77.9539872, 10.1017015], [77.9564387, 10.1011786], [77.9565215, 10.1011564]]}, "properties": {"kind": "road", "name": "Vadippatti Bypass", "osm_id": 1161704825, "osm_type": "way", "highway": "trunk"}}, {"type": "Feature", "geometry": {"type": "LineString", "coordinates": [[77.9565215, 10.1011564], [77.9567557, 10.1010935]]}, "properties": {"kind": "road", "name": "Vadippatti Bypass", "osm_id": 1161704826, "osm_type": "way", "highway": "trunk"}}, {"type": "Feature", "geometry": {"type": "LineString", "coordinates": [[77.9564689, 10.1010365], [77.952008, 10.1020147], [77.9475058, 10.1030007], [77.94719, 10.1031006], [77.947115, 10.1031243], [77.9469306, 10.1031826], [77.9464993, 10.1033384]]}, "properties": {"kind": "road", "name": "Vadippatti Bypass", "osm_id": 1161704827, "osm_type": "way", "highway": "trunk"}}, {"type": "Feature", "geometry": {"type": "LineString", "coordinates": [[77.9566924, 10.1009875], [77.9564689, 10.1010365]]}, "properties": {"kind": "road", "name": "Vadippatti Bypass", "osm_id": 1161704828, "osm_type": "way", "highway": "trunk"}}, {"type": "Feature", "geometry": {"type": "LineString", "coordinates": [[77.9573301, 10.1007823], [77.9572325, 10.100815], [77.956766, 10.1009714], [77.9566924, 10.1009875]]}, "properties": {"kind": "road", "name": "Vadippatti Bypass", "osm_id": 1161704829, "osm_type": "way", "highway": "trunk"}}, {"type": "Feature", "geometry": {"type": "LineString", "coordinates": [[77.957482, 10.1007313], [77.9573301, 10.1007823]]}, "properties": {"kind": "road", "name": "Vadippatti Bypass", "osm_id": 1161704830, "osm_type": "way", "highway": "trunk"}}, {"type": "Feature", "geometry": {"type": "LineString", "coordinates": [[77.9567557, 10.1010935], [77.9572649, 10.1009568], [77.9573145, 10.1009401]]}, "properties": {"kind": "road", "name": "Vadippatti Bypass", "osm_id": 1161704831, "osm_type": "way", "highway": "trunk"}}, {"type": "Feature", "geometry": {"type": "LineString", "coordinates": [[77.9573145, 10.1009401], [77.9574562, 10.1008926]]}, "properties": {"kind": "road", "name": "Vadippatti Bypass", "osm_id": 1161704832, "osm_type": "way", "highway": "trunk"}}, {"type": "Feature", "geometry": {"type": "LineString", "coordinates": [[78.1363918, 9.9356749], [78.1364053, 9.935813]]}, "properties": {"kind": "road", "name": "Azhagarkovil Salai", "osm_id": 1167318058, "osm_type": "way", "highway": "primary"}}, {"type": "Feature", "geometry": {"type": "LineString", "coordinates": [[78.1364053, 9.935813], [78.1364322, 9.935887]]}, "properties": {"kind": "road", "name": "Azhagarkovil Salai", "osm_id": 1167318059, "osm_type": "way", "highway": "primary"}}, {"type": "Feature", "geometry": {"type": "LineString", "coordinates": [[78.1375611, 9.9380116], [78.1375789, 9.9380987], [78.1375409, 9.9384283], [78.1373036, 9.9386571], [78.1369856, 9.9388158], [78.1368813, 9.9388352]]}, "properties": {"kind": "road", "name": "Azhagarkovil Salai", "osm_id": 1167318060, "osm_type": "way", "highway": "primary"}}, {"type": "Feature", "geometry": {"type": "LineString", "coordinates": [[78.1679784, 10.0510996], [78.167844, 10.0500815], [78.1675434, 10.0478036], [78.1674923, 10.0474319]]}, "properties": {"kind": "road", "name": "Madurai - Natham - Thuvarankurichi Road", "osm_id": 1172200376, "osm_type": "way", "highway": "trunk"}}, {"type": "Feature", "geometry": {"type": "LineString", "coordinates": [[78.1673888, 10.0474688], [78.1674374, 10.047813], [78.1677367, 10.0501117], [78.1678673, 10.0511151]]}, "properties": {"kind": "road", "name": "Madurai - Natham - Thuvarankurichi Road", "osm_id": 1172200378, "osm_type": "way", "highway": "trunk"}}, {"type": "Feature", "geometry": {"type": "LineString", "coordinates": [[78.1672105, 10.0464638], [78.1672661, 10.046748]]}, "properties": {"kind": "road", "name": "Kancharampettai Bypass Bridge", "osm_id": 1172200380, "osm_type": "way", "highway": "trunk"}}, {"type": "Feature", "geometry": {"type": "LineString", "coordinates": [[78.1674075, 10.0467231], [78.167353, 10.0464365]]}, "properties": {"kind": "road", "name": "Kancharampettai Bypass Bridge", "osm_id": 1172200382, "osm_type": "way", "highway": "trunk"}}, {"type": "Feature", "geometry": {"type": "LineString", "coordinates": [[78.1735212, 10.0803392], [78.1732314, 10.0831269]]}, "properties": {"kind": "road", "name": "Madurai - Natham - Thuvarankurichi Road", "osm_id": 1172200409, "osm_type": "way", "highway": "trunk"}}, {"type": "Feature", "geometry": {"type": "LineString", "coordinates": [[78.173172, 10.0859528], [78.1732391, 10.0848685], [78.1733718, 10.0835046], [78.1734024, 10.0831541]]}, "properties": {"kind": "road", "name": "Madurai - Natham - Thuvarankurichi Salai", "osm_id": 1172200410, "osm_type": "way", "highway": "trunk"}}, {"type": "Feature", "geometry": {"type": "LineString", "coordinates": [[78.1732314, 10.0831269], [78.1730953, 10.0842029], [78.1730413, 10.0848908], [78.1729822, 10.0854123]]}, "properties": {"kind": "road", "name": "Madurai - Natham - Thuvarankurichi Salai", "osm_id": 1172200411, "osm_type": "way", "highway": "trunk"}}, {"type": "Feature", "geometry": {"type": "LineString", "coordinates": [[78.1734969, 10.0823289], [78.1736657, 10.0805032], [78.1736815, 10.0803458]]}, "properties": {"kind": "road", "name": "Madurai - Natham - Thuvarankurichi Road", "osm_id": 1172200412, "osm_type": "way", "highway": "trunk"}}, {"type": "Feature", "geometry": {"type": "LineString", "coordinates": [[78.1731797, 10.0862739], [78.173172, 10.0859528]]}, "properties": {"kind": "road", "name": "Madurai - Natham - Thuvarankurichi Road", "osm_id": 1172200414, "osm_type": "way", "highway": "trunk"}}, {"type": "Feature", "geometry": {"type": "LineString", "coordinates": [[78.173178, 10.0864199], [78.1731797, 10.0862739]]}, "properties": {"kind": "road", "name": "Madurai - Natham - Thuvarankurichi Road", "osm_id": 1172200415, "osm_type": "way", "highway": "trunk"}}, {"type": "Feature", "geometry": {"type": "LineString", "coordinates": [[78.1729822, 10.0854123], [78.1729587, 10.0859887], [78.1729602, 10.0862581]]}, "properties": {"kind": "road", "name": "Madurai - Natham - Thuvarankurichi Road", "osm_id": 1172200416, "osm_type": "way", "highway": "trunk"}}, {"type": "Feature", "geometry": {"type": "LineString", "coordinates": [[78.1729602, 10.0862581], [78.1729512, 10.0864293]]}, "properties": {"kind": "road", "name": "Madurai - Natham - Thuvarankurichi Road", "osm_id": 1172200417, "osm_type": "way", "highway": "trunk"}}, {"type": "Feature", "geometry": {"type": "LineString", "coordinates": [[78.1734024, 10.0831541], [78.1734969, 10.0823289]]}, "properties": {"kind": "road", "name": "Madurai - Natham - Thuvarankurichi Salai", "osm_id": 1172200423, "osm_type": "way", "highway": "trunk"}}, {"type": "Feature", "geometry": {"type": "LineString", "coordinates": [[78.1729512, 10.0864293], [78.1729498, 10.0865506]]}, "properties": {"kind": "road", "name": "Madurai - Natham - Thuvarankurichi Road", "osm_id": 1172200424, "osm_type": "way", "highway": "trunk"}}, {"type": "Feature", "geometry": {"type": "LineString", "coordinates": [[78.1731789, 10.0865292], [78.173178, 10.0864199]]}, "properties": {"kind": "road", "name": "Madurai - Natham - Thuvarankurichi Road", "osm_id": 1172200425, "osm_type": "way", "highway": "trunk"}}, {"type": "Feature", "geometry": {"type": "LineString", "coordinates": [[78.1729498, 10.0865506], [78.1729437, 10.0880924], [78.1729455, 10.0895097], [78.1729041, 10.0901137], [78.1728321, 10.0907222], [78.172801, 10.0910091]]}, "properties": {"kind": "road", "name": "Madurai - Natham - Thuvarankurichi Road", "osm_id": 1172200426, "osm_type": "way", "highway": "trunk"}}, {"type": "Feature", "geometry": {"type": "LineString", "coordinates": [[78.172801, 10.0910091], [78.1727405, 10.09123]]}, "properties": {"kind": "road", "name": "Madurai - Natham - Thuvarankurichi Road", "osm_id": 1172200427, "osm_type": "way", "highway": "trunk"}}, {"type": "Feature", "geometry": {"type": "LineString", "coordinates": [[78.1729684, 10.0910456], [78.1730169, 10.0907329], [78.1731009, 10.0901093], [78.1731508, 10.0895254], [78.1731665, 10.0887575], [78.1731795, 10.0877996], [78.1731789, 10.0865292]]}, "properties": {"kind": "road", "name": "Madurai - Natham - Thuvarankurichi Road", "osm_id": 1172200428, "osm_type": "way", "highway": "trunk"}}, {"type": "Feature", "geometry": {"type": "LineString", "coordinates": [[78.1729236, 10.0912768], [78.1729684, 10.0910456]]}, "properties": {"kind": "road", "name": "Madurai - Natham - Thuvarankurichi Road", "osm_id": 1172200429, "osm_type": "way", "highway": "trunk"}}, {"type": "Feature", "geometry": {"type": "LineString", "coordinates": [[78.1747374, 10.0973781], [78.1737263, 10.0964063], [78.1733481, 10.0959865], [78.1729511, 10.0954927]]}, "properties": {"kind": "road", "name": "Madurai - Natham - Thuvarankurichi Salai", "osm_id": 1172200432, "osm_type": "way", "highway": "trunk"}}, {"type": "Feature", "geometry": {"type": "LineString", "coordinates": [[78.1727891, 10.0955669], [78.1731998, 10.0960983], [78.1736052, 10.0965346], [78.1746346, 10.0974829]]}, "properties": {"kind": "road", "name": "Madurai - Natham - Thuvarankurichi Salai", "osm_id": 1172200433, "osm_type": "way", "highway": "trunk"}}, {"type": "Feature", "geometry": {"type": "LineString", "coordinates": [[78.1727405, 10.09123], [78.1722904, 10.093034], [78.1721312, 10.093759], [78.1720538, 10.094121], [78.1720783, 10.094483], [78.1721918, 10.0947878], [78.1722288, 10.0948382], [78.1725384, 10.0952596], [78.1727891, 10.0955669]]}, "properties": {"kind": "road", "name": "Madurai - Natham - Thuvarankurichi Road", "osm_id": 1172201239, "osm_type": "way", "highway": "trunk"}}, {"type": "Feature", "geometry": {"type": "LineString", "coordinates": [[78.1729511, 10.0954927], [78.1723366, 10.0945716], [78.1722757, 10.0943094], [78.1723245, 10.0938358], [78.1724572, 10.0930735], [78.1727488, 10.0918489], [78.1729236, 10.0912768]]}, "properties": {"kind": "road", "name": "Madurai - Natham - Thuvarankurichi Road", "osm_id": 1172201240, "osm_type": "way", "highway": "trunk"}}, {"type": "Feature", "geometry": {"type": "LineString", "coordinates": [[78.0753586, 9.8880642], [78.0752425, 9.8877019], [78.0751218, 9.8873755], [78.0750584, 9.8872007], [78.0749317, 9.8869761], [78.0747636, 9.8867122], [78.0746896, 9.8866472], [78.0743938, 9.8864538], [78.0741812, 9.8862988], [78.0733691, 9.8856332], [78.0725403, 9.8850281], [78.0714594, 9.8842486], [78.0707057, 9.883728], [78.0699393, 9.8831614]]}, "properties": {"kind": "road", "name": "Thirupparankundram Salai", "osm_id": 1188771345, "osm_type": "way", "highway": "primary"}}, {"type": "Feature", "geometry": {"type": "LineString", "coordinates": [[78.0756339, 9.8906277], [78.0756399, 9.8907538], [78.0756557, 9.8909037], [78.075649, 9.8912111]]}, "properties": {"kind": "road", "name": "Thirupparankundram Salai", "osm_id": 1188771346, "osm_type": "way", "highway": "primary"}}, {"type": "Feature", "geometry": {"type": "LineString", "coordinates": [[78.075356, 9.8882741], [78.0753751, 9.8883646], [78.075443, 9.8888997], [78.075492, 9.8895039], [78.0755088, 9.8897113], [78.0755553, 9.8902546], [78.0756339, 9.8906277]]}, "properties": {"kind": "road", "name": "Thirupparankundram Salai", "osm_id": 1188771347, "osm_type": "way", "highway": "primary"}}, {"type": "Feature", "geometry": {"type": "LineString", "coordinates": [[78.0634309, 9.8806233], [78.0634153, 9.8806235], [78.063219, 9.8806252], [78.0629945, 9.8806296], [78.0627683, 9.8806208], [78.0627633, 9.8806206]]}, "properties": {"kind": "road", "name": "Thirupparankundram Salai", "osm_id": 1188771809, "osm_type": "way", "highway": "primary"}}, {"type": "Feature", "geometry": {"type": "LineString", "coordinates": [[78.0624941, 9.8806118], [78.0624266, 9.88058], [78.0623592, 9.880579]]}, "properties": {"kind": "road", "name": "", "osm_id": 1188771810, "osm_type": "way", "highway": "primary"}}, {"type": "Feature", "geometry": {"type": "LineString", "coordinates": [[78.139017, 9.9250858], [78.1390226, 9.9250672], [78.139022, 9.9250478], [78.1390157, 9.9250298], [78.139004, 9.9250145], [78.1389882, 9.9250033], [78.1389698, 9.9249975], [78.1389504, 9.9249973], [78.1389318, 9.925003], [78.138916, 9.9250139], [78.1389036, 9.92503]]}, "properties": {"kind": "road", "name": "", "osm_id": 1190518007, "osm_type": "way", "highway": "primary"}}, {"type": "Feature", "geometry": {"type": "LineString", "coordinates": [[78.1250689, 9.9130713], [78.1250384, 9.9131803], [78.1250402, 9.913224], [78.1250545, 9.9135608], [78.1250689, 9.9139011], [78.1250862, 9.9143097]]}, "properties": {"kind": "road", "name": "Mahaal Veethi", "osm_id": 1198956836, "osm_type": "way", "highway": "primary"}}, {"type": "Feature", "geometry": {"type": "LineString", "coordinates": [[78.0675572, 9.9638991], [78.06753, 9.9638403]]}, "properties": {"kind": "road", "name": "", "osm_id": 1202743819, "osm_type": "way", "highway": "primary_link"}}, {"type": "Feature", "geometry": {"type": "LineString", "coordinates": [[78.1457667, 9.884827], [78.1458643, 9.8848542], [78.1460033, 9.8848677]]}, "properties": {"kind": "road", "name": "Madurai Ring Road", "osm_id": 1204099072, "osm_type": "way", "highway": "trunk"}}, {"type": "Feature", "geometry": {"type": "LineString", "coordinates": [[78.1351725, 9.9337139], [78.1351816, 9.9337464], [78.1352828, 9.9338835], [78.1355268, 9.9341753], [78.1355818, 9.934241], [78.1358839, 9.9346842], [78.1359814, 9.934851], [78.1361158, 9.9351064], [78.1363447, 9.9355626], [78.1363918, 9.9356749]]}, "properties": {"kind": "road", "name": "", "osm_id": 1204371183, "osm_type": "way", "highway": "primary"}}, {"type": "Feature", "geometry": {"type": "LineString", "coordinates": [[78.1024432, 9.90803], [78.1023828, 9.908021]]}, "properties": {"kind": "road", "name": "Thirupparankundram Salai", "osm_id": 1207660440, "osm_type": "way", "highway": "primary"}}, {"type": "Feature", "geometry": {"type": "LineString", "coordinates": [[78.1022593, 9.907957], [78.1019118, 9.9078915], [78.1017097, 9.9078523], [78.1015831, 9.9078254], [78.1012977, 9.9077634], [78.1007458, 9.9076587], [78.1004648, 9.9075737], [78.1002822, 9.9074823], [78.1001544, 9.9073548], [78.1000373, 9.9072127], [78.099963, 9.9071607]]}, "properties": {"kind": "road", "name": "Thirupparankundram Salai", "osm_id": 1207660441, "osm_type": "way", "highway": "primary"}}, {"type": "Feature", "geometry": {"type": "LineString", "coordinates": [[78.1351582, 9.9336626], [78.1349967, 9.933445]]}, "properties": {"kind": "road", "name": "Azhagarkovil Salai", "osm_id": 1211219622, "osm_type": "way", "highway": "trunk"}}, {"type": "Feature", "geometry": {"type": "LineString", "coordinates": [[78.1349967, 9.933445], [78.1347239, 9.9331075], [78.1346238, 9.9329745], [78.134185, 9.9324101], [78.1341325, 9.9323437], [78.1338256, 9.9320981], [78.1336402, 9.9319843], [78.1333399, 9.9318531], [78.1331139, 9.9317855], [78.1329873, 9.9317202], [78.1328075, 9.9315593], [78.1322109, 9.9310509], [78.1318483, 9.9308181], [78.1313747, 9.9305141], [78.1297634, 9.9294], [78.1295546, 9.9292609], [78.1293418, 9.9291191]]}, "properties": {"kind": "road", "name": "Azhagarkovil Salai", "osm_id": 1211219623, "osm_type": "way", "highway": "trunk"}}, {"type": "Feature", "geometry": {"type": "LineString", "coordinates": [[78.0582532, 9.8807244], [78.0579813, 9.8807474], [78.0570191, 9.8807857], [78.0563217, 9.880828], [78.0561148, 9.8808415]]}, "properties": {"kind": "road", "name": "Thirupparankundram Salai", "osm_id": 1212756772, "osm_type": "way", "highway": "primary"}}, {"type": "Feature", "geometry": {"type": "LineString", "coordinates": [[78.1135179, 9.9350929], [78.1129652, 9.9355929]]}, "properties": {"kind": "road", "name": "Thathaneri Pradhana Salai", "osm_id": 1214095205, "osm_type": "way", "highway": "primary"}}, {"type": "Feature", "geometry": {"type": "LineString", "coordinates": [[78.1205551, 9.9316297], [78.1206522, 9.9316]]}, "properties": {"kind": "road", "name": "Palam Station Salai", "osm_id": 1214095206, "osm_type": "way", "highway": "primary"}}, {"type": "Feature", "geometry": {"type": "LineString", "coordinates": [[78.1206197, 9.9314501], [78.1205857, 9.9314752]]}, "properties": {"kind": "road", "name": "Palam Station Salai", "osm_id": 1214095207, "osm_type": "way", "highway": "primary"}}, {"type": "Feature", "geometry": {"type": "LineString", "coordinates": [[78.124965, 9.9249541], [78.1250645, 9.9249776], [78.1256446, 9.9247189], [78.126424, 9.9242828], [78.1271515, 9.9238203], [78.1275706, 9.9235285], [78.1283766, 9.9230329], [78.1284711, 9.922976]]}, "properties": {"kind": "road", "name": "Vaigai Thenkarai Salai", "osm_id": 1214105413, "osm_type": "way", "highway": "primary"}}, {"type": "Feature", "geometry": {"type": "LineString", "coordinates": [[78.1284199, 9.9229012], [78.128354, 9.9229496], [78.1281514, 9.9230735], [78.1268889, 9.9238482], [78.1265638, 9.9240626], [78.126374, 9.9241843], [78.1259981, 9.9244216], [78.1256706, 9.9245837], [78.1254923, 9.9246719], [78.1250142, 9.9248847], [78.124965, 9.9249541]]}, "properties": {"kind": "road", "name": "Vaigai Thenkarai Salai", "osm_id": 1214105414, "osm_type": "way", "highway": "primary"}}, {"type": "Feature", "geometry": {"type": "LineString", "coordinates": [[78.1285716, 9.9228182], [78.1285442, 9.9228041], [78.1285137, 9.9227994], [78.1284832, 9.9228046], [78.1284561, 9.9228191], [78.1284351, 9.9228415], [78.1284224, 9.9228701], [78.1284199, 9.9229012], [78.128428, 9.9229314], [78.1284457, 9.9229573], [78.1284711, 9.922976], [78.1285013, 9.9229855], [78.128533, 9.9229846], [78.1285626, 9.9229734], [78.1285863, 9.9229539], [78.1286024, 9.9229279], [78.1286092, 9.9228982], [78.1286059, 9.9228679], [78.1285929, 9.9228403], [78.1285716, 9.9228182]]}, "properties": {"kind": "road", "name": "", "osm_id": 1214105415, "osm_type": "way", "highway": "primary"}}, {"type": "Feature", "geometry": {"type": "LineString", "coordinates": [[78.1380101, 9.9209051], [78.1362172, 9.9216629], [78.1358205, 9.9218087], [78.1348897, 9.9221886], [78.1338861, 9.9225738], [78.1337752, 9.9226541], [78.1336241, 9.9228163], [78.1335632, 9.9229158], [78.1334781, 9.92301], [78.1332752, 9.9231415], [78.1330239, 9.923289], [78.1325636, 9.9235236], [78.1323129, 9.9236213], [78.1320852, 9.9236897], [78.1318721, 9.9237937], [78.1315954, 9.9239498], [78.1310504, 9.924216]]}, "properties": {"kind": "road", "name": "Vaigai Vadakarai Salai", "osm_id": 1214105421, "osm_type": "way", "highway": "primary"}}, {"type": "Feature", "geometry": {"type": "LineString", "coordinates": [[78.129644, 9.9246922], [78.1292236, 9.9247844], [78.1285118, 9.9250634], [78.1279083, 9.925413], [78.1272213, 9.9259905], [78.1268418, 9.9264849], [78.1267799, 9.9266223]]}, "properties": {"kind": "road", "name": "Vaigai Vadakarai Salai", "osm_id": 1214105422, "osm_type": "way", "highway": "primary"}}, {"type": "Feature", "geometry": {"type": "LineString", "coordinates": [[78.1498161, 9.9547648], [78.150229, 9.9546009], [78.1506902, 9.9543959]]}, "properties": {"kind": "road", "name": "", "osm_id": 1222224116, "osm_type": "way", "highway": "primary"}}, {"type": "Feature", "geometry": {"type": "LineString", "coordinates": [[78.129346, 9.9290751], [78.1293864, 9.9290052], [78.1295859, 9.9288512], [78.1298009, 9.9287077], [78.1300415, 9.9285885], [78.1314978, 9.9278369], [78.132459, 9.9273459]]}, "properties": {"kind": "road", "name": "Panagal Salai", "osm_id": 1223165949, "osm_type": "way", "highway": "primary"}}, {"type": "Feature", "geometry": {"type": "LineString", "coordinates": [[78.0976905, 9.9368869], [78.0976845, 9.9367677], [78.0977059, 9.9367054], [78.0977582, 9.9366525]]}, "properties": {"kind": "road", "name": "", "osm_id": 1227084905, "osm_type": "way", "highway": "primary_link"}}, {"type": "Feature", "geometry": {"type": "LineString", "coordinates": [[78.1458501, 9.9263992], [78.1460725, 9.9265017], [78.1461162, 9.9265218], [78.146408, 9.9265746], [78.1465852, 9.9265936], [78.1469813, 9.9266226], [78.1471095, 9.926637], [78.1471897, 9.9266553], [78.1479646, 9.9268238], [78.1483724, 9.9269065], [78.1486297, 9.9269654], [78.1493659, 9.9271337], [78.1498734, 9.9272436], [78.1508562, 9.9273461], [78.1514404, 9.9273822], [78.1517534, 9.9273814], [78.1521657, 9.9273559], [78.1525789, 9.9273835], [78.1526181, 9.9273889], [78.1529333, 9.9274567], [78.1532721, 9.9275197], [78.1532936, 9.9275204], [78.1535822, 9.9275008], [78.1536656, 9.9275013], [78.1538449, 9.9275053]]}, "properties": {"kind": "road", "name": "Apollo Sandhippu Maempalam", "osm_id": 1234533146, "osm_type": "way", "highway": "primary"}}, {"type": "Feature", "geometry": {"type": "LineString", "coordinates": [[78.1538441, 9.9274839], [78.1535824, 9.9274883], [78.1533005, 9.9274991], [78.1532797, 9.9274987], [78.1529368, 9.9274377], [78.1525824, 9.9273681], [78.1521679, 9.9273401], [78.1517551, 9.9273621], [78.151446, 9.9273591], [78.1508572, 9.9273176], [78.1498745, 9.9272151], [78.149367, 9.9271052], [78.1483735, 9.9268779], [78.1471223, 9.9266038], [78.1469891, 9.9265875], [78.1464091, 9.9265461], [78.1461172, 9.9264933], [78.1458512, 9.9263707]]}, "properties": {"kind": "road", "name": "Apollo Sandhippu Maempalam", "osm_id": 1234533147, "osm_type": "way", "highway": "primary"}}, {"type": "Feature", "geometry": {"type": "LineString", "coordinates": [[78.1267799, 9.9266223], [78.1268984, 9.9265151], [78.1270581, 9.9263058], [78.1273271, 9.9260294], [78.1275327, 9.9258408], [78.1276929, 9.9257126], [78.1279805, 9.9254687], [78.1285596, 9.9251296], [78.1292523, 9.9248637], [78.1296734, 9.9247682], [78.129827, 9.9247334], [78.1298905, 9.9247126]]}, "properties": {"kind": "road", "name": "Vaigai Vadakarai Salai", "osm_id": 1234536069, "osm_type": "way", "highway": "primary"}}, {"type": "Feature", "geometry": {"type": "LineString", "coordinates": [[78.1310504, 9.924216], [78.1307112, 9.924341], [78.130396, 9.9244583], [78.1303209, 9.9244862], [78.1298411, 9.9246433], [78.129644, 9.9246922]]}, "properties": {"kind": "road", "name": "Vaigai Vadakarai Salai", "osm_id": 1234536070, "osm_type": "way", "highway": "primary"}}, {"type": "Feature", "geometry": {"type": "LineString", "coordinates": [[78.0558368, 9.9355003], [78.0557119, 9.9355314], [78.0555235, 9.9355473], [78.0553424, 9.9355308], [78.0550733, 9.9354516], [78.0545434, 9.9353144], [78.0543931, 9.9352713]]}, "properties": {"kind": "road", "name": "Theni Pradhana Salai", "osm_id": 1234541333, "osm_type": "way", "highway": "trunk"}}, {"type": "Feature", "geometry": {"type": "LineString", "coordinates": [[78.0579469, 9.9373546], [78.0578859, 9.9372652], [78.0578045, 9.9371417]]}, "properties": {"kind": "road", "name": "Theni Pradhana Salai", "osm_id": 1234541334, "osm_type": "way", "highway": "trunk"}}, {"type": "Feature", "geometry": {"type": "LineString", "coordinates": [[78.0019434, 9.9399697], [78.0025002, 9.9399041], [78.0033098, 9.9398177], [78.0037843, 9.9397928]]}, "properties": {"kind": "road", "name": "Theni Pradhana Salai", "osm_id": 1253183453, "osm_type": "way", "highway": "trunk"}}, {"type": "Feature", "geometry": {"type": "LineString", "coordinates": [[78.0156332, 9.8482921], [78.0158063, 9.8481941]]}, "properties": {"kind": "road", "name": "Madurai Ring Road", "osm_id": 1267749470, "osm_type": "way", "highway": "trunk"}}, {"type": "Feature", "geometry": {"type": "LineString", "coordinates": [[77.9786488, 10.06843], [77.9782184, 10.0684821], [77.9780827, 10.0685001], [77.9778128, 10.0685809], [77.9775815, 10.0686718], [77.9774722, 10.068756], [77.9772295, 10.0689862], [77.9768459, 10.0694347], [77.9765492, 10.0699156], [77.9764114, 10.0701959], [77.9758839, 10.0716004], [77.9756831, 10.0720873], [77.9754314, 10.0726036], [77.9751108, 10.0730698], [77.9723177, 10.0765368], [77.9717304, 10.0774544], [77.9713857, 10.0780297], [77.971164, 10.0783838], [77.9709572, 10.0786612], [77.9706695, 10.0790005], [77.9703279, 10.0793103], [77.9699113, 10.079623], [77.9685671, 10.0804289], [77.9684011, 10.0805655]]}, "properties": {"kind": "road", "name": "Varanasi - Kanniyakumari Road (Old NH7)", "osm_id": 1278519006, "osm_type": "way", "highway": "primary"}}, {"type": "Feature", "geometry": {"type": "LineString", "coordinates": [[78.0926307, 9.9327954], [78.0923972, 9.9330161]]}, "properties": {"kind": "road", "name": "Theni Pradhana Salai", "osm_id": 1278740020, "osm_type": "way", "highway": "primary"}}, {"type": "Feature", "geometry": {"type": "LineString", "coordinates": [[78.0923972, 9.9330161], [78.0927058, 9.9328492]]}, "properties": {"kind": "road", "name": "Theni Pradhana Salai", "osm_id": 1278740021, "osm_type": "way", "highway": "primary"}}, {"type": "Feature", "geometry": {"type": "LineString", "coordinates": [[78.1339482, 9.9615791], [78.1340218, 9.9618786], [78.1341122, 9.9620746], [78.1341658, 9.962175], [78.1342892, 9.9623995], [78.1344019, 9.9625554], [78.1345574, 9.9628196]]}, "properties": {"kind": "road", "name": "", "osm_id": 1280807256, "osm_type": "way", "highway": "trunk_link"}}, {"type": "Feature", "geometry": {"type": "LineString", "coordinates": [[78.1338726, 9.9604951], [78.1338225, 9.9607093], [78.1338708, 9.9610818], [78.1339482, 9.9615791]]}, "properties": {"kind": "road", "name": "", "osm_id": 1280807258, "osm_type": "way", "highway": "trunk_link"}}, {"type": "Feature", "geometry": {"type": "LineString", "coordinates": [[78.1341447, 9.9612292], [78.1340917, 9.9608826], [78.1340595, 9.960629], [78.1339844, 9.9600993], [78.1339469, 9.9598272], [78.1338806, 9.9594866], [78.1337283, 9.9591809]]}, "properties": {"kind": "road", "name": "", "osm_id": 1280807259, "osm_type": "way", "highway": "trunk_link"}}, {"type": "Feature", "geometry": {"type": "LineString", "coordinates": [[78.1365062, 9.9669611], [78.1360397, 9.9673343], [78.1354308, 9.9678653], [78.1352431, 9.9680495], [78.1349989, 9.9683564], [78.1345645, 9.9688691], [78.1342536, 9.9692645], [78.1341639, 9.9693488], [78.1340641, 9.9694579], [78.1338462, 9.9696558], [78.1334701, 9.9699628], [78.1324506, 9.9706198], [78.1314957, 9.9711395], [78.1312667, 9.9712361], [78.1309931, 9.9713444], [78.1307074, 9.9714395], [78.130423, 9.9715474], [78.1302587, 9.9716159], [78.1300301, 9.9717349], [78.1296411, 9.9719617], [78.1294428, 9.9720867], [78.129129, 9.972302], [78.1288071, 9.9725609], [78.1286609, 9.9726996], [78.1284996, 9.9728943], [78.1284649, 9.9729444], [78.1282465, 9.973187], [78.1280612, 9.9734219], [78.1279379, 9.9736604], [78.127803, 9.9740294], [78.12771, 9.9741526], [78.1276323, 9.974206], [78.1275713, 9.9742377], [78.1274971, 9.9742544], [78.1274834, 9.9742575], [78.1274258, 9.9742522], [78.1273949, 9.9742231], [78.1270894, 9.9732748], [78.1268078, 9.9724455], [78.126697, 9.9721111], [78.1265555, 9.9716974], [78.1264202, 9.9713026], [78.1263455, 9.9710572]]}, "properties": {"kind": "road", "name": "", "osm_id": 1280807263, "osm_type": "way", "highway": "primary"}}, {"type": "Feature", "geometry": {"type": "LineString", "coordinates": [[78.1366093, 9.9668802], [78.1365062, 9.9669611]]}, "properties": {"kind": "road", "name": "", "osm_id": 1280807266, "osm_type": "way", "highway": "primary"}}, {"type": "Feature", "geometry": {"type": "LineString", "coordinates": [[78.1188513, 9.9708427], [78.1185657, 9.9704116]]}, "properties": {"kind": "road", "name": "", "osm_id": 1281137826, "osm_type": "way", "highway": "primary"}}, {"type": "Feature", "geometry": {"type": "LineString", "coordinates": [[78.1182775, 9.9699544], [78.1182991, 9.9700808], [78.1185219, 9.9704396], [78.1186608, 9.9706633]]}, "properties": {"kind": "road", "name": "", "osm_id": 1281137827, "osm_type": "way", "highway": "primary"}}, {"type": "Feature", "geometry": {"type": "LineString", "coordinates": [[78.1185657, 9.9704116], [78.1183453, 9.9700316], [78.1182775, 9.9699544]]}, "properties": {"kind": "road", "name": "Sellur - Kulamangalam Road", "osm_id": 1281137828, "osm_type": "way", "highway": "primary"}}, {"type": "Feature", "geometry": {"type": "LineString", "coordinates": [[78.1351582, 9.9336626], [78.1351725, 9.9337139]]}, "properties": {"kind": "road", "name": "", "osm_id": 1281926330, "osm_type": "way", "highway": "primary"}}, {"type": "Feature", "geometry": {"type": "LineString", "coordinates": [[78.1166149, 9.924457], [78.1170743, 9.9245646], [78.117716, 9.9247148], [78.1183053, 9.9248528], [78.1185752, 9.9249413]]}, "properties": {"kind": "road", "name": "Vadakku Veli Veethi", "osm_id": 1291373713, "osm_type": "way", "highway": "primary"}}, {"type": "Feature", "geometry": {"type": "LineString", "coordinates": [[78.1185585, 9.9248093], [78.118166, 9.9247193], [78.1166471, 9.9243733]]}, "properties": {"kind": "road", "name": "Vadakku Veli Veethi", "osm_id": 1291373715, "osm_type": "way", "highway": "primary"}}, {"type": "Feature", "geometry": {"type": "LineString", "coordinates": [[78.083222, 9.933565], [78.0839542, 9.9329565], [78.0843791, 9.9326512]]}, "properties": {"kind": "road", "name": "Mudakkusalai Maempalam", "osm_id": 1292026938, "osm_type": "way", "highway": "primary"}}, {"type": "Feature", "geometry": {"type": "LineString", "coordinates": [[78.0908984, 9.9339651], [78.0914449, 9.9337106], [78.0923972, 9.9330161]]}, "properties": {"kind": "road", "name": "Mudakkusalai Maempalam", "osm_id": 1292026939, "osm_type": "way", "highway": "primary"}}, {"type": "Feature", "geometry": {"type": "LineString", "coordinates": [[78.1696376, 9.9229364], [78.1697573, 9.9229444]]}, "properties": {"kind": "road", "name": "", "osm_id": 1293565637, "osm_type": "way", "highway": "trunk_link"}}, {"type": "Feature", "geometry": {"type": "LineString", "coordinates": [[78.1694289, 9.9257136], [78.1693736, 9.9260336]]}, "properties": {"kind": "road", "name": "", "osm_id": 1293567018, "osm_type": "way", "highway": "trunk"}}, {"type": "Feature", "geometry": {"type": "LineString", "coordinates": [[78.1694781, 9.9260425], [78.1695262, 9.9257223]]}, "properties": {"kind": "road", "name": "", "osm_id": 1293567019, "osm_type": "way", "highway": "trunk"}}, {"type": "Feature", "geometry": {"type": "LineString", "coordinates": [[78.3168076, 10.0230712], [78.3165469, 10.0230104]]}, "properties": {"kind": "road", "name": "Madurai - Trichy Highway", "osm_id": 1293571785, "osm_type": "way", "highway": "trunk"}}, {"type": "Feature", "geometry": {"type": "LineString", "coordinates": [[78.3112465, 10.0214046], [78.3112726, 10.0214189]]}, "properties": {"kind": "road", "name": "Madurai - Trichy Highway", "osm_id": 1293571787, "osm_type": "way", "highway": "trunk"}}, {"type": "Feature", "geometry": {"type": "LineString", "coordinates": [[78.3113403, 10.0213135], [78.3113165, 10.0213012]]}, "properties": {"kind": "road", "name": "Madurai - Trichy Highway", "osm_id": 1293571788, "osm_type": "way", "highway": "trunk"}}, {"type": "Feature", "geometry": {"type": "LineString", "coordinates": [[78.3019667, 10.0151669], [78.301912, 10.0152782]]}, "properties": {"kind": "road", "name": "", "osm_id": 1293573639, "osm_type": "way", "highway": "trunk_link"}}, {"type": "Feature", "geometry": {"type": "LineString", "coordinates": [[78.3171982, 10.0233817], [78.3172247, 10.0232813]]}, "properties": {"kind": "road", "name": "", "osm_id": 1293574025, "osm_type": "way", "highway": "trunk_link"}}, {"type": "Feature", "geometry": {"type": "LineString", "coordinates": [[78.3476149, 10.045134], [78.3475425, 10.0449518], [78.3471814, 10.0440383], [78.3471026, 10.0437916]]}, "properties": {"kind": "road", "name": "Trichy - Madurai - Tuticorin Road (Old NH45B)", "osm_id": 1293575073, "osm_type": "way", "highway": "primary"}}, {"type": "Feature", "geometry": {"type": "LineString", "coordinates": [[78.3469985, 10.0437891], [78.3471026, 10.0437916]]}, "properties": {"kind": "road", "name": "Melur - Thiruppathur Road", "osm_id": 1293575074, "osm_type": "way", "highway": "trunk"}}, {"type": "Feature", "geometry": {"type": "LineString", "coordinates": [[78.3490064, 10.019244], [78.3498502, 10.0201703], [78.3504563, 10.0210071], [78.350934, 10.021847], [78.3512208, 10.0224405]]}, "properties": {"kind": "road", "name": "Melur Puravazhi Salai", "osm_id": 1293578108, "osm_type": "way", "highway": "trunk"}}, {"type": "Feature", "geometry": {"type": "LineString", "coordinates": [[78.3475229, 10.0179607], [78.3475596, 10.0179841], [78.3475871, 10.0180065], [78.3476369, 10.0180457]]}, "properties": {"kind": "road", "name": "Melur Puravazhi Salai", "osm_id": 1293578109, "osm_type": "way", "highway": "trunk"}}, {"type": "Feature", "geometry": {"type": "LineString", "coordinates": [[78.3513791, 10.0223679], [78.3510735, 10.0217642], [78.3508299, 10.0213263], [78.3505632, 10.0209158], [78.350273, 10.0204837], [78.3499735, 10.0200744], [78.3493029, 10.0192942], [78.3491172, 10.0191173]]}, "properties": {"kind": "road", "name": "Melur Puravazhi Salai", "osm_id": 1293578110, "osm_type": "way", "highway": "trunk"}}, {"type": "Feature", "geometry": {"type": "LineString", "coordinates": [[78.3477221, 10.0179186], [78.3476747, 10.017882], [78.3475975, 10.0178313]]}, "properties": {"kind": "road", "name": "Melur Puravazhi Salai", "osm_id": 1293578111, "osm_type": "way", "highway": "trunk"}}, {"type": "Feature", "geometry": {"type": "LineString", "coordinates": [[78.3476369, 10.0180457], [78.3482041, 10.0184923], [78.3486454, 10.0188968]]}, "properties": {"kind": "road", "name": "Melur Puravazhi Salai", "osm_id": 1293578112, "osm_type": "way", "highway": "trunk"}}, {"type": "Feature", "geometry": {"type": "LineString", "coordinates": [[78.3486454, 10.0188968], [78.3487523, 10.0189947], [78.3490064, 10.019244]]}, "properties": {"kind": "road", "name": "Melur Puravazhi Salai", "osm_id": 1293578113, "osm_type": "way", "highway": "trunk"}}, {"type": "Feature", "geometry": {"type": "LineString", "coordinates": [[78.3487644, 10.0187913], [78.3481732, 10.0182709], [78.3477221, 10.0179186]]}, "properties": {"kind": "road", "name": "Melur Puravazhi Salai", "osm_id": 1293578114, "osm_type": "way", "highway": "trunk"}}, {"type": "Feature", "geometry": {"type": "LineString", "coordinates": [[78.3491172, 10.0191173], [78.3489038, 10.018914], [78.3487644, 10.0187913]]}, "properties": {"kind": "road", "name": "Melur Puravazhi Salai", "osm_id": 1293578115, "osm_type": "way", "highway": "trunk"}}, {"type": "Feature", "geometry": {"type": "LineString", "coordinates": [[78.1581301, 9.9468928], [78.1581071, 9.9469788], [78.1581209, 9.9470398]]}, "properties": {"kind": "road", "name": "120 \u0b85\u0b9f\u0bbf \u0b9a\u0bbe\u0bb2\u0bc8", "osm_id": 1293612290, "osm_type": "way", "highway": "primary"}}, {"type": "Feature", "geometry": {"type": "LineString", "coordinates": [[78.1582158, 9.9468555], [78.1582536, 9.9467545], [78.1583023, 9.9466245]]}, "properties": {"kind": "road", "name": "120 \u0b85\u0b9f\u0bbf \u0b9a\u0bbe\u0bb2\u0bc8", "osm_id": 1293612291, "osm_type": "way", "highway": "primary"}}, {"type": "Feature", "geometry": {"type": "LineString", "coordinates": [[78.1581209, 9.9470398], [78.1581643, 9.9469965], [78.1581943, 9.946915]]}, "properties": {"kind": "road", "name": "120 \u0b85\u0b9f\u0bbf \u0b9a\u0bbe\u0bb2\u0bc8", "osm_id": 1293612292, "osm_type": "way", "highway": "primary"}}, {"type": "Feature", "geometry": {"type": "LineString", "coordinates": [[78.1581943, 9.946915], [78.1582158, 9.9468555]]}, "properties": {"kind": "road", "name": "120 \u0b85\u0b9f\u0bbf \u0b9a\u0bbe\u0bb2\u0bc8", "osm_id": 1293612293, "osm_type": "way", "highway": "primary"}}, {"type": "Feature", "geometry": {"type": "LineString", "coordinates": [[78.1653857, 9.9011279], [78.1654046, 9.9010542], [78.1654276, 9.9010091], [78.1654567, 9.9009654], [78.1655059, 9.9009047], [78.1655478, 9.9008602], [78.1655846, 9.9008211], [78.1656912, 9.9007271]]}, "properties": {"kind": "road", "name": "", "osm_id": 1293614839, "osm_type": "way", "highway": "trunk_link"}}, {"type": "Feature", "geometry": {"type": "LineString", "coordinates": [[78.1655546, 9.9005217], [78.1654971, 9.9004948], [78.1654535, 9.9004716], [78.1654185, 9.9004456], [78.1653856, 9.9004145], [78.1653544, 9.9003723]]}, "properties": {"kind": "road", "name": "", "osm_id": 1293614840, "osm_type": "way", "highway": "trunk_link"}}, {"type": "Feature", "geometry": {"type": "LineString", "coordinates": [[78.1649951, 9.9003944], [78.164989, 9.9004401], [78.1649811, 9.9004822], [78.1649718, 9.90051], [78.1649589, 9.9005452], [78.1649402, 9.9005914], [78.1649241, 9.9006271], [78.1649109, 9.9006576]]}, "properties": {"kind": "road", "name": "", "osm_id": 1293615509, "osm_type": "way", "highway": "trunk_link"}}, {"type": "Feature", "geometry": {"type": "LineString", "coordinates": [[78.1645111, 9.9008965], [78.164613, 9.9009249], [78.1647113, 9.9009567], [78.1648591, 9.9010111], [78.1649504, 9.901045], [78.1650418, 9.9010814], [78.1651158, 9.9011158], [78.1651843, 9.9011631], [78.1652397, 9.9012041], [78.1653348, 9.9012784]]}, "properties": {"kind": "road", "name": "", "osm_id": 1293615510, "osm_type": "way", "highway": "trunk_link"}}, {"type": "Feature", "geometry": {"type": "LineString", "coordinates": [[78.1224947, 9.9290175], [78.1225604, 9.928975]]}, "properties": {"kind": "road", "name": "Vaigai Vadakarai Salai", "osm_id": 1293617937, "osm_type": "way", "highway": "primary"}}, {"type": "Feature", "geometry": {"type": "LineString", "coordinates": [[78.1235199, 9.9284694], [78.12363, 9.9284236], [78.1236846, 9.9284169]]}, "properties": {"kind": "road", "name": "Vaigai Vadakarai Salai", "osm_id": 1293617938, "osm_type": "way", "highway": "primary"}}, {"type": "Feature", "geometry": {"type": "LineString", "coordinates": [[78.1208577, 9.9313315], [78.1208066, 9.9312776], [78.1207954, 9.9312608], [78.1207846, 9.9312386], [78.1207741, 9.9311906], [78.1207682, 9.9310981]]}, "properties": {"kind": "road", "name": "", "osm_id": 1293619428, "osm_type": "way", "highway": "primary_link"}}, {"type": "Feature", "geometry": {"type": "LineString", "coordinates": [[78.3075032, 9.8027857], [78.3076057, 9.8027617], [78.3076644, 9.8027565], [78.3077074, 9.8027568], [78.3077523, 9.8027631], [78.3078078, 9.8027729]]}, "properties": {"kind": "road", "name": "", "osm_id": 1293621262, "osm_type": "way", "highway": "trunk_link"}}, {"type": "Feature", "geometry": {"type": "LineString", "coordinates": [[78.3078949, 9.8027309], [78.3079488, 9.8026077], [78.3079914, 9.8025181], [78.3080417, 9.8024128], [78.3080761, 9.8023519], [78.308113, 9.8022637]]}, "properties": {"kind": "road", "name": "", "osm_id": 1293621263, "osm_type": "way", "highway": "trunk_link"}}, {"type": "Feature", "geometry": {"type": "LineString", "coordinates": [[78.0952363, 10.0469699], [78.0950482, 10.0468087]]}, "properties": {"kind": "road", "name": "Thanichiyam - Alanganallur - Vavidamaruthur Road", "osm_id": 1293627670, "osm_type": "way", "highway": "primary"}}, {"type": "Feature", "geometry": {"type": "LineString", "coordinates": [[78.0949731, 10.0468178], [78.0950028, 10.0467731]]}, "properties": {"kind": "road", "name": "", "osm_id": 1293627671, "osm_type": "way", "highway": "primary"}}, {"type": "Feature", "geometry": {"type": "LineString", "coordinates": [[78.0950482, 10.0468087], [78.0950028, 10.0467731]]}, "properties": {"kind": "road", "name": "Thanichiyam - Alanganallur - Vavidamaruthur Road", "osm_id": 1293627672, "osm_type": "way", "highway": "primary"}}, {"type": "Feature", "geometry": {"type": "LineString", "coordinates": [[78.095296, 10.0470214], [78.0952363, 10.0469699]]}, "properties": {"kind": "road", "name": "Thanichiyam - Alanganallur - Vavidamaruthur Road", "osm_id": 1293627673, "osm_type": "way", "highway": "primary"}}, {"type": "Feature", "geometry": {"type": "LineString", "coordinates": [[78.0949731, 10.0468178], [78.0950138, 10.0468498]]}, "properties": {"kind": "road", "name": "Thanichiyam - Alanganallur - Vavidamaruthur Road", "osm_id": 1293627674, "osm_type": "way", "highway": "primary"}}, {"type": "Feature", "geometry": {"type": "LineString", "coordinates": [[78.0951957, 10.047014], [78.0952441, 10.0470524]]}, "properties": {"kind": "road", "name": "Thanichiyam - Alanganallur - Vavidamaruthur Road", "osm_id": 1293627675, "osm_type": "way", "highway": "primary"}}, {"type": "Feature", "geometry": {"type": "LineString", "coordinates": [[78.0952441, 10.0470524], [78.095296, 10.0470214]]}, "properties": {"kind": "road", "name": "Thanichiyam - Alanganallur - Vavidamaruthur Road", "osm_id": 1293627676, "osm_type": "way", "highway": "primary"}}, {"type": "Feature", "geometry": {"type": "LineString", "coordinates": [[78.1354548, 9.9369045], [78.1355056, 9.9369374], [78.1355229, 9.9369533], [78.1355455, 9.9369809]]}, "properties": {"kind": "road", "name": "", "osm_id": 1293635530, "osm_type": "way", "highway": "trunk"}}, {"type": "Feature", "geometry": {"type": "LineString", "coordinates": [[78.1073432, 9.9384168], [78.107322, 9.9383756]]}, "properties": {"kind": "road", "name": "", "osm_id": 1293642696, "osm_type": "way", "highway": "primary"}}, {"type": "Feature", "geometry": {"type": "LineString", "coordinates": [[78.1071427, 9.9380767], [78.1071201, 9.9380429], [78.107075, 9.9379832]]}, "properties": {"kind": "road", "name": "", "osm_id": 1293642697, "osm_type": "way", "highway": "primary"}}, {"type": "Feature", "geometry": {"type": "LineString", "coordinates": [[78.1071427, 9.9380767], [78.1071157, 9.938152], [78.1072553, 9.9383676], [78.107322, 9.9383756]]}, "properties": {"kind": "road", "name": "", "osm_id": 1293642698, "osm_type": "way", "highway": "primary"}}, {"type": "Feature", "geometry": {"type": "LineString", "coordinates": [[78.0336572, 9.9790956], [78.033491, 9.9790989], [78.0333848, 9.9791051], [78.0332786, 9.9791176], [78.0332067, 9.9791738], [78.0331289, 9.9792505], [78.0321772, 9.9804114], [78.031528, 9.9810622], [78.0313345, 9.981263], [78.0312202, 9.9813266], [78.0311213, 9.9813375], [78.0310896, 9.9813393]]}, "properties": {"kind": "road", "name": "Madurai - Melakkal - Samayanallur Road", "osm_id": 1293650715, "osm_type": "way", "highway": "primary"}}, {"type": "Feature", "geometry": {"type": "LineString", "coordinates": [[78.0309263, 9.9813349], [78.0308862, 9.9812905], [78.0305323, 9.9812346], [78.030376, 9.9812071]]}, "properties": {"kind": "road", "name": "Madurai - Melakkal - Samayanallur Road", "osm_id": 1293650716, "osm_type": "way", "highway": "primary"}}, {"type": "Feature", "geometry": {"type": "LineString", "coordinates": [[78.0303367, 9.9814353], [78.0304014, 9.9813856], [78.0304473, 9.9813566], [78.0305009, 9.9813305]]}, "properties": {"kind": "road", "name": "", "osm_id": 1293650718, "osm_type": "way", "highway": "primary_link"}}, {"type": "Feature", "geometry": {"type": "LineString", "coordinates": [[78.0305323, 9.9812346], [78.030474, 9.9811569], [78.0304472, 9.9811198], [78.0304052, 9.9810606]]}, "properties": {"kind": "road", "name": "", "osm_id": 1293650719, "osm_type": "way", "highway": "primary_link"}}, {"type": "Feature", "geometry": {"type": "LineString", "coordinates": [[78.1507995, 9.9542359], [78.1507792, 9.9542208], [78.1507708, 9.9542146], [78.150743, 9.9542059], [78.1507387, 9.9542046], [78.1507061, 9.9542053], [78.1506754, 9.9542163], [78.1506499, 9.9542363], [78.1506323, 9.9542634], [78.1506244, 9.9542946], [78.1506286, 9.9543426]]}, "properties": {"kind": "road", "name": "", "osm_id": 1293660133, "osm_type": "way", "highway": "primary"}}, {"type": "Feature", "geometry": {"type": "LineString", "coordinates": [[78.1506475, 9.9543717], [78.1506617, 9.9543801], [78.1506902, 9.9543959], [78.1507222, 9.9544018], [78.1507556, 9.9543971], [78.1507854, 9.9543818], [78.1508085, 9.9543576], [78.1508222, 9.9543273], [78.150825, 9.9542942], [78.1508198, 9.9542746], [78.1508165, 9.9542621]]}, "properties": {"kind": "road", "name": "", "osm_id": 1293660134, "osm_type": "way", "highway": "primary"}}, {"type": "Feature", "geometry": {"type": "LineString", "coordinates": [[78.1506286, 9.9543426], [78.1506475, 9.9543717]]}, "properties": {"kind": "road", "name": "", "osm_id": 1293660135, "osm_type": "way", "highway": "primary"}}, {"type": "Feature", "geometry": {"type": "LineString", "coordinates": [[78.1508165, 9.9542621], [78.1507995, 9.9542359]]}, "properties": {"kind": "road", "name": "", "osm_id": 1293660136, "osm_type": "way", "highway": "primary"}}, {"type": "Feature", "geometry": {"type": "LineString", "coordinates": [[78.0310896, 9.9813393], [78.0309263, 9.9813349]]}, "properties": {"kind": "road", "name": "Madurai - Melakkal - Samayanallur Road", "osm_id": 1294962066, "osm_type": "way", "highway": "primary"}}, {"type": "Feature", "geometry": {"type": "LineString", "coordinates": [[78.1411812, 9.9262885], [78.1412149, 9.926336], [78.1415197, 9.9264158], [78.1417446, 9.9264617], [78.1420687, 9.9265262], [78.1421795, 9.9265546]]}, "properties": {"kind": "road", "name": "Sivagangai Salai", "osm_id": 1295999278, "osm_type": "way", "highway": "primary"}}, {"type": "Feature", "geometry": {"type": "LineString", "coordinates": [[78.150701, 9.9119178], [78.1505115, 9.9119769], [78.150411, 9.9120167], [78.1502995, 9.9120958], [78.1502529, 9.9121566]]}, "properties": {"kind": "road", "name": "", "osm_id": 1296621524, "osm_type": "way", "highway": "primary"}}, {"type": "Feature", "geometry": {"type": "LineString", "coordinates": [[78.1501428, 9.912249], [78.1502529, 9.9121566]]}, "properties": {"kind": "road", "name": "Vaigai Thenkarai Salai", "osm_id": 1296621525, "osm_type": "way", "highway": "primary"}}, {"type": "Feature", "geometry": {"type": "LineString", "coordinates": [[78.1508149, 9.9117792], [78.1507958, 9.9117428], [78.1507483, 9.9117082], [78.1506032, 9.9116598], [78.1504604, 9.9116231], [78.1497511, 9.9116195], [78.1497297, 9.9116135], [78.1497122, 9.9115964], [78.1497042, 9.9115726], [78.1496819, 9.9113921]]}, "properties": {"kind": "road", "name": "Vaigai Thenkarai Salai", "osm_id": 1296621526, "osm_type": "way", "highway": "primary"}}, {"type": "Feature", "geometry": {"type": "LineString", "coordinates": [[78.1213758, 9.924781], [78.121571, 9.9247354], [78.1219472, 9.9246476]]}, "properties": {"kind": "road", "name": "Vadakku Veli Veethi", "osm_id": 1297370971, "osm_type": "way", "highway": "primary"}}, {"type": "Feature", "geometry": {"type": "LineString", "coordinates": [[78.1219472, 9.9246476], [78.1224881, 9.9245215], [78.1227078, 9.9244702], [78.1228527, 9.9244364]]}, "properties": {"kind": "road", "name": "Vadakku Veli Veethi", "osm_id": 1297370972, "osm_type": "way", "highway": "primary"}}, {"type": "Feature", "geometry": {"type": "LineString", "coordinates": [[78.0975846, 9.9362046], [78.0975585, 9.9364258], [78.0975461, 9.936531]]}, "properties": {"kind": "road", "name": "", "osm_id": 1299041950, "osm_type": "way", "highway": "primary_link"}}, {"type": "Feature", "geometry": {"type": "LineString", "coordinates": [[78.1651764, 10.0420331], [78.165313, 10.0421987], [78.1654391, 10.0423591], [78.1656283, 10.0426307], [78.1658201, 10.0429308], [78.1659737, 10.0431881], [78.1659883, 10.0432147], [78.1660342, 10.0432981], [78.1662385, 10.0436697], [78.1662862, 10.0437621], [78.1663249, 10.043841], [78.1663617, 10.0439158], [78.1663864, 10.043966], [78.1664737, 10.0441454], [78.1665841, 10.0443974], [78.1666366, 10.0445168], [78.1667184, 10.0447158], [78.1667933, 10.0449034], [78.1668732, 10.0451296], [78.1669381, 10.0453213], [78.166993, 10.0454934], [78.1670355, 10.0456483], [78.1670827, 10.0458276], [78.1671284, 10.0460101], [78.1671464, 10.0460953], [78.1671574, 10.0461531]]}, "properties": {"kind": "road", "name": "Madurai - Natham - Thuvarankurichi Road", "osm_id": 1299503850, "osm_type": "way", "highway": "trunk"}}, {"type": "Feature", "geometry": {"type": "LineString", "coordinates": [[78.1671574, 10.0461531], [78.1671739, 10.0462565], [78.1671872, 10.0463423], [78.1672, 10.046412], [78.1672105, 10.0464638]]}, "properties": {"kind": "road", "name": "Madurai - Natham - Thuvarankurichi Road", "osm_id": 1299503851, "osm_type": "way", "highway": "trunk"}}, {"type": "Feature", "geometry": {"type": "LineString", "coordinates": [[78.1672701, 10.0460978], [78.1672508, 10.0460178], [78.1672109, 10.0458609], [78.1671886, 10.0457797], [78.1671483, 10.0456314], [78.1670737, 10.0453855], [78.1669988, 10.0451519], [78.1668989, 10.0448741], [78.1668216, 10.0446666], [78.1667439, 10.0444742], [78.1666927, 10.0443543], [78.1666593, 10.0442827], [78.1664884, 10.0439168], [78.1664647, 10.0438707], [78.1664449, 10.043832], [78.1663828, 10.0437112], [78.1663358, 10.0436184], [78.1661555, 10.0432826], [78.1660849, 10.0431591], [78.1660615, 10.0431183], [78.1658968, 10.0428481], [78.1657002, 10.0425485], [78.1654966, 10.0422445], [78.1652914, 10.0419596]]}, "properties": {"kind": "road", "name": "Madurai - Natham - Thuvarankurichi Road", "osm_id": 1299503852, "osm_type": "way", "highway": "trunk"}}, {"type": "Feature", "geometry": {"type": "LineString", "coordinates": [[78.167353, 10.0464365], [78.1673312, 10.0463309], [78.1672982, 10.0461981], [78.1672701, 10.0460978]]}, "properties": {"kind": "road", "name": "Madurai - Natham - Thuvarankurichi Road", "osm_id": 1299503853, "osm_type": "way", "highway": "trunk"}}, {"type": "Feature", "geometry": {"type": "LineString", "coordinates": [[78.1666593, 10.0442827], [78.1666199, 10.0442448], [78.1665855, 10.0442025], [78.166554, 10.0441502], [78.1665181, 10.044081], [78.1664599, 10.0439551], [78.1664251, 10.0438881], [78.1663835, 10.0438328]]}, "properties": {"kind": "road", "name": "", "osm_id": 1299503855, "osm_type": "way", "highway": "trunk_link"}}, {"type": "Feature", "geometry": {"type": "LineString", "coordinates": [[78.1660342, 10.0432981], [78.1660843, 10.043344], [78.1661173, 10.0433835], [78.1661589, 10.04344], [78.1661976, 10.0435049], [78.1663281, 10.0437506], [78.1663506, 10.0437864], [78.1663835, 10.0438328]]}, "properties": {"kind": "road", "name": "", "osm_id": 1299503860, "osm_type": "way", "highway": "trunk_link"}}, {"type": "Feature", "geometry": {"type": "LineString", "coordinates": [[78.1672661, 10.046748], [78.1672831, 10.0468316], [78.1673097, 10.046962], [78.1673319, 10.0470818], [78.167353, 10.0472229]]}, "properties": {"kind": "road", "name": "Madurai - Natham - Thuvarankurichi Road", "osm_id": 1299503863, "osm_type": "way", "highway": "trunk"}}, {"type": "Feature", "geometry": {"type": "LineString", "coordinates": [[78.1674638, 10.0472023], [78.1674534, 10.0470961], [78.1674435, 10.0469791], [78.1674339, 10.0468722], [78.167425, 10.0468155], [78.1674075, 10.0467231]]}, "properties": {"kind": "road", "name": "Madurai - Natham - Thuvarankurichi Road", "osm_id": 1299503864, "osm_type": "way", "highway": "trunk"}}, {"type": "Feature", "geometry": {"type": "LineString", "coordinates": [[78.1674844, 10.0473735], [78.1674665, 10.0472291], [78.1674638, 10.0472023]]}, "properties": {"kind": "road", "name": "Madurai - Natham - Thuvarankurichi Road", "osm_id": 1299503867, "osm_type": "way", "highway": "trunk"}}, {"type": "Feature", "geometry": {"type": "LineString", "coordinates": [[78.1674923, 10.0474319], [78.1674844, 10.0473735]]}, "properties": {"kind": "road", "name": "Madurai - Natham - Thuvarankurichi Road", "osm_id": 1299503868, "osm_type": "way", "highway": "trunk"}}, {"type": "Feature", "geometry": {"type": "LineString", "coordinates": [[78.167353, 10.0472229], [78.1673713, 10.0473472], [78.1673804, 10.0474113]]}, "properties": {"kind": "road", "name": "Madurai - Natham - Thuvarankurichi Road", "osm_id": 1299503869, "osm_type": "way", "highway": "trunk"}}, {"type": "Feature", "geometry": {"type": "LineString", "coordinates": [[78.1673804, 10.0474113], [78.1673888, 10.0474688]]}, "properties": {"kind": "road", "name": "Madurai - Natham - Thuvarankurichi Road", "osm_id": 1299503870, "osm_type": "way", "highway": "trunk"}}, {"type": "Feature", "geometry": {"type": "LineString", "coordinates": [[78.1678673, 10.0511151], [78.1678791, 10.0512491], [78.1678942, 10.0514037], [78.1679093, 10.0515528], [78.1679339, 10.0517614], [78.1680262, 10.0524499], [78.1681389, 10.0532646], [78.1681761, 10.0535555], [78.1681987, 10.0537271], [78.1682078, 10.05383], [78.1682403, 10.054217], [78.1682661, 10.0545502], [78.168274, 10.0547131], [78.1682816, 10.0549366], [78.1682835, 10.0551397], [78.1682797, 10.0553271], [78.1682764, 10.0554525], [78.1682682, 10.055595], [78.1682517, 10.0558318], [78.1682229, 10.0561457], [78.1681902, 10.0564603], [78.1681468, 10.0567963], [78.1680768, 10.0573685]]}, "properties": {"kind": "road", "name": "Madurai - Natham - Thuvarankurichi Road", "osm_id": 1299503873, "osm_type": "way", "highway": "trunk"}}, {"type": "Feature", "geometry": {"type": "LineString", "coordinates": [[78.1682288, 10.0573286], [78.168341, 10.0564463], [78.1683697, 10.0561836], [78.1683983, 10.0558286], [78.1684131, 10.0556145], [78.1684213, 10.0554546], [78.168423, 10.0553292], [78.1684214, 10.0551052], [78.1684197, 10.0549235], [78.1684131, 10.0547305], [78.1684054, 10.0545357], [78.168388, 10.0542597], [78.1683663, 10.0540028], [78.1683478, 10.0538135], [78.1683364, 10.0537109], [78.1683282, 10.0536438], [78.1683086, 10.0534983], [78.168276, 10.0532565], [78.1681685, 10.0524335], [78.1680882, 10.0518545], [78.1680566, 10.0516399], [78.1680222, 10.051414], [78.1679993, 10.0512446], [78.1679784, 10.0510996]]}, "properties": {"kind": "road", "name": "Madurai - Natham - Thuvarankurichi Road", "osm_id": 1299503874, "osm_type": "way", "highway": "trunk"}}, {"type": "Feature", "geometry": {"type": "LineString", "coordinates": [[78.1677367, 10.0501117], [78.1677216, 10.0503839], [78.1677192, 10.0506494], [78.1677316, 10.0509912], [78.1677456, 10.0511985], [78.1678388, 10.0519499], [78.1678512, 10.0520378], [78.1679102, 10.0524683], [78.1679949, 10.053117], [78.1680728, 10.0537419], [78.1680854, 10.0538444], [78.1681025, 10.0540185], [78.1681197, 10.054236], [78.1681426, 10.0545494], [78.168152, 10.0547557], [78.1681564, 10.0550018], [78.1681563, 10.0553253], [78.1681542, 10.0554507], [78.1681477, 10.0555625], [78.1681278, 10.0558507], [78.1680992, 10.0561295], [78.1680199, 10.0567992], [78.167947, 10.0574084], [78.1679358, 10.0575018], [78.1679259, 10.0575853], [78.1678989, 10.0578133], [78.1678683, 10.0580596], [78.1678414, 10.0583472], [78.1678299, 10.0586423], [78.1678299, 10.0588911], [78.1678299, 10.0589299], [78.1678433, 10.059189], [78.1678563, 10.0593657], [78.1678671, 10.05948], [78.1679005, 10.059873], [78.1679283, 10.0600688], [78.1679313, 10.0600872], [78.1679756, 10.0603559], [78.168015, 10.0605603], [78.1680596, 10.0607517], [78.1681148, 10.0609276], [78.1681989, 10.0611785], [78.1683171, 10.061489], [78.1684684, 10.061819]]}, "properties": {"kind": "road", "name": "", "osm_id": 1299503876, "osm_type": "way", "highway": "trunk_link"}}, {"type": "Feature", "geometry": {"type": "LineString", "coordinates": [[78.1686698, 10.0620578], [78.1686136, 10.0617679], [78.1685789, 10.0616143], [78.1685442, 10.0614607], [78.1685026, 10.0612695], [78.168461, 10.0610681], [78.168409, 10.0607712], [78.1683674, 10.0604879], [78.1683224, 10.0601841], [78.168268, 10.0598025], [78.1682314, 10.0594529], [78.1682235, 10.0593385], [78.1682113, 10.0591399], [78.1682062, 10.0588104], [78.1682113, 10.0585483], [78.16822, 10.0583533], [78.1682501, 10.0580305], [78.1682781, 10.0577613], [78.1683094, 10.0575163], [78.168321, 10.0574256], [78.1683316, 10.057343], [78.1683727, 10.0570214], [78.1684272, 10.056612], [78.168476, 10.0561686], [78.1685086, 10.0558361], [78.1685275, 10.0555567], [78.1685308, 10.0554562], [78.1685341, 10.0553308], [78.1685341, 10.0552112], [78.1685341, 10.0549965], [78.1685283, 10.0547593], [78.1685181, 10.0545249], [78.1685, 10.0542893], [78.1684756, 10.0540037], [78.1684561, 10.0538008], [78.1684443, 10.0536981], [78.168312, 10.0526642], [78.1682807, 10.0524198], [78.1682255, 10.0519911], [78.1682135, 10.0519032], [78.1681111, 10.0511559], [78.1680778, 10.05097], [78.1680217, 10.0507235], [78.1679427, 10.0504185], [78.1678671, 10.0501605], [78.167844, 10.0500815]]}, "properties": {"kind": "road", "name": "", "osm_id": 1299503877, "osm_type": "way", "highway": "trunk_link"}}, {"type": "Feature", "geometry": {"type": "LineString", "coordinates": [[78.168044, 10.0576024], [78.1680026, 10.0579519], [78.1679864, 10.058132], [78.167969, 10.0584732], [78.1679661, 10.0588087], [78.1679661, 10.0591127], [78.1679757, 10.0593568], [78.1679824, 10.0594715], [78.1680011, 10.0596705], [78.1680214, 10.0598677], [78.1680723, 10.0602142], [78.1681451, 10.0606101], [78.1681896, 10.0608056]]}, "properties": {"kind": "road", "name": "Madurai - Natham - Thuvarankurichi Road", "osm_id": 1299503895, "osm_type": "way", "highway": "trunk"}}, {"type": "Feature", "geometry": {"type": "LineString", "coordinates": [[78.1680768, 10.0573685], [78.168044, 10.0576024]]}, "properties": {"kind": "road", "name": "Madurai - Natham - Thuvarankurichi Road", "osm_id": 1299503896, "osm_type": "way", "highway": "trunk"}}, {"type": "Feature", "geometry": {"type": "LineString", "coordinates": [[78.1683194, 10.0607862], [78.1682508, 10.0604574], [78.1681914, 10.0601106], [78.1681566, 10.059848], [78.1681412, 10.0596967], [78.1681222, 10.0594611], [78.1681148, 10.0593465], [78.1680992, 10.0589522], [78.1680992, 10.0586676], [78.1681068, 10.0584704], [78.1681245, 10.0582283], [78.1681459, 10.0579633], [78.1681949, 10.0575637]]}, "properties": {"kind": "road", "name": "Madurai - Natham - Thuvarankurichi Road", "osm_id": 1299503897, "osm_type": "way", "highway": "trunk"}}, {"type": "Feature", "geometry": {"type": "LineString", "coordinates": [[78.1681949, 10.0575637], [78.1682288, 10.0573286]]}, "properties": {"kind": "road", "name": "Madurai - Natham - Thuvarankurichi Road", "osm_id": 1299503898, "osm_type": "way", "highway": "trunk"}}, {"type": "Feature", "geometry": {"type": "LineString", "coordinates": [[78.1731677, 10.0758228], [78.173044, 10.0755616], [78.1729283, 10.075315], [78.1728229, 10.075078], [78.1727143, 10.0748076], [78.1726238, 10.074561], [78.1725664, 10.0743619], [78.1725346, 10.0742219], [78.1725151, 10.0741361], [78.1723499, 10.0732749], [78.1722667, 10.0727903], [78.1721733, 10.0722194], [78.1720486, 10.0715386], [78.1719791, 10.0712415], [78.1718796, 10.0708938], [78.1717796, 10.0705934], [78.1712252, 10.0691542], [78.1706157, 10.0676101], [78.1700266, 10.0661178], [78.1696408, 10.0651022], [78.1694279, 10.0644988], [78.169244, 10.0639292], [78.1689195, 10.0629239], [78.1686698, 10.0620578], [78.1685245, 10.0615537], [78.1684032, 10.0611202], [78.1683194, 10.0607862]]}, "properties": {"kind": "road", "name": "Madurai - Natham - Thuvarankurichi Road", "osm_id": 1299503902, "osm_type": "way", "highway": "trunk"}}, {"type": "Feature", "geometry": {"type": "LineString", "coordinates": [[78.1681896, 10.0608056], [78.1682491, 10.0610675], [78.1683358, 10.0613884], [78.1684684, 10.061819], [78.1688069, 10.062954], [78.1689529, 10.0634105], [78.1693119, 10.0645331], [78.1695219, 10.0651337], [78.1695584, 10.065231], [78.1699061, 10.0661561], [78.1711088, 10.0691905], [78.1713542, 10.0698252], [78.1716681, 10.070637], [78.1717559, 10.0708723], [78.1718564, 10.0712102], [78.1719327, 10.0715345], [78.1720124, 10.0719372], [78.1720644, 10.0722342], [78.1722763, 10.0734714], [78.1723837, 10.074098], [78.1724288, 10.0743097], [78.1724808, 10.0745076], [78.1725397, 10.0746851], [78.1726298, 10.0749172], [78.17272, 10.0751288], [78.1729453, 10.0756033], [78.1730699, 10.0758784]]}, "properties": {"kind": "road", "name": "Madurai - Natham - Thuvarankurichi Road", "osm_id": 1299503903, "osm_type": "way", "highway": "trunk"}}, {"type": "Feature", "geometry": {"type": "LineString", "coordinates": [[78.1736815, 10.0803458], [78.1737785, 10.0790224], [78.1738026, 10.0786956], [78.1738147, 10.0783331], [78.1738108, 10.0781145], [78.1738093, 10.0780286], [78.1737883, 10.0778113], [78.1737719, 10.0776999], [78.173741, 10.0774906], [78.1736885, 10.0771957], [78.1736096, 10.0768905], [78.1735098, 10.0765904], [78.1733574, 10.0762231], [78.1731677, 10.0758228]]}, "properties": {"kind": "road", "name": "Madurai - Natham - Thuvarankurichi Road", "osm_id": 1299503909, "osm_type": "way", "highway": "trunk"}}, {"type": "Feature", "geometry": {"type": "LineString", "coordinates": [[78.1730699, 10.0758784], [78.1731698, 10.0760989], [78.1733411, 10.0765028], [78.1734247, 10.0767459], [78.1735123, 10.0770634], [78.1735959, 10.0774398], [78.173637, 10.0777118], [78.1736741, 10.0780356], [78.1737, 10.0783866], [78.1737, 10.0786362], [78.1736759, 10.0789927], [78.1736276, 10.0795395], [78.1735212, 10.0803392]]}, "properties": {"kind": "road", "name": "Madurai - Natham - Thuvarankurichi Road", "osm_id": 1299503910, "osm_type": "way", "highway": "trunk"}}, {"type": "Feature", "geometry": {"type": "LineString", "coordinates": [[78.1627773, 10.039771], [78.1630493, 10.0399589], [78.1633672, 10.0402021], [78.1637087, 10.0404867], [78.1639577, 10.0407125], [78.1642112, 10.0409547], [78.1643961, 10.041138], [78.1647797, 10.041552], [78.1649925, 10.0418081], [78.1651764, 10.0420331]]}, "properties": {"kind": "road", "name": "Madurai - Natham - Thuvarankurichi Road", "osm_id": 1299503911, "osm_type": "way", "highway": "trunk"}}, {"type": "Feature", "geometry": {"type": "LineString", "coordinates": [[78.1652914, 10.0419596], [78.1652679, 10.041927], [78.1650437, 10.0416477], [78.1647762, 10.0413437], [78.1644925, 10.0410374], [78.164246, 10.0407896], [78.1639738, 10.0405328], [78.1637708, 10.0403554], [78.1634383, 10.0400829], [78.1631496, 10.0398613], [78.1628639, 10.0396557]]}, "properties": {"kind": "road", "name": "Madurai - Natham - Thuvarankurichi Road", "osm_id": 1299503912, "osm_type": "way", "highway": "trunk"}}, {"type": "Feature", "geometry": {"type": "LineString", "coordinates": [[78.1660849, 10.0431591], [78.1659446, 10.0428322], [78.1658822, 10.0426991], [78.1657903, 10.0425313], [78.1656743, 10.0423305], [78.1655044, 10.0420574], [78.165345, 10.0418385], [78.1651795, 10.0416264], [78.1649588, 10.0413651], [78.1646987, 10.0410805], [78.1644097, 10.0407933], [78.1641795, 10.0405693], [78.163975, 10.040386], [78.1637154, 10.0401646], [78.1634438, 10.0399447], [78.1630379, 10.0396416], [78.1628866, 10.0395405], [78.1628229, 10.0394979], [78.1627514, 10.0394504], [78.162312, 10.0391672], [78.1618128, 10.0388786], [78.1608962, 10.0383544], [78.1604995, 10.0381274], [78.1576283, 10.0364976], [78.1567482, 10.0359944], [78.156666, 10.0359474], [78.1566232, 10.0359229], [78.1565749, 10.0358943], [78.1563243, 10.0357519], [78.156198, 10.0356776], [78.1560672, 10.0355953], [78.1559185, 10.0354948], [78.1557719, 10.035384], [78.1556249, 10.0352597], [78.155472, 10.0351154], [78.1553169, 10.0349543], [78.1551894, 10.0348016], [78.1550238, 10.0345736], [78.1549112, 10.0344], [78.1548432, 10.0342722], [78.1547788, 10.0341406], [78.1547128, 10.0339869], [78.1546645, 10.0338664], [78.1546243, 10.0337459], [78.1545905, 10.0336397], [78.1545256, 10.033376], [78.154487, 10.0331413], [78.1544644, 10.0328877], [78.154458, 10.0326785], [78.1544612, 10.0324629], [78.154487, 10.0322441], [78.1545288, 10.0319809], [78.15459, 10.0317238], [78.1546471, 10.0315379], [78.1546654, 10.0314886], [78.154685, 10.0314356], [78.1547228, 10.0313541], [78.1547526, 10.0312858], [78.1548041, 10.0311675], [78.1548974, 10.031], [78.1549788, 10.0308653], [78.1550805, 10.0307123], [78.1551824, 10.0305728], [78.1552334, 10.030501], [78.1553984, 10.0302788], [78.1563489, 10.0290245], [78.1565173, 10.0287756], [78.1566363, 10.0285741], [78.1567458, 10.0283726], [78.1568409, 10.0281828], [78.1569099, 10.0280001], [78.1569813, 10.0277939], [78.1570479, 10.0275525], [78.1570945, 10.0273487], [78.1571191, 10.0271226], [78.1571273, 10.0268911], [78.1571246, 10.0267081], [78.1571, 10.026482], [78.157094, 10.0264406], [78.1570699, 10.0262748], [78.1570135, 10.0259769], [78.1569558, 10.0257177], [78.1568498, 10.0253308]]}, "properties": {"kind": "road", "name": "", "osm_id": 1299503915, "osm_type": "way", "highway": "trunk_link"}}, {"type": "Feature", "geometry": {"type": "LineString", "coordinates": [[78.1567359, 10.0253576], [78.1567297, 10.0256765], [78.1567329, 10.0258837], [78.1567517, 10.026196], [78.1567705, 10.0264371], [78.1567705, 10.0266597], [78.1567643, 10.0268669], [78.1567454, 10.0270771], [78.156714, 10.0272997], [78.1566707, 10.0274913], [78.1566231, 10.0276749], [78.156563, 10.0278585], [78.1564781, 10.0280706], [78.1563994, 10.0282318], [78.1563041, 10.0284072], [78.1561964, 10.0285826], [78.1560454, 10.0288006], [78.1550933, 10.030065], [78.154933, 10.0302847], [78.1548796, 10.0303548], [78.1548077, 10.0304524], [78.154724, 10.0305744], [78.1546339, 10.0307124], [78.1545534, 10.0308487], [78.1545474, 10.0308609], [78.1544938, 10.0309692], [78.1544375, 10.0310896], [78.1543715, 10.0312339], [78.1543498, 10.0312834], [78.15432, 10.0313517], [78.1542969, 10.0314066], [78.1542831, 10.0314435], [78.1542573, 10.0315123], [78.1542132, 10.0316428], [78.154152, 10.0319186], [78.1541102, 10.0321596], [78.1540844, 10.0324418], [78.1540715, 10.0327271], [78.1540844, 10.0329522], [78.1541134, 10.0332185], [78.1541585, 10.0334658], [78.1542188, 10.0337039], [78.1542577, 10.0338277], [78.1543205, 10.0340043], [78.1543899, 10.0341727], [78.1544194, 10.0342396], [78.1544915, 10.0343867], [78.1545591, 10.0345183], [78.154671, 10.0347045], [78.1547918, 10.0348868], [78.1549096, 10.0350432], [78.1550341, 10.0351898], [78.1551585, 10.035322], [78.1553074, 10.0354637], [78.1554767, 10.0356099], [78.1555829, 10.0356957], [78.1556947, 10.0357817], [78.1558593, 10.0358928], [78.1560066, 10.0359878], [78.1561314, 10.0360634], [78.1563962, 10.0362171], [78.1565004, 10.0362775], [78.1565779, 10.0363234], [78.1566167, 10.0363452], [78.1574695, 10.036824], [78.1603516, 10.0384662], [78.1616496, 10.0392012], [78.162119, 10.0394793], [78.1625394, 10.039747], [78.1626172, 10.0397987], [78.1626769, 10.0398383], [78.1628272, 10.0399381], [78.1631398, 10.0401733], [78.1633449, 10.0403321], [78.1635985, 10.0405394], [78.1637339, 10.0406547], [78.1639072, 10.0408139], [78.1641406, 10.0410404], [78.1645733, 10.0414977], [78.1648409, 10.0418106], [78.1650836, 10.042095], [78.1652991, 10.0423537], [78.1655066, 10.0425969], [78.1656721, 10.0428116], [78.1658166, 10.0429979], [78.1659883, 10.0432147]]}, "properties": {"kind": "road", "name": "", "osm_id": 1299503916, "osm_type": "way", "highway": "trunk_link"}}, {"type": "Feature", "geometry": {"type": "LineString", "coordinates": [[78.1567465, 10.036287], [78.1603893, 10.0383655], [78.1616954, 10.0391011], [78.1621685, 10.0393792], [78.1625948, 10.0396434]]}, "properties": {"kind": "road", "name": "Madurai - Natham - Thuvarankurichi Road", "osm_id": 1299503917, "osm_type": "way", "highway": "trunk"}}, {"type": "Feature", "geometry": {"type": "LineString", "coordinates": [[78.1625948, 10.0396434], [78.1627773, 10.039771]]}, "properties": {"kind": "road", "name": "Madurai - Natham - Thuvarankurichi Road", "osm_id": 1299503918, "osm_type": "way", "highway": "trunk"}}, {"type": "Feature", "geometry": {"type": "LineString", "coordinates": [[78.1626746, 10.0395258], [78.162235, 10.0392515], [78.1617561, 10.0389748], [78.1604345, 10.0382231], [78.1567584, 10.0361258]]}, "properties": {"kind": "road", "name": "Madurai - Natham - Thuvarankurichi Road", "osm_id": 1299503919, "osm_type": "way", "highway": "trunk"}}, {"type": "Feature", "geometry": {"type": "LineString", "coordinates": [[78.1628639, 10.0396557], [78.1626746, 10.0395258]]}, "properties": {"kind": "road", "name": "Madurai - Natham - Thuvarankurichi Road", "osm_id": 1299503920, "osm_type": "way", "highway": "trunk"}}, {"type": "Feature", "geometry": {"type": "LineString", "coordinates": [[78.1544099, 10.0314991], [78.1543765, 10.0316006], [78.1543484, 10.0316963], [78.1542923, 10.0319171], [78.1542531, 10.0321297], [78.1542279, 10.0323118], [78.1542082, 10.0325658], [78.1542054, 10.0327866], [78.1542223, 10.0330101], [78.1542447, 10.0332089], [78.1542867, 10.0334545], [78.1543351, 10.0336511], [78.154367, 10.0337599], [78.1544052, 10.033875], [78.1544668, 10.034036], [78.154539, 10.0342117], [78.1546091, 10.0343581], [78.1547047, 10.0345339], [78.1548046, 10.0346949], [78.1549172, 10.0348581], [78.1550276, 10.0349961], [78.1551444, 10.0351321], [78.1552804, 10.0352743], [78.1554142, 10.035404], [78.1555544, 10.0355295], [78.1556735, 10.0356226], [78.1557797, 10.0357019], [78.155931, 10.0358033], [78.1560666, 10.0358907], [78.1561909, 10.0359673], [78.1565173, 10.0361562]]}, "properties": {"kind": "road", "name": "Madurai - Natham - Thuvarankurichi Road", "osm_id": 1299503933, "osm_type": "way", "highway": "trunk"}}, {"type": "Feature", "geometry": {"type": "LineString", "coordinates": [[78.1565173, 10.0361562], [78.1567465, 10.036287]]}, "properties": {"kind": "road", "name": "Madurai - Natham - Thuvarankurichi Road", "osm_id": 1299503934, "osm_type": "way", "highway": "trunk"}}, {"type": "Feature", "geometry": {"type": "LineString", "coordinates": [[78.1567584, 10.0361258], [78.156529, 10.035997]]}, "properties": {"kind": "road", "name": "Madurai - Natham - Thuvarankurichi Road", "osm_id": 1299503935, "osm_type": "way", "highway": "trunk"}}, {"type": "Feature", "geometry": {"type": "LineString", "coordinates": [[78.156529, 10.035997], [78.1562682, 10.0358425], [78.156143, 10.0357667], [78.1559885, 10.0356711], [78.1558518, 10.0355774], [78.1557103, 10.035474], [78.155594, 10.03538], [78.1554395, 10.0352358], [78.155293, 10.0350899], [78.1551706, 10.0349536], [78.1550676, 10.034822], [78.1549549, 10.0346667], [78.1548728, 10.034543], [78.1547907, 10.0344035], [78.1547327, 10.034291], [78.1546683, 10.0341626], [78.1546104, 10.0340294], [78.154538, 10.033836], [78.15448, 10.0336616], [78.1544417, 10.0334962], [78.154394, 10.0332947], [78.154366, 10.0330877], [78.1543548, 10.0328945], [78.1543464, 10.0326792], [78.1543604, 10.0324225], [78.1543828, 10.0322155], [78.1544192, 10.0319892], [78.1544669, 10.0317849], [78.1545075, 10.0316464], [78.1545532, 10.0315081]]}, "properties": {"kind": "road", "name": "Madurai - Natham - Thuvarankurichi Road", "osm_id": 1299503936, "osm_type": "way", "highway": "trunk"}}, {"type": "Feature", "geometry": {"type": "LineString", "coordinates": [[78.1568729, 10.026396], [78.1568874, 10.0267085], [78.1568693, 10.0269962], [78.1568333, 10.0272874], [78.1567958, 10.0275044], [78.1567489, 10.0276695], [78.1566966, 10.02784], [78.1566443, 10.0279839], [78.156574, 10.0281472], [78.1565055, 10.0282999], [78.1564135, 10.028458], [78.1562891, 10.0286586], [78.156158, 10.0288564], [78.1551958, 10.0301304], [78.15503, 10.0303545], [78.1549772, 10.0304251], [78.15488, 10.0305658], [78.1547238, 10.0308131], [78.1546401, 10.0309606], [78.1545564, 10.0311302], [78.1544908, 10.0312777]]}, "properties": {"kind": "road", "name": "Madurai - Natham - Thuvarankurichi Road", "osm_id": 1299503943, "osm_type": "way", "highway": "trunk"}}, {"type": "Feature", "geometry": {"type": "LineString", "coordinates": [[78.1546366, 10.0312878], [78.1547063, 10.0311379], [78.1547916, 10.0309778], [78.1549075, 10.0307875], [78.1550009, 10.0306385], [78.1550926, 10.0305082], [78.1551446, 10.0304371], [78.1553149, 10.0302118], [78.1562671, 10.0289454], [78.1563933, 10.0287648], [78.156478, 10.0286334], [78.156544, 10.0285206], [78.1566319, 10.0283567], [78.1566915, 10.0282439], [78.1567496, 10.0281063], [78.156803, 10.0279687], [78.156847, 10.0278389], [78.1569003, 10.0276549], [78.1569364, 10.0275158], [78.1569728, 10.0273256], [78.1570029, 10.0271156], [78.157022, 10.0268761], [78.1570247, 10.0266635], [78.1570083, 10.0264562], [78.1570032, 10.0264025]]}, "properties": {"kind": "road", "name": "Madurai - Natham - Thuvarankurichi Road", "osm_id": 1299503944, "osm_type": "way", "highway": "trunk"}}, {"type": "Feature", "geometry": {"type": "LineString", "coordinates": [[78.1545532, 10.0315081], [78.1545904, 10.0313972], [78.1546366, 10.0312878]]}, "properties": {"kind": "road", "name": "Madurai - Natham - Thuvarankurichi Road", "osm_id": 1299503945, "osm_type": "way", "highway": "trunk"}}, {"type": "Feature", "geometry": {"type": "LineString", "coordinates": [[78.1544908, 10.0312777], [78.1544447, 10.0313986], [78.1544099, 10.0314991]]}, "properties": {"kind": "road", "name": "Madurai - Natham - Thuvarankurichi Road", "osm_id": 1299503946, "osm_type": "way", "highway": "trunk"}}, {"type": "Feature", "geometry": {"type": "LineString", "coordinates": [[78.1501789, 10.0058887], [78.150209, 10.0060251], [78.1508497, 10.0087718], [78.1510806, 10.0097193], [78.1511061, 10.009824], [78.1511374, 10.0099521], [78.1511665, 10.0100715], [78.1511986, 10.0102032], [78.151351, 10.010816], [78.1514034, 10.0110128], [78.1514628, 10.011205], [78.1515366, 10.0114041], [78.1516295, 10.0116314], [78.1516785, 10.0117349], [78.1517767, 10.0119213], [78.1518957, 10.0121439], [78.1520456, 10.0123946], [78.1521765, 10.0125797], [78.1523026, 10.0127508], [78.1524525, 10.0129265], [78.1525929, 10.0130789], [78.1527978, 10.0132802], [78.1533821, 10.0138431], [78.1536533, 10.0141055], [78.1538175, 10.0142883], [78.1539936, 10.0145039], [78.1540053, 10.0145202], [78.1541459, 10.0147171], [78.1542791, 10.0149327], [78.1543957, 10.01516], [78.1544742, 10.015331], [78.1545361, 10.0154974], [78.1546075, 10.01572], [78.1547894, 10.0163527], [78.1548874, 10.0167116], [78.1553033, 10.0182349], [78.1555084, 10.0190529], [78.1556646, 10.0196759], [78.155891, 10.0206538], [78.1559165, 10.0207812], [78.1560022, 10.0212105], [78.1560977, 10.0216883], [78.1561141, 10.0217707], [78.1561429, 10.0219146], [78.1562419, 10.0224101], [78.1562661, 10.0225313], [78.15628, 10.0226109], [78.1562893, 10.0226648], [78.1564713, 10.0237372], [78.1565228, 10.0240433], [78.1565367, 10.0241257], [78.156549, 10.0242041], [78.1567359, 10.0253576], [78.156787, 10.025673], [78.1568361, 10.0259798], [78.1568621, 10.0262326], [78.1568729, 10.026396]]}, "properties": {"kind": "road", "name": "Madurai - Natham - Thuvarankurichi Road", "osm_id": 1299503951, "osm_type": "way", "highway": "trunk"}}, {"type": "Feature", "geometry": {"type": "LineString", "coordinates": [[78.1570032, 10.0264025], [78.1569865, 10.0262301], [78.1569193, 10.0257655], [78.1568498, 10.0253308], [78.1568314, 10.0252152], [78.1566647, 10.0241846], [78.1566519, 10.0241067], [78.1565849, 10.023723], [78.1563982, 10.0226508], [78.1563877, 10.0225919], [78.156373, 10.0225125], [78.1563393, 10.0223451], [78.1562489, 10.0218962], [78.1562175, 10.0217401], [78.1562036, 10.021669], [78.1561906, 10.0216134], [78.1559954, 10.0206372], [78.1558306, 10.0199026], [78.1557747, 10.0196536], [78.1554199, 10.0182077], [78.1549008, 10.0163348], [78.1547117, 10.0156775], [78.1546237, 10.0154209], [78.1545787, 10.0153094], [78.1545264, 10.0151797], [78.1543945, 10.0149107], [78.1542815, 10.0147221], [78.1541797, 10.0145738], [78.1541308, 10.0145026], [78.1540917, 10.0144534], [78.1539487, 10.0142738], [78.1537321, 10.0140357], [78.1534872, 10.0137945], [78.1534293, 10.0137391], [78.1532258, 10.013544], [78.1528669, 10.0132001], [78.1526914, 10.0130228], [78.1525485, 10.0128698], [78.1524055, 10.0127107], [78.1522958, 10.012574], [78.1521549, 10.0123904], [78.1520555, 10.0122436], [78.15201, 10.0121683], [78.1519519, 10.0120722], [78.1518794, 10.0119396], [78.1517556, 10.0116996], [78.1517061, 10.0115964], [78.1516276, 10.0113997], [78.1515392, 10.0111635], [78.1514851, 10.0109966], [78.1514382, 10.0108403], [78.1513827, 10.0106116], [78.1512804, 10.0101839], [78.1512195, 10.0099314], [78.1511879, 10.0098004], [78.1511634, 10.0096989], [78.1509343, 10.0087497], [78.1507933, 10.0081395], [78.1505838, 10.0072334], [78.1502998, 10.0060052], [78.1502621, 10.0058453]]}, "properties": {"kind": "road", "name": "Madurai - Natham - Thuvarankurichi Road", "osm_id": 1299503952, "osm_type": "way", "highway": "trunk"}}, {"type": "Feature", "geometry": {"type": "LineString", "coordinates": [[78.1563393, 10.0223451], [78.156301, 10.0222734], [78.1562819, 10.0222125], [78.156251, 10.0220906], [78.1562147, 10.0219013], [78.1562106, 10.0218798], [78.1561939, 10.0218165], [78.1561719, 10.0217536]]}, "properties": {"kind": "road", "name": "", "osm_id": 1299503956, "osm_type": "way", "highway": "trunk_link"}}, {"type": "Feature", "geometry": {"type": "LineString", "coordinates": [[78.1560022, 10.0212105], [78.1560449, 10.0213012], [78.1560827, 10.021406], [78.156108, 10.0215019], [78.1561296, 10.0216031], [78.1561415, 10.0216564], [78.1561474, 10.0216792], [78.1561531, 10.0217008], [78.1561719, 10.0217536]]}, "properties": {"kind": "road", "name": "", "osm_id": 1299503957, "osm_type": "way", "highway": "trunk_link"}}, {"type": "Feature", "geometry": {"type": "LineString", "coordinates": [[78.1559165, 10.0207812], [78.1559426, 10.0210828], [78.1559677, 10.0213178], [78.1559991, 10.0214909], [78.1560305, 10.0216521], [78.1560657, 10.021801], [78.1561259, 10.0220433], [78.1561723, 10.0222074], [78.1562419, 10.0224101]]}, "properties": {"kind": "road", "name": "", "osm_id": 1299503958, "osm_type": "way", "highway": "trunk_link"}}, {"type": "Feature", "geometry": {"type": "LineString", "coordinates": [[78.1561906, 10.0216134], [78.1561529, 10.0211832], [78.1561228, 10.0209571], [78.1560955, 10.0207768], [78.156049, 10.0205615], [78.1560108, 10.0204242], [78.1559452, 10.0202062], [78.1558306, 10.0199026]]}, "properties": {"kind": "road", "name": "", "osm_id": 1299503959, "osm_type": "way", "highway": "trunk_link"}}, {"type": "Feature", "geometry": {"type": "LineString", "coordinates": [[78.1540053, 10.0145202], [78.1540917, 10.0144534]]}, "properties": {"kind": "road", "name": "", "osm_id": 1299503963, "osm_type": "way", "highway": "trunk_link"}}, {"type": "Feature", "geometry": {"type": "LineString", "coordinates": [[78.1490433, 9.9978926], [78.1491118, 9.9980323], [78.1491648, 9.9981477], [78.1492069, 9.9982565], [78.1492628, 9.9984156], [78.1493084, 9.9985605], [78.1493457, 9.9987033], [78.1493815, 9.9988716], [78.1494624, 9.9993178], [78.1495201, 9.9996215], [78.1495814, 9.9999412], [78.1496319, 10.0001667], [78.149695, 10.0004508], [78.1499597, 10.0014711], [78.1500458, 10.0018184], [78.1500497, 10.0018358], [78.1500895, 10.0020122], [78.1501196, 10.0021629], [78.1501414, 10.0022908], [78.1501611, 10.00243], [78.1501768, 10.0025753], [78.1501846, 10.0027222], [78.1501862, 10.0028891], [78.1501846, 10.0029503], [78.1501815, 10.0030685], [78.1501691, 10.0033071], [78.1501684, 10.0033141], [78.1501593, 10.0034093], [78.1501366, 10.003648], [78.1500796, 10.0041425], [78.1500536, 10.0044566], [78.150044, 10.004645], [78.1500413, 10.0048254], [78.1500454, 10.0049775], [78.1500536, 10.005104], [78.1500659, 10.0052412], [78.1500864, 10.0053839], [78.150111, 10.0055373], [78.1501367, 10.005679]]}, "properties": {"kind": "road", "name": "Madurai - Natham - Thuvarankurichi Road", "osm_id": 1299504009, "osm_type": "way", "highway": "trunk"}}, {"type": "Feature", "geometry": {"type": "LineString", "coordinates": [[78.1501367, 10.005679], [78.1501789, 10.0058887]]}, "properties": {"kind": "road", "name": "Madurai - Natham - Thuvarankurichi Road", "osm_id": 1299504010, "osm_type": "way", "highway": "trunk"}}, {"type": "Feature", "geometry": {"type": "LineString", "coordinates": [[78.150216, 10.0056385], [78.1501748, 10.0054152], [78.1501516, 10.0052389], [78.1501489, 10.0052087], [78.1501354, 10.0050563], [78.1501299, 10.0049298], [78.1501272, 10.0047306], [78.1501388, 10.0044587], [78.1501643, 10.0041997], [78.150235, 10.0035244], [78.1502457, 10.0034166], [78.1502556, 10.0033159], [78.1502703, 10.0031243], [78.1502757, 10.0029254], [78.1502721, 10.0026963], [78.150263, 10.0025347], [78.1502396, 10.0023322], [78.1502089, 10.0021511], [78.1502012, 10.0021031], [78.1501404, 10.001835], [78.1500398, 10.0014497], [78.1497794, 10.0004313], [78.1497324, 10.0002285], [78.1497276, 10.0002077], [78.1496843, 10.0000124], [78.1496269, 9.9997266], [78.1496237, 9.9997101], [78.1495819, 9.9994993], [78.149535, 9.999217], [78.14947, 9.99886], [78.1494195, 9.9986271], [78.1493695, 9.998449], [78.149291, 9.9982311], [78.1492006, 9.9980202], [78.1491391, 9.9978941], [78.1491089, 9.9978355]]}, "properties": {"kind": "road", "name": "Madurai - Natham - Thuvarankurichi Road", "osm_id": 1299504011, "osm_type": "way", "highway": "trunk"}}, {"type": "Feature", "geometry": {"type": "LineString", "coordinates": [[78.1502621, 10.0058453], [78.150216, 10.0056385]]}, "properties": {"kind": "road", "name": "Madurai - Natham - Thuvarankurichi Road", "osm_id": 1299504012, "osm_type": "way", "highway": "trunk"}}, {"type": "Feature", "geometry": {"type": "LineString", "coordinates": [[78.1491089, 9.9978355], [78.1489157, 9.9974774], [78.1486859, 9.9970609], [78.1485496, 9.996817], [78.1483572, 9.9964974]]}, "properties": {"kind": "road", "name": "Tallakulam - Chettikulam Meampalam", "osm_id": 1299508188, "osm_type": "way", "highway": "trunk"}}, {"type": "Feature", "geometry": {"type": "LineString", "coordinates": [[78.1482887, 9.9965395], [78.1484762, 9.9968472], [78.1486769, 9.9972054], [78.1488335, 9.9974943], [78.1490433, 9.9978926]]}, "properties": {"kind": "road", "name": "Tallakulam - Chettikulam Meampalam", "osm_id": 1299508189, "osm_type": "way", "highway": "trunk"}}, {"type": "Feature", "geometry": {"type": "LineString", "coordinates": [[78.0981786, 9.9385639], [78.0981569, 9.9384813]]}, "properties": {"kind": "road", "name": "Puravazhi Salai", "osm_id": 1299510932, "osm_type": "way", "highway": "primary"}}, {"type": "Feature", "geometry": {"type": "LineString", "coordinates": [[78.0982211, 9.9387218], [78.0981786, 9.9385639]]}, "properties": {"kind": "road", "name": "Puravazhi Salai", "osm_id": 1299510933, "osm_type": "way", "highway": "primary"}}, {"type": "Feature", "geometry": {"type": "LineString", "coordinates": [[78.0981015, 9.938582], [78.0981465, 9.9387424]]}, "properties": {"kind": "road", "name": "Puravazhi Salai", "osm_id": 1299510934, "osm_type": "way", "highway": "primary"}}, {"type": "Feature", "geometry": {"type": "LineString", "coordinates": [[78.0980723, 9.9384852], [78.0981015, 9.938582]]}, "properties": {"kind": "road", "name": "Puravazhi Salai", "osm_id": 1299510935, "osm_type": "way", "highway": "primary"}}, {"type": "Feature", "geometry": {"type": "LineString", "coordinates": [[78.1405093, 9.9760612], [78.1407054, 9.9763891], [78.1408695, 9.9766698], [78.1410273, 9.9769384], [78.141342, 9.9774962]]}, "properties": {"kind": "road", "name": "", "osm_id": 1299769479, "osm_type": "way", "highway": "trunk_link"}}, {"type": "Feature", "geometry": {"type": "LineString", "coordinates": [[78.1409221, 9.9762944], [78.1405462, 9.9756688], [78.1404293, 9.9754679], [78.1403774, 9.975371], [78.1403106, 9.9752358], [78.1402531, 9.9751098], [78.1402067, 9.9749965], [78.1401604, 9.9748631], [78.1401191, 9.9747319], [78.140096, 9.9746606]]}, "properties": {"kind": "road", "name": "", "osm_id": 1299769482, "osm_type": "way", "highway": "trunk_link"}}, {"type": "Feature", "geometry": {"type": "LineString", "coordinates": [[78.1402944, 9.9755746], [78.1403056, 9.9756193], [78.1403435, 9.9757339], [78.1403682, 9.9757955], [78.1404031, 9.9758657], [78.140452, 9.9759559], [78.1404861, 9.9760188], [78.1405093, 9.9760612]]}, "properties": {"kind": "road", "name": "", "osm_id": 1299769507, "osm_type": "way", "highway": "trunk_link"}}, {"type": "Feature", "geometry": {"type": "LineString", "coordinates": [[78.140096, 9.9746606], [78.1400681, 9.9745682], [78.1400419, 9.9744808], [78.1399917, 9.9743339], [78.1399614, 9.9742518]]}, "properties": {"kind": "road", "name": "", "osm_id": 1299769508, "osm_type": "way", "highway": "trunk_link"}}, {"type": "Feature", "geometry": {"type": "LineString", "coordinates": [[78.0929391, 9.8245069], [78.0930184, 9.8245536]]}, "properties": {"kind": "road", "name": "Madurai Ring Road", "osm_id": 1305551334, "osm_type": "way", "highway": "trunk"}}, {"type": "Feature", "geometry": {"type": "LineString", "coordinates": [[78.0625272, 9.8806129], [78.0624941, 9.8806118]]}, "properties": {"kind": "road", "name": "Thirupparankundram Salai", "osm_id": 1309080828, "osm_type": "way", "highway": "primary"}}, {"type": "Feature", "geometry": {"type": "LineString", "coordinates": [[78.0627633, 9.8806206], [78.0625272, 9.8806129]]}, "properties": {"kind": "road", "name": "Thirupparankundram Salai", "osm_id": 1309080829, "osm_type": "way", "highway": "primary"}}, {"type": "Feature", "geometry": {"type": "LineString", "coordinates": [[78.2268583, 9.9794214], [78.2268671, 9.9788857], [78.2270492, 9.9786231], [78.2272509, 9.9785206], [78.2277062, 9.978591], [78.2279339, 9.9787832], [78.2279594, 9.9790099]]}, "properties": {"kind": "road", "name": "", "osm_id": 1319796229, "osm_type": "way", "highway": "motorway_link"}}, {"type": "Feature", "geometry": {"type": "LineString", "coordinates": [[78.2281967, 9.9790232], [78.2284998, 9.9789562], [78.2288055, 9.9790395], [78.2290202, 9.9792124], [78.2290527, 9.9794687], [78.228851, 9.9797314], [78.2286364, 9.9798659], [78.2284244, 9.9799469]]}, "properties": {"kind": "road", "name": "", "osm_id": 1319796230, "osm_type": "way", "highway": "motorway_link"}}, {"type": "Feature", "geometry": {"type": "LineString", "coordinates": [[78.1241734, 9.9239097], [78.1241831, 9.9239278], [78.1241981, 9.9239419], [78.1242154, 9.9239501], [78.1242343, 9.923953], [78.1242545, 9.9239498], [78.1242727, 9.9239405], [78.124287, 9.9239261], [78.124296, 9.9239079], [78.1242987, 9.9238912], [78.1242968, 9.9238743], [78.1242905, 9.9238586], [78.1242801, 9.9238451], [78.1242644, 9.9238336], [78.1242459, 9.9238273], [78.1242263, 9.9238268], [78.124209, 9.9238314], [78.1241937, 9.9238406], [78.1241816, 9.9238535], [78.1241735, 9.9238693], [78.1241701, 9.9238895], [78.1241734, 9.9239097]]}, "properties": {"kind": "road", "name": "", "osm_id": 1326485310, "osm_type": "way", "highway": "trunk"}}, {"type": "Feature", "geometry": {"type": "LineString", "coordinates": [[78.1244196, 9.9242167], [78.1244232, 9.9241519], [78.1243402, 9.9239891], [78.124296, 9.9239079]]}, "properties": {"kind": "road", "name": "", "osm_id": 1326485311, "osm_type": "way", "highway": "trunk"}}, {"type": "Feature", "geometry": {"type": "LineString", "coordinates": [[78.1241735, 9.9238693], [78.1239726, 9.9239718], [78.1239108, 9.924001], [78.1238939, 9.9240594]]}, "properties": {"kind": "road", "name": "", "osm_id": 1326485312, "osm_type": "way", "highway": "trunk"}}, {"type": "Feature", "geometry": {"type": "LineString", "coordinates": [[78.1120565, 9.9168503], [78.1124674, 9.9166024]]}, "properties": {"kind": "road", "name": "Thirupparankundram Salai", "osm_id": 1326531355, "osm_type": "way", "highway": "primary"}}, {"type": "Feature", "geometry": {"type": "LineString", "coordinates": [[78.1572722, 9.9282958], [78.1566113, 9.9281736], [78.1564462, 9.9281373], [78.1560455, 9.9280334], [78.1557063, 9.9279455], [78.1552602, 9.9278299], [78.1549785, 9.9277569], [78.1542161, 9.9275484], [78.1540689, 9.9275112], [78.1539281, 9.9274936], [78.1538441, 9.9274839]]}, "properties": {"kind": "road", "name": "Sivagangai Salai", "osm_id": 1328125832, "osm_type": "way", "highway": "primary"}}, {"type": "Feature", "geometry": {"type": "LineString", "coordinates": [[78.1198944, 9.9106655], [78.1198686, 9.9107515], [78.1198606, 9.9108189], [78.1198794, 9.9110508]]}, "properties": {"kind": "road", "name": "Aruppukottai Salai", "osm_id": 1328292533, "osm_type": "way", "highway": "primary"}}, {"type": "Feature", "geometry": {"type": "LineString", "coordinates": [[78.1124364, 9.9124372], [78.112473, 9.912374], [78.1125147, 9.9123073], [78.1125781, 9.9122627]]}, "properties": {"kind": "road", "name": "Therkku Marret Veethi", "osm_id": 1328514122, "osm_type": "way", "highway": "primary"}}, {"type": "Feature", "geometry": {"type": "LineString", "coordinates": [[78.1124112, 9.9121401], [78.1123949, 9.9121796], [78.1123654, 9.9122375], [78.1123251, 9.912292], [78.1122687, 9.9123382]]}, "properties": {"kind": "road", "name": "Therkku Veli Veethi", "osm_id": 1328514123, "osm_type": "way", "highway": "primary"}}, {"type": "Feature", "geometry": {"type": "LineString", "coordinates": [[78.1124364, 9.9124372], [78.1123881, 9.9123892], [78.1123464, 9.9123583], [78.1122687, 9.9123382]]}, "properties": {"kind": "road", "name": "Thirupparankundram Salai", "osm_id": 1328514124, "osm_type": "way", "highway": "primary"}}, {"type": "Feature", "geometry": {"type": "LineString", "coordinates": [[78.1496819, 9.9113921], [78.1497499, 9.9113066], [78.1498179, 9.9112211]]}, "properties": {"kind": "road", "name": "Ramanathapuram Salai", "osm_id": 1328514125, "osm_type": "way", "highway": "trunk"}}, {"type": "Feature", "geometry": {"type": "LineString", "coordinates": [[78.0897283, 9.9344158], [78.0898213, 9.9344395], [78.0900041, 9.9344177], [78.0904983, 9.9342337], [78.090899, 9.9340815], [78.0909313, 9.9340669]]}, "properties": {"kind": "road", "name": "Theni Pradhana Salai", "osm_id": 1328514126, "osm_type": "way", "highway": "primary"}}, {"type": "Feature", "geometry": {"type": "LineString", "coordinates": [[78.0908573, 9.9338875], [78.0902488, 9.9341317], [78.0898148, 9.9343041]]}, "properties": {"kind": "road", "name": "Theni Pradhana Salai", "osm_id": 1328514127, "osm_type": "way", "highway": "primary"}}, {"type": "Feature", "geometry": {"type": "LineString", "coordinates": [[78.0742939, 9.8864648], [78.0744008, 9.8868853], [78.0746661, 9.888317], [78.0751256, 9.8900211], [78.0756001, 9.8920821], [78.0760185, 9.8928992], [78.0763793, 9.8930484]]}, "properties": {"kind": "road", "name": "", "osm_id": 1328529636, "osm_type": "way", "highway": "primary_link"}}, {"type": "Feature", "geometry": {"type": "LineString", "coordinates": [[77.98039, 9.8647505], [77.9804524, 9.8649918], [77.980598, 9.8657168], [77.9807895, 9.8666703], [77.9811631, 9.8695606], [77.9812542, 9.8702877], [77.9814455, 9.8710955], [77.9821197, 9.8732947], [77.9824022, 9.8742102], [77.9824295, 9.8748026], [77.9822382, 9.8756374], [77.9817371, 9.8779442], [77.9812451, 9.8792816], [77.9811891, 9.8794169], [77.9803978, 9.8813281], [77.9797964, 9.8831053], [77.9794867, 9.884317], [77.9794852, 9.8843926], [77.9794684, 9.8852429], [77.9794778, 9.8853057], [77.979514, 9.8853671], [77.9795596, 9.8854034], [77.9796233, 9.8854279], [77.9798882, 9.8855402], [77.9799545, 9.8856051], [77.9799995, 9.8857298], [77.9800789, 9.8862468], [77.9798967, 9.886875], [77.9798147, 9.8875033], [77.9795965, 9.8882012], [77.9792984, 9.8889136], [77.9789007, 9.889864], [77.9788634, 9.8899999], [77.9783089, 9.8920167], [77.9777147, 9.8937198]]}, "properties": {"kind": "road", "name": "Thirumangalam - Pallapatti - Silukkuvarpatti Road", "osm_id": 1336244238, "osm_type": "way", "highway": "primary"}}, {"type": "Feature", "geometry": {"type": "LineString", "coordinates": [[77.9777147, 9.8937198], [77.9776912, 9.8937869]]}, "properties": {"kind": "road", "name": "Thirumangalam - Pallapatti - Silukkuvarpatti Road", "osm_id": 1336244239, "osm_type": "way", "highway": "primary"}}, {"type": "Feature", "geometry": {"type": "LineString", "coordinates": [[78.1048044, 9.8419027], [78.1049122, 9.8418288], [78.1050116, 9.8416611], [78.1050928, 9.8415276], [78.105145, 9.8414334], [78.1051946, 9.8413584], [78.1052836, 9.8413]]}, "properties": {"kind": "road", "name": "Aruppukottai Salai", "osm_id": 1346446019, "osm_type": "way", "highway": "primary"}}, {"type": "Feature", "geometry": {"type": "LineString", "coordinates": [[78.0348033, 9.8906703], [78.0346843, 9.8904721], [78.0346924, 9.8903823], [78.0347522, 9.8902804], [78.0349086, 9.8901997]]}, "properties": {"kind": "road", "name": "", "osm_id": 1346447081, "osm_type": "way", "highway": "trunk_link"}}, {"type": "Feature", "geometry": {"type": "LineString", "coordinates": [[78.0303592, 9.9813186], [78.0305009, 9.9813305], [78.030866, 9.9813613], [78.0309263, 9.9813349]]}, "properties": {"kind": "road", "name": "Madurai - Melakkal - Samayanallur Road", "osm_id": 1347447632, "osm_type": "way", "highway": "primary"}}, {"type": "Feature", "geometry": {"type": "LineString", "coordinates": [[78.0999647, 9.9464791], [78.1000302, 9.9462533], [78.1000832, 9.945904], [78.1000918, 9.9457703]]}, "properties": {"kind": "road", "name": "Madurai - Palamedu Road", "osm_id": 1347448651, "osm_type": "way", "highway": "primary"}}, {"type": "Feature", "geometry": {"type": "LineString", "coordinates": [[78.1055375, 9.935394], [78.10555, 9.9353442], [78.1055761, 9.9351972], [78.1056042, 9.935131]]}, "properties": {"kind": "road", "name": "", "osm_id": 1347605329, "osm_type": "way", "highway": "primary"}}, {"type": "Feature", "geometry": {"type": "LineString", "coordinates": [[78.1421244, 9.9264646], [78.1412337, 9.9262773], [78.1411812, 9.9262885]]}, "properties": {"kind": "road", "name": "Sivagangai Salai", "osm_id": 1347607561, "osm_type": "way", "highway": "primary"}}, {"type": "Feature", "geometry": {"type": "LineString", "coordinates": [[78.0340874, 9.8900082], [78.0341157, 9.8901339], [78.0340602, 9.8902509], [78.0339067, 9.890359]]}, "properties": {"kind": "road", "name": "", "osm_id": 1347609534, "osm_type": "way", "highway": "trunk_link"}}, {"type": "Feature", "geometry": {"type": "LineString", "coordinates": [[78.0206598, 9.8459379], [78.0206195, 9.8456219], [78.0206437, 9.8453113]]}, "properties": {"kind": "road", "name": "", "osm_id": 1347612295, "osm_type": "way", "highway": "trunk_link"}}, {"type": "Feature", "geometry": {"type": "LineString", "coordinates": [[78.0422759, 9.9631844], [78.0421739, 9.963158], [78.0420961, 9.9631263], [78.0420586, 9.9630735], [78.0420613, 9.9630127], [78.0421042, 9.9629493], [78.0421471, 9.9628991], [78.0422678, 9.9627618], [78.042433, 9.9625416]]}, "properties": {"kind": "road", "name": "", "osm_id": 1347614330, "osm_type": "way", "highway": "trunk_link"}}, {"type": "Feature", "geometry": {"type": "LineString", "coordinates": [[78.0408865, 9.9633086], [78.0409616, 9.9633192], [78.0410152, 9.9633456], [78.0410501, 9.9633826], [78.0410635, 9.9634169], [78.0410635, 9.963446], [78.0410099, 9.9635226], [78.0409079, 9.96366], [78.0407252, 9.963892]]}, "properties": {"kind": "road", "name": "", "osm_id": 1347615206, "osm_type": "way", "highway": "trunk_link"}}, {"type": "Feature", "geometry": {"type": "LineString", "coordinates": [[78.0462826, 9.8814884], [78.0463793, 9.8814918], [78.0468913, 9.8813752]]}, "properties": {"kind": "road", "name": "Thirupparankundram Salai", "osm_id": 1347911246, "osm_type": "way", "highway": "primary"}}, {"type": "Feature", "geometry": {"type": "LineString", "coordinates": [[78.0160935, 9.8510323], [78.0160044, 9.8507291], [78.015503, 9.8490731], [78.0154488, 9.8488841]]}, "properties": {"kind": "road", "name": "", "osm_id": 1350983125, "osm_type": "way", "highway": "trunk"}}, {"type": "Feature", "geometry": {"type": "LineString", "coordinates": [[78.0151742, 9.8484885], [78.0152173, 9.8485961], [78.0156772, 9.8500746], [78.0159769, 9.851059]]}, "properties": {"kind": "road", "name": "", "osm_id": 1350983126, "osm_type": "way", "highway": "trunk"}}, {"type": "Feature", "geometry": {"type": "LineString", "coordinates": [[78.010425, 9.8436202], [78.0108752, 9.8441876], [78.0110747, 9.8443883], [78.0112536, 9.844532], [78.0119287, 9.84502]]}, "properties": {"kind": "road", "name": "", "osm_id": 1350983127, "osm_type": "way", "highway": "trunk"}}, {"type": "Feature", "geometry": {"type": "LineString", "coordinates": [[78.012013, 9.8449098], [78.0114773, 9.8442856], [78.0113138, 9.8441347], [78.0111103, 9.8439613], [78.010492, 9.843561]]}, "properties": {"kind": "road", "name": "", "osm_id": 1350983128, "osm_type": "way", "highway": "trunk"}}, {"type": "Feature", "geometry": {"type": "LineString", "coordinates": [[78.010492, 9.843561], [78.0094503, 9.842607], [78.0085646, 9.8418436], [78.0079657, 9.8412413], [78.0074067, 9.8406559], [78.0072176, 9.8404463], [78.0071305, 9.8403713], [78.006396, 9.8397001], [78.0051639, 9.8386768], [78.0043109, 9.8380082]]}, "properties": {"kind": "road", "name": "", "osm_id": 1350983129, "osm_type": "way", "highway": "trunk"}}, {"type": "Feature", "geometry": {"type": "LineString", "coordinates": [[78.0042824, 9.8380765], [78.0051554, 9.8388041], [78.0063627, 9.8397732], [78.0070537, 9.8404333], [78.0073359, 9.8407193], [78.0079245, 9.8413174], [78.008514, 9.8418951], [78.0093506, 9.8426409], [78.010425, 9.8436202]]}, "properties": {"kind": "road", "name": "", "osm_id": 1350983130, "osm_type": "way", "highway": "trunk"}}, {"type": "Feature", "geometry": {"type": "LineString", "coordinates": [[77.981214, 9.7751927], [77.9812949, 9.7757431]]}, "properties": {"kind": "road", "name": "", "osm_id": 1350983131, "osm_type": "way", "highway": "trunk"}}, {"type": "Feature", "geometry": {"type": "LineString", "coordinates": [[77.9814925, 9.7763123], [77.9814136, 9.775724]]}, "properties": {"kind": "road", "name": "", "osm_id": 1350983132, "osm_type": "way", "highway": "trunk"}}, {"type": "Feature", "geometry": {"type": "LineString", "coordinates": [[77.9804949, 9.7672685], [77.9807671, 9.7680179], [77.9809085, 9.7684578], [77.981019, 9.7689071], [77.9810871, 9.7693348], [77.9811123, 9.7696196], [77.9811204, 9.769929], [77.9811396, 9.7714001], [77.9811525, 9.772855], [77.9811614, 9.7742913], [77.9811834, 9.7748916], [77.981214, 9.7751927]]}, "properties": {"kind": "road", "name": "", "osm_id": 1350983133, "osm_type": "way", "highway": "trunk"}}, {"type": "Feature", "geometry": {"type": "LineString", "coordinates": [[77.9814136, 9.775724], [77.981349, 9.7753589], [77.9813028, 9.774889], [77.9812781, 9.7742779], [77.9812732, 9.7728431], [77.9812537, 9.7714093], [77.981233, 9.7699189], [77.9812196, 9.7696235], [77.9812006, 9.7693224], [77.9811239, 9.7688706], [77.9810171, 9.7684076], [77.9808667, 9.7679721], [77.9806217, 9.7672818]]}, "properties": {"kind": "road", "name": "", "osm_id": 1350983134, "osm_type": "way", "highway": "trunk"}}, {"type": "Feature", "geometry": {"type": "LineString", "coordinates": [[78.1401134, 9.920357], [78.1402467, 9.9203205]]}, "properties": {"kind": "road", "name": "", "osm_id": 1351161310, "osm_type": "way", "highway": "primary"}}, {"type": "Feature", "geometry": {"type": "LineString", "coordinates": [[78.1401299, 9.9198413], [78.1399854, 9.9198865]]}, "properties": {"kind": "road", "name": "", "osm_id": 1351161311, "osm_type": "way", "highway": "primary"}}, {"type": "Feature", "geometry": {"type": "LineString", "coordinates": [[78.1746346, 10.0974829], [78.1753381, 10.0980867], [78.1762091, 10.0990962], [78.176842, 10.1003606], [78.1778012, 10.1025777], [78.1780977, 10.1032092], [78.1784725, 10.1043851], [78.1786621, 10.1052284], [78.1788346, 10.1063903], [78.1788702, 10.1069347], [78.1788716, 10.1080742], [78.1788531, 10.1092613], [78.1788759, 10.1101561], [78.1788859, 10.110548], [78.1790579, 10.1117423], [78.1791147, 10.1124416], [78.1791844, 10.1133674], [78.1792722, 10.1142493], [78.1793866, 10.1153831], [78.1794698, 10.1162687], [78.1795077, 10.1173966], [78.1795115, 10.1184596], [78.1795759, 10.1193899], [78.1795849, 10.1201032], [78.1796003, 10.1203283]]}, "properties": {"kind": "road", "name": "Madurai - Natham - Thuvarankurichi Road", "osm_id": 1352060806, "osm_type": "way", "highway": "trunk"}}, {"type": "Feature", "geometry": {"type": "LineString", "coordinates": [[78.1797315, 10.1203534], [78.1797197, 10.1200861], [78.1796553, 10.1186238], [78.1796529, 10.117933], [78.1796301, 10.1164646], [78.1794831, 10.1149047], [78.1793544, 10.1134217], [78.1792567, 10.1120914], [78.1791383, 10.1108301], [78.1790077, 10.1094333], [78.179009, 10.1086403], [78.1790325, 10.1074385], [78.1790184, 10.1064844], [78.1789386, 10.1060162], [78.1788025, 10.1050634], [78.178671, 10.1044909], [78.1784926, 10.1039032], [78.178068, 10.1027734], [78.1771129, 10.100692], [78.1764972, 10.0993139], [78.1758815, 10.0985526], [78.1755743, 10.0981954], [78.1749854, 10.0975753], [78.1747374, 10.0973781]]}, "properties": {"kind": "road", "name": "Madurai - Natham - Thuvarankurichi Road", "osm_id": 1352060807, "osm_type": "way", "highway": "trunk"}}, {"type": "Feature", "geometry": {"type": "LineString", "coordinates": [[78.1805402, 10.1251224], [78.1807972, 10.1262709], [78.1809411, 10.1270104], [78.1811175, 10.1277275], [78.1812902, 10.128124], [78.1814477, 10.128376], [78.1824132, 10.1297143], [78.1829638, 10.1304622], [78.1838567, 10.1316463], [78.1845925, 10.1326247]]}, "properties": {"kind": "road", "name": "Madurai - Natham - Thuvarankurichi Road", "osm_id": 1352065261, "osm_type": "way", "highway": "trunk"}}, {"type": "Feature", "geometry": {"type": "LineString", "coordinates": [[78.1847257, 10.1325556], [78.1841069, 10.1317335], [78.1835436, 10.1310168], [78.1830995, 10.1304239], [78.1827402, 10.129958], [78.1824035, 10.1295315], [78.1816539, 10.1284519], [78.1814815, 10.1281543], [78.1812366, 10.1275305], [78.1809689, 10.126236], [78.1806916, 10.1250584]]}, "properties": {"kind": "road", "name": "Madurai - Natham - Thuvarankurichi Road", "osm_id": 1352065262, "osm_type": "way", "highway": "trunk"}}, {"type": "Feature", "geometry": {"type": "LineString", "coordinates": [[78.1796003, 10.1203283], [78.1796501, 10.1210574], [78.1796768, 10.1212782], [78.1797717, 10.1217667], [78.1800219, 10.1226974], [78.1802504, 10.1237089], [78.1804964, 10.1249089]]}, "properties": {"kind": "road", "name": "Madurai - Natham - Thuvarankurichi Road", "osm_id": 1352065263, "osm_type": "way", "highway": "trunk"}}, {"type": "Feature", "geometry": {"type": "LineString", "coordinates": [[78.1804964, 10.1249089], [78.1805402, 10.1251224]]}, "properties": {"kind": "road", "name": "Madurai - Natham - Thuvarankurichi Road", "osm_id": 1352065264, "osm_type": "way", "highway": "trunk"}}, {"type": "Feature", "geometry": {"type": "LineString", "coordinates": [[78.1806404, 10.1248584], [78.1803271, 10.1233681], [78.179902, 10.1217342], [78.1798043, 10.1212787], [78.1797418, 10.1205874], [78.1797315, 10.1203534]]}, "properties": {"kind": "road", "name": "Madurai - Natham - Thuvarankurichi Road", "osm_id": 1352065265, "osm_type": "way", "highway": "trunk"}}, {"type": "Feature", "geometry": {"type": "LineString", "coordinates": [[78.1806916, 10.1250584], [78.1806404, 10.1248584]]}, "properties": {"kind": "road", "name": "Madurai - Natham - Thuvarankurichi Road", "osm_id": 1352065266, "osm_type": "way", "highway": "trunk"}}, {"type": "Feature", "geometry": {"type": "LineString", "coordinates": [[78.1233484, 9.9242904], [78.1232647, 9.9242918], [78.1231996, 9.9242526]]}, "properties": {"kind": "road", "name": "Keezha Veli Veethi", "osm_id": 1352778444, "osm_type": "way", "highway": "primary"}}, {"type": "Feature", "geometry": {"type": "LineString", "coordinates": [[78.1941209, 10.1484375], [78.1943886, 10.1490208], [78.1946389, 10.1496213], [78.1948757, 10.1501558], [78.1952699, 10.1510048], [78.1956116, 10.1516832], [78.1958126, 10.15242], [78.1958776, 10.1527992], [78.1960525, 10.1538459], [78.1962836, 10.1549386], [78.1965548, 10.1562212], [78.1965868, 10.1563844]]}, "properties": {"kind": "road", "name": "Madurai - Natham - Thuvarankurichi Road", "osm_id": 1352837486, "osm_type": "way", "highway": "trunk"}}, {"type": "Feature", "geometry": {"type": "LineString", "coordinates": [[78.1967729, 10.1563279], [78.1964919, 10.1551316], [78.1962388, 10.1539993], [78.1961076, 10.1530357], [78.1959901, 10.1524782], [78.1959701, 10.1523999], [78.1958174, 10.1518024], [78.1957781, 10.151656], [78.1957008, 10.1514688], [78.1955175, 10.1511653], [78.1951768, 10.1505083], [78.1949249, 10.1499623], [78.1946234, 10.1492356], [78.1944385, 10.1488151], [78.1942626, 10.1483989]]}, "properties": {"kind": "road", "name": "Madurai - Natham - Thuvarankurichi Road", "osm_id": 1352837488, "osm_type": "way", "highway": "trunk"}}, {"type": "Feature", "geometry": {"type": "LineString", "coordinates": [[78.3342674, 9.7812549], [78.3338968, 9.7814789], [78.3336657, 9.7816279], [78.3334357, 9.7817925], [78.3332223, 9.781997], [78.3329567, 9.7822556], [78.3326394, 9.7826685], [78.3320345, 9.7834647]]}, "properties": {"kind": "road", "name": "", "osm_id": 1352967759, "osm_type": "way", "highway": "trunk"}}, {"type": "Feature", "geometry": {"type": "LineString", "coordinates": [[78.3360944, 9.7801836], [78.3355115, 9.7805077], [78.3352232, 9.7806814], [78.3342674, 9.7812549]]}, "properties": {"kind": "road", "name": "", "osm_id": 1352967760, "osm_type": "way", "highway": "trunk"}}, {"type": "Feature", "geometry": {"type": "LineString", "coordinates": [[78.3343373, 9.7813903], [78.3353065, 9.7808432], [78.3355814, 9.7806907], [78.336167, 9.7803693]]}, "properties": {"kind": "road", "name": "", "osm_id": 1352967761, "osm_type": "way", "highway": "trunk"}}, {"type": "Feature", "geometry": {"type": "LineString", "coordinates": [[78.3321224, 9.7835345], [78.3326744, 9.7827775], [78.3329917, 9.7823646], [78.3331844, 9.782177], [78.3332573, 9.782106], [78.333519, 9.7818962], [78.3337248, 9.7817528], [78.3339452, 9.7816143], [78.3343373, 9.7813903]]}, "properties": {"kind": "road", "name": "", "osm_id": 1352967762, "osm_type": "way", "highway": "trunk"}}, {"type": "Feature", "geometry": {"type": "LineString", "coordinates": [[78.3342674, 9.7812549], [78.3343373, 9.7813903]]}, "properties": {"kind": "road", "name": "", "osm_id": 1352967763, "osm_type": "way", "highway": "trunk_link"}}, {"type": "Feature", "geometry": {"type": "LineString", "coordinates": [[78.3360944, 9.7801836], [78.336167, 9.7803693]]}, "properties": {"kind": "road", "name": "", "osm_id": 1352967764, "osm_type": "way", "highway": "trunk_link"}}, {"type": "Feature", "geometry": {"type": "LineString", "coordinates": [[78.2419653, 9.8390489], [78.2420498, 9.8391114]]}, "properties": {"kind": "road", "name": "", "osm_id": 1352967765, "osm_type": "way", "highway": "trunk_link"}}, {"type": "Feature", "geometry": {"type": "LineString", "coordinates": [[78.1253984, 9.917828], [78.125404, 9.9177536]]}, "properties": {"kind": "road", "name": "Keezha Veli Veethi", "osm_id": 1353618614, "osm_type": "way", "highway": "trunk"}}, {"type": "Feature", "geometry": {"type": "LineString", "coordinates": [[78.124908, 9.9177498], [78.1249037, 9.9178191]]}, "properties": {"kind": "road", "name": "Keezha Marret Veethi", "osm_id": 1353618615, "osm_type": "way", "highway": "trunk"}}, {"type": "Feature", "geometry": {"type": "LineString", "coordinates": [[78.1342965, 9.961966], [78.1342687, 9.9617945]]}, "properties": {"kind": "road", "name": "", "osm_id": 1353860565, "osm_type": "way", "highway": "trunk_link"}}, {"type": "Feature", "geometry": {"type": "LineString", "coordinates": [[78.1345574, 9.9628196], [78.1346319, 9.9630075], [78.1347323, 9.9631311]]}, "properties": {"kind": "road", "name": "", "osm_id": 1356140811, "osm_type": "way", "highway": "trunk_link"}}, {"type": "Feature", "geometry": {"type": "LineString", "coordinates": [[78.1342687, 9.9617945], [78.134176, 9.9614595], [78.1341447, 9.9612292]]}, "properties": {"kind": "road", "name": "", "osm_id": 1356140812, "osm_type": "way", "highway": "trunk_link"}}, {"type": "Feature", "geometry": {"type": "LineString", "coordinates": [[78.141342, 9.9774962], [78.1414513, 9.9777208], [78.1415477, 9.977934], [78.1415856, 9.9780135], [78.1416089, 9.9780569], [78.1416444, 9.9781196], [78.1416924, 9.9781961], [78.1417927, 9.9783319]]}, "properties": {"kind": "road", "name": "", "osm_id": 1356140813, "osm_type": "way", "highway": "trunk_link"}}, {"type": "Feature", "geometry": {"type": "LineString", "coordinates": [[78.1414814, 9.9774278], [78.1414521, 9.9773065], [78.1414332, 9.9772424], [78.1413945, 9.977139], [78.141365, 9.9770712], [78.1413214, 9.9769798], [78.141282, 9.9769064], [78.1411864, 9.9767416], [78.1409221, 9.9762944]]}, "properties": {"kind": "road", "name": "", "osm_id": 1356140814, "osm_type": "way", "highway": "trunk_link"}}, {"type": "Feature", "geometry": {"type": "LineString", "coordinates": [[77.9841948, 9.8144338], [77.9842064, 9.8141309]]}, "properties": {"kind": "road", "name": "Varanasi - Kanniyakumari Road (Old NH7)", "osm_id": 1363483674, "osm_type": "way", "highway": "primary"}}, {"type": "Feature", "geometry": {"type": "LineString", "coordinates": [[77.9844674, 9.8171258], [77.9853363, 9.8195217], [77.9853816, 9.8195696]]}, "properties": {"kind": "road", "name": "Varanasi - Kanniyakumari Road (Old NH7)", "osm_id": 1363483675, "osm_type": "way", "highway": "primary"}}, {"type": "Feature", "geometry": {"type": "LineString", "coordinates": [[77.9844766, 9.8168814], [77.9843201, 9.8164458], [77.9842289, 9.8161371], [77.9841831, 9.8158748], [77.9841603, 9.8156116], [77.9841601, 9.8155786], [77.9841584, 9.8152337], [77.9841905, 9.8145646], [77.9841948, 9.8144338]]}, "properties": {"kind": "road", "name": "Varanasi - Kanniyakumari Road (Old NH7)", "osm_id": 1363483676, "osm_type": "way", "highway": "primary"}}, {"type": "Feature", "geometry": {"type": "LineString", "coordinates": [[77.9845397, 9.8170944], [77.9844766, 9.8168814]]}, "properties": {"kind": "road", "name": "Varanasi - Kanniyakumari Road (Old NH7)", "osm_id": 1363483677, "osm_type": "way", "highway": "primary"}}, {"type": "Feature", "geometry": {"type": "LineString", "coordinates": [[77.9853816, 9.8195696], [77.9853896, 9.8194939], [77.9849031, 9.8180918], [77.9845397, 9.8170944]]}, "properties": {"kind": "road", "name": "Varanasi - Kanniyakumari Road (Old NH7)", "osm_id": 1363483678, "osm_type": "way", "highway": "primary"}}, {"type": "Feature", "geometry": {"type": "LineString", "coordinates": [[78.1647388, 9.9297594], [78.1648723, 9.9297437]]}, "properties": {"kind": "road", "name": "Sivagangai Salai", "osm_id": 1374094429, "osm_type": "way", "highway": "primary"}}, {"type": "Feature", "geometry": {"type": "LineString", "coordinates": [[78.1648723, 9.9297437], [78.1647555, 9.9296954]]}, "properties": {"kind": "road", "name": "Sivagangai Salai", "osm_id": 1374094430, "osm_type": "way", "highway": "primary"}}, {"type": "Feature", "geometry": {"type": "LineString", "coordinates": [[78.1088975, 9.916956], [78.1088757, 9.9170066], [78.10882, 9.9171476]]}, "properties": {"kind": "road", "name": "Cochin \u2013 Madurai - Dhanushkodi Road (Old NH49)", "osm_id": 1374103070, "osm_type": "way", "highway": "primary"}}, {"type": "Feature", "geometry": {"type": "LineString", "coordinates": [[78.10882, 9.9171476], [78.1089038, 9.9170576], [78.1090097, 9.9169886]]}, "properties": {"kind": "road", "name": "Cochin \u2013 Madurai - Dhanushkodi Road (Old NH49)", "osm_id": 1374103072, "osm_type": "way", "highway": "primary"}}, {"type": "Feature", "geometry": {"type": "LineString", "coordinates": [[78.106382, 9.9088054], [78.1064833, 9.9088509], [78.1066033, 9.9088854]]}, "properties": {"kind": "road", "name": "Thirupparankundram Salai", "osm_id": 1374106516, "osm_type": "way", "highway": "primary"}}, {"type": "Feature", "geometry": {"type": "LineString", "coordinates": [[78.106615, 9.9088118], [78.1065061, 9.9087981], [78.106382, 9.9088054]]}, "properties": {"kind": "road", "name": "Thirupparankundram Salai", "osm_id": 1374106517, "osm_type": "way", "highway": "primary"}}, {"type": "Feature", "geometry": {"type": "LineString", "coordinates": [[78.1022813, 9.9080247], [78.1023828, 9.908021]]}, "properties": {"kind": "road", "name": "Thirupparankundram Salai", "osm_id": 1374108761, "osm_type": "way", "highway": "primary"}}, {"type": "Feature", "geometry": {"type": "LineString", "coordinates": [[78.1209056, 9.9069283], [78.1210066, 9.9067971]]}, "properties": {"kind": "road", "name": "", "osm_id": 1374118949, "osm_type": "way", "highway": "primary"}}, {"type": "Feature", "geometry": {"type": "LineString", "coordinates": [[78.120956, 9.9067846], [78.1209056, 9.9069283]]}, "properties": {"kind": "road", "name": "Aruppukottai Salai", "osm_id": 1374118950, "osm_type": "way", "highway": "primary"}}, {"type": "Feature", "geometry": {"type": "LineString", "coordinates": [[78.0752748, 9.8880876], [78.075356, 9.8882741]]}, "properties": {"kind": "road", "name": "Thirupparankundram Salai", "osm_id": 1374122768, "osm_type": "way", "highway": "primary"}}, {"type": "Feature", "geometry": {"type": "LineString", "coordinates": [[78.075356, 9.8882741], [78.0753586, 9.8880642]]}, "properties": {"kind": "road", "name": "Thirupparankundram Salai", "osm_id": 1374122769, "osm_type": "way", "highway": "primary"}}, {"type": "Feature", "geometry": {"type": "LineString", "coordinates": [[78.1595756, 9.9472948], [78.1594203, 9.9472141], [78.1593184, 9.9471612]]}, "properties": {"kind": "road", "name": "Melur Pradhana Salai", "osm_id": 1381392423, "osm_type": "way", "highway": "primary"}}, {"type": "Feature", "geometry": {"type": "LineString", "coordinates": [[78.2277074, 9.9794196], [78.2273864, 9.9799417]]}, "properties": {"kind": "road", "name": "Madurai North Ring Road", "osm_id": 1409274158, "osm_type": "way", "highway": "motorway"}}, {"type": "Feature", "geometry": {"type": "LineString", "coordinates": [[78.2275705, 9.9800262], [78.2278865, 9.9794991]]}, "properties": {"kind": "road", "name": "Madurai North Ring Road", "osm_id": 1409274160, "osm_type": "way", "highway": "motorway"}}, {"type": "Feature", "geometry": {"type": "LineString", "coordinates": [[78.3497366, 10.0456652], [78.3501238, 10.0437303]]}, "properties": {"kind": "road", "name": "", "osm_id": 1409274162, "osm_type": "way", "highway": "trunk_link"}}, {"type": "Feature", "geometry": {"type": "LineString", "coordinates": [[78.3497018, 10.0458342], [78.3497366, 10.0456652]]}, "properties": {"kind": "road", "name": "", "osm_id": 1409274163, "osm_type": "way", "highway": "trunk_link"}}, {"type": "Feature", "geometry": {"type": "LineString", "coordinates": [[78.3487984, 10.0510206], [78.3488007, 10.050916], [78.3488105, 10.0504655], [78.3488234, 10.0501254], [78.3489096, 10.0492839], [78.3489288, 10.0491618]]}, "properties": {"kind": "road", "name": "Trichy - Madurai highway", "osm_id": 1409274181, "osm_type": "way", "highway": "trunk"}}, {"type": "Feature", "geometry": {"type": "LineString", "coordinates": [[78.3490419, 10.0484727], [78.3491707, 10.0480791], [78.3492807, 10.0476566], [78.3493558, 10.0473977], [78.349624, 10.0461908], [78.3497018, 10.0458342]]}, "properties": {"kind": "road", "name": "", "osm_id": 1409274182, "osm_type": "way", "highway": "trunk_link"}}, {"type": "Feature", "geometry": {"type": "LineString", "coordinates": [[78.3502208, 10.0406495], [78.3497506, 10.043468], [78.349738, 10.0435399]]}, "properties": {"kind": "road", "name": "Melur Puravazhi Salai", "osm_id": 1409274183, "osm_type": "way", "highway": "trunk"}}, {"type": "Feature", "geometry": {"type": "LineString", "coordinates": [[78.3498712, 10.0435755], [78.3501027, 10.0421439], [78.3503569, 10.040649]]}, "properties": {"kind": "road", "name": "Melur Puravazhi Salai", "osm_id": 1409274184, "osm_type": "way", "highway": "trunk"}}, {"type": "Feature", "geometry": {"type": "LineString", "coordinates": [[78.2436177, 9.9891489], [78.2440083, 9.9896893], [78.2443956, 9.990224]]}, "properties": {"kind": "road", "name": "Madurai - Trichy Highway", "osm_id": 1409274192, "osm_type": "way", "highway": "trunk"}}, {"type": "Feature", "geometry": {"type": "LineString", "coordinates": [[78.2445538, 9.9901078], [78.2441671, 9.9895774], [78.2437491, 9.989038]]}, "properties": {"kind": "road", "name": "Madurai - Trichy Highway", "osm_id": 1409274193, "osm_type": "way", "highway": "trunk"}}, {"type": "Feature", "geometry": {"type": "LineString", "coordinates": [[78.2437491, 9.989038], [78.2433436, 9.9885363], [78.2431754, 9.9883043], [78.2420868, 9.9868769], [78.2419343, 9.986677], [78.2411978, 9.9857923], [78.2410433, 9.9856299], [78.2410255, 9.9856109], [78.2399799, 9.9847837], [78.2392215, 9.9844087]]}, "properties": {"kind": "road", "name": "Madurai - Trichy Highway", "osm_id": 1409274194, "osm_type": "way", "highway": "trunk"}}, {"type": "Feature", "geometry": {"type": "LineString", "coordinates": [[78.239189, 9.9844949], [78.2398962, 9.984863], [78.2404694, 9.9852529], [78.2410523, 9.9857828], [78.2418027, 9.9867195], [78.2419929, 9.986952], [78.2433042, 9.9886888], [78.2436177, 9.9891489]]}, "properties": {"kind": "road", "name": "Madurai - Trichy Highway", "osm_id": 1409274195, "osm_type": "way", "highway": "trunk"}}, {"type": "Feature", "geometry": {"type": "LineString", "coordinates": [[78.1697068, 9.9214998], [78.1696431, 9.9222033], [78.1696376, 9.9229364]]}, "properties": {"kind": "road", "name": "Madurai Ring Road", "osm_id": 1409274202, "osm_type": "way", "highway": "trunk"}}, {"type": "Feature", "geometry": {"type": "LineString", "coordinates": [[78.1697573, 9.9229444], [78.1698372, 9.9222265], [78.1698623, 9.9215156]]}, "properties": {"kind": "road", "name": "Madurai Ring Road", "osm_id": 1409274203, "osm_type": "way", "highway": "trunk"}}, {"type": "Feature", "geometry": {"type": "LineString", "coordinates": [[78.1697068, 9.9214998], [78.1698623, 9.9215156]]}, "properties": {"kind": "road", "name": "", "osm_id": 1409274204, "osm_type": "way", "highway": "trunk_link"}}, {"type": "Feature", "geometry": {"type": "LineString", "coordinates": [[78.1698623, 9.9215156], [78.1698517, 9.9212583], [78.1698794, 9.9208921], [78.1699058, 9.9205512], [78.1700247, 9.9190394], [78.1702793, 9.9157017], [78.1702863, 9.9154651]]}, "properties": {"kind": "road", "name": "Madurai Ring Road", "osm_id": 1409274205, "osm_type": "way", "highway": "trunk"}}, {"type": "Feature", "geometry": {"type": "LineString", "coordinates": [[78.1702058, 9.9154315], [78.1701959, 9.9156746], [78.170091, 9.917112], [78.1699582, 9.9186431], [78.1699263, 9.9190556], [78.1698895, 9.9195056], [78.1697068, 9.9214998]]}, "properties": {"kind": "road", "name": "Madurai Ring Road", "osm_id": 1409274206, "osm_type": "way", "highway": "trunk"}}, {"type": "Feature", "geometry": {"type": "LineString", "coordinates": [[78.1355455, 9.9369809], [78.1357164, 9.9372093]]}, "properties": {"kind": "road", "name": "Tallakulam Etram", "osm_id": 1426082456, "osm_type": "way", "highway": "trunk"}}, {"type": "Feature", "geometry": {"type": "LineString", "coordinates": [[78.1357164, 9.9372093], [78.1357443, 9.9372465]]}, "properties": {"kind": "road", "name": "Tallakulam Etram", "osm_id": 1426082457, "osm_type": "way", "highway": "trunk"}}, {"type": "Feature", "geometry": {"type": "LineString", "coordinates": [[78.1265373, 9.9144206], [78.1256131, 9.914349]]}, "properties": {"kind": "road", "name": "Pazhaya Kuyavar Pazhayam Salai", "osm_id": 1426599189, "osm_type": "way", "highway": "primary"}}, {"type": "Feature", "geometry": {"type": "LineString", "coordinates": [[78.1354548, 9.9369045], [78.1355036, 9.9370153], [78.135616, 9.9372234], [78.1356317, 9.9372542]]}, "properties": {"kind": "road", "name": "Gokhale Salai", "osm_id": 1426602324, "osm_type": "way", "highway": "primary"}}, {"type": "Feature", "geometry": {"type": "LineString", "coordinates": [[77.9841402, 9.8133055], [77.9840953, 9.8138024], [77.9840777, 9.8141199]]}, "properties": {"kind": "road", "name": "Varanasi - Kanniyakumari Road (Old NH7)", "osm_id": 1465738434, "osm_type": "way", "highway": "primary"}}, {"type": "Feature", "geometry": {"type": "LineString", "coordinates": [[77.9841011, 9.8121928], [77.9841576, 9.81237], [77.9842096, 9.8125317], [77.9842242, 9.812666], [77.984192, 9.8128783], [77.9841402, 9.8133055]]}, "properties": {"kind": "road", "name": "Varanasi - Kanniyakumari Road (Old NH7)", "osm_id": 1465738435, "osm_type": "way", "highway": "primary"}}, {"type": "Feature", "geometry": {"type": "LineString", "coordinates": [[77.9843426, 9.8119998], [77.984322, 9.8119676], [77.9842943, 9.8119411], [77.9842609, 9.811922], [77.9842239, 9.8119113], [77.9841853, 9.8119097], [77.9841475, 9.8119172], [77.9841125, 9.8119333], [77.9840825, 9.8119573], [77.9840593, 9.8119876], [77.984044, 9.8120226], [77.9840377, 9.8120601], [77.9840407, 9.812098], [77.9840528, 9.8121342], [77.9840733, 9.8121664], [77.9841011, 9.8121928], [77.9841344, 9.8122119], [77.9841715, 9.8122226], [77.9842101, 9.8122243], [77.9842479, 9.8122168], [77.9842828, 9.8122006], [77.9843128, 9.8121767], [77.9843361, 9.8121463], [77.9843513, 9.8121114], [77.9843577, 9.8120738], [77.9843547, 9.8120359], [77.9843426, 9.8119998]]}, "properties": {"kind": "road", "name": "Varanasi - Kanniyakumari Road (Old NH7)", "osm_id": 1465738436, "osm_type": "way", "highway": "primary"}}, {"type": "Feature", "geometry": {"type": "LineString", "coordinates": [[78.1418443, 9.914654], [78.1424304, 9.9144307], [78.1432986, 9.9140563], [78.1435614, 9.9139337], [78.143863, 9.9137957], [78.1441548, 9.9136443], [78.1442714, 9.9135838]]}, "properties": {"kind": "road", "name": "Kamarajar Salai", "osm_id": 1469413172, "osm_type": "way", "highway": "trunk"}}, {"type": "Feature", "geometry": {"type": "LineString", "coordinates": [[78.1487538, 9.9270112], [78.1488249, 9.927027]]}, "properties": {"kind": "road", "name": "Sivagangai Salai", "osm_id": 1484099690, "osm_type": "way", "highway": "primary"}}, {"type": "Feature", "geometry": {"type": "LineString", "coordinates": [[78.1485581, 9.9269838], [78.1485817, 9.9270028], [78.1486074, 9.9270139], [78.1486424, 9.9270159], [78.148693, 9.927004], [78.1487538, 9.9270112]]}, "properties": {"kind": "road", "name": "Sivagangai Salai", "osm_id": 1484099702, "osm_type": "way", "highway": "primary"}}, {"type": "Feature", "geometry": {"type": "LineString", "coordinates": [[78.148998, 9.9270684], [78.1492651, 9.9271313], [78.1494085, 9.9271673], [78.1494713, 9.9271787], [78.1498675, 9.9272602], [78.1501669, 9.9272944], [78.1504517, 9.9273195], [78.1511791, 9.9273787], [78.151441, 9.9273965], [78.1517495, 9.9273947], [78.1521663, 9.9273701], [78.1525797, 9.927397], [78.1526165, 9.9274026], [78.1529293, 9.9274695], [78.1532686, 9.9275313], [78.1532971, 9.9275321], [78.1535813, 9.9275133], [78.1538152, 9.927522], [78.153894, 9.927533], [78.1540463, 9.9275645], [78.1542663, 9.9276278], [78.1546223, 9.9277385], [78.1548451, 9.9278124], [78.1548883, 9.9278279], [78.1549511, 9.9278169]]}, "properties": {"kind": "road", "name": "Sivagangai Salai", "osm_id": 1484099735, "osm_type": "way", "highway": "primary"}}, {"type": "Feature", "geometry": {"type": "LineString", "coordinates": [[78.1488249, 9.927027], [78.148998, 9.9270684]]}, "properties": {"kind": "road", "name": "Sivagangai Salai", "osm_id": 1484099744, "osm_type": "way", "highway": "primary"}}, {"type": "Feature", "geometry": {"type": "LineString", "coordinates": [[78.14873, 9.9269323], [78.1487078, 9.9269136], [78.1486794, 9.9269021], [78.1486461, 9.9268984], [78.1486122, 9.9269023]]}, "properties": {"kind": "road", "name": "Sivagangai Salai", "osm_id": 1484099753, "osm_type": "way", "highway": "primary"}}, {"type": "Feature", "geometry": {"type": "LineString", "coordinates": [[78.1486122, 9.9269023], [78.1483615, 9.926853], [78.1476704, 9.9267052], [78.1471202, 9.92658], [78.1469967, 9.926566], [78.146592, 9.9265435], [78.1463561, 9.9265229], [78.1462267, 9.9264979], [78.1461067, 9.9264643], [78.145996, 9.9264202], [78.1458904, 9.9263624], [78.1457442, 9.9262891], [78.1456385, 9.9262261], [78.1453997, 9.9260804], [78.1452662, 9.9260147], [78.1451478, 9.9259801], [78.145029, 9.9259543], [78.1449145, 9.9259315], [78.1445964, 9.9259377], [78.144173, 9.9259912], [78.1439073, 9.926064], [78.143736, 9.92615], [78.1435683, 9.9262571], [78.1434287, 9.9263435], [78.1432419, 9.9264423], [78.143142, 9.9264713], [78.1429276, 9.9265038], [78.1427835, 9.9265157], [78.1425421, 9.9265124], [78.1423662, 9.9265027], [78.1422836, 9.9264981]]}, "properties": {"kind": "road", "name": "Sivagangai Salai", "osm_id": 1484099776, "osm_type": "way", "highway": "primary"}}, {"type": "Feature", "geometry": {"type": "LineString", "coordinates": [[78.2279594, 9.9790099], [78.2277074, 9.9794196]]}, "properties": {"kind": "road", "name": "Madurai North Ring Road", "osm_id": 1543997547, "osm_type": "way", "highway": "motorway"}}, {"type": "Feature", "geometry": {"type": "LineString", "coordinates": [[78.2278865, 9.9794991], [78.2281967, 9.9790232]]}, "properties": {"kind": "road", "name": "Madurai North Ring Road", "osm_id": 1543997548, "osm_type": "way", "highway": "motorway"}}, {"type": "Feature", "geometry": {"type": "LineString", "coordinates": [[78.2120286, 9.9920093], [78.2140102, 9.9906634], [78.2166142, 9.9889288], [78.2193356, 9.9871382], [78.2217234, 9.9855737], [78.2244658, 9.9837639], [78.2257122, 9.9826898], [78.2262471, 9.9820989], [78.2269579, 9.9809477], [78.2275705, 9.9800262]]}, "properties": {"kind": "road", "name": "Madurai North Ring Road", "osm_id": 1543997549, "osm_type": "way", "highway": "motorway"}}, {"type": "Feature", "geometry": {"type": "LineString", "coordinates": [[77.9796571, 10.064477], [77.9794273, 10.0648367], [77.9792816, 10.0651229], [77.9790789, 10.0657136], [77.978935, 10.066265], [77.9784604, 10.0680576]]}, "properties": {"kind": "road", "name": "Vadippatti Bypass", "osm_id": 1543997550, "osm_type": "way", "highway": "trunk"}}, {"type": "Feature", "geometry": {"type": "LineString", "coordinates": [[77.9784604, 10.0680576], [77.978202, 10.0690912]]}, "properties": {"kind": "road", "name": "Vadippatti Bypass", "osm_id": 1543997551, "osm_type": "way", "highway": "trunk"}}, {"type": "Feature", "geometry": {"type": "LineString", "coordinates": [[77.9783684, 10.069048], [77.9786273, 10.0680135]]}, "properties": {"kind": "road", "name": "Vadippatti Bypass", "osm_id": 1543997552, "osm_type": "way", "highway": "trunk"}}, {"type": "Feature", "geometry": {"type": "LineString", "coordinates": [[77.9776943, 10.074058], [77.9778421, 10.073405], [77.9779355, 10.0726601], [77.9780709, 10.0709634], [77.9781503, 10.0703979], [77.978225, 10.0699197], [77.9786278, 10.0685411]]}, "properties": {"kind": "road", "name": "", "osm_id": 1543997553, "osm_type": "way", "highway": "trunk_link"}}, {"type": "Feature", "geometry": {"type": "LineString", "coordinates": [[77.9786278, 10.0685411], [77.9786488, 10.06843], [77.9787714, 10.0678], [77.9790703, 10.0666596], [77.9792991, 10.0657676], [77.9794859, 10.0652618], [77.9798035, 10.064687], [77.9802312, 10.0640774]]}, "properties": {"kind": "road", "name": "", "osm_id": 1543997554, "osm_type": "way", "highway": "trunk_link"}}, {"type": "Feature", "geometry": {"type": "LineString", "coordinates": [[77.978422, 10.0676857], [77.9782184, 10.0684821], [77.9781907, 10.0685726], [77.9781408, 10.0687421]]}, "properties": {"kind": "road", "name": "", "osm_id": 1543997555, "osm_type": "way", "highway": "trunk_link"}}, {"type": "Feature", "geometry": {"type": "LineString", "coordinates": [[78.0342149, 10.0563404], [78.0327309, 10.0567885], [78.0287621, 10.0579873], [78.0268376, 10.0585449], [78.0245668, 10.0592576], [78.0217349, 10.0600984], [78.0206845, 10.0603927], [78.019561, 10.0606309], [78.0185146, 10.0607891], [78.0174927, 10.0608752], [78.0157985, 10.0608928], [78.0121691, 10.0608624], [78.0089555, 10.0610068], [78.0078368, 10.061155], [78.0060044, 10.0614757], [78.0039321, 10.0620125], [77.9985635, 10.0635718], [77.9931639, 10.0653885], [77.9923795, 10.0656531], [77.9915718, 10.0658672], [77.9907161, 10.0659654], [77.9862375, 10.0664331], [77.9843257, 10.0669178], [77.9800899, 10.0679987], [77.9786488, 10.06843]]}, "properties": {"kind": "road", "name": "Madurai North Ring Road", "osm_id": 1543997592, "osm_type": "way", "highway": "motorway"}}, {"type": "Feature", "geometry": {"type": "LineString", "coordinates": [[77.9786278, 10.0685411], [77.984137, 10.0671037], [77.9851596, 10.0668149], [77.9862756, 10.0665445], [77.9893112, 10.0662431], [77.9915235, 10.0660001], [77.9930405, 10.0655966], [77.9970417, 10.0641896], [78.003949, 10.0621387], [78.0060388, 10.0615921], [78.007867, 10.0612777], [78.009004, 10.0611314], [78.012202, 10.0609856], [78.0157581, 10.0610163], [78.0175335, 10.0609909], [78.0185504, 10.0609047], [78.0195918, 10.0607543], [78.0206962, 10.060522], [78.0218087, 10.0602175], [78.0246721, 10.0593427], [78.0272369, 10.0585836], [78.0327552, 10.0568976], [78.0357056, 10.056023], [78.0381517, 10.055268], [78.0452099, 10.0531193]]}, "properties": {"kind": "road", "name": "Madurai North Ring Road", "osm_id": 1543997616, "osm_type": "way", "highway": "motorway"}}, {"type": "Feature", "geometry": {"type": "LineString", "coordinates": [[78.0452099, 10.0531193], [78.0453154, 10.0530872]]}, "properties": {"kind": "road", "name": "Madurai North Ring Road", "osm_id": 1543997617, "osm_type": "way", "highway": "motorway"}}, {"type": "Feature", "geometry": {"type": "LineString", "coordinates": [[78.0451923, 10.0530039], [78.0380123, 10.0551818], [78.0356658, 10.0559024], [78.0342149, 10.0563404]]}, "properties": {"kind": "road", "name": "Madurai North Ring Road", "osm_id": 1543997618, "osm_type": "way", "highway": "motorway"}}, {"type": "Feature", "geometry": {"type": "LineString", "coordinates": [[78.0452977, 10.0529719], [78.0451923, 10.0530039]]}, "properties": {"kind": "road", "name": "Madurai North Ring Road", "osm_id": 1543997619, "osm_type": "way", "highway": "motorway"}}, {"type": "Feature", "geometry": {"type": "LineString", "coordinates": [[78.0696407, 10.0424191], [78.063032, 10.0461347], [78.0595212, 10.0480884], [78.0579312, 10.0488692], [78.052723, 10.0507596], [78.0478574, 10.0522198], [78.0454863, 10.0529147], [78.0452977, 10.0529719]]}, "properties": {"kind": "road", "name": "Madurai North Ring Road", "osm_id": 1543997620, "osm_type": "way", "highway": "motorway"}}, {"type": "Feature", "geometry": {"type": "LineString", "coordinates": [[78.0700484, 10.0421578], [78.0696407, 10.0424191]]}, "properties": {"kind": "road", "name": "Madurai North Ring Road", "osm_id": 1543997621, "osm_type": "way", "highway": "motorway"}}, {"type": "Feature", "geometry": {"type": "LineString", "coordinates": [[78.0453154, 10.0530872], [78.0455138, 10.0530267], [78.0479565, 10.0523197], [78.0528251, 10.0508693], [78.0579579, 10.0489829], [78.0593393, 10.0483817], [78.0633272, 10.0461555], [78.0696415, 10.0425512]]}, "properties": {"kind": "road", "name": "Madurai North Ring Road", "osm_id": 1543997622, "osm_type": "way", "highway": "motorway"}}, {"type": "Feature", "geometry": {"type": "LineString", "coordinates": [[78.0696415, 10.0425512], [78.0700661, 10.0422927]]}, "properties": {"kind": "road", "name": "Madurai North Ring Road", "osm_id": 1543997623, "osm_type": "way", "highway": "motorway"}}, {"type": "Feature", "geometry": {"type": "LineString", "coordinates": [[78.092343, 10.0293568], [78.092234, 10.0294157], [78.0885583, 10.031516], [78.0845275, 10.0338402], [78.0778294, 10.0376922], [78.0724071, 10.040815], [78.0700484, 10.0421578]]}, "properties": {"kind": "road", "name": "Madurai North Ring Road", "osm_id": 1543997630, "osm_type": "way", "highway": "motorway"}}, {"type": "Feature", "geometry": {"type": "LineString", "coordinates": [[78.092553, 10.0292315], [78.092343, 10.0293568]]}, "properties": {"kind": "road", "name": "Madurai North Ring Road", "osm_id": 1543997631, "osm_type": "way", "highway": "motorway"}}, {"type": "Feature", "geometry": {"type": "LineString", "coordinates": [[78.0700661, 10.0422927], [78.0727513, 10.0407693], [78.0759635, 10.0388852], [78.0846326, 10.0339153], [78.0884939, 10.0317188], [78.0911246, 10.0302292], [78.092263, 10.0295288], [78.0923888, 10.0294568]]}, "properties": {"kind": "road", "name": "Madurai North Ring Road", "osm_id": 1543997632, "osm_type": "way", "highway": "motorway"}}, {"type": "Feature", "geometry": {"type": "LineString", "coordinates": [[78.0923888, 10.0294568], [78.0925835, 10.0293493]]}, "properties": {"kind": "road", "name": "Madurai North Ring Road", "osm_id": 1543997633, "osm_type": "way", "highway": "motorway"}}, {"type": "Feature", "geometry": {"type": "LineString", "coordinates": [[78.1222759, 10.0212329], [78.1178697, 10.0225019], [78.1072608, 10.0254652], [78.1063849, 10.0256654], [78.1049528, 10.0259366], [78.1039654, 10.0261323], [78.101332, 10.0266955], [78.0971026, 10.027464], [78.0945169, 10.0281511], [78.092553, 10.0292315]]}, "properties": {"kind": "road", "name": "Madurai North Ring Road", "osm_id": 1544293223, "osm_type": "way", "highway": "motorway"}}, {"type": "Feature", "geometry": {"type": "LineString", "coordinates": [[78.12257, 10.0211468], [78.1222759, 10.0212329]]}, "properties": {"kind": "road", "name": "Madurai North Ring Road", "osm_id": 1544293224, "osm_type": "way", "highway": "motorway"}}, {"type": "Feature", "geometry": {"type": "LineString", "coordinates": [[78.0925835, 10.0293493], [78.0945838, 10.0282982], [78.0971389, 10.0276286], [78.1013073, 10.0268952], [78.1038761, 10.0263156], [78.1052717, 10.0260489], [78.1064473, 10.0258312], [78.1073684, 10.0256212], [78.117734, 10.0227299], [78.1220798, 10.0214653]]}, "properties": {"kind": "road", "name": "Madurai North Ring Road", "osm_id": 1544293225, "osm_type": "way", "highway": "motorway"}}, {"type": "Feature", "geometry": {"type": "LineString", "coordinates": [[78.1220798, 10.0214653], [78.1223789, 10.0213798]]}, "properties": {"kind": "road", "name": "Madurai North Ring Road", "osm_id": 1544293226, "osm_type": "way", "highway": "motorway"}}, {"type": "Feature", "geometry": {"type": "LineString", "coordinates": [[78.1223789, 10.0213798], [78.1229402, 10.0212167], [78.1261831, 10.0203664], [78.1292012, 10.0196543]]}, "properties": {"kind": "road", "name": "Madurai North Ring Road", "osm_id": 1544293227, "osm_type": "way", "highway": "motorway"}}, {"type": "Feature", "geometry": {"type": "LineString", "coordinates": [[78.1292012, 10.0196543], [78.1310587, 10.0192047]]}, "properties": {"kind": "road", "name": "Madurai North Ring Road", "osm_id": 1544293228, "osm_type": "way", "highway": "motorway"}}, {"type": "Feature", "geometry": {"type": "LineString", "coordinates": [[78.1291665, 10.0195316], [78.1276158, 10.0198648], [78.1260451, 10.0202495], [78.12257, 10.0211468]]}, "properties": {"kind": "road", "name": "Madurai North Ring Road", "osm_id": 1544293229, "osm_type": "way", "highway": "motorway"}}, {"type": "Feature", "geometry": {"type": "LineString", "coordinates": [[78.1310222, 10.0190736], [78.1291665, 10.0195316]]}, "properties": {"kind": "road", "name": "Madurai North Ring Road", "osm_id": 1544293230, "osm_type": "way", "highway": "motorway"}}, {"type": "Feature", "geometry": {"type": "LineString", "coordinates": [[78.1534652, 10.0144942], [78.1523263, 10.0150761], [78.1486759, 10.0169592], [78.1478197, 10.0173361], [78.147284, 10.0175288], [78.1467084, 10.0176888], [78.1460613, 10.0178063], [78.1453076, 10.0178705], [78.1445035, 10.0178871], [78.1430263, 10.0178445], [78.1390027, 10.0177081], [78.1379802, 10.0177222], [78.136885, 10.0178172], [78.1361884, 10.0179054], [78.1341274, 10.0182856], [78.1310222, 10.0190736]]}, "properties": {"kind": "road", "name": "Madurai North Ring Road", "osm_id": 1544293233, "osm_type": "way", "highway": "motorway"}}, {"type": "Feature", "geometry": {"type": "LineString", "coordinates": [[78.1542141, 10.0141035], [78.1534652, 10.0144942]]}, "properties": {"kind": "road", "name": "Madurai North Ring Road", "osm_id": 1544293234, "osm_type": "way", "highway": "motorway"}}, {"type": "Feature", "geometry": {"type": "LineString", "coordinates": [[78.1310587, 10.0192047], [78.1341146, 10.018411], [78.1361901, 10.0180246], [78.137028, 10.0179244], [78.1378734, 10.0178591], [78.1389966, 10.017823], [78.1430232, 10.017983], [78.1445123, 10.018004], [78.145321, 10.0179945], [78.1461959, 10.017913], [78.1467657, 10.0177992], [78.1473228, 10.0176497], [78.1478607, 10.0174633], [78.1487894, 10.0170858], [78.1502647, 10.016297], [78.153556, 10.0145825]]}, "properties": {"kind": "road", "name": "Madurai North Ring Road", "osm_id": 1544293235, "osm_type": "way", "highway": "motorway"}}, {"type": "Feature", "geometry": {"type": "LineString", "coordinates": [[78.153556, 10.0145825], [78.1543024, 10.0142043]]}, "properties": {"kind": "road", "name": "Madurai North Ring Road", "osm_id": 1544293236, "osm_type": "way", "highway": "motorway"}}, {"type": "Feature", "geometry": {"type": "LineString", "coordinates": [[78.1758901, 10.0041577], [78.17538, 10.0043549], [78.1716765, 10.005729], [78.1703895, 10.0061973], [78.1691117, 10.006667], [78.1681528, 10.0070296], [78.1667374, 10.0076155], [78.1654524, 10.0082448], [78.1641024, 10.0089381], [78.1588722, 10.0116751], [78.1576007, 10.0123402], [78.1542141, 10.0141035]]}, "properties": {"kind": "road", "name": "Madurai North Ring Road", "osm_id": 1544293237, "osm_type": "way", "highway": "motorway"}}, {"type": "Feature", "geometry": {"type": "LineString", "coordinates": [[78.1767086, 10.0038498], [78.1758901, 10.0041577]]}, "properties": {"kind": "road", "name": "Madurai North Ring Road", "osm_id": 1544293238, "osm_type": "way", "highway": "motorway"}}, {"type": "Feature", "geometry": {"type": "LineString", "coordinates": [[78.1543024, 10.0142043], [78.1561842, 10.0132363], [78.1589355, 10.0117927], [78.163948, 10.009172], [78.1658738, 10.0081567], [78.1671295, 10.0075745], [78.1682715, 10.0071043], [78.1700546, 10.0064414], [78.1717716, 10.0058061], [78.1750041, 10.004619], [78.1759258, 10.0042787]]}, "properties": {"kind": "road", "name": "Madurai North Ring Road", "osm_id": 1544293239, "osm_type": "way", "highway": "motorway"}}, {"type": "Feature", "geometry": {"type": "LineString", "coordinates": [[78.1759258, 10.0042787], [78.1767526, 10.0039745]]}, "properties": {"kind": "road", "name": "Madurai North Ring Road", "osm_id": 1544293240, "osm_type": "way", "highway": "motorway"}}, {"type": "Feature", "geometry": {"type": "LineString", "coordinates": [[78.1829312, 10.0015435], [78.1779641, 10.0033594], [78.1767086, 10.0038498]]}, "properties": {"kind": "road", "name": "Madurai North Ring Road", "osm_id": 1544293241, "osm_type": "way", "highway": "motorway"}}, {"type": "Feature", "geometry": {"type": "LineString", "coordinates": [[78.183513, 10.0013322], [78.1829312, 10.0015435]]}, "properties": {"kind": "road", "name": "Madurai North Ring Road", "osm_id": 1544293242, "osm_type": "way", "highway": "motorway"}}, {"type": "Feature", "geometry": {"type": "LineString", "coordinates": [[78.1767526, 10.0039745], [78.1780681, 10.003478], [78.1829922, 10.0016538]]}, "properties": {"kind": "road", "name": "Madurai North Ring Road", "osm_id": 1544293243, "osm_type": "way", "highway": "motorway"}}, {"type": "Feature", "geometry": {"type": "LineString", "coordinates": [[78.1829922, 10.0016538], [78.1835804, 10.0014347]]}, "properties": {"kind": "road", "name": "Madurai North Ring Road", "osm_id": 1544293244, "osm_type": "way", "highway": "motorway"}}, {"type": "Feature", "geometry": {"type": "LineString", "coordinates": [[78.1938213, 9.9980757], [78.1907561, 9.998738], [78.1897313, 9.9989968], [78.1888053, 9.9993293], [78.1857516, 10.0005011], [78.183513, 10.0013322]]}, "properties": {"kind": "road", "name": "Madurai North Ring Road", "osm_id": 1544293247, "osm_type": "way", "highway": "motorway"}}, {"type": "Feature", "geometry": {"type": "LineString", "coordinates": [[78.1939294, 9.9980524], [78.1938213, 9.9980757]]}, "properties": {"kind": "road", "name": "Madurai North Ring Road", "osm_id": 1544293248, "osm_type": "way", "highway": "motorway"}}, {"type": "Feature", "geometry": {"type": "LineString", "coordinates": [[78.1835804, 10.0014347], [78.1858534, 10.0006073], [78.188992, 9.9993942], [78.1897665, 9.9991027], [78.1905572, 9.9988912], [78.1938691, 9.9981887]]}, "properties": {"kind": "road", "name": "Madurai North Ring Road", "osm_id": 1544293249, "osm_type": "way", "highway": "motorway"}}, {"type": "Feature", "geometry": {"type": "LineString", "coordinates": [[78.1938691, 9.9981887], [78.1939773, 9.9981658]]}, "properties": {"kind": "road", "name": "Madurai North Ring Road", "osm_id": 1544293250, "osm_type": "way", "highway": "motorway"}}, {"type": "Feature", "geometry": {"type": "LineString", "coordinates": [[78.2082865, 9.9939395], [78.2057671, 9.9947938], [78.2032184, 9.9955409], [78.2008835, 9.9962429], [78.1983291, 9.9969969], [78.1974772, 9.9972461], [78.1966091, 9.9974632], [78.1945564, 9.9979169], [78.1939294, 9.9980524]]}, "properties": {"kind": "road", "name": "Madurai North Ring Road", "osm_id": 1544293251, "osm_type": "way", "highway": "motorway"}}, {"type": "Feature", "geometry": {"type": "LineString", "coordinates": [[78.2085037, 9.9938356], [78.2082865, 9.9939395]]}, "properties": {"kind": "road", "name": "Madurai North Ring Road", "osm_id": 1544293252, "osm_type": "way", "highway": "motorway"}}, {"type": "Feature", "geometry": {"type": "LineString", "coordinates": [[78.1939773, 9.9981658], [78.1946226, 9.9980289], [78.1966066, 9.9975805], [78.1975172, 9.9973603], [78.198371, 9.9971081], [78.2009367, 9.9963434], [78.2032788, 9.9956507], [78.2058645, 9.994886], [78.2083918, 9.9940291]]}, "properties": {"kind": "road", "name": "Madurai North Ring Road", "osm_id": 1544293253, "osm_type": "way", "highway": "motorway"}}, {"type": "Feature", "geometry": {"type": "LineString", "coordinates": [[78.2083918, 9.9940291], [78.208609, 9.9939315]]}, "properties": {"kind": "road", "name": "Madurai North Ring Road", "osm_id": 1544293254, "osm_type": "way", "highway": "motorway"}}, {"type": "Feature", "geometry": {"type": "LineString", "coordinates": [[78.2113764, 9.9922963], [78.2085037, 9.9938356]]}, "properties": {"kind": "road", "name": "Madurai North Ring Road", "osm_id": 1544293255, "osm_type": "way", "highway": "motorway"}}, {"type": "Feature", "geometry": {"type": "LineString", "coordinates": [[78.2119531, 9.9919071], [78.2113764, 9.9922963]]}, "properties": {"kind": "road", "name": "Madurai North Ring Road", "osm_id": 1544293256, "osm_type": "way", "highway": "motorway"}}, {"type": "Feature", "geometry": {"type": "LineString", "coordinates": [[78.208609, 9.9939315], [78.2114547, 9.9923991]]}, "properties": {"kind": "road", "name": "Madurai North Ring Road", "osm_id": 1544293257, "osm_type": "way", "highway": "motorway"}}, {"type": "Feature", "geometry": {"type": "LineString", "coordinates": [[78.2114547, 9.9923991], [78.2120286, 9.9920093]]}, "properties": {"kind": "road", "name": "Madurai North Ring Road", "osm_id": 1544293258, "osm_type": "way", "highway": "motorway"}}, {"type": "Feature", "geometry": {"type": "LineString", "coordinates": [[78.105767, 9.8707088], [78.1057159, 9.8705645], [78.1056334, 9.870425], [78.105339, 9.8699734], [78.1049508, 9.8693998], [78.10444, 9.8686152], [78.1040507, 9.8680262], [78.1035879, 9.867346], [78.1034362, 9.8671109], [78.1030912, 9.8665716], [78.1025919, 9.8658307], [78.102216, 9.8652683], [78.101858, 9.8647198], [78.1014799, 9.8641616], [78.1012925, 9.8638407], [78.1011709, 9.8635462], [78.10094, 9.8629594], [78.1007718, 9.8625572], [78.1006534, 9.8622089], [78.1004783, 9.861688], [78.1003879, 9.8613023], [78.1003154, 9.8608221], [78.100263, 9.8600628], [78.1001894, 9.8588243], [78.1001504, 9.858109], [78.1000756, 9.8569156], [78.1000399, 9.8563222], [78.0999931, 9.8557068], [78.099934, 9.8553596], [78.0998597, 9.8550797], [78.099779, 9.8549068], [78.0996473, 9.8546838], [78.0994611, 9.8544277]]}, "properties": {"kind": "road", "name": "Aruppukottai Salai", "osm_id": 1545987167, "osm_type": "way", "highway": "primary"}}, {"type": "Feature", "geometry": {"type": "LineString", "coordinates": [[78.0991284, 9.8540654], [78.0992107, 9.8542149], [78.0992875, 9.8543139]]}, "properties": {"kind": "road", "name": "Aruppukottai Salai", "osm_id": 1545987168, "osm_type": "way", "highway": "primary"}}, {"type": "Feature", "geometry": {"type": "LineString", "coordinates": [[78.0993484, 9.8542706], [78.0992737, 9.8541717], [78.0991284, 9.8540654]]}, "properties": {"kind": "road", "name": "", "osm_id": 1545987169, "osm_type": "way", "highway": "primary"}}, {"type": "Feature", "geometry": {"type": "LineString", "coordinates": [[78.0994611, 9.8544277], [78.0993484, 9.8542706]]}, "properties": {"kind": "road", "name": "Aruppukottai Salai", "osm_id": 1545987170, "osm_type": "way", "highway": "primary"}}, {"type": "Feature", "geometry": {"type": "LineString", "coordinates": [[78.10854, 9.8729454], [78.1079347, 9.8722312], [78.1076085, 9.8720198], [78.107174, 9.8719164], [78.1068438, 9.871814], [78.1065324, 9.8716522], [78.1062185, 9.8713678], [78.106003, 9.8710761], [78.105767, 9.8707088]]}, "properties": {"kind": "road", "name": "Aruppukottai Salai", "osm_id": 1545987171, "osm_type": "way", "highway": "primary"}}, {"type": "Feature", "geometry": {"type": "LineString", "coordinates": [[78.1025919, 9.8658307], [78.1025298, 9.8658785]]}, "properties": {"kind": "road", "name": "", "osm_id": 1545987172, "osm_type": "way", "highway": "primary_link"}}, {"type": "Feature", "geometry": {"type": "LineString", "coordinates": [[78.1035879, 9.867346], [78.103528, 9.8673839]]}, "properties": {"kind": "road", "name": "", "osm_id": 1545987173, "osm_type": "way", "highway": "primary_link"}}, {"type": "Feature", "geometry": {"type": "LineString", "coordinates": [[78.1043759, 9.8686539], [78.10444, 9.8686152]]}, "properties": {"kind": "road", "name": "", "osm_id": 1545987174, "osm_type": "way", "highway": "primary_link"}}, {"type": "Feature", "geometry": {"type": "LineString", "coordinates": [[78.1008715, 9.8629832], [78.10094, 9.8629594]]}, "properties": {"kind": "road", "name": "", "osm_id": 1545987175, "osm_type": "way", "highway": "primary_link"}}, {"type": "Feature", "geometry": {"type": "LineString", "coordinates": [[78.1004073, 9.8617077], [78.1004783, 9.861688]]}, "properties": {"kind": "road", "name": "", "osm_id": 1545987176, "osm_type": "way", "highway": "primary_link"}}, {"type": "Feature", "geometry": {"type": "LineString", "coordinates": [[78.1006534, 9.8622089], [78.1005838, 9.8622254]]}, "properties": {"kind": "road", "name": "", "osm_id": 1545987177, "osm_type": "way", "highway": "primary_link"}}, {"type": "Feature", "geometry": {"type": "LineString", "coordinates": [[78.1000008, 9.8569193], [78.1000756, 9.8569156]]}, "properties": {"kind": "road", "name": "", "osm_id": 1545987178, "osm_type": "way", "highway": "primary_link"}}, {"type": "Feature", "geometry": {"type": "LineString", "coordinates": [[78.100263, 9.8600628], [78.1001953, 9.8600611]]}, "properties": {"kind": "road", "name": "", "osm_id": 1545987179, "osm_type": "way", "highway": "primary_link"}}], "properties": {"source": "OpenStreetMap via Overpass", "retrieved": "2026-09-18"}}