{"type": "FeatureCollection", "features": [{"type": "Feature", "geometry": {"type": "Polygon", "coordinates": [[[77.3974937, 23.2502497], [77.3976604, 23.2504652], [77.3977911, 23.2506218], [77.397983, 23.250786], [77.398086, 23.2509043], [77.3981804, 23.2509279], [77.3982834, 23.2508727], [77.3983422, 23.2508063], [77.3984146, 23.2507612], [77.3984636, 23.2507229], [77.3989099, 23.2505257], [77.3991159, 23.250368], [77.3992962, 23.2502655], [77.3996309, 23.2502655], [77.3999142, 23.2501157], [77.4002403, 23.2500053], [77.4006265, 23.2499737], [77.4008583, 23.2498949], [77.4010557, 23.2499658], [77.4015449, 23.2499501], [77.4021801, 23.2497687], [77.4022883, 23.2497164], [77.4024565, 23.2497551], [77.4025577, 23.2495558], [77.4026246, 23.2496027], [77.4026779, 23.2497135], [77.4027437, 23.2497658], [77.4028301, 23.2497593], [77.4028674, 23.2497315], [77.4031103, 23.2497079], [77.4034652, 23.2497379], [77.403562, 23.2496583], [77.4037477, 23.2496049], [77.4039952, 23.2498151], [77.405618, 23.2503987], [77.4055994, 23.2506926], [77.4055994, 23.2510316], [77.4056648, 23.2512197], [77.4058279, 23.2513222], [77.406051, 23.2513932], [77.4061154, 23.2513619], [77.4061504, 23.2513684], [77.4062313, 23.2514484], [77.4068235, 23.2517165], [77.4068493, 23.251819], [77.4069351, 23.2518979], [77.4070209, 23.25189], [77.4071568, 23.2520463], [77.4071988, 23.2521407], [77.4073128, 23.2522133], [77.4076402, 23.2525419], [77.4079136, 23.2526944], [77.4080091, 23.2528336], [77.4081453, 23.2531675], [77.4081889, 23.2532949], [77.408336, 23.2533807], [77.4084886, 23.2534041], [77.4086861, 23.2534435], [77.408789, 23.2536328], [77.4089178, 23.25424], [77.4091495, 23.2542558], [77.4092697, 23.2544529], [77.4093727, 23.2544923], [77.4113296, 23.2539955], [77.411527, 23.253893], [77.41157, 23.2536801], [77.411673, 23.2533883], [77.4121279, 23.2530966], [77.4122137, 23.2529625], [77.4125999, 23.2528994], [77.4134239, 23.2523316], [77.41369, 23.2521424], [77.4137758, 23.252032], [77.4137415, 23.2516298], [77.4137462, 23.2515121], [77.4136808, 23.2514735], [77.4135384, 23.2514821], [77.413452, 23.2513105], [77.4133259, 23.251274], [77.4127973, 23.2514011], [77.4125553, 23.2515207], [77.412351, 23.2515903], [77.4121965, 23.2516455], [77.4119047, 23.2516534], [77.4116129, 23.2516298], [77.4111923, 23.2516298], [77.4109005, 23.2516534], [77.4106945, 23.2516298], [77.4105142, 23.2514484], [77.4103855, 23.2508096], [77.4105572, 23.2506283], [77.4106001, 23.2505179], [77.410629, 23.2504094], [77.4106009, 23.2503343], [77.41054, 23.2502497], [77.410231, 23.2502182], [77.4100593, 23.2500999], [77.4099392, 23.2500762], [77.4096645, 23.249398], [77.4094929, 23.2493428], [77.4093984, 23.2492088], [77.4091532, 23.249075], [77.4090995, 23.24906], [77.4090208, 23.2490432], [77.408935, 23.248846], [77.4089197, 23.2487703], [77.4087547, 23.2476315], [77.4085916, 23.2472609], [77.4087032, 23.246488], [77.4086689, 23.246283], [77.4085316, 23.2461726], [77.4083256, 23.2461647], [77.4081367, 23.2461253], [77.4079822, 23.2461962], [77.4078449, 23.2462751], [77.4077076, 23.2462672], [77.4075102, 23.2461568], [77.4073385, 23.2459518], [77.4070209, 23.2455732], [77.4066175, 23.2452105], [77.4062485, 23.2449581], [77.4057077, 23.2445874], [77.4051241, 23.2442325], [77.4048382, 23.244119], [77.4045662, 23.2439408], [77.4043758, 23.2438551], [77.4040684, 23.2436963], [77.4039509, 23.243632], [77.4037422, 23.2434833], [77.4035705, 23.2433177], [77.4033731, 23.243231], [77.4028839, 23.2431127], [77.4026951, 23.2429155], [77.402429, 23.2427341], [77.4020428, 23.2425922], [77.4017595, 23.2425291], [77.4014763, 23.2425133], [77.4012531, 23.2425685], [77.4009597, 23.2426429], [77.4011722, 23.2428704], [77.4016479, 23.2433019], [77.4017853, 23.243507], [77.4018539, 23.243712], [77.4020428, 23.2439329], [77.4023088, 23.2441931], [77.4027037, 23.2445086], [77.4030384, 23.2448004], [77.4033045, 23.2449265], [77.4039739, 23.2452183], [77.4043344, 23.2454628], [77.4046606, 23.2457625], [77.4048923, 23.2461095], [77.4049009, 23.2462988], [77.4048494, 23.2464486], [77.4045748, 23.2466615], [77.4041559, 23.2467634], [77.4036993, 23.2468745], [77.4033975, 23.2469405], [77.4028152, 23.247111], [77.4020925, 23.2474298], [77.4017069, 23.2475174], [77.4015225, 23.2476204], [77.4010975, 23.2477384], [77.4008873, 23.24791], [77.4006248, 23.2481097], [77.4003565, 23.2483562], [77.3996824, 23.2486804], [77.3989443, 23.2490826], [77.3981804, 23.2495163], [77.397983, 23.2495558], [77.3976826, 23.2498397], [77.3975195, 23.2500999], [77.3974937, 23.2502497]]]}, "properties": {"kind": "waterbody", "name": "Lower Lake", "osm_id": 28672430, "tag": "lake"}}, {"type": "Feature", "geometry": {"type": "Polygon", "coordinates": [[[77.4213032, 23.2108532], [77.4213522, 23.210792], [77.4214181, 23.2106653], [77.421488, 23.2105643], [77.42155, 23.2104669], [77.4216139, 23.2104632], [77.4216279, 23.2105367], [77.421592, 23.2106689], [77.4216319, 23.2107424], [77.4216679, 23.2108011], [77.4217158, 23.2108085], [77.4217658, 23.2108232], [77.4218757, 23.2108452], [77.4219696, 23.2108636], [77.4220895, 23.2108397], [77.4223133, 23.210882], [77.4223672, 23.2109297], [77.4223632, 23.2109903], [77.4223672, 23.2110931], [77.4223992, 23.2111648], [77.4224711, 23.211218], [77.4225071, 23.2112915], [77.4225551, 23.2113906], [77.422603, 23.2114531], [77.4227029, 23.2113961], [77.4227529, 23.2113135], [77.4227649, 23.2112529], [77.4228148, 23.2112639], [77.4228628, 23.2112364], [77.4228408, 23.2111666], [77.4227349, 23.2111409], [77.4227469, 23.2110803], [77.4227169, 23.2109683], [77.422649, 23.2107993], [77.4225551, 23.2107314], [77.4224851, 23.2106469], [77.4223692, 23.2105716], [77.4222873, 23.2104798], [77.4223792, 23.2103365], [77.4223772, 23.2102006], [77.4223333, 23.2101015], [77.4222733, 23.2100262], [77.4221854, 23.2099031], [77.4220795, 23.2098168], [77.4219636, 23.2097856], [77.4218139, 23.2097452], [77.4215679, 23.2095176], [77.421513, 23.2093778], [77.4214381, 23.2092806], [77.4212518, 23.2092682], [77.4212259, 23.2090388], [77.4213461, 23.2088653], [77.4214748, 23.2084393], [77.4216036, 23.2083801], [77.4217495, 23.2083131], [77.4218954, 23.2083762], [77.4221615, 23.2084866], [77.4224361, 23.2086996], [77.4226078, 23.2087706], [77.422685, 23.2088337], [77.4228567, 23.2087706], [77.4229683, 23.2083604], [77.4232, 23.2083289], [77.4232086, 23.2084551], [77.4233803, 23.2084551], [77.4234403, 23.2082973], [77.4236034, 23.2081317], [77.4236292, 23.2079344], [77.4235004, 23.2077372], [77.4233202, 23.2076347], [77.4230713, 23.2078713], [77.423097, 23.2076662], [77.4230884, 23.2075795], [77.4229854, 23.2075164], [77.422891, 23.2072876], [77.4230026, 23.2071614], [77.4232601, 23.2073191], [77.4234318, 23.2073034], [77.4236549, 23.2071614], [77.4236978, 23.2068695], [77.4236463, 23.2067196], [77.4236721, 23.2065618], [77.4241785, 23.2061359], [77.4243845, 23.2056546], [77.4250454, 23.2040532], [77.4250797, 23.2037929], [77.4251123, 23.2034312], [77.4250546, 23.20343], [77.4250546, 23.2033486], [77.4249795, 23.20334], [77.4249809, 23.2030503], [77.4249138, 23.2030466], [77.4249339, 23.2028186], [77.4247945, 23.2028124], [77.4247931, 23.2029246], [77.4246322, 23.2029184], [77.4246375, 23.2028679], [77.4245531, 23.2028642], [77.4245557, 23.2028026], [77.4244122, 23.2027976], [77.424414, 23.2026636], [77.4245624, 23.202662], [77.4245638, 23.2025868], [77.424651, 23.2025868], [77.4246577, 23.2025092], [77.4247167, 23.2024611], [77.42473, 23.2023926], [77.4248508, 23.2022491], [77.4248729, 23.2021977], [77.4249247, 23.2020771], [77.4249373, 23.2018712], [77.4248381, 23.2017167], [77.4247335, 23.2016797], [77.4245168, 23.201618], [77.4242835, 23.2015576], [77.4241718, 23.2015938], [77.4241045, 23.2016156], [77.423729, 23.2014923], [77.4235691, 23.2015367], [77.4233549, 23.2014628], [77.4233219, 23.2013505], [77.423146, 23.2012831], [77.4230172, 23.2013066], [77.4230098, 23.2013325], [77.4229005, 23.20129], [77.4229158, 23.201253], [77.4224529, 23.2010941], [77.422007, 23.2009278], [77.4219567, 23.2007366], [77.4218467, 23.2005912], [77.4217877, 23.2004963], [77.4218441, 23.2004793], [77.4216955, 23.2003573], [77.421597, 23.2004384], [77.4214279, 23.2005653], [77.4214812, 23.2006334], [77.4195823, 23.2023626], [77.4179558, 23.2038008], [77.4184879, 23.204424], [77.4187197, 23.204992], [77.4187626, 23.2052997], [77.4185737, 23.205418], [77.4186081, 23.2055284], [77.4187454, 23.2055284], [77.4188312, 23.2057335], [77.4189771, 23.2057414], [77.4189771, 23.2058755], [77.4190544, 23.206057], [77.4191488, 23.206057], [77.4190544, 23.2063331], [77.418995, 23.2063989], [77.4188179, 23.2065952], [77.4188403, 23.2071431], [77.4189118, 23.2072374], [77.4191525, 23.2072278], [77.4201406, 23.206942], [77.4202432, 23.2073211], [77.4204655, 23.2079557], [77.420417, 23.2080777], [77.4204019, 23.2082815], [77.4195265, 23.2088416], [77.4193977, 23.2090073], [77.4198019, 23.2089383], [77.4198716, 23.2092145], [77.4199836, 23.209384], [77.420161, 23.2094385], [77.4202984, 23.2096079], [77.4203863, 23.2097206], [77.4205239, 23.2098027], [77.4206209, 23.2098609], [77.4206714, 23.2100609], [77.4208654, 23.2105455], [77.4208891, 23.2105819], [77.4209218, 23.2106372], [77.4209532, 23.2106934], [77.420944, 23.2107656], [77.4209613, 23.2108533], [77.4209203, 23.2109618], [77.4208809, 23.2112564], [77.4207367, 23.2113423], [77.4206337, 23.2114685], [77.4205564, 23.2116814], [77.4205736, 23.2118865], [77.4206068, 23.2121072], [77.4205869, 23.2124249], [77.4205114, 23.2127927], [77.420417, 23.2130122], [77.4205237, 23.2130087], [77.4206995, 23.2130509], [77.4207882, 23.212841], [77.420874, 23.2117998], [77.4209513, 23.2114448], [77.4211315, 23.2110504], [77.4213032, 23.2108532]]]}, "properties": {"kind": "waterbody", "name": "Shahpura Lake", "osm_id": 28672561, "tag": "water"}}, {"type": "Feature", "geometry": {"type": "Polygon", "coordinates": [[[77.3902884, 23.2737604], [77.3903399, 23.2740758], [77.3903313, 23.2742729], [77.3902884, 23.274541], [77.3902454, 23.2747302], [77.3900738, 23.2749825], [77.3902454, 23.2751717], [77.3902712, 23.2753373], [77.3903742, 23.2754556], [77.3905373, 23.2755502], [77.3906403, 23.2756133], [77.3908548, 23.2757079], [77.3910265, 23.2757788], [77.3911467, 23.2758183], [77.3913612, 23.2740837], [77.3912497, 23.2738471], [77.3911295, 23.273784], [77.3910093, 23.2736894], [77.3908978, 23.273516], [77.3907948, 23.2734529], [77.3905544, 23.2735002], [77.3904171, 23.2735948], [77.3902884, 23.2737604]]]}, "properties": {"kind": "waterbody", "name": "", "osm_id": 28690459, "tag": "pond"}}, {"type": "Feature", "geometry": {"type": "LineString", "coordinates": [[77.392716, 23.2862531], [77.3927246, 23.2861979], [77.3928447, 23.2861822], [77.3928962, 23.2861033], [77.3928876, 23.2860481], [77.3927932, 23.2858826], [77.3927503, 23.2857722], [77.3927417, 23.2857012], [77.3928104, 23.2855357], [77.3928876, 23.2854253], [77.3929477, 23.2852992], [77.3929477, 23.285173], [77.3929477, 23.2849917], [77.3930078, 23.2849207], [77.3931795, 23.2848182], [77.3932396, 23.2847], [77.3932996, 23.2845581], [77.3933769, 23.2844477], [77.3934112, 23.284361], [77.3934885, 23.2843058], [77.3935829, 23.2842664], [77.3936601, 23.2842664], [77.3938146, 23.2842821], [77.3939777, 23.2843058], [77.3940721, 23.2842821], [77.3942524, 23.284156], [77.3944068, 23.2841244], [77.3945098, 23.284085], [77.3954969, 23.2836277], [77.3956171, 23.2835174], [77.395763, 23.2834779], [77.3959775, 23.2834228], [77.3962608, 23.283336], [77.3964067, 23.2832493], [77.3965269, 23.2831389], [77.3965183, 23.282997], [77.3965097, 23.2826186], [77.3965269, 23.282524], [77.3966213, 23.2822559], [77.3971191, 23.2811285], [77.3971706, 23.2808368], [77.3971997, 23.2806793], [77.3972292, 23.280486], [77.3972006, 23.2802454], [77.3971813, 23.2800824], [77.3972425, 23.2799626], [77.3974267, 23.2796319], [77.397515, 23.2794935], [77.3976877, 23.2793464], [77.3977907, 23.2791611], [77.3978631, 23.2790476], [77.3981321, 23.2789542], [77.3982406, 23.2789902], [77.3982933, 23.2791202], [77.3984476, 23.279097], [77.3985447, 23.2790779], [77.3987029, 23.2791064], [77.3988569, 23.2791955], [77.3989487, 23.2793254], [77.3991162, 23.2795491], [77.3992501, 23.2797174], [77.3993593, 23.2797731], [77.3995183, 23.2798128], [77.3997476, 23.2798355], [77.3998828, 23.27978], [77.4000264, 23.279717], [77.4001427, 23.2796706], [77.4002411, 23.2795547], [77.4002606, 23.2794647], [77.4003763, 23.279363], [77.400621, 23.2793309], [77.400809, 23.2792429], [77.4009815, 23.2791889], [77.4010845, 23.2790786], [77.4012905, 23.2788815], [77.4015394, 23.2787474], [77.401651, 23.2786055], [77.401676, 23.2784019]]}, "properties": {"kind": "line", "name": "", "osm_id": 28747810, "tag": "stream"}}, {"type": "Feature", "geometry": {"type": "LineString", "coordinates": [[77.402579, 23.2663512], [77.4026734, 23.2663986], [77.4027421, 23.266509], [77.4028794, 23.2667376], [77.4030304, 23.2669329], [77.4030956, 23.2670957], [77.4031011, 23.2672692], [77.4031395, 23.2674927], [77.4032258, 23.2676504], [77.4033066, 23.2677812], [77.4034459, 23.2678731], [77.4035686, 23.2680034], [77.4036549, 23.2681012], [77.4037202, 23.2682358], [77.4038266, 23.2683559], [77.4039402, 23.2685215], [77.4040467, 23.2685669], [77.4042646, 23.2687434], [77.4043042, 23.2687641], [77.4045445, 23.2689927], [77.4046818, 23.269111], [77.4048878, 23.2692056], [77.4050595, 23.2692372], [77.4052311, 23.2692687], [77.4053084, 23.2693397], [77.4053599, 23.2694974], [77.4054972, 23.2696393], [77.4057375, 23.2698758], [77.4058189, 23.2701134], [77.4059481, 23.2704023], [77.406035, 23.2704759], [77.4061148, 23.2705233], [77.4061861, 23.2706012], [77.4063717, 23.2706162], [77.4067079, 23.2706751], [77.4067675, 23.2707432], [77.40691, 23.270862], [77.4070337, 23.2709444], [77.4072799, 23.2708819], [77.4075312, 23.2708726], [77.4076545, 23.2709384], [77.4077339, 23.2710849], [77.4077921, 23.271215], [77.4079853, 23.2713067], [77.4080486, 23.2712957], [77.4081318, 23.2714263], [77.4082513, 23.2714942], [77.4084422, 23.2714474], [77.4084841, 23.2714686], [77.4085861, 23.2714446], [77.4087305, 23.2714061], [77.4088017, 23.2714134], [77.408883, 23.2714115], [77.4090163, 23.2714528], [77.4091879, 23.2714528], [77.4092452, 23.2714589]]}, "properties": {"kind": "line", "name": "", "osm_id": 28747890, "tag": "stream"}}, {"type": "Feature", "geometry": {"type": "Polygon", "coordinates": [[[77.4927706, 23.257668], [77.492599, 23.2575182], [77.4924359, 23.2574709], [77.4922814, 23.2575024], [77.4920239, 23.2576522], [77.4916548, 23.2580071], [77.4914059, 23.2581806], [77.4910883, 23.2582594], [77.4907965, 23.258291], [77.4905133, 23.2582752], [77.4904017, 23.2582121], [77.4904274, 23.258086], [77.4902215, 23.2579677], [77.490067, 23.2580702], [77.4898181, 23.2579125], [77.4894747, 23.2580229], [77.4893288, 23.2578652], [77.4892258, 23.2576049], [77.4893631, 23.2574945], [77.4895863, 23.257392], [77.4889683, 23.256982], [77.4888825, 23.2567533], [77.4887967, 23.2567139], [77.4885392, 23.256706], [77.488316, 23.2568952], [77.4879555, 23.2569662], [77.4879384, 23.2571318], [77.4886422, 23.2574393], [77.4886765, 23.2580544], [77.488934, 23.2581333], [77.4890542, 23.2583304], [77.4890542, 23.258567], [77.489758, 23.2590716], [77.4895863, 23.2594738], [77.4889855, 23.2596709], [77.4887881, 23.2596236], [77.4884705, 23.2596788], [77.4879984, 23.2594423], [77.4868483, 23.2598129], [77.4863419, 23.2603885], [77.4873375, 23.2609326], [77.4885306, 23.2609878], [77.4888653, 23.2612401], [77.4888825, 23.2617921], [77.4894232, 23.2623756], [77.4897666, 23.2631326], [77.4897236, 23.2635032], [77.4896378, 23.263929], [77.4893031, 23.2641656], [77.4889683, 23.264205], [77.4885821, 23.2641183], [77.488316, 23.2641025], [77.4879641, 23.2642681], [77.4878869, 23.2644021], [77.4883074, 23.2645756], [77.4889683, 23.2647018], [77.4894146, 23.2648674], [77.4897322, 23.2652616], [77.4899382, 23.2656086], [77.4898095, 23.2659476], [77.489655, 23.2663103], [77.4893546, 23.2666573], [77.4892945, 23.2669096], [77.4891915, 23.2671856], [77.4894232, 23.2672802], [77.4893031, 23.2675641], [77.4892087, 23.2677454], [77.4893889, 23.2680608], [77.4897065, 23.2683683], [77.4898781, 23.2685733], [77.4902215, 23.2687784], [77.4903931, 23.2690859], [77.490333, 23.2695353], [77.4899897, 23.2700399], [77.4874835, 23.2708915], [77.4874749, 23.271065], [77.4869256, 23.2711359], [77.4864449, 23.2711359], [77.4860673, 23.2709704], [77.4858784, 23.2705446], [77.4857239, 23.2703475], [77.4856553, 23.2704421], [77.4855866, 23.2708284], [77.4853549, 23.2713725], [77.4852519, 23.2715302], [77.4849343, 23.2715696], [77.4847798, 23.2714986], [77.484282, 23.2709704], [77.4841532, 23.2709388], [77.4840159, 23.2707496], [77.4838442, 23.2707811], [77.4839386, 23.2710729], [77.4838442, 23.2714829], [77.4837327, 23.2717983], [77.4837327, 23.2719717], [77.4836812, 23.2721294], [77.4834666, 23.2722477], [77.4826769, 23.2722792], [77.4825825, 23.2723817], [77.4818701, 23.2723344], [77.4814066, 23.2725237], [77.4810891, 23.2725158], [77.4807887, 23.2725867], [77.4804968, 23.2725079], [77.4801707, 23.2720427], [77.4798874, 23.2718377], [77.4798509, 23.2718963], [77.4797759, 23.2719286], [77.4795956, 23.2718613], [77.4796042, 23.2720348], [77.4793725, 23.2722792], [77.4793467, 23.2724133], [77.4795613, 23.2726419], [77.4796986, 23.2726735], [77.479896, 23.2728863], [77.4798016, 23.273044], [77.4798617, 23.2732017], [77.4798617, 23.2732806], [77.4797329, 23.273391], [77.47969, 23.2735014], [77.4794068, 23.2733515], [77.4783253, 23.2735881], [77.4781794, 23.2736906], [77.4779133, 23.2737064], [77.4776558, 23.2736985], [77.4775185, 23.2735408], [77.4772954, 23.2734383], [77.4771752, 23.2732333], [77.4768834, 23.2732648], [77.4768834, 23.2734383], [77.4767718, 23.273801], [77.4769434, 23.2738798], [77.4771237, 23.2740927], [77.4771065, 23.2742583], [77.4766602, 23.2742504], [77.4757504, 23.274684], [77.4755616, 23.2749837], [77.4758362, 23.275299], [77.4758191, 23.275504], [77.4760508, 23.2754804], [77.4762911, 23.2752754], [77.476437, 23.2752675], [77.4769349, 23.2753779], [77.4779133, 23.2753148], [77.477982, 23.275165], [77.4782223, 23.2751887], [77.4784369, 23.2748733], [77.4783425, 23.2745973], [77.4783768, 23.2744633], [77.4786257, 23.274274], [77.4789433, 23.2743371], [77.4786257, 23.2749364], [77.4787716, 23.275165], [77.4785313, 23.2757721], [77.4784369, 23.2758825], [77.4783082, 23.2761821], [77.4786257, 23.2763556], [77.4785828, 23.2765921], [77.478703, 23.2766158], [77.4787888, 23.2765054], [77.4786601, 23.2760402], [77.4788746, 23.27578], [77.4789261, 23.275504], [77.479115, 23.2754094], [77.4792008, 23.2758273], [77.4794755, 23.2760086], [77.4793124, 23.2755908], [77.4794068, 23.2753148], [77.4794583, 23.2750704], [77.4793982, 23.2748575], [77.4796042, 23.2748023], [77.4800849, 23.2751019], [77.4803681, 23.2750073], [77.48072, 23.2747629], [77.4809174, 23.2747314], [77.4811062, 23.274479], [77.4813981, 23.27455], [77.4813981, 23.2746604], [77.4812865, 23.2748733], [77.4814066, 23.275031], [77.4816727, 23.2751177], [77.4819817, 23.2751887], [77.4822735, 23.275165], [77.4824452, 23.2752833], [77.4826941, 23.2756617], [77.4829001, 23.2757169], [77.4830374, 23.2756775], [77.4831662, 23.2757169], [77.4830803, 23.2759298], [77.4829602, 23.2760244], [77.4832949, 23.2761427], [77.4832949, 23.2762767], [77.4830718, 23.2763398], [77.483355, 23.2766158], [77.4834408, 23.2769232], [77.4832177, 23.2773017], [77.4832863, 23.2775067], [77.4834237, 23.277483], [77.4834151, 23.277349], [77.4835782, 23.2771204], [77.4837155, 23.2773569], [77.4838013, 23.2773254], [77.4837756, 23.2771204], [77.4839386, 23.2767971], [77.4838185, 23.2764659], [77.4838528, 23.2762136], [77.4838357, 23.2759456], [77.4839816, 23.275914], [77.4840674, 23.2760402], [77.4842906, 23.2760323], [77.4844365, 23.2759298], [77.4848914, 23.2758588], [77.4850716, 23.2757721], [77.4855694, 23.2757406], [77.4862732, 23.2754883], [77.4881014, 23.2755119], [77.4884963, 23.2756854], [77.4882988, 23.276261], [77.4884104, 23.2764581], [77.4886164, 23.2765211], [77.4887538, 23.2768996], [77.4886937, 23.2770967], [77.4887538, 23.2776486], [77.488625, 23.2778457], [77.4879212, 23.2779246], [77.4878869, 23.2781138], [77.4880414, 23.2781848], [77.4880414, 23.2784371], [77.4877238, 23.2786105], [77.487389, 23.279738], [77.4874148, 23.2804397], [77.4876637, 23.2806762], [77.4885907, 23.281031], [77.488831, 23.2813385], [77.4890713, 23.2806131], [77.4897065, 23.2802899], [77.4900755, 23.2798878], [77.4906506, 23.2799035], [77.4913115, 23.2800691], [77.4916892, 23.2802583], [77.4918179, 23.2806447], [77.4919552, 23.2810152], [77.4921612, 23.2811808], [77.4924187, 23.281236], [77.4928135, 23.2810152], [77.4932255, 23.2809995], [77.4935774, 23.2809443], [77.4942383, 23.280755], [77.4943585, 23.2811571], [77.494513, 23.2819456], [77.4944958, 23.2821505], [77.4945473, 23.2825132], [77.4946932, 23.2827734], [77.4949078, 23.2827655], [77.4951396, 23.2825369], [77.4953455, 23.2821427], [77.4958176, 23.2823398], [77.496324, 23.2827576], [77.4963154, 23.2830493], [77.4965472, 23.2833962], [77.4972424, 23.2837589], [77.498238, 23.284295], [77.4987874, 23.2847996], [77.4998517, 23.2850913], [77.5004353, 23.285454], [77.5006585, 23.2859901], [77.5010619, 23.2860453], [77.5012335, 23.285856], [77.5012078, 23.285454], [77.5010018, 23.2851465], [77.5012764, 23.2851938], [77.5014653, 23.2855564], [77.5016884, 23.2856432], [77.502212, 23.2858876], [77.5024008, 23.2859979], [77.5025467, 23.2863843], [77.5027356, 23.2864], [77.5030102, 23.2862975], [77.5028042, 23.285588], [77.5029759, 23.2852096], [77.5034995, 23.2849021], [77.5033707, 23.2846261], [77.5027184, 23.2841373], [77.5023493, 23.2842004], [77.5020318, 23.2839323], [77.5013794, 23.2839008], [77.5013451, 23.2840112], [77.5014309, 23.2842004], [77.5012679, 23.2842319], [77.5010104, 23.2840979], [77.5009417, 23.2836406], [77.5004096, 23.2833016], [77.4998602, 23.2826551], [77.4991736, 23.2816223], [77.4979977, 23.2797616], [77.4980835, 23.2786499], [77.4983067, 23.2785711], [77.4981865, 23.2782715], [77.4984784, 23.2781532], [77.4985213, 23.2779482], [77.4983668, 23.2776171], [77.4988646, 23.2774594], [77.4990878, 23.277554], [77.4991736, 23.2774594], [77.4990878, 23.2772465], [77.4995942, 23.2770021], [77.4995427, 23.2768917], [77.4993109, 23.2768444], [77.4992337, 23.2762531], [77.4991478, 23.2762531], [77.499062, 23.2764502], [77.4988904, 23.2764186], [77.498856, 23.276119], [77.4988389, 23.2758194], [77.4986844, 23.2756775], [77.4987702, 23.2755356], [77.4989419, 23.2755908], [77.4992508, 23.2755356], [77.499371, 23.2757012], [77.4995684, 23.2757406], [77.4998173, 23.2755513], [77.4999032, 23.275094], [77.4997143, 23.2749048], [77.4995513, 23.2747314], [77.4994998, 23.2745185], [77.4995598, 23.2742819], [77.5012936, 23.2702371], [77.5013623, 23.2699217], [77.5013451, 23.2696536], [77.5012421, 23.2694013], [77.5010619, 23.2691253], [77.4958005, 23.2626595], [77.4955687, 23.2625728], [77.4952769, 23.2622495], [77.4951825, 23.2620681], [77.495234, 23.2619419], [77.4950966, 23.261729], [77.4948906, 23.2615871], [77.4947619, 23.2615871], [77.4941096, 23.2616186], [77.4937663, 23.2614846], [77.4937405, 23.2609957], [77.4935174, 23.2608538], [77.4935603, 23.2603727], [77.4935088, 23.2601835], [77.4933457, 23.2599864], [77.4926247, 23.2596631], [77.4924187, 23.2594028], [77.4923758, 23.2590795], [77.4924616, 23.2589218], [77.4926333, 23.2588666], [77.4927363, 23.2586458], [77.4928221, 23.2586064], [77.492865, 23.2585197], [77.4929938, 23.2584566], [77.4932341, 23.2579756], [77.4932599, 23.2578178], [77.4931998, 23.2576917], [77.4931054, 23.2576207], [77.4929509, 23.2576207], [77.4927706, 23.257668]]]}, "properties": {"kind": "waterbody", "name": "Hataikheda Dam", "osm_id": 28826931, "tag": "water"}}, {"type": "Feature", "geometry": {"type": "LineString", "coordinates": [[77.4280158, 23.2496587], [77.4287453, 23.2502028], [77.4297925, 23.2510782], [77.4300242, 23.2513147], [77.4300929, 23.2515682], [77.4301189, 23.2516864], [77.4301616, 23.2517958], [77.4302347, 23.2522358]]}, "properties": {"kind": "line", "name": "", "osm_id": 28871888, "tag": "stream"}}, {"type": "Feature", "geometry": {"type": "LineString", "coordinates": [[77.4357863, 23.2392836], [77.4360286, 23.2393207], [77.4361468, 23.2393388], [77.4375801, 23.2395754], [77.4379578, 23.2396227], [77.4389448, 23.2399224], [77.4391165, 23.2395359], [77.4395714, 23.2383845], [77.4397946, 23.2374933], [77.4398375, 23.2372251], [77.4399147, 23.2371226], [77.4402409, 23.2371778], [77.4405155, 23.2372882], [77.4408245, 23.2373907]]}, "properties": {"kind": "line", "name": "", "osm_id": 29105284, "tag": "stream"}}, {"type": "Feature", "geometry": {"type": "LineString", "coordinates": [[77.4674787, 23.2068227], [77.4675634, 23.2066146], [77.4676539, 23.2064356], [77.4678103, 23.2063524], [77.4679803, 23.2063221], [77.4680928, 23.2062339], [77.4680955, 23.2059995], [77.4680626, 23.20576], [77.4680599, 23.205518], [77.4680708, 23.205276], [77.4680407, 23.2050113], [77.4681175, 23.2047819], [77.4682409, 23.2045953], [77.4683341, 23.204323], [77.4684247, 23.2040936], [77.4685783, 23.2039827], [77.4689293, 23.2038214], [77.469168, 23.20365], [77.4694313, 23.2036197], [77.4698235, 23.2036575], [77.470117, 23.2036298], [77.4703995, 23.203534], [77.4706299, 23.2034584], [77.4709124, 23.203355], [77.471066, 23.2032163], [77.4711455, 23.2030626], [77.471269, 23.2028911], [77.4714143, 23.2027676], [77.4717901, 23.2025634], [77.4720095, 23.2023138], [77.4721412, 23.2021424], [77.4723551, 23.2021046], [77.4726075, 23.2021273], [77.4730134, 23.2020164], [77.4732959, 23.2017365], [77.4736031, 23.2015676], [77.473924, 23.2013962], [77.4741133, 23.201197], [77.4742696, 23.2009525], [77.4745302, 23.2008189], [77.4746262, 23.200713], [77.4747935, 23.2005819], [77.4749361, 23.2005365], [77.4752653, 23.2003172], [77.4753832, 23.2000424], [77.4754737, 23.1998306], [77.4756739, 23.1994449], [77.4758769, 23.199276], [77.4759811, 23.1991298], [77.4762166, 23.1987846], [77.47662, 23.1986135], [77.4770312, 23.1984067], [77.4772872, 23.1983282], [77.4775665, 23.1982427], [77.4777294, 23.1980502], [77.4777476, 23.1980034], [77.4778845, 23.1976508], [77.4779226, 23.1974056], [77.4779543, 23.1972016], [77.4782336, 23.1967238], [77.4786836, 23.1966882], [77.4789241, 23.1964814], [77.4788543, 23.1961391], [77.4786836, 23.1956114], [77.478575, 23.1952478], [77.4784664, 23.1948841], [77.4785203, 23.194073], [77.4786863, 23.1935112], [77.4786637, 23.1930049], [77.4783317, 23.1923599], [77.4782713, 23.1918536], [77.4781053, 23.1912848], [77.4779318, 23.1909311], [77.4780752, 23.190293], [77.4783694, 23.1901057], [77.4784373, 23.189752], [77.4786033, 23.1893428], [77.4787769, 23.1890723], [77.4787769, 23.1888226], [77.4791013, 23.188663], [77.4790712, 23.1883162], [77.4787995, 23.1879764], [77.4789527, 23.1876064], [77.4792673, 23.1873729], [77.4793805, 23.1870192], [77.4797654, 23.1867418], [77.4800219, 23.1864504], [77.4801275, 23.1861036], [77.4805954, 23.1860482], [77.4806482, 23.1857638], [77.4804067, 23.1855557], [77.4801502, 23.1854308], [77.4799314, 23.1853823], [77.4799766, 23.1851326], [77.4801125, 23.1847095], [77.4802105, 23.1844251], [77.4804595, 23.1843488], [77.4804746, 23.1840575], [77.480701, 23.1836899], [77.4806331, 23.1829962], [77.4809651, 23.1827535], [77.4811338, 23.1825131], [77.4813739, 23.1822287], [77.481598, 23.1820227], [77.4819235, 23.1819736], [77.4821529, 23.1818069], [77.4824304, 23.1816989], [77.4827185, 23.1816989], [77.4828359, 23.182003], [77.4828786, 23.1822581], [77.483204, 23.1823709], [77.4833267, 23.1823022], [77.4834014, 23.1821306], [77.4834921, 23.1818461], [77.4835615, 23.1816597], [77.4837536, 23.1815371], [77.4839777, 23.1814194], [77.4840737, 23.1810908], [77.4841057, 23.1808014], [77.4844152, 23.1807082], [77.484762, 23.1806395], [77.4851301, 23.1806199], [77.4856424, 23.1806444], [77.4858611, 23.180615], [77.4860052, 23.1804335], [77.4861226, 23.1802275], [77.486352, 23.1801834], [77.4865494, 23.180252], [77.4867735, 23.1803354], [77.4868488, 23.1803082], [77.4869229, 23.1802815], [77.4868962, 23.1801245], [77.4868482, 23.1798793], [77.4871416, 23.1795654], [77.4874938, 23.1794526], [77.4877659, 23.1794133], [77.4880967, 23.1791337], [77.4883208, 23.1788738], [77.4887263, 23.1787953], [77.488833, 23.1785403], [77.4887263, 23.1782803], [77.4883368, 23.1781871], [77.4882194, 23.1783097], [77.4880327, 23.1783392], [77.4880487, 23.1779615], [77.4880433, 23.1775593], [77.4879313, 23.176902], [77.4877766, 23.1765096], [77.4876805, 23.1761172], [77.4875898, 23.1759946], [77.4876752, 23.1757445], [77.4878299, 23.17546], [77.4879473, 23.1751412], [77.4878459, 23.1748616], [77.4875631, 23.1746359], [77.4873391, 23.1744643], [77.4870456, 23.1742779], [77.4868642, 23.1741209], [77.4869229, 23.1736844], [77.4870243, 23.173395], [77.4870296, 23.1730418], [77.4867095, 23.1728358], [77.4863573, 23.1725856], [77.4859927, 23.1724272], [77.4858771, 23.1723401], [77.4857437, 23.1721736], [77.485525, 23.1717616], [77.4852902, 23.1715605], [77.4850768, 23.1715654], [77.4849487, 23.171688], [77.4847086, 23.1718597], [77.4843992, 23.1718106], [77.4841644, 23.171742], [77.4839883, 23.1717174], [77.4839723, 23.1715212], [77.4840844, 23.1712711], [77.4841751, 23.1709032], [77.4843458, 23.1706923], [77.4844846, 23.1704568], [77.4848367, 23.1701772], [77.4850821, 23.1699712], [77.4852689, 23.169829], [77.4851462, 23.1695984], [77.4849541, 23.1694415], [77.484842, 23.1692502], [77.4849167, 23.1690932], [77.4853596, 23.1689902], [77.4855783, 23.1689117], [77.4855837, 23.1687596], [77.4854663, 23.1686763], [77.4851195, 23.1685929], [77.4849221, 23.1686272], [77.484794, 23.1684948], [77.4847887, 23.1680974], [77.4848527, 23.1678129], [77.4849861, 23.167548], [77.4849487, 23.16719], [77.4847407, 23.1669987], [77.4848634, 23.1668024], [77.4849167, 23.1664444], [77.4850394, 23.1662334], [77.4853009, 23.1661108], [77.4855837, 23.1662138], [77.4858344, 23.1662531], [77.4860158, 23.1662334], [77.4862773, 23.1660127], [77.4863253, 23.1657478], [77.4862986, 23.165635], [77.4863573, 23.1653946], [77.4864807, 23.1651581]]}, "properties": {"kind": "line", "name": "", "osm_id": 29105475, "tag": "stream"}}, {"type": "Feature", "geometry": {"type": "LineString", "coordinates": [[77.440356, 23.2318434], [77.4405155, 23.2318068], [77.4407897, 23.2317621]]}, "properties": {"kind": "line", "name": "", "osm_id": 29105502, "tag": "stream"}}, {"type": "Feature", "geometry": {"type": "LineString", "coordinates": [[77.4420553, 23.231652], [77.4422815, 23.2315992], [77.4424563, 23.231543], [77.4425613, 23.2315407], [77.4426822, 23.231524], [77.4428361, 23.2314858], [77.4429232, 23.2314866], [77.4429973, 23.2314873], [77.4431078, 23.2314935], [77.4432956, 23.2314875], [77.4434288, 23.2314954], [77.443473, 23.231498], [77.443688, 23.2315034], [77.4442335, 23.2314691], [77.4444714, 23.2314567], [77.444562, 23.2314523]]}, "properties": {"kind": "line", "name": "", "osm_id": 29105514, "tag": "stream"}}, {"type": "Feature", "geometry": {"type": "Polygon", "coordinates": [[[77.4199436, 23.2251884], [77.4198921, 23.2252909], [77.4199436, 23.225496], [77.4200122, 23.2255117], [77.4200723, 23.2256301], [77.4201581, 23.2257168], [77.4202525, 23.2257563], [77.4203985, 23.2257089], [77.4205358, 23.2256301], [77.4208276, 23.2255591], [77.4211967, 23.2256301], [77.4212139, 23.2257326], [77.4213426, 23.2258115], [77.4214885, 23.2257641], [77.4217031, 23.2257563], [77.421849, 23.2258588], [77.422261, 23.2257957], [77.4222438, 23.2256301], [77.4221065, 23.2255512], [77.4221237, 23.2254329], [77.4220722, 23.2252672], [77.4220207, 23.225212], [77.4220378, 23.2250858], [77.4216859, 23.2250069], [77.4216258, 23.2250779], [77.4214885, 23.2251647], [77.4214284, 23.2251016], [77.4211709, 23.2251016], [77.4209306, 23.2250858], [77.4207075, 23.2250464], [77.4205272, 23.2250306], [77.420407, 23.2251331], [77.4202869, 23.2252041], [77.4201496, 23.2251647], [77.4199436, 23.2251884]]]}, "properties": {"kind": "waterbody", "name": "", "osm_id": 29145996, "tag": "water"}}, {"type": "Feature", "geometry": {"type": "LineString", "coordinates": [[77.3990418, 23.2730715], [77.3992781, 23.2730972], [77.3993358, 23.273142], [77.3994658, 23.2732797], [77.3995906, 23.2735], [77.3996124, 23.2736814], [77.3997545, 23.2739915], [77.3999822, 23.2741635], [77.4001715, 23.2742675], [77.4004668, 23.2743409], [77.4007352, 23.2743631], [77.4009171, 23.2743272], [77.4011848, 23.2743051], [77.4012485, 23.274336], [77.4012778, 23.2743909], [77.4014175, 23.2747372], [77.4015924, 23.274855], [77.4018183, 23.27484], [77.4019644, 23.2748033], [77.4021424, 23.2748121], [77.4022293, 23.2748731], [77.402271, 23.2750292], [77.4022779, 23.2752686], [77.4024062, 23.2756912], [77.4025512, 23.2760862], [77.4027038, 23.276241]]}, "properties": {"kind": "line", "name": "", "osm_id": 29256264, "tag": "stream"}}, {"type": "Feature", "geometry": {"type": "LineString", "coordinates": [[77.4165969, 23.2729777], [77.4168013, 23.2729112], [77.4169386, 23.2729999], [77.4172524, 23.2730837], [77.4175003, 23.2730713], [77.4179327, 23.2730807], [77.4181227, 23.2731563], [77.4184601, 23.2734592], [77.4187252, 23.2736452], [77.4190572, 23.2737737], [77.4192857, 23.2737907], [77.4194043, 23.2738687], [77.4195736, 23.2739317], [77.4196358, 23.2739056], [77.4197122, 23.2738854], [77.4198274, 23.2739017], [77.4198879, 23.2739467], [77.42, 23.273969], [77.4202258, 23.274], [77.4203424, 23.2741771], [77.420304, 23.2743134], [77.4203212, 23.2745636], [77.420309, 23.2748472], [77.420395, 23.2750115], [77.4205501, 23.2749157], [77.4206565, 23.2748476], [77.4207594, 23.2747909], [77.4209257, 23.2748157], [77.4210536, 23.2749812], [77.4211836, 23.2750518], [77.4213336, 23.2751674], [77.4214152, 23.2752416], [77.4214807, 23.2753611], [77.4215626, 23.2757607], [77.4216514, 23.2757902], [77.4217817, 23.2757352], [77.4219448, 23.2756822], [77.4220839, 23.2756467], [77.4222602, 23.2756062], [77.4223795, 23.2755436], [77.4224452, 23.2754939], [77.4225568, 23.2753441], [77.4228396, 23.2751571], [77.42388, 23.2751297]]}, "properties": {"kind": "line", "name": "", "osm_id": 29256312, "tag": "stream"}}, {"type": "Feature", "geometry": {"type": "LineString", "coordinates": [[77.393289, 23.2276878], [77.3935389, 23.2274914], [77.3936367, 23.2273583], [77.3936186, 23.2268923], [77.3935208, 23.2265229], [77.3934411, 23.2260037], [77.3934501, 23.2255207], [77.3935153, 23.2252944], [77.3935371, 23.2251546], [77.3935769, 23.2246204], [77.393624, 23.2243458], [77.3937616, 23.2241128], [77.3939789, 23.2239797], [77.3941763, 23.2238183], [77.3944769, 23.223562], [77.3947974, 23.2233091], [77.3951216, 23.2232225], [77.3952972, 23.223116], [77.3954095, 23.2229313], [77.3955345, 23.2227832], [77.3957047, 23.2226035], [77.3958423, 23.2223372], [77.3959292, 23.2221392], [77.3961067, 23.2219994], [77.3963548, 23.221823], [77.396577, 23.221729], [77.3966934, 23.2216798], [77.3968039, 23.2217081], [77.3970973, 23.2218113], [77.3975623, 23.2219145], [77.3976639, 23.221923], [77.3977148, 23.2218612], [77.3982906, 23.2214469], [77.3986981, 23.2211839], [77.3987545, 23.2211187], [77.3989444, 23.2208993], [77.3994442, 23.2205532], [77.3997285, 23.2203918], [77.399877, 23.2203052], [77.4003695, 23.2203785], [77.4006756, 23.2204833], [77.4012768, 23.2207496], [77.4014542, 23.2208328], [77.4016571, 23.2208511], [77.4019522, 23.2209243], [77.4022058, 23.2209543], [77.4023188, 23.2209352], [77.402618, 23.2209635], [77.4027835, 23.2210273], [77.4029289, 23.2211386], [77.4030191, 23.221183], [77.4031547, 23.2213021], [77.4032337, 23.2214447], [77.4033466, 23.2215401], [77.4034919, 23.2215889], [77.4036034, 23.2216678], [77.4040583, 23.2218571], [77.4041957, 23.2219123], [77.4042987, 23.2219123], [77.4045417, 23.2218412], [77.4047124, 23.2217801], [77.4048995, 23.2217624], [77.4051398, 23.2218019], [77.4053715, 23.2218413], [77.4057492, 23.2219675], [77.4063414, 23.2221805], [77.4063929, 23.2222041], [77.4066676, 23.2223067], [77.4068392, 23.2222672], [77.4069422, 23.2222593], [77.4072598, 23.2221174], [77.4074916, 23.2219912], [77.4077834, 23.2219202], [77.4080409, 23.2219123], [77.4083155, 23.2218255], [77.4085559, 23.2217151], [77.4087153, 23.2215552], [77.4087447, 23.2215258], [77.4088906, 23.2213523], [77.408985, 23.221163], [77.4091738, 23.2210367], [77.4097489, 23.2209973], [77.4101351, 23.2209105], [77.4103068, 23.2208869], [77.410693, 23.2209342], [77.4108581, 23.2209696], [77.4109505, 23.2209894], [77.4110793, 23.2210762], [77.411208, 23.2211472], [77.4113454, 23.2211551], [77.4115514, 23.2211314], [77.4116629, 23.2210683], [77.4117573, 23.2209658], [77.4117573, 23.2208869], [77.4118088, 23.2207765], [77.4119376, 23.2206108], [77.4120663, 23.2206108], [77.4123753, 23.2206424], [77.4125298, 23.220595], [77.4130448, 23.2202953], [77.4132937, 23.2202243], [77.4136971, 23.2201691], [77.4138154, 23.2201827], [77.4139718, 23.2202006], [77.4142979, 23.2202322], [77.4144524, 23.2201691], [77.4148239, 23.2198783], [77.4149159, 23.2198063], [77.4149502, 23.2196327], [77.4149846, 23.2195065], [77.4151477, 23.2192857], [77.4154824, 23.2190963], [77.4156884, 23.2189149], [77.4159716, 23.2185994], [77.4163407, 23.218418], [77.4166154, 23.2183628], [77.4168557, 23.2183076], [77.4171561, 23.2181261], [77.4175166, 23.2179684], [77.4179887, 23.2177712], [77.4182461, 23.2175503], [77.4185294, 23.2172348], [77.4187611, 23.2170218], [77.4193619, 23.2167931], [77.4197739, 23.216588], [77.4202632, 23.2163513], [77.4202803, 23.216233], [77.4201688, 23.2161147], [77.4201945, 23.2160674], [77.4204692, 23.2158071], [77.420658, 23.2154915], [77.4206237, 23.2153259], [77.4205893, 23.2152155], [77.4206837, 23.2146002], [77.4206494, 23.2142058], [77.4206837, 23.2138587], [77.420555, 23.2133933], [77.4205237, 23.2130087]]}, "properties": {"kind": "line", "name": "", "osm_id": 29258965, "tag": "stream"}}, {"type": "Feature", "geometry": {"type": "LineString", "coordinates": [[77.4288303, 23.2281248], [77.4291098, 23.2281649], [77.4293673, 23.2280545], [77.4299337, 23.2277785], [77.4304401, 23.2275655], [77.4308779, 23.2273368], [77.4311955, 23.2272184], [77.4320881, 23.2270291], [77.4323713, 23.2269582]]}, "properties": {"kind": "line", "name": "", "osm_id": 30070367, "tag": "stream"}}, {"type": "Feature", "geometry": {"type": "LineString", "coordinates": [[77.4177419, 23.2304994], [77.4182216, 23.2304869], [77.4183007, 23.2304644]]}, "properties": {"kind": "line", "name": "", "osm_id": 30070393, "tag": "stream"}}, {"type": "Feature", "geometry": {"type": "Polygon", "coordinates": [[[77.3800245, 23.2066438], [77.3803678, 23.2070461], [77.3805566, 23.2067384], [77.3818784, 23.2058628], [77.3818612, 23.2057602], [77.3815265, 23.2054052], [77.3801875, 23.2062651], [77.3800245, 23.2066438]]]}, "properties": {"kind": "waterbody", "name": "", "osm_id": 31289629, "tag": "water"}}, {"type": "Feature", "geometry": {"type": "Polygon", "coordinates": [[[77.3817228, 23.2052739], [77.3821519, 23.2057472], [77.3836368, 23.2044929], [77.3832076, 23.2040433], [77.3817228, 23.2052739]]]}, "properties": {"kind": "waterbody", "name": "", "osm_id": 31289637, "tag": "water"}}, {"type": "Feature", "geometry": {"type": "Polygon", "coordinates": [[[77.3833371, 23.2039373], [77.3837319, 23.2043791], [77.3853369, 23.203322], [77.385397, 23.2031879], [77.3850623, 23.2027934], [77.3833371, 23.2039373]]]}, "properties": {"kind": "waterbody", "name": "", "osm_id": 31289640, "tag": "water"}}, {"type": "Feature", "geometry": {"type": "LineString", "coordinates": [[77.4145738, 23.3630973], [77.4152089, 23.3634597], [77.4154836, 23.3644446], [77.4154578, 23.365532], [77.4157582, 23.366186], [77.4169942, 23.3670054], [77.4187537, 23.3685339], [77.4198352, 23.3689279], [77.4213458, 23.3689594], [77.4228135, 23.3693218], [77.4252511, 23.3708897], [77.4287015, 23.3724813], [77.4304439, 23.3735055], [77.4321347, 23.375034], [77.4335424, 23.3772872], [77.4346582, 23.3785557], [77.4355508, 23.3792174], [77.4381171, 23.380155], [77.4400483, 23.3805646], [77.4405118, 23.3811082], [77.4419709, 23.3816755], [77.4424258, 23.3821876], [77.443061, 23.3839286], [77.4441425, 23.3851103], [77.444872, 23.3867884], [77.4449321, 23.3875998], [77.4440652, 23.3893487], [77.4429237, 23.3901286], [77.4427606, 23.3911369], [77.4430524, 23.3918617], [77.4431554, 23.3925628], [77.4423486, 23.3953435], [77.4425117, 23.3960761], [77.4433013, 23.3969741], [77.4446574, 23.3967772], [77.4452926, 23.3972735], [77.4459964, 23.3972498], [77.4465972, 23.3973916], [77.449155, 23.3979352], [77.4513436, 23.3989198], [77.4523221, 23.3995736], [77.4531633, 23.3998021], [77.4545022, 23.3998808], [77.4562703, 23.399676], [77.4575063, 23.3994476], [77.4594632, 23.3995815], [77.4607164, 23.4005346], [77.4627591, 23.4021573], [77.4656259, 23.4042841], [77.4696428, 23.4074663], [77.4709817, 23.4088684], [77.4714452, 23.4096245], [77.4722263, 23.4117512], [77.474166, 23.4139487], [77.4753162, 23.4153428], [77.4799791, 23.4193305]]}, "properties": {"kind": "line", "name": "Halali", "osm_id": 44415936, "tag": "river"}}, {"type": "Feature", "geometry": {"type": "LineString", "coordinates": [[77.4163949, 23.3498018], [77.4162271, 23.3503178], [77.4161109, 23.350811], [77.4161028, 23.3516464], [77.416195, 23.3524525], [77.4163113, 23.3526917], [77.4164917, 23.3528794], [77.4168044, 23.353126], [77.4174017, 23.3534609], [77.4181674, 23.3537774], [77.4182316, 23.3538952], [77.4182757, 23.3541344], [77.4182276, 23.3551613], [77.4181153, 23.3560262], [77.4181113, 23.3563132], [77.4182877, 23.3577265], [77.4181029, 23.3591709], [77.4179243, 23.3594129], [77.4176975, 23.3594858], [77.4175473, 23.359452], [77.4173177, 23.3593036], [77.4170651, 23.3593097], [77.4163505, 23.3593703], [77.4160415, 23.359323], [77.4159385, 23.3597722], [77.4155265, 23.3601504], [77.414342, 23.3610171], [77.4141532, 23.3620257], [77.4143163, 23.3626245], [77.4145738, 23.3630973]]}, "properties": {"kind": "line", "name": "", "osm_id": 44415937, "tag": "stream"}}, {"type": "Feature", "geometry": {"type": "LineString", "coordinates": [[77.3927922, 23.3573928], [77.3933516, 23.3573733], [77.3947211, 23.3569828], [77.3953649, 23.3569355], [77.395897, 23.3573058], [77.3961717, 23.358078], [77.3970386, 23.3592679], [77.3973218, 23.3595673], [77.3987037, 23.3601267], [77.3996478, 23.3601661], [77.4010125, 23.3601267], [77.4026004, 23.3598746], [77.4030124, 23.3595988], [77.4034587, 23.3595673], [77.4044887, 23.360505], [77.4049693, 23.3608911], [77.4054586, 23.3609935], [77.406274, 23.3607335], [77.4075957, 23.3609383], [77.4087115, 23.3617893], [77.4097758, 23.3621518], [77.4104539, 23.3627664], [77.4111062, 23.363113], [77.4122907, 23.3626245], [77.4130632, 23.3625221], [77.4135524, 23.3625851], [77.4140931, 23.3629161], [77.4145738, 23.3630973]]}, "properties": {"kind": "line", "name": "Halali", "osm_id": 44415939, "tag": "river"}}, {"type": "Feature", "geometry": {"type": "Polygon", "coordinates": [[[77.4250316, 23.2047277], [77.4249781, 23.2048263], [77.4249029, 23.2048855], [77.4248385, 23.2049841], [77.4247956, 23.2051024], [77.4248385, 23.2052208], [77.4247956, 23.2052997], [77.4248171, 23.205413], [77.425096, 23.2053983], [77.4251175, 23.2053588], [77.425375, 23.2053983], [77.4254179, 23.2053588], [77.4255895, 23.2053687], [77.4256754, 23.2053687], [77.4257076, 23.2053194], [77.4257827, 23.2052602], [77.4257719, 23.2051715], [77.4258042, 23.2050729], [77.4258149, 23.2050039], [77.4258256, 23.2049348], [77.4258363, 23.2048461], [77.4257935, 23.2047869], [77.4256968, 23.2046686], [77.4256968, 23.2044319], [77.4257398, 23.2043925], [77.4257398, 23.2038402], [77.4256325, 23.2037416], [77.4255037, 23.2037022], [77.4253106, 23.2038008], [77.4254179, 23.2038994], [77.4253642, 23.2039093], [77.4253857, 23.2039585], [77.4253321, 23.2040078], [77.4253106, 23.2040769], [77.425257, 23.2041854], [77.4252355, 23.2042446], [77.4251819, 23.2043728], [77.4251712, 23.2044418], [77.4251175, 23.2045108], [77.4251068, 23.2046193], [77.4250316, 23.2047277]]]}, "properties": {"kind": "waterbody", "name": "", "osm_id": 131173735, "tag": "water"}}, {"type": "Feature", "geometry": {"type": "Polygon", "coordinates": [[[77.3861504, 23.3642605], [77.3862362, 23.3642605], [77.3863649, 23.3640636], [77.3866224, 23.3640242], [77.3869658, 23.3637878], [77.3872232, 23.363906], [77.3876524, 23.3638666], [77.3876953, 23.3639454], [77.3879099, 23.3638272], [77.3880601, 23.3640045], [77.3880172, 23.3640833], [77.3880172, 23.3642802], [77.3880816, 23.3643393], [77.3884249, 23.3639848], [77.3885536, 23.3640636], [77.388854, 23.364103], [77.3889828, 23.3640242], [77.3891544, 23.3640636], [77.3894978, 23.3640636], [77.3897338, 23.3639257], [77.3898625, 23.3636499], [77.3898196, 23.3635711], [77.3899484, 23.3633741], [77.3899484, 23.3628226], [77.3898625, 23.3627438], [77.3898196, 23.3626256], [77.3894978, 23.3623695], [77.389369, 23.3623695], [77.3890257, 23.3622119], [77.3882532, 23.3622119], [77.3878241, 23.3622907], [77.3877811, 23.3623301], [77.3876095, 23.3623301], [77.3875666, 23.3623695], [77.3874378, 23.3623301], [77.3873091, 23.3623695], [77.3872232, 23.3624483], [77.3870516, 23.3624483], [77.3869872, 23.3627044], [77.3869228, 23.3628029], [77.3868585, 23.3628226], [77.3867726, 23.3630195], [77.386601, 23.3631377], [77.3864079, 23.3633544], [77.3862362, 23.3633938], [77.386086, 23.3634923], [77.386086, 23.3636893], [77.3860002, 23.3637681], [77.3860431, 23.3638863], [77.3857427, 23.3640833], [77.3857641, 23.3641423], [77.38585, 23.3641423], [77.3859787, 23.3642211], [77.3861504, 23.3642605]]]}, "properties": {"kind": "waterbody", "name": "", "osm_id": 131173837, "tag": "water"}}, {"type": "Feature", "geometry": {"type": "LineString", "coordinates": [[77.3927922, 23.3573928], [77.392353, 23.3570376], [77.3921703, 23.3566382], [77.391934, 23.355928], [77.3917406, 23.355425], [77.3915741, 23.3547199], [77.3915311, 23.3537089], [77.39137, 23.3534476], [77.3909403, 23.3531763], [77.39043, 23.3531467], [77.3895759, 23.3532996], [77.388652, 23.3534821], [77.3879913, 23.353487], [77.3873736, 23.3533884], [77.3867828, 23.3530925], [77.3862778, 23.3528656], [77.3854077, 23.352698], [77.3841024, 23.3524169], [77.3822277, 23.3523626], [77.3814489, 23.3524662], [77.380439, 23.352555], [77.3798213, 23.3525155], [77.3793755, 23.3525106], [77.3767864, 23.3530037], [77.3759807, 23.3531369], [77.3754597, 23.3531517], [77.374901, 23.3530481], [77.3738106, 23.3526832], [77.3733809, 23.3525648], [77.3727578, 23.3525056], [77.3720595, 23.3525106], [77.3711947, 23.3524662], [77.3704481, 23.3523774], [77.3695516, 23.3521927], [77.3683967, 23.3519154], [77.3671613, 23.3517797], [77.3659124, 23.3516996], [77.3646233, 23.3514284], [77.363784, 23.3511078], [77.3627835, 23.3511017], [77.3623135, 23.3512188], [77.3618771, 23.3515948], [77.3613534, 23.3518414], [77.3607692, 23.3521188], [77.3606417, 23.3523838], [77.3602119, 23.3526489], [77.3597486, 23.3527229], [77.3590839, 23.3525195], [77.3580163, 23.3520571], [77.3568145, 23.3517304], [77.355673, 23.3513482], [77.3546659, 23.3510523], [77.3542295, 23.3507873], [77.3541422, 23.3504606], [77.3540952, 23.3498996], [77.3540743, 23.3498366], [77.3539273, 23.3493941], [77.353558, 23.3489564], [77.3533767, 23.3486729], [77.3533566, 23.3482968], [77.3534909, 23.3479023], [77.3537729, 23.3476064], [77.3541086, 23.3472982], [77.3542563, 23.3469283], [77.354169, 23.3463673], [77.3539676, 23.34572], [77.35384, 23.3452638], [77.35384, 23.3446227], [77.3537527, 23.3440802], [77.3536117, 23.3435501], [77.3533969, 23.3427548], [77.3532264, 23.3424887], [77.3531552, 23.3423726], [77.3527187, 23.3418424], [77.3521816, 23.3413677], [77.351819, 23.3412136], [77.3511476, 23.3412752], [77.350644, 23.3411766], [77.3498987, 23.3408869], [77.3492944, 23.3405724], [77.3490661, 23.3402889], [77.3488983, 23.3395429], [77.348811, 23.3389141], [77.3484148, 23.3382174], [77.3478911, 23.3375639], [77.347648, 23.3373585], [77.3469645, 23.336781], [77.3461588, 23.3363001], [77.3457828, 23.3360042], [77.3454202, 23.3356651], [77.3450241, 23.3353815], [77.3446615, 23.3353322], [77.3444064, 23.3353877], [77.3440774, 23.335622], [77.3438759, 23.3359857], [77.3436409, 23.3361953], [77.3431911, 23.3364481], [77.3426942, 23.3366762], [77.3423048, 23.3368303], [77.3416266, 23.336707], [77.3411969, 23.3363556], [77.3408343, 23.3359919], [77.3405792, 23.3355788], [77.3405389, 23.3352582], [77.3404113, 23.3347712], [77.3401159, 23.3344136], [77.3395385, 23.3342286], [77.3391222, 23.3340622], [77.338773, 23.3337416], [77.3384843, 23.3334333], [77.3380882, 23.332527], [77.3376114, 23.3320461], [77.337316, 23.331818], [77.3372824, 23.3315714], [77.3371079, 23.3313556], [77.3366983, 23.3312816], [77.3362149, 23.3314666], [77.335812, 23.3317749], [77.3354494, 23.3319907], [77.3351137, 23.3321263], [77.3346638, 23.3322558], [77.3341334, 23.3324099], [77.33365, 23.3325209], [77.3332941, 23.3325332], [77.3325757, 23.3325517], [77.3321661, 23.3324284], [77.3318774, 23.3322311], [77.331817, 23.3318304], [77.3317297, 23.3314049], [77.331582, 23.3309241], [77.3312798, 23.3306836], [77.3307762, 23.3304925], [77.3300847, 23.3304493], [77.3294433, 23.3303635], [77.3290437, 23.3303122], [77.3286526, 23.3303635], [77.3283003, 23.3304464], [77.3279436, 23.3304858], [77.3276213, 23.3305292], [77.3273764, 23.3306279], [77.3271744, 23.3306437], [77.3268306, 23.3306002], [77.326504, 23.330545], [77.3263236, 23.3304266], [77.3260743, 23.3300715], [77.3257391, 23.3297677], [77.3255312, 23.3296013], [77.3252707, 23.3293928], [77.325176, 23.3292437], [77.3250301, 23.329014], [77.3246605, 23.328651], [77.324291, 23.3283787], [77.3240332, 23.3281538], [77.3239063, 23.3280728], [77.3236808, 23.3279289], [77.3233413, 23.3278026], [77.3230319, 23.3277908], [77.3228385, 23.3276251], [77.3226752, 23.3273844], [77.3226667, 23.3271279], [77.3226065, 23.3266741], [77.3222971, 23.3262913], [77.3219662, 23.3259836], [77.3215236, 23.3256994], [77.3212185, 23.3256403], [77.3209478, 23.3254785], [77.3207759, 23.3252851], [77.3206298, 23.3249971], [77.3205224, 23.324634], [77.3204407, 23.3244801], [77.3202774, 23.3243539], [77.3202505, 23.3243454], [77.3202159, 23.3243359], [77.3199637, 23.3242749], [77.3192977, 23.3242868], [77.3188336, 23.3243302], [77.3183738, 23.3244367], [77.3178882, 23.3244446], [77.3177335, 23.3245867], [77.3175917, 23.3245512], [77.3174198, 23.3242434], [77.3171362, 23.3239277], [77.3169471, 23.3236751], [77.3168397, 23.3234621], [77.3168955, 23.3233161], [77.3170073, 23.3230872], [77.317076, 23.3228662], [77.3171448, 23.3225308], [77.3171362, 23.3222309], [77.3172092, 23.3220652], [77.3172436, 23.3218166], [77.3172172, 23.3217111], [77.3171834, 23.3214772], [77.3170287, 23.3213391], [77.3168526, 23.3212799], [77.3167236, 23.3211655], [77.3165217, 23.3211023], [77.316367, 23.3211497], [77.3162166, 23.3212562], [77.3160361, 23.3213588], [77.3158885, 23.3214408], [77.3157234, 23.3214804], [77.3155032, 23.3214456], [77.3152755, 23.3213075], [77.3150563, 23.3211102], [77.3148544, 23.3209484], [77.3144461, 23.3203683], [77.3142356, 23.3201908], [77.3139649, 23.3200566], [77.3136898, 23.3199777], [77.3135523, 23.3198909], [77.3135137, 23.3197409], [77.3134836, 23.3195752], [77.313389, 23.3194252], [77.3132816, 23.3193621]]}, "properties": {"kind": "line", "name": "Halali", "osm_id": 132969859, "tag": "river"}}, {"type": "Feature", "geometry": {"type": "Polygon", "coordinates": [[[77.3418617, 23.1945903], [77.3418188, 23.1945903], [77.3417759, 23.1946298], [77.3416901, 23.1946298], [77.3415399, 23.1945312], [77.3414312, 23.1942674], [77.341218, 23.1941959], [77.3411751, 23.1942353], [77.3410557, 23.1943795], [77.3409712, 23.1943956], [77.3411228, 23.1944868], [77.3411053, 23.1945607], [77.3407768, 23.1944215], [77.3405246, 23.1940467], [77.3403597, 23.1939197], [77.340188, 23.1939592], [77.3400318, 23.1939223], [77.3398782, 23.193868], [77.339716, 23.1939197], [77.339545, 23.1939413], [77.3393472, 23.19426], [77.3392754, 23.19426], [77.3391581, 23.1942353], [77.3390722, 23.1943142], [77.3389864, 23.1942353], [77.3388791, 23.1944128], [77.3388791, 23.1944917], [77.3387718, 23.1945114], [77.3387074, 23.1945706], [77.3387504, 23.1946495], [77.3385787, 23.1947678], [77.3385358, 23.1948467], [77.3385358, 23.1950045], [77.3387289, 23.1951426], [77.3387504, 23.1950045], [77.3388577, 23.1949059], [77.3390079, 23.1950045], [77.3390508, 23.1951229], [77.3390508, 23.1956357], [77.3391366, 23.195754], [77.3389864, 23.1957737], [77.3389006, 23.1958132], [77.3388362, 23.195754], [77.3388362, 23.1955962], [77.3385572, 23.1952609], [77.3384929, 23.1952806], [77.3382783, 23.1956751], [77.338407, 23.195754], [77.3382783, 23.1959118], [77.3383427, 23.195971], [77.3383856, 23.1958526], [77.3385572, 23.1957737], [77.3385787, 23.1957934], [77.3386216, 23.1959512], [77.3385358, 23.1959907], [77.3386645, 23.1960301], [77.3385787, 23.1960696], [77.3386002, 23.1961682], [77.3388577, 23.1960893], [77.3389864, 23.1961682], [77.339201, 23.1960104], [77.3393512, 23.1960301], [77.3393726, 23.1961287], [77.3394585, 23.1961287], [77.3395658, 23.1960696], [77.3394156, 23.1958526], [77.3393726, 23.1958921], [77.3392224, 23.1958723], [77.3392439, 23.1958132], [77.3393297, 23.1958132], [77.3393726, 23.1957737], [77.3397589, 23.1958921], [77.340188, 23.1958526], [77.3405313, 23.1960498], [77.3406601, 23.1960498], [77.3408747, 23.1959315], [77.3416257, 23.1951229], [77.3418617, 23.1945903]]]}, "properties": {"kind": "waterbody", "name": "", "osm_id": 138758260, "tag": "pond"}}, {"type": "Feature", "geometry": {"type": "LineString", "coordinates": [[77.4799791, 23.4193305], [77.4809792, 23.4194269], [77.4880315, 23.4211097], [77.4911326, 23.4279389], [77.4956808, 23.4404582], [77.5031234, 23.4658726], [77.5150459, 23.4994865], [77.5241424, 23.5021408], [77.5466619, 23.500614], [77.55048, 23.5042269], [77.5516386, 23.5047022], [77.5527468, 23.5044157], [77.5547398, 23.5037475], [77.5574038, 23.5038319], [77.5592802, 23.5043912], [77.561274, 23.5046278], [77.5643937, 23.5048859], [77.5662289, 23.5044398], [77.5663149, 23.5042229], [77.5663171, 23.5031221], [77.5667393, 23.501896], [77.5669973, 23.5002828], [77.5673022, 23.4991642], [77.5675602, 23.4978951], [77.5678417, 23.4954643], [77.5681935, 23.4941521], [77.5682874, 23.4932916], [77.5684281, 23.4914847], [77.5689676, 23.4906242], [77.570328, 23.4900218], [77.57197, 23.4895055], [77.57326, 23.4895486], [77.5747143, 23.4898712], [77.5758637, 23.4902262], [77.5774587, 23.4904521], [77.5795932, 23.4902477], [77.5820795, 23.4898497], [77.5843899, 23.4893765], [77.5860318, 23.4889247], [77.5867824, 23.4887956], [77.5892922, 23.4885805], [77.5912977, 23.4886666], [77.5925995, 23.488602], [77.5931742, 23.4887203], [77.5941359, 23.4888494], [77.595168, 23.4887849], [77.596505, 23.4883116], [77.5973377, 23.488118], [77.5987216, 23.4880534], [77.6001172, 23.48772], [77.6007857, 23.4872897], [77.6011375, 23.4866121], [77.6010906, 23.486042], [77.6007622, 23.4849879], [77.6003518, 23.483568], [77.6004808, 23.4828258], [77.6007388, 23.4821911], [77.6013252, 23.4816318], [77.6015949, 23.4804701], [77.601982, 23.4798462], [77.6033072, 23.4788027], [77.6036825, 23.4779422], [77.6054652, 23.4771031], [77.6075176, 23.4765115], [77.6081509, 23.4753066], [77.6082447, 23.4744138], [77.6088428, 23.4740158], [77.6098163, 23.4736823], [77.6102385, 23.4734994], [77.61276, 23.4721332], [77.6144723, 23.4707993], [77.6190462, 23.466367], [77.6196913, 23.4661303], [77.6221776, 23.4653558], [77.6234911, 23.4652589], [77.6244646, 23.4654418], [77.6257077, 23.4657753], [77.6261651, 23.4662702], [77.6264231, 23.4669264], [77.6267046, 23.4674966], [77.6274552, 23.4686047], [77.6286163, 23.4697988], [77.6297422, 23.4701861], [77.6305045, 23.4703582], [77.630915, 23.4704012], [77.6315131, 23.4700785], [77.6318415, 23.4698203], [77.6330026, 23.4691533], [77.6335069, 23.4689597], [77.6338822, 23.4690565], [77.6343513, 23.4692071], [77.6346679, 23.4696589], [77.6345624, 23.4704873], [77.6347735, 23.4716814], [77.6349846, 23.4728862], [77.6350198, 23.4737253], [77.6352543, 23.4750807], [77.6357235, 23.4755756], [77.6362981, 23.4757477], [77.6368259, 23.4757585], [77.6381117, 23.4760408], [77.6400689, 23.476984], [77.641064, 23.477197], [77.6419928, 23.4769536], [77.6430543, 23.4770753], [77.6443812, 23.4775012], [77.6456417, 23.4779576], [77.6465769, 23.47932], [77.6475057, 23.4808793], [77.6481277, 23.4819898], [77.6485755, 23.4825223], [77.6491063, 23.4832296], [77.6498941, 23.4836632], [77.6502175, 23.4841348], [77.6503419, 23.4844846], [77.6504083, 23.4847965], [77.6502507, 23.4859298], [77.6498941, 23.4871391], [77.6494878, 23.4886831], [77.6486916, 23.4898392], [77.6480116, 23.4909724], [77.6477628, 23.4914972], [77.6475679, 23.492824], [77.6476177, 23.4938926], [77.6479121, 23.4953224], [77.6486309, 23.4966115], [77.6495846, 23.4976459], [77.6500821, 23.4980794], [77.6513675, 23.4984748], [77.6519315, 23.4983912], [77.6522964, 23.4983379], [77.65291, 23.4983608], [77.6534574, 23.4984292], [77.6543198, 23.4986726], [77.6565258, 23.4990376], [77.6578609, 23.4991289], [77.6590551, 23.4992582], [77.6601913, 23.49957], [77.6606142, 23.4998894], [77.6608464, 23.5002088], [77.6609625, 23.5004142], [77.6611118, 23.5018971], [77.6614103, 23.5035094], [77.6619991, 23.5045969], [77.6628616, 23.5053574], [77.6640392, 23.5060342], [77.6653744, 23.5062928], [77.666129, 23.5062243], [77.6666266, 23.5061863], [77.6682852, 23.5058289], [77.6693964, 23.5058137], [77.6701096, 23.5060266], [77.6704496, 23.5061255], [77.6706238, 23.5062395], [77.671138, 23.5065742], [77.6717268, 23.5071901], [77.671818, 23.508194], [77.671536, 23.5095628], [77.671395, 23.5109012], [77.6714282, 23.5120419], [77.6716604, 23.5130913], [77.6722575, 23.5136312], [77.6726887, 23.5140722], [77.6743308, 23.5153802], [77.6759645, 23.5171748], [77.677283, 23.5185435], [77.6780045, 23.5195092], [77.6790577, 23.5211137], [77.6800778, 23.5221402], [77.6809568, 23.522642], [77.682831, 23.5238054], [77.6835276, 23.5246646], [77.6835774, 23.5251361], [77.6837681, 23.5266112], [77.6833369, 23.5278049], [77.6830384, 23.5282079], [77.6820515, 23.5296602], [77.6820681, 23.5299871], [77.682292, 23.5306943], [77.6827066, 23.5312037], [77.6834862, 23.5315991], [77.6841994, 23.53204], [77.6847882, 23.5321921], [77.6871268, 23.5328688], [77.688661, 23.5332033], [77.6903859, 23.5339941], [77.6921606, 23.5349749], [77.6926665, 23.5353702], [77.6935787, 23.5366704], [77.6945241, 23.5379857], [77.6953783, 23.5391185], [77.6968627, 23.5402133], [77.6979325, 23.5408444], [77.6997155, 23.5420228], [77.700777, 23.5435585], [77.7018053, 23.5453679], [77.7024936, 23.5471241], [77.7034556, 23.5485914], [77.704741, 23.5497089], [77.7050313, 23.5501802], [77.7057279, 23.551275], [77.7058025, 23.5525217], [77.7054376, 23.5531679], [77.7046249, 23.5545667], [77.7037625, 23.5556537], [77.7025766, 23.5571741], [77.701457, 23.5589301], [77.7010009, 23.5604277], [77.7007604, 23.562024], [77.7008682, 23.5635595], [77.7012497, 23.5643425], [77.702278, 23.5652926], [77.7040361, 23.5661212], [77.7050645, 23.5662808], [77.7055206, 23.5662124], [77.7059518, 23.5660528], [77.7067562, 23.5657411], [77.7074777, 23.5655131], [77.7080997, 23.565247], [77.7092773, 23.5646465], [77.7101232, 23.5643045], [77.7113008, 23.5635367], [77.7122876, 23.5629438], [77.7129179, 23.5620392], [77.7134652, 23.5611878], [77.7137223, 23.5604961], [77.7138218, 23.5596143], [77.7139213, 23.5580559], [77.7141618, 23.5571893], [77.7143194, 23.5565356], [77.7147175, 23.5559274], [77.7160526, 23.5545971], [77.7165253, 23.5538217], [77.7168239, 23.5529778], [77.7169317, 23.5523393], [77.7169151, 23.5514422], [77.7164175, 23.5499598], [77.7165005, 23.5489031], [77.7165005, 23.5482721], [77.71626, 23.5476639], [77.7158204, 23.5458773], [77.7163097, 23.5448814], [77.7166663, 23.5442352], [77.7172634, 23.5435053], [77.7183083, 23.542], [77.7190796, 23.5408672], [77.720506, 23.5391261], [77.7217333, 23.5376207], [77.7235495, 23.5358416], [77.7251251, 23.5350813], [77.7259295, 23.5349597], [77.7283345, 23.5349293], [77.7305238, 23.5353474], [77.731801, 23.5363662], [77.7329205, 23.5371874], [77.7340898, 23.5375903], [77.7352094, 23.5376588], [77.7361299, 23.5374763], [77.7367767, 23.5372102], [77.7373075, 23.536868], [77.7375397, 23.5363891], [77.7375977, 23.535872], [77.7374319, 23.5354007], [77.7366192, 23.5341842], [77.7365943, 23.5337736], [77.7367187, 23.5334162], [77.7372329, 23.5334086], [77.7376558, 23.533363], [77.7380787, 23.5328688], [77.7382114, 23.5323518], [77.7386178, 23.5304129], [77.7388334, 23.5297894], [77.7391402, 23.5289911], [77.7402017, 23.5273335], [77.7410891, 23.5267024], [77.7418603, 23.5264895], [77.7424077, 23.5264135], [77.7428057, 23.5264591], [77.7432618, 23.5265884], [77.7440414, 23.5272423], [77.744539, 23.5275768], [77.745219, 23.5291051], [77.7451609, 23.5297134], [77.7449453, 23.5300556], [77.7446219, 23.5306258], [77.7441492, 23.5320857], [77.744116, 23.5327624], [77.7443814, 23.5331805], [77.7446882, 23.5335227], [77.7457663, 23.5340929], [77.7478893, 23.534876], [77.7491996, 23.5350281], [77.7508997, 23.5350509], [77.7518036, 23.5348836], [77.7537524, 23.5347012], [77.7549632, 23.5344427], [77.7564476, 23.5341613], [77.7575589, 23.5345035], [77.7582887, 23.5351421], [77.7600468, 23.5361077], [77.7615644, 23.5363434], [77.7629079, 23.5364955], [77.7641767, 23.5367616], [77.766507, 23.5377044], [77.7682734, 23.5386091], [77.76897, 23.5395063], [77.7691525, 23.5400537], [77.7693432, 23.5406011], [77.7694925, 23.5410192], [77.7695256, 23.5413842], [77.7693183, 23.5425474], [77.768489, 23.5439691], [77.7685968, 23.5444556], [77.7688539, 23.5447369], [77.769252, 23.5451399], [77.7698408, 23.5455808], [77.7703052, 23.5456796], [77.7711428, 23.545634], [77.7719804, 23.5453375], [77.7724116, 23.5451627], [77.7733404, 23.5449574], [77.7748829, 23.5448586], [77.7759693, 23.5449346], [77.7769644, 23.5450258], [77.777744, 23.5453071], [77.7791123, 23.5463563], [77.7804309, 23.5475346], [77.781368, 23.5489259], [77.7824461, 23.5503855], [77.7826202, 23.5515258], [77.7829105, 23.5524913], [77.7830846, 23.5530387], [77.7841627, 23.5539357], [77.7853403, 23.5541562], [77.7858379, 23.5542094], [77.7868248, 23.5541562], [77.7874799, 23.5538445], [77.7880438, 23.553472], [77.7885994, 23.5530539], [77.7892795, 23.5521492], [77.78952, 23.5516171], [77.7893707, 23.5511001], [77.7890887, 23.5502335], [77.7886492, 23.5487738], [77.788558, 23.548158], [77.7884585, 23.547565], [77.7886326, 23.5470405], [77.7889975, 23.5466604], [77.7895283, 23.5463487], [77.7901336, 23.5462042], [77.7908137, 23.5460522], [77.7919913, 23.546075], [77.7929533, 23.5464095], [77.7938986, 23.5469112], [77.7944045, 23.5471241], [77.7949104, 23.5472914], [77.7957812, 23.5473674], [77.7965358, 23.5473598], [77.7973651, 23.5473522], [77.7992227, 23.5465387], [77.8004584, 23.5461814], [77.8020672, 23.5462878], [77.8024065, 23.546435]]}, "properties": {"kind": "line", "name": "Halali", "osm_id": 155469537, "tag": "river"}}, {"type": "Feature", "geometry": {"type": "LineString", "coordinates": [[77.4819046, 23.0965234], [77.482161, 23.0967887], [77.4824255, 23.0969435], [77.482754, 23.096973], [77.4832749, 23.0968256], [77.4840762, 23.0965455], [77.4846051, 23.0960811], [77.4850138, 23.0962212], [77.4853503, 23.0964423], [77.4858071, 23.0966708], [77.4862077, 23.096833], [77.4870251, 23.0968993], [77.4877463, 23.0967224], [77.488171, 23.0963612], [77.4884114, 23.0959116], [77.4888762, 23.0952261], [77.4890925, 23.0946364], [77.4895252, 23.0936192], [77.4896775, 23.0932359], [77.4900381, 23.0928821], [77.4903586, 23.092742], [77.4906391, 23.0925356], [77.4911039, 23.0921302], [77.4913923, 23.0918132], [77.4916087, 23.0914373], [77.491793, 23.0911425], [77.4929309, 23.0905012], [77.4934037, 23.0902874], [77.4938203, 23.0901547], [77.4939886, 23.0901842], [77.4943492, 23.0902948], [77.4945255, 23.0904938], [77.4947018, 23.0907739], [77.494814, 23.0911941], [77.494822, 23.0914078], [77.4946137, 23.0917911], [77.4945335, 23.0920712], [77.4938845, 23.0929853], [77.4934918, 23.0936782], [77.4924901, 23.0945037], [77.4918972, 23.0951303], [77.4911279, 23.0957494], [77.4908314, 23.0960737], [77.4905508, 23.0966373], [77.4905338, 23.0968979], [77.4905904, 23.0971429], [77.4907548, 23.0973826], [77.4911571, 23.097737], [77.4919957, 23.0980185], [77.4925906, 23.0984407], [77.4930496, 23.0988837], [77.4934349, 23.0996342], [77.4937069, 23.1001085], [77.4937975, 23.1003065], [77.4941318, 23.1005098], [77.4943245, 23.1006245], [77.4946305, 23.1006401], [77.4949874, 23.1006297], [77.4954237, 23.1005254], [77.496659, 23.1000251], [77.4975769, 23.0995717], [77.4982342, 23.0992746], [77.4986818, 23.0991651], [77.4993958, 23.0990765], [77.5003704, 23.099285], [77.5010956, 23.0996238], [77.5015546, 23.0999678], [77.5019569, 23.1002075], [77.5022345, 23.1004316], [77.5022969, 23.1005619], [77.5022175, 23.1010049], [77.5019569, 23.10113], [77.5017076, 23.1011248], [77.5014073, 23.1011248], [77.501124, 23.1011457], [77.500495, 23.101302], [77.50024, 23.1015157], [77.4999511, 23.1017711], [77.4997697, 23.1021776], [77.4996621, 23.1026467], [77.4996791, 23.1039496], [77.4997187, 23.1043457], [77.4998037, 23.1046271], [77.4999681, 23.1049086], [77.5002967, 23.1051535], [77.5010163, 23.1056643], [77.5015206, 23.1056903], [77.5018266, 23.1056122], [77.5021722, 23.1054245], [77.5023717, 23.1052884], [77.5025235, 23.1051848], [77.5030222, 23.1046324], [77.5031638, 23.1045959], [77.5039349, 23.1048059], [77.5040137, 23.1048304], [77.5045974, 23.1051848], [77.5054246, 23.1054871], [77.5056343, 23.105904], [77.5057533, 23.1064148], [77.5058949, 23.1067327], [77.5061442, 23.1068734], [77.5064162, 23.1069203], [77.5065352, 23.1070714], [77.5066089, 23.1073216], [77.5066712, 23.1076603], [77.5066882, 23.1081346], [77.5067392, 23.1093228], [77.5066655, 23.1099065], [77.5065069, 23.1105945], [77.5064219, 23.1108498], [77.5064276, 23.1111156], [77.5064956, 23.1115429]]}, "properties": {"kind": "line", "name": "", "osm_id": 209489940, "tag": "stream"}}, {"type": "Feature", "geometry": {"type": "LineString", "coordinates": [[77.4953436, 23.115616], [77.4958002, 23.1159826], [77.496273, 23.1163659], [77.496858, 23.1170292], [77.4972747, 23.1173682], [77.4974048, 23.1173628], [77.4978116, 23.1173461], [77.4982042, 23.1170955], [77.4983261, 23.1169461], [77.4984446, 23.1168007], [77.4987571, 23.1165133], [77.4994463, 23.1159753], [77.4999591, 23.1156657], [77.5004239, 23.1153267], [77.5007524, 23.1150172], [77.5008566, 23.1148108], [77.5006883, 23.1144939], [77.5004559, 23.1142949], [77.5001434, 23.1137938], [77.5005361, 23.1135063], [77.5015297, 23.113101], [77.5023471, 23.1129388], [77.5033247, 23.1124082], [77.5038937, 23.1122865], [77.5040138, 23.1122608], [77.5043744, 23.1122534], [77.5047511, 23.112305], [77.5049915, 23.1124377], [77.5052399, 23.112504], [77.5055444, 23.1125261], [77.5057527, 23.1124156], [77.5060732, 23.1120913], [77.5063617, 23.1118481], [77.5064956, 23.1115429], [77.5069627, 23.1113027], [77.507756, 23.1111553], [77.5090301, 23.1109636], [77.5097033, 23.1110226], [77.5100398, 23.1113174], [77.5103684, 23.1115385], [77.5107129, 23.1116712], [77.5112178, 23.1118112], [77.5116825, 23.1121429], [77.5118668, 23.1127767], [77.511947, 23.11344], [77.5120431, 23.1139264], [77.5118909, 23.1142654], [77.5115383, 23.1144792], [77.5111937, 23.1146561], [77.5106809, 23.1149214], [77.5100398, 23.1155257], [77.5098235, 23.1161816], [77.5101039, 23.1169997], [77.5106248, 23.1174124], [77.5109613, 23.1175598], [77.511362, 23.1177367], [77.5116425, 23.1177072], [77.5123637, 23.1175598], [77.5128364, 23.1175082], [77.5130608, 23.1176335], [77.5134374, 23.1183041], [77.5136939, 23.1188569], [77.5139022, 23.1192548], [77.5145192, 23.1203824], [77.5149279, 23.1208025], [77.5152725, 23.1210088], [77.5156411, 23.1210088], [77.5160097, 23.1209572], [77.5163062, 23.1207951], [77.5165145, 23.1205519], [77.5166748, 23.1202276], [77.5166908, 23.1197707], [77.5165947, 23.1194391], [77.5163142, 23.1190043], [77.5159776, 23.1188127], [77.5157292, 23.1181715], [77.5158013, 23.1176556], [77.5158094, 23.1171323], [77.5158655, 23.1168965], [77.5160177, 23.1166312], [77.516202, 23.1164396], [77.5165225, 23.1163585], [77.516803, 23.1163438], [77.5172598, 23.1164543], [77.5175482, 23.1165796], [77.5185579, 23.1171029], [77.5189506, 23.1175377], [77.5195516, 23.1178914], [77.519824, 23.1179062], [77.5201846, 23.1179209], [77.5208257, 23.1178177], [77.5215709, 23.1177367], [77.5223161, 23.1177514], [77.522845, 23.117943], [77.5235422, 23.1180388], [77.524071, 23.1177809], [77.5241832, 23.1174492], [77.5242393, 23.1170808], [77.5242553, 23.1166386], [77.5243916, 23.1164764], [77.524672, 23.1163364], [77.5249365, 23.1162922], [77.5249919, 23.1163668], [77.5251608, 23.1165943], [77.525273, 23.1169776], [77.5257298, 23.117324], [77.5259862, 23.1173903], [77.5267875, 23.1173829], [77.5270202, 23.117488], [77.527685, 23.1177883], [77.5290962, 23.1184155], [77.5311556, 23.1191525], [77.5317566, 23.1193883], [77.5322855, 23.1193589], [77.5323213, 23.1193421], [77.5326461, 23.1191893], [77.5330067, 23.118983], [77.5334154, 23.1188503], [77.5344411, 23.1188209], [77.5350821, 23.119042], [77.5353706, 23.1195136], [77.535603, 23.1200295], [77.5356751, 23.1204496], [77.5358275, 23.1205442], [77.5359956, 23.1206485], [77.5367088, 23.1206928], [77.537422, 23.1205085], [77.5381913, 23.1201916], [77.5390487, 23.1199042], [77.5405231, 23.119381], [77.5414366, 23.118983], [77.5417331, 23.1187545], [77.5419976, 23.1185187], [77.5423261, 23.1181723], [77.5424383, 23.1175533], [77.5427588, 23.1170742], [77.5429431, 23.1167426], [77.5432316, 23.1164994], [77.5436723, 23.1163225], [77.544081, 23.1163888], [77.5443695, 23.1164478], [77.5447541, 23.1166099], [77.5453471, 23.1172732], [77.5456035, 23.1177522], [77.5459401, 23.1182092], [77.5461565, 23.1185482], [77.5463568, 23.1188061], [77.5467414, 23.1190198], [77.5470139, 23.1190788], [77.5474947, 23.1189683], [77.548296, 23.1187693], [77.5489611, 23.1182092], [77.549514, 23.1178333], [77.5498265, 23.1173248], [77.550099, 23.1168384], [77.5504115, 23.1165215], [77.5507721, 23.1162562], [77.5510526, 23.1162046], [77.5514853, 23.1163667], [77.5519981, 23.1165289], [77.5524469, 23.1165436], [77.5539614, 23.1165583], [77.5542979, 23.1164109], [77.5545784, 23.1160867], [77.554915, 23.1156371], [77.5551153, 23.1152244], [77.555532, 23.1150328], [77.5559006, 23.1152244], [77.5565336, 23.1154676], [77.5570946, 23.1156445], [77.5574792, 23.1155192], [77.5578158, 23.1151286], [77.5578398, 23.1147159], [77.5578799, 23.1142147], [77.5579921, 23.1133893], [77.5575914, 23.1125933], [77.557343, 23.1113772], [77.5571667, 23.1099916], [77.5568381, 23.1097558], [77.5564295, 23.1095199], [77.5560849, 23.1087018], [77.5559567, 23.1072941], [77.5562211, 23.1068224], [77.5569904, 23.1058053], [77.5575914, 23.1050682], [77.5578638, 23.1042501], [77.5582004, 23.1036383], [77.558545, 23.1027023], [77.5587373, 23.1012355], [77.5590097, 23.1000709], [77.5592501, 23.0990906], [77.5596107, 23.0976828], [77.5601717, 23.0966361], [77.5606364, 23.0951767], [77.5617182, 23.0941078], [77.5630644, 23.0935255], [77.5640661, 23.0933928], [77.5656447, 23.0933265], [77.5672874, 23.0933928], [77.5681368, 23.0934223], [77.5687058, 23.0935329], [77.5691866, 23.0934739], [77.5698918, 23.0927147], [77.5703725, 23.0921397], [77.5710056, 23.0914542], [77.5715585, 23.091152], [77.5723198, 23.0907908], [77.5733375, 23.0901716], [77.5743471, 23.0899136], [77.5750202, 23.0898473], [77.5754449, 23.0898473], [77.5758055, 23.089921], [77.5762222, 23.0900758], [77.576703, 23.0903559], [77.5778249, 23.0915132], [77.5783057, 23.0920808], [77.5785381, 23.0923535], [77.5791197, 23.0929572]]}, "properties": {"kind": "line", "name": "Ajmar", "osm_id": 209489941, "tag": "river"}}, {"type": "Feature", "geometry": {"type": "LineString", "coordinates": [[77.2041816, 23.1339193], [77.2044876, 23.1341577], [77.2046267, 23.1342661], [77.2047783, 23.1343397], [77.2049568, 23.1346914], [77.2045935, 23.1352131], [77.204262, 23.1353772], [77.2041728, 23.135553], [77.2043257, 23.1357523], [77.2047018, 23.1359575], [77.2049249, 23.1362271], [77.2058109, 23.1363678], [77.2059703, 23.1367429], [77.2055552, 23.1375183], [77.2055815, 23.1378039], [77.2058173, 23.1382669], [77.2056006, 23.1389058], [77.2060149, 23.1394803], [77.2058046, 23.1399375], [77.2054859, 23.1400781], [77.2052564, 23.1399375], [77.2050524, 23.1396034], [77.2047719, 23.1395682], [77.2047656, 23.1399316], [77.2048867, 23.1401954], [77.2052054, 23.1404181], [77.2053865, 23.1409871], [77.20623, 23.1417134], [77.2075519, 23.1429859], [77.207616, 23.1440488], [77.2075639, 23.1446382], [77.2069323, 23.1449646], [77.2073054, 23.146194], [77.2088289, 23.1494129], [77.2093209, 23.1506906], [77.2091396, 23.1513017], [77.2101149, 23.152], [77.210512, 23.1525635], [77.2117203, 23.1549125], [77.2125834, 23.1551982], [77.2133713, 23.158004], [77.2135501, 23.1592215], [77.2142319, 23.1596024], [77.2138957, 23.1613517], [77.2151372, 23.1620931], [77.2156778, 23.1636298], [77.2170083, 23.1643593], [77.2173871, 23.1655265], [77.2186967, 23.1658045], [77.2196244, 23.1673756], [77.2196732, 23.1680489], [77.2194779, 23.1689803], [77.2206741, 23.1692832], [77.222002, 23.1699746], [77.2222385, 23.171046], [77.2220772, 23.1712624], [77.2216135, 23.1718846], [77.2217993, 23.1734218], [77.2223567, 23.1751454], [77.2238769, 23.177164], [77.2258024, 23.1782509], [77.2265963, 23.1795708], [77.2266564, 23.1810833], [77.2261698, 23.1822278], [77.2266117, 23.1822498], [77.2270655, 23.1818325], [77.2275433, 23.182129], [77.2277778, 23.1825169], [77.227896, 23.1845509], [77.2287406, 23.1856533], [77.2284148, 23.1876403], [77.2283809, 23.1877791], [77.2282761, 23.1879094], [77.2281344, 23.1879688], [77.2278232, 23.1880028], [77.2276106, 23.1880198], [77.2275521, 23.1881104], [77.2275582, 23.1882832], [77.2275798, 23.1883483], [77.2276969, 23.1884786], [77.2278509, 23.1885409], [77.2280019, 23.1885692], [77.2281652, 23.1885438], [77.2283069, 23.1884475], [77.2284456, 23.1882719], [77.2285318, 23.1881756], [77.2286489, 23.1880934], [77.2288307, 23.188051], [77.2297525, 23.1879057], [77.2299152, 23.1879037], [77.2304606, 23.1881699], [77.2308673, 23.1884022], [77.2309197, 23.1885579], [77.2308057, 23.1887788], [77.2303516, 23.1890924], [77.2299117, 23.18962], [77.2295362, 23.1908971], [77.2295093, 23.1915233], [77.2297347, 23.1924997], [77.2301799, 23.1930815], [77.2305447, 23.1936929], [77.2306359, 23.1944128], [77.2302223, 23.1962672], [77.2289802, 23.1975039], [77.2284291, 23.1981864], [77.228233, 23.19862], [77.228233, 23.199002], [77.2283638, 23.199311], [77.2286346, 23.1996072], [77.2290495, 23.2000333], [77.2291943, 23.2000673], [77.229336, 23.2000333], [77.2295024, 23.1999483], [77.2295763, 23.1997614], [77.2296133, 23.1994669], [77.2295147, 23.1993508], [77.2294038, 23.199246], [77.229376, 23.1991271], [77.2294069, 23.1990534], [77.2295593, 23.1990299], [77.2297414, 23.199032], [77.2298792, 23.1989677], [77.2299492, 23.1989612], [77.2300263, 23.1989956], [77.2307506, 23.1998128], [77.2318991, 23.2010237], [77.2350626, 23.204333], [77.2343684, 23.2068242], [77.2349634, 23.2083888], [77.2363187, 23.2099078], [77.2398391, 23.2130217], [77.2415579, 23.2143736], [77.2422356, 23.214328], [77.2422851, 23.2131888], [77.2433011, 23.2123165], [77.2439214, 23.2128091], [77.2440205, 23.2141002], [77.2445329, 23.2147229], [77.2457063, 23.2159988], [77.2461526, 23.2177152], [77.2460699, 23.2204644], [77.2468137, 23.2213453], [77.2458864, 23.2232786], [77.2458471, 23.2237029], [77.2461101, 23.2241258], [77.2463402, 23.2244582], [77.2466361, 23.2247422], [77.2473076, 23.2261734], [77.2474909, 23.2263917], [77.2475698, 23.2267482], [77.247458, 23.2270383], [77.2475172, 23.2273223], [77.2484865, 23.2277403], [77.2489231, 23.227666], [77.2501765, 23.2282382], [77.2506516, 23.2287431], [77.2518341, 23.2288846], [77.2529176, 23.2288475], [77.2541144, 23.2297317], [77.2537424, 23.2300438], [77.2538071, 23.2309503], [77.2542356, 23.2319088], [77.2555456, 23.2317751], [77.256621, 23.2314407], [77.2568394, 23.2308834], [77.2578016, 23.2303336], [77.2600916, 23.2299149], [77.2601947, 23.230211], [77.2601138, 23.2306122], [77.259944, 23.2308426], [77.2598874, 23.2312401], [77.2601057, 23.2316376], [77.2606677, 23.2320314], [77.2613014, 23.2322926], [77.2622186, 23.2330279], [77.2624402, 23.2333094], [77.2623513, 23.2335323], [77.2621228, 23.2335583], [77.2619166, 23.2336772], [77.2619094, 23.2342038], [77.2621843, 23.2350508], [77.2626622, 23.2357182], [77.2667079, 23.2406798], [77.2784759, 23.2446507], [77.2867893, 23.2479234], [77.2971882, 23.249402], [77.3115691, 23.2520764], [77.3221614, 23.2547971], [77.3374235, 23.2562621]]}, "properties": {"kind": "line", "name": "", "osm_id": 234952858, "tag": "river"}}, {"type": "Feature", "geometry": {"type": "Polygon", "coordinates": [[[77.3669057, 23.2246229], [77.3665792, 23.2248684], [77.3666014, 23.2249776], [77.3667387, 23.2250697], [77.3668241, 23.2250168], [77.3668723, 23.2250901], [77.3667963, 23.2251498], [77.366915, 23.2256682], [77.3668427, 23.2258097], [77.3671878, 23.2258694], [77.3674327, 23.2257518], [77.3676202, 23.2258183], [77.3677296, 23.2257586], [77.3675478, 23.2256034], [77.3676183, 23.2254704], [77.3677259, 23.2255233], [77.3676795, 23.2256358], [77.3677426, 23.2256767], [77.3678707, 23.2255284], [77.367956, 23.225525], [77.3679931, 23.2252487], [77.3679245, 23.225143], [77.3681156, 23.2249554], [77.3682696, 23.224952], [77.3684236, 23.2247303], [77.3682511, 23.2246877], [77.3679245, 23.2248974], [77.3679746, 23.2249793], [77.3679263, 23.2250509], [77.3675663, 23.2250663], [77.3675292, 23.2252487], [77.367416, 23.2250492], [77.3671024, 23.225039], [77.3672082, 23.224923], [77.3671748, 23.2247678], [77.3669057, 23.2246229]]]}, "properties": {"kind": "waterbody", "name": "", "osm_id": 238506833, "tag": "water"}}, {"type": "Feature", "geometry": {"type": "Polygon", "coordinates": [[[77.3663378, 23.2228972], [77.366217, 23.2226937], [77.3663796, 23.2223151], [77.3663533, 23.2221457], [77.3664183, 23.2220717], [77.3665624, 23.2221585], [77.3667436, 23.2220788], [77.3666414, 23.2222126], [77.366708, 23.2222838], [77.3665995, 23.2222994], [77.3664493, 23.2228787], [77.3663378, 23.2228972]]]}, "properties": {"kind": "waterbody", "name": "", "osm_id": 238798599, "tag": "water"}}, {"type": "Feature", "geometry": {"type": "Polygon", "coordinates": [[[77.3818063, 23.219711], [77.3817639, 23.2196034], [77.3818402, 23.2192306], [77.3819115, 23.2191651], [77.3824768, 23.2192041], [77.3834681, 23.2193585], [77.3835937, 23.2198343], [77.3832169, 23.2199794], [77.383003, 23.2199435], [77.3829606, 23.2197968], [77.3827603, 23.2197547], [77.3820066, 23.2198093], [77.3818063, 23.219711]]]}, "properties": {"kind": "waterbody", "name": "", "osm_id": 238798600, "tag": "water"}}, {"type": "Feature", "geometry": {"type": "Polygon", "coordinates": [[[77.3666377, 23.2201173], [77.3664011, 23.2201696], [77.3660923, 23.2199543], [77.3656761, 23.2199945], [77.3654045, 23.2198939], [77.3650212, 23.2199281], [77.3646182, 23.219759], [77.3648394, 23.2193121], [77.3653103, 23.2195939], [77.3656608, 23.2195295], [77.365893, 23.2197369], [77.3662369, 23.2197248], [77.3663595, 23.2199341], [77.3666377, 23.2201173]]]}, "properties": {"kind": "waterbody", "name": "", "osm_id": 238798602, "tag": "water"}}, {"type": "Feature", "geometry": {"type": "Polygon", "coordinates": [[[77.3667595, 23.2203732], [77.3668471, 23.2204617], [77.3672217, 23.2204839], [77.3675612, 23.220349], [77.3677211, 23.2204678], [77.3684023, 23.2204154], [77.3684877, 23.2205704], [77.3684746, 23.2207556], [77.3686213, 23.2205483], [77.3684987, 23.2203611], [77.368595, 23.2202242], [77.3680365, 23.2202705], [77.3676882, 23.2200813], [77.3674144, 23.2200591], [77.3673137, 23.2199504], [77.3671625, 23.2199907], [77.3667595, 23.2203732]]]}, "properties": {"kind": "waterbody", "name": "", "osm_id": 238798604, "tag": "water"}}, {"type": "Feature", "geometry": {"type": "Polygon", "coordinates": [[[77.3839648, 23.2146789], [77.38432, 23.2149668], [77.3843405, 23.2150804], [77.3844125, 23.2151389], [77.3845169, 23.2151157], [77.3847125, 23.2152668], [77.3848894, 23.215267], [77.3852831, 23.2151038], [77.3853503, 23.2149251], [77.3852783, 23.2146956], [77.3855352, 23.2145059], [77.3855832, 23.2147464], [77.3858665, 23.2148501], [77.3854344, 23.2153178], [77.3856072, 23.2155759], [77.3858689, 23.2155538], [77.3861617, 23.2153685], [77.3866202, 23.2155759], [77.3868291, 23.2159752], [77.3869323, 23.2160282], [77.3868963, 23.2161716], [77.386577, 23.2161782], [77.3863394, 23.2159973], [77.3860681, 23.2159576], [77.3855712, 23.216112], [77.3850263, 23.2164584], [77.3843445, 23.2160348], [77.3845293, 23.21577], [77.3842917, 23.2155759], [77.384006, 23.215598], [77.3834971, 23.2152913], [77.3839648, 23.2146789]]]}, "properties": {"kind": "waterbody", "name": "", "osm_id": 238798605, "tag": "water"}}, {"type": "Feature", "geometry": {"type": "Polygon", "coordinates": [[[77.3819424, 23.2190692], [77.3823294, 23.2190926], [77.3823039, 23.2190193], [77.3823633, 23.2189054], [77.3824567, 23.2188898], [77.3825195, 23.2189662], [77.3824974, 23.2190442], [77.382438, 23.2191144], [77.3825789, 23.2191566], [77.3834191, 23.2192767], [77.3836687, 23.21918], [77.3836907, 23.2189553], [77.3839216, 23.2187572], [77.3841524, 23.2187572], [77.3842034, 23.2185996], [77.3840828, 23.2182611], [77.3839844, 23.2181691], [77.3839987, 23.2180878], [77.3840014, 23.2180724], [77.3838961, 23.2179991], [77.3838282, 23.2180911], [77.3836992, 23.2181098], [77.383723, 23.2178509], [77.3834005, 23.2176668], [77.383246, 23.2176715], [77.3831, 23.2177635], [77.3831136, 23.2179959], [77.3830457, 23.2180739], [77.3828284, 23.2182892], [77.3826943, 23.2185965], [77.3825568, 23.2186901], [77.3824092, 23.2185653], [77.3821444, 23.2186636], [77.381832, 23.2189101], [77.3818286, 23.2190146], [77.3819424, 23.2190692]]]}, "properties": {"kind": "waterbody", "name": "", "osm_id": 238798606, "tag": "water"}}, {"type": "Feature", "geometry": {"type": "Polygon", "coordinates": [[[77.3650814, 23.2217316], [77.3650924, 23.2218564], [77.3651438, 23.2218896], [77.3651909, 23.2218595], [77.3653377, 23.2218766], [77.3654724, 23.2218454], [77.3655469, 23.2218715], [77.3657144, 23.2217347], [77.3658251, 23.2217266], [77.3659116, 23.2216702], [77.366032, 23.2217789], [77.3661481, 23.2217799], [77.3662905, 23.2219229], [77.3663036, 23.2219762], [77.3664055, 23.2220004], [77.366526, 23.2219531], [77.3664241, 23.2217306], [77.3663277, 23.2217186], [77.3663157, 23.2216209], [77.3663672, 23.2215746], [77.3662127, 23.2215766], [77.3661054, 23.221639], [77.3660528, 23.2215776], [77.3660956, 23.2214851], [77.3661525, 23.2214357], [77.3659729, 23.2214931], [77.365893, 23.221474], [77.3657791, 23.2213854], [77.365675, 23.2213703], [77.3655994, 23.2214216], [77.3655918, 23.2215082], [77.3653815, 23.2216169], [77.3652829, 23.2215897], [77.3652369, 23.2215464], [77.3652096, 23.2215666], [77.3652216, 23.221637], [77.3650814, 23.2217316]]]}, "properties": {"kind": "waterbody", "name": "", "osm_id": 238798607, "tag": "water"}}, {"type": "Feature", "geometry": {"type": "Polygon", "coordinates": [[[77.3805255, 23.2166672], [77.3810076, 23.2165159], [77.3809635, 23.216232], [77.3803677, 23.2164005], [77.3805255, 23.2166672]]]}, "properties": {"kind": "waterbody", "name": "", "osm_id": 238798609, "tag": "water"}}, {"type": "Feature", "geometry": {"type": "Polygon", "coordinates": [[[77.380534, 23.2170229], [77.3809957, 23.2168934], [77.3809957, 23.2171368], [77.3806494, 23.2172694], [77.380534, 23.2170229]]]}, "properties": {"kind": "waterbody", "name": "", "osm_id": 238798611, "tag": "water"}}, {"type": "Feature", "geometry": {"type": "Polygon", "coordinates": [[[77.3673993, 23.2199398], [77.3680421, 23.2193776], [77.3680034, 23.2193221], [77.3673436, 23.2198886], [77.3673993, 23.2199398]]]}, "properties": {"kind": "waterbody", "name": "", "osm_id": 238798612, "tag": "water"}}, {"type": "Feature", "geometry": {"type": "Polygon", "coordinates": [[[77.3804933, 23.2167203], [77.3810093, 23.2165611], [77.3810959, 23.2168248], [77.3805544, 23.2169589], [77.3804933, 23.2167203]]]}, "properties": {"kind": "waterbody", "name": "", "osm_id": 238798613, "tag": "water"}}, {"type": "Feature", "geometry": {"type": "Polygon", "coordinates": [[[77.3643706, 23.2223154], [77.3645305, 23.2224814], [77.3645733, 23.2224704], [77.3647792, 23.2222842], [77.3646412, 23.222102], [77.3643706, 23.2223154]]]}, "properties": {"kind": "waterbody", "name": "", "osm_id": 238798615, "tag": "water"}}, {"type": "Feature", "geometry": {"type": "Polygon", "coordinates": [[[77.38371, 23.2166636], [77.3843726, 23.217149], [77.3839549, 23.2177204], [77.3838012, 23.2177469], [77.3833403, 23.2172902], [77.3833259, 23.2169879], [77.38371, 23.2166636]]]}, "properties": {"kind": "waterbody", "name": "", "osm_id": 238798616, "tag": "water"}}, {"type": "Feature", "geometry": {"type": "Polygon", "coordinates": [[[77.3643247, 23.2223395], [77.3645119, 23.2225287], [77.3642469, 23.222724], [77.363949, 23.2227612], [77.3638833, 23.2227904], [77.3639074, 23.2226968], [77.3643247, 23.2223395]]]}, "properties": {"kind": "waterbody", "name": "", "osm_id": 238798617, "tag": "water"}}, {"type": "Feature", "geometry": {"type": "Polygon", "coordinates": [[[77.3664507, 23.2213373], [77.366006, 23.2210173], [77.3660038, 23.2209307], [77.3666785, 23.2204074], [77.3668318, 23.2205443], [77.3668362, 23.220657], [77.3664003, 23.2210173], [77.3664507, 23.2213373]]]}, "properties": {"kind": "waterbody", "name": "", "osm_id": 238798618, "tag": "water"}}, {"type": "Feature", "geometry": {"type": "Polygon", "coordinates": [[[77.3842453, 23.2161033], [77.3848719, 23.2164982], [77.3848593, 23.2165169], [77.3845526, 23.2169703], [77.3844038, 23.2170497], [77.3838228, 23.2166107], [77.3838516, 23.2164518], [77.3839597, 23.2164496], [77.3842453, 23.2161033]]]}, "properties": {"kind": "waterbody", "name": "", "osm_id": 238798619, "tag": "water"}}, {"type": "Feature", "geometry": {"type": "Polygon", "coordinates": [[[77.3648514, 23.2222057], [77.3647813, 23.2220014], [77.3649401, 23.2218383], [77.3649993, 23.2218504], [77.3650124, 23.2218816], [77.3649522, 23.2219289], [77.3650234, 23.2220175], [77.3648514, 23.2222057]]]}, "properties": {"kind": "waterbody", "name": "", "osm_id": 238798620, "tag": "water"}}, {"type": "Feature", "geometry": {"type": "Polygon", "coordinates": [[[77.3649822, 23.2215489], [77.3650775, 23.2214673], [77.3650731, 23.221257], [77.3648891, 23.2211875], [77.3647051, 23.221261], [77.3646032, 23.2213838], [77.3647752, 23.221573], [77.3649822, 23.2215489]]]}, "properties": {"kind": "waterbody", "name": "", "osm_id": 238798621, "tag": "water"}}, {"type": "Feature", "geometry": {"type": "LineString", "coordinates": [[77.4113304, 23.2725502], [77.4121729, 23.2723675], [77.4125004, 23.2721891], [77.4128866, 23.2721792], [77.4130636, 23.2723418], [77.4131924, 23.2724946], [77.4132295, 23.2725399]]}, "properties": {"kind": "line", "name": "", "osm_id": 254362108, "tag": "stream"}}, {"type": "Feature", "geometry": {"type": "Polygon", "coordinates": [[[77.392866, 23.2630409], [77.3930154, 23.2630478], [77.393023, 23.2629088], [77.3928736, 23.2629018], [77.392866, 23.2630409]]]}, "properties": {"kind": "waterbody", "name": "", "osm_id": 257035896, "tag": "pond"}}, {"type": "Feature", "geometry": {"type": "LineString", "coordinates": [[77.4134496, 23.2725252], [77.4137232, 23.2723478], [77.4138519, 23.2722984], [77.4141151, 23.2723714], [77.4145871, 23.2723123], [77.4148393, 23.2722827], [77.4153218, 23.2721605], [77.4156222, 23.272195], [77.4157831, 23.2723083], [77.4159065, 23.2726336], [77.4160514, 23.2729046], [77.4162072, 23.2730367], [77.4165969, 23.2729777]]}, "properties": {"kind": "line", "name": "", "osm_id": 260648491, "tag": "stream"}}, {"type": "Feature", "geometry": {"type": "LineString", "coordinates": [[77.4092452, 23.2714589], [77.4093717, 23.2714552]]}, "properties": {"kind": "line", "name": "", "osm_id": 260648493, "tag": "stream"}}, {"type": "Feature", "geometry": {"type": "LineString", "coordinates": [[77.4168078, 23.2629383], [77.4169345, 23.2631252]]}, "properties": {"kind": "line", "name": "", "osm_id": 260648495, "tag": "stream"}}, {"type": "Feature", "geometry": {"type": "LineString", "coordinates": [[77.4132295, 23.2725399], [77.4134496, 23.2725252]]}, "properties": {"kind": "line", "name": "", "osm_id": 260648496, "tag": "stream"}}, {"type": "Feature", "geometry": {"type": "LineString", "coordinates": [[77.4169345, 23.2631252], [77.4170336, 23.2633572], [77.4171095, 23.2635702], [77.4172531, 23.2639256], [77.4172041, 23.2641964], [77.4173261, 23.2643372], [77.4174789, 23.2644411], [77.4175861, 23.2644783], [77.418, 23.2647413], [77.4187586, 23.2649834]]}, "properties": {"kind": "line", "name": "", "osm_id": 260648497, "tag": "stream"}}, {"type": "Feature", "geometry": {"type": "Polygon", "coordinates": [[[77.4131491, 23.2853252], [77.4132584, 23.2853776], [77.413451, 23.2854189], [77.4135316, 23.2854688], [77.4136047, 23.2854858], [77.41367, 23.2855366], [77.4137058, 23.2856192], [77.4137489, 23.2856773], [77.4137661, 23.2857309], [77.413781, 23.2857603], [77.413785, 23.2857851], [77.4137746, 23.2858134], [77.413753, 23.2858294], [77.4136987, 23.2858459], [77.4132672, 23.285902], [77.4123972, 23.2859186], [77.4122177, 23.2859959], [77.4120137, 23.2862163], [77.4118696, 23.2861922], [77.4111749, 23.2863423], [77.4109278, 23.2858996], [77.4107092, 23.2851154], [77.4107166, 23.2850551], [77.4107483, 23.2850254], [77.4108166, 23.2850177], [77.4109391, 23.2850158], [77.4111094, 23.2849862], [77.4112517, 23.2850098], [77.4114706, 23.2851035], [77.4116132, 23.2851441], [77.4117311, 23.2851511], [77.4118727, 23.2851195], [77.4119278, 23.2850743], [77.4119558, 23.2850399], [77.4121639, 23.2845526], [77.412277, 23.2844067], [77.4123763, 23.2843361], [77.4126158, 23.2843034], [77.4126956, 23.2843316], [77.4128386, 23.2844403], [77.4129149, 23.2846402], [77.4130737, 23.2852168], [77.4131491, 23.2853252]]]}, "properties": {"kind": "waterbody", "name": "Solar evaporation pond", "osm_id": 293560338, "tag": "pond"}}, {"type": "Feature", "geometry": {"type": "LineString", "coordinates": [[77.3550264, 23.2527112], [77.3515415, 23.2331032], [77.35576, 23.2256408], [77.3633535, 23.2190503], [77.3711578, 23.2159488], [77.3724084, 23.2161433], [77.3741108, 23.2166272], [77.375843, 23.2154861], [77.3801222, 23.2138164], [77.3788567, 23.2056744], [77.3805441, 23.2031542], [77.3890867, 23.1993737], [77.3927903, 23.1957919], [77.4008056, 23.1958403], [77.4047767, 23.1963887], [77.4070139, 23.196423], [77.4095369, 23.1964628], [77.4097354, 23.196358], [77.4099093, 23.1961582], [77.4099652, 23.1958441], [77.4100087, 23.1956443], [77.4101019, 23.1954502], [77.4102758, 23.195296], [77.4105119, 23.1952789], [77.4106734, 23.1953303], [77.4109032, 23.1954844], [77.4112014, 23.1956843], [77.4114188, 23.1957242], [77.4116859, 23.1956957], [77.4119157, 23.1955701], [77.4121766, 23.1953931], [77.41245, 23.1952446], [77.4126798, 23.1949991], [77.4128537, 23.1948678], [77.4132327, 23.1946736], [77.4134501, 23.1945652], [77.4136737, 23.1944167], [77.413916, 23.194234], [77.4142949, 23.1940855], [77.4147049, 23.19384], [77.414885, 23.193623], [77.4149409, 23.1932462], [77.4147546, 23.1930064], [77.4144812, 23.1928579], [77.4142762, 23.1927609], [77.4142266, 23.1923612], [77.414152, 23.1920528], [77.414065, 23.1917788], [77.413916, 23.1914419], [77.4140402, 23.1910536], [77.4141706, 23.1907909], [77.4142463, 23.1907084], [77.4143881, 23.1905511], [77.4146303, 23.1904541], [77.4147653, 23.1904385]]}, "properties": {"kind": "line", "name": "", "osm_id": 319607550, "tag": "river"}}, {"type": "Feature", "geometry": {"type": "LineString", "coordinates": [[77.5303149, 23.2760662], [77.5286374, 23.2732663], [77.5222929, 23.2666503], [77.5197155, 23.2639625], [77.5190825, 23.2585538], [77.5189934, 23.2577928], [77.5185099, 23.2536612], [77.5187002, 23.2524662], [77.5197154, 23.2461645], [77.5200378, 23.2455295], [77.5206833, 23.2453557], [77.5215626, 23.2454068], [77.5219188, 23.2459488], [77.5222082, 23.2463681], [77.5236663, 23.2468283], [77.524668, 23.2468897], [77.5257254, 23.2483726], [77.5263932, 23.2488123], [77.5272837, 23.2486896], [77.527914, 23.2482333], [77.529877, 23.2469817], [77.530556, 23.246], [77.5321254, 23.2448955], [77.5325483, 23.2442103], [77.5334721, 23.2439955], [77.5341845, 23.2431467], [77.5352307, 23.2431569], [77.5361546, 23.2427274], [77.536277, 23.2421955], [77.5366332, 23.2418274], [77.5370561, 23.2418171], [77.5374012, 23.2419603], [77.5378019, 23.2421035], [77.5379597, 23.2421836], [77.5381769, 23.2422938], [77.5394714, 23.2419296], [77.5422763, 23.2425535], [77.5428439, 23.2422569], [77.5433003, 23.241449], [77.5437343, 23.2411319], [77.5444689, 23.2411422], [77.5454262, 23.2405387], [77.5482529, 23.2401471], [77.5610693, 23.2435807], [77.5673387, 23.2440238], [77.5702295, 23.2375931], [77.5708241, 23.2368451], [77.5717514, 23.2358564], [77.5732152, 23.2336903], [77.5734754, 23.2331598], [77.5735445, 23.2329618], [77.5735608, 23.2327115], [77.5734957, 23.2323043], [77.5733087, 23.2320204], [77.5730323, 23.2318709], [77.5720037, 23.2316655], [77.5717638, 23.2316206], [77.5715972, 23.2315384], [77.5714874, 23.2313106], [77.5715199, 23.2306792], [77.5714874, 23.2305148], [77.5713695, 23.2304027], [77.5711703, 23.2303467], [77.5709345, 23.2303318], [77.5707231, 23.2303579], [77.5706093, 23.2304065], [77.5705442, 23.2304737], [77.5704914, 23.2305148], [77.5703938, 23.2305186], [77.5702474, 23.230455], [77.5700564, 23.2303168], [77.5698856, 23.2301188], [77.5695818, 23.2293329], [77.5691802, 23.2281957], [77.5690541, 23.2277536], [77.5691101, 23.2273374], [77.5692455, 23.2270412], [77.5695117, 23.2267194], [77.5699787, 23.2264662], [77.570413, 23.2263246], [77.5708567, 23.2261443], [77.5714404, 23.225565], [77.5716412, 23.2253289], [77.57173, 23.2251272], [77.5717346, 23.2248697], [77.5714544, 23.2244749], [77.5712723, 23.2242775], [77.5711509, 23.2240372], [77.5711369, 23.2238741], [77.5713237, 23.2236123], [77.5724632, 23.2229428], [77.5726686, 23.2227282], [77.5727387, 23.2225051], [77.5727761, 23.2222862], [77.572678, 23.2219257], [77.5720756, 23.2209987], [77.5717673, 23.2201747], [77.5717253, 23.2198142], [77.571744, 23.2195438], [77.5718, 23.2193163], [77.5720522, 23.2190417], [77.5726593, 23.2184837], [77.5727387, 23.2183164], [77.5727947, 23.2180975], [77.5728087, 23.2179043], [77.5727667, 23.2175353], [77.5723931, 23.2166683], [77.5723137, 23.2164408], [77.572281, 23.2162434], [77.5723231, 23.2160331], [77.5723302, 23.2159828], [77.5724959, 23.2157541], [77.5726716, 23.2156072], [77.572891, 23.2155421], [77.5733511, 23.2155421], [77.5735564, 23.2155486], [77.5739174, 23.2155811], [77.5741297, 23.2156332], [77.5743279, 23.2157893], [77.5744624, 23.215991], [77.5745615, 23.2161861], [77.5747385, 23.2164073], [77.5750853, 23.2166155], [77.5760196, 23.2169993], [77.576501, 23.2171489], [77.5769115, 23.2172269], [77.5772796, 23.2172009], [77.5775486, 23.2171034], [77.5778105, 23.2168952], [77.5791793, 23.2151558], [77.5794313, 23.214629], [77.579476, 23.2144609], [77.5794801, 23.2143151], [77.5794273, 23.2141059], [77.5793338, 23.2139266], [77.5791549, 23.213807], [77.5788906, 23.213665], [77.5787239, 23.2134371], [77.5783946, 23.2125217], [77.5783499, 23.2123013], [77.5783987, 23.2120845], [77.5785613, 23.2119463], [77.5790816, 23.2117534], [77.5793821, 23.2116696], [77.5797307, 23.2116253], [77.579999, 23.2116203], [77.5802779, 23.2116598], [77.5805139, 23.2117929], [77.5807178, 23.2120246], [77.5808144, 23.2126557], [77.5807983, 23.2128874], [77.5808734, 23.2130698], [77.5809807, 23.2131635], [77.5810933, 23.2132177], [77.5814581, 23.2133015], [77.5818121, 23.2133903], [77.5818819, 23.2134396], [77.5819731, 23.2135579], [77.5820589, 23.2138488], [77.5821125, 23.2140016], [77.5822413, 23.2141298], [77.5824505, 23.2142185], [77.5826758, 23.2142727], [77.5829387, 23.214253], [77.5831211, 23.2141741], [77.5831908, 23.2140361], [77.5831908, 23.2138488], [77.5832123, 23.2137304], [77.5833839, 23.2135036], [77.5836468, 23.2132078], [77.5837809, 23.2129465], [77.5838131, 23.212705], [77.5836521, 23.2121183], [77.5835019, 23.2117485], [77.5834644, 23.2114231], [77.5835073, 23.2112851], [77.5839887, 23.2111056], [77.5843221, 23.2109562], [77.5845091, 23.2106871], [77.5845741, 23.2103583], [77.5845823, 23.2099847], [77.5846067, 23.2097231], [77.5846961, 23.2095438], [77.58494, 23.2094317], [77.58581, 23.2096634], [77.5862003, 23.2097082], [77.5868183, 23.2096484], [77.587672, 23.2094242], [77.587916, 23.2092], [77.588046, 23.2087666], [77.5881517, 23.2082809], [77.5884038, 23.2078474], [77.5887616, 23.2075336], [77.589225, 23.2071225], [77.5895015, 23.2066742], [77.589469, 23.2054037], [77.5894446, 23.2049703], [77.5895665, 23.2046415], [77.5898918, 23.2044995], [77.5907618, 23.2046041], [77.5922741, 23.2047312], [77.5927051, 23.2047162], [77.5933149, 23.2046116], [77.5938303, 23.2042924], [77.5948162, 23.2036807], [77.596406, 23.203794], [77.5966079, 23.2037708], [77.59686, 23.2036102], [77.5973316, 23.203031], [77.5974454, 23.2027881], [77.5975836, 23.2023808], [77.5979219, 23.2020383], [77.5993562, 23.2015999], [77.599779, 23.2014168], [77.5999579, 23.2011552], [77.6000758, 23.2001762], [77.6001042, 23.1997726], [77.6000758, 23.1992046], [77.6000229, 23.1985918], [77.5999701, 23.1983713], [77.5997953, 23.1981397], [77.5988521, 23.1977398], [77.5983131, 23.1973812], [77.5982382, 23.197198], [77.5982179, 23.1970747], [77.5983024, 23.1969374], [77.5986407, 23.1967944], [77.5992036, 23.1968092], [77.6003104, 23.1963579], [77.6010506, 23.1959522], [77.6014078, 23.1957054], [77.6017394, 23.1953556], [77.6019075, 23.1952633], [77.6022507, 23.1952375], [77.6026173, 23.1952311], [77.6034307, 23.1950538], [77.603479, 23.1950079], [77.6035654, 23.1948984], [77.6036097, 23.1947331], [77.6035488, 23.1944917], [77.603472, 23.1941773], [77.6033505, 23.1940013], [77.603184, 23.1939], [77.6028952, 23.1938918], [77.6027248, 23.193821], [77.6023675, 23.1936428], [77.6022101, 23.1936592], [77.6017629, 23.1937825], [77.60158, 23.1937564], [77.601458, 23.1936181], [77.6014133, 23.193364], [77.6014499, 23.192426], [77.6014662, 23.1923035], [77.6015292, 23.1921147], [77.6016125, 23.1919813], [77.6020359, 23.1917541], [77.6024744, 23.191417], [77.6025847, 23.1912561], [77.602636, 23.1911402], [77.6026243, 23.1909814], [77.6025263, 23.1908526], [77.6023652, 23.1907625], [77.6006287, 23.1904081], [77.600472, 23.1902994], [77.6003482, 23.1901091], [77.6003034, 23.1898101], [77.6003929, 23.1895336], [77.600518, 23.189408], [77.6007384, 23.1892645], [77.6013157, 23.1887376], [77.6014374, 23.1885721], [77.6016044, 23.1881845], [77.6017301, 23.1878839], [77.6019119, 23.1875808], [77.6021614, 23.1873514], [77.6031533, 23.1866934], [77.6044535, 23.1853674], [77.6049967, 23.1845809], [77.6049944, 23.1843319], [77.604908, 23.184083], [77.6047469, 23.1838361], [77.6044643, 23.1836558], [77.6042058, 23.1835715], [77.603321, 23.183526], [77.6029116, 23.1835378], [77.6027621, 23.1836064], [77.6027224, 23.1836859], [77.6027131, 23.1837825], [77.6026921, 23.1838941], [77.60265, 23.1839692], [77.6025613, 23.1840057], [77.6024469, 23.183967], [77.60219, 23.1838211], [77.6019903, 23.183604], [77.6019119, 23.1834515], [77.6018912, 23.1832722], [77.6018964, 23.1831456], [77.6019832, 23.1829989], [77.6020967, 23.182817], [77.6023371, 23.1826801], [77.6026575, 23.1824488], [77.6034154, 23.1820608], [77.6038944, 23.1818212], [77.6057169, 23.1811177], [77.6062993, 23.1807948], [77.6066266, 23.1804938], [77.6069494, 23.1802227], [77.6071558, 23.1799989], [77.6072267, 23.1798715], [77.6072421, 23.1795854], [77.6072575, 23.1794211], [77.6076087, 23.1784553], [77.607561, 23.1782293], [77.6075009, 23.1780786], [77.6073776, 23.1779511], [77.6072267, 23.1778945], [77.6069124, 23.1779766], [77.6067399, 23.1780956], [77.6063979, 23.1782542], [77.6060744, 23.178308], [77.6053133, 23.178325], [77.6049844, 23.1784115], [77.6048142, 23.1785091], [77.6046588, 23.1786848], [77.6046324, 23.1789], [77.6045172, 23.1791013], [77.6043212, 23.1792682], [77.6036962, 23.1795177], [77.6034616, 23.1795939], [77.6032706, 23.179608], [77.6031042, 23.1795712], [77.6030334, 23.1795174], [77.6029687, 23.1793673], [77.6030118, 23.1791464], [77.6031157, 23.1784896], [77.6032058, 23.1777057], [77.6034696, 23.177045], [77.6040932, 23.1760619], [77.6042766, 23.1755484], [77.6043428, 23.1753], [77.6044106, 23.1742492], [77.6045616, 23.1738696], [77.6048789, 23.1733711], [77.6049744, 23.1728641], [77.6049986, 23.1724509], [77.6048881, 23.171666], [77.6048912, 23.1714082], [77.6049498, 23.1710456], [77.6051654, 23.1708304], [77.6055228, 23.1706831], [77.6059329, 23.1706939], [77.6069894, 23.1707879], [77.6073769, 23.1709933], [77.6076303, 23.1711504], [77.6079723, 23.171496], [77.608114, 23.1717962], [77.6081633, 23.1722523], [77.6081541, 23.1726375], [77.608188, 23.1727763], [77.6082619, 23.1729094], [77.6084129, 23.173051], [77.6085731, 23.173102], [77.6086963, 23.1730879], [77.6089151, 23.1729576], [77.6095004, 23.1722167], [77.6099676, 23.171644], [77.6126574, 23.1682732], [77.6143849, 23.1663732], [77.6146146, 23.1661972], [77.6150608, 23.1659392], [77.6158762, 23.1657518], [77.6164373, 23.1655855], [77.6170993, 23.1653375], [77.6175663, 23.1650486], [77.6181219, 23.1646224], [77.6188227, 23.1642254], [77.6190103, 23.1641896], [77.6192615, 23.1642254], [77.619481, 23.1642775], [77.6196579, 23.1644694], [77.6200331, 23.1653285], [77.6205215, 23.1661647], [77.6206277, 23.1662948], [77.62084, 23.1663925], [77.6209993, 23.1663827], [77.6211798, 23.1663534], [77.6212824, 23.1662688], [77.6213426, 23.1661387], [77.6214063, 23.1659434], [77.6213992, 23.1656636], [77.6213497, 23.1654293], [77.6211798, 23.1651365], [77.6209391, 23.1648436], [77.6208825, 23.1645508], [77.6208825, 23.1642514], [77.6209604, 23.1637178], [77.6211468, 23.1628736], [77.6213317, 23.1626696], [77.6215782, 23.162613], [77.6218308, 23.162698], [77.6222006, 23.1628566], [77.6237472, 23.1635194], [77.6240492, 23.1635987], [77.6242833, 23.1636101], [77.6245113, 23.1635308], [77.6247085, 23.1634175], [77.6254049, 23.1625903]]}, "properties": {"kind": "line", "name": "", "osm_id": 319607613, "tag": "stream"}}, {"type": "Feature", "geometry": {"type": "LineString", "coordinates": [[77.5009864, 23.2671813], [77.502482, 23.2682375], [77.5037349, 23.2672635], [77.504699, 23.2653871], [77.5047941, 23.2653269], [77.5061065, 23.264357], [77.5079165, 23.2636217], [77.5102148, 23.2636426], [77.5112095, 23.2602366], [77.5135289, 23.2588462]]}, "properties": {"kind": "line", "name": "", "osm_id": 319607614, "tag": "stream"}}, {"type": "Feature", "geometry": {"type": "LineString", "coordinates": [[77.4425932, 23.2117974], [77.4427677, 23.2117796], [77.4428764, 23.2118224], [77.4430393, 23.2118367], [77.4434698, 23.2118117], [77.4437452, 23.2119151], [77.4438867, 23.2118589], [77.44404, 23.2120006], [77.4442301, 23.2119721], [77.444424, 23.2119115], [77.4445352, 23.2119234], [77.4445908, 23.2119293], [77.444777, 23.2120613], [77.444874, 23.2121646], [77.4449671, 23.2122716], [77.445068, 23.2124284], [77.4451261, 23.2126495], [77.4450602, 23.2127707], [77.445099, 23.2129168], [77.4451688, 23.2130345], [77.4452968, 23.2131486], [77.445355, 23.2131913], [77.4454946, 23.2131129], [77.4456382, 23.213063], [77.4458593, 23.2130487], [77.4460183, 23.2130238], [77.4462161, 23.2130095], [77.4465148, 23.2129311], [77.4466622, 23.2128634], [77.4468367, 23.2127885], [77.4470462, 23.2127457], [77.4472479, 23.212735], [77.4474031, 23.2128705], [77.4475815, 23.2129917], [77.4477289, 23.21312], [77.4478492, 23.2132306], [77.4480935, 23.2133161], [77.4481983, 23.2134587], [77.4482409, 23.2136013], [77.4483301, 23.2137011], [77.4485318, 23.2137974], [77.4488654, 23.2138794], [77.44904, 23.2138865], [77.4491758, 23.2138366], [77.4492766, 23.2137724], [77.4493852, 23.2138116], [77.449455, 23.2138473], [77.4495869, 23.213833], [77.4497304, 23.2137225], [77.4498934, 23.213612], [77.4501455, 23.2135657], [77.4503162, 23.213587], [77.450483, 23.2136548], [77.4506226, 23.2137902], [77.4506032, 23.2139863], [77.4506304, 23.2141075], [77.4506187, 23.2143891], [77.4506847, 23.2145175], [77.4508204, 23.2145852], [77.4513984, 23.2145674], [77.4516466, 23.2145638], [77.451957, 23.214546], [77.4521315, 23.2145852], [77.4522518, 23.214628], [77.4524379, 23.2146565], [77.4526513, 23.2146957], [77.4528026, 23.214792], [77.4528685, 23.2148383], [77.4530663, 23.2148882], [77.4533379, 23.2149061], [77.4536482, 23.2149061], [77.4539818, 23.2148954], [77.4542184, 23.2149025], [77.4543813, 23.214931], [77.4546994, 23.2149809], [77.4547847, 23.2149916], [77.4549942, 23.2150201], [77.4552657, 23.2150308], [77.4554829, 23.2150451], [77.4557079, 23.2150558], [77.4558708, 23.2149845], [77.4560027, 23.2149096], [77.4560686, 23.2148633], [77.4561617, 23.2147777], [77.4563091, 23.2147207], [77.4564449, 23.2146672], [77.4566699, 23.2146957], [77.4569104, 23.2147171], [77.4571082, 23.2147742], [77.4573293, 23.2148276], [77.4575931, 23.214874], [77.4578064, 23.2149061], [77.4579926, 23.2149239], [77.4581361, 23.2148882], [77.4581982, 23.2148134], [77.4583223, 23.2147135], [77.4584387, 23.2145852], [77.4584968, 23.2144604], [77.458555, 23.2143678], [77.4587024, 23.2143357], [77.4588964, 23.2143642], [77.4590632, 23.2143856], [77.4592494, 23.2144177], [77.4594239, 23.2144319], [77.4595015, 23.2144604], [77.459839, 23.2145531], [77.4599941, 23.2146565], [77.4601105, 23.214792], [77.4602269, 23.2148383], [77.4604906, 23.2149274], [77.4606846, 23.2149738], [77.460863, 23.2149952], [77.4610298, 23.215038], [77.4612005, 23.215013], [77.461313, 23.2149346], [77.4613789, 23.2147563], [77.461503, 23.2144105], [77.4615496, 23.2143107], [77.4616349, 23.2141859], [77.4617047, 23.2140505], [77.4620849, 23.2140327], [77.4632641, 23.2141075], [77.4634037, 23.2140113], [77.4634813, 23.2138544], [77.463489, 23.2137795], [77.4636248, 23.213448], [77.4637373, 23.2132912], [77.4638886, 23.2131699], [77.4641795, 23.212981], [77.464292, 23.2127921], [77.4644045, 23.2126316], [77.4644161, 23.2123179], [77.4644433, 23.2122252], [77.4645519, 23.2121575], [77.4646566, 23.212022], [77.4646721, 23.2118224], [77.4647187, 23.2116727], [77.464707, 23.211309], [77.4647381, 23.2111878], [77.4647652, 23.2110096], [77.4649126, 23.2108741], [77.4649902, 23.2107993], [77.4650251, 23.2104748], [77.4650561, 23.2101968], [77.4650678, 23.2100257], [77.4651182, 23.2098367], [77.4651376, 23.2096442], [77.4652113, 23.2094838], [77.4652811, 23.209359], [77.4652656, 23.2091843], [77.4653626, 23.2089954], [77.4655177, 23.2088528], [77.4656574, 23.2085355], [77.4657039, 23.208425], [77.465863, 23.2083287], [77.4660259, 23.2082004], [77.4662508, 23.2082324], [77.4663439, 23.208097], [77.4662198, 23.207908], [77.4662392, 23.2077191], [77.466406, 23.2074018], [77.4664642, 23.207277], [77.4665767, 23.2070203], [77.4666659, 23.206867], [77.4667745, 23.2068064], [77.4668133, 23.2069704], [77.4669219, 23.2070453], [77.4670538, 23.2069348], [77.4671585, 23.2068777], [77.4674787, 23.2068227]]}, "properties": {"kind": "line", "name": "", "osm_id": 355937442, "tag": "stream"}}, {"type": "Feature", "geometry": {"type": "Polygon", "coordinates": [[[77.4704082, 23.245081], [77.4703006, 23.2450018], [77.4702661, 23.2448594], [77.4703609, 23.2446219], [77.4705676, 23.244527], [77.4706796, 23.2444003], [77.4706581, 23.2442895], [77.4707873, 23.2442262], [77.4709337, 23.2442895], [77.4708863, 23.2441708], [77.4708993, 23.2440402], [77.4707916, 23.2439294], [77.4707571, 23.2436207], [77.470882, 23.2434941], [77.4709466, 23.2433476], [77.4710931, 23.2432685], [77.4714032, 23.2432566], [77.4715755, 23.2431577], [77.4717305, 23.2430508], [77.471933, 23.2430587], [77.4720665, 23.2429598], [77.4722344, 23.2424651], [77.4724197, 23.2423899], [77.4725446, 23.2422672], [77.472635, 23.2421287], [77.4727125, 23.2420773], [77.4727987, 23.2421445], [77.4728331, 23.2423701], [77.4728461, 23.2428608], [77.4728159, 23.2433278], [77.4725876, 23.2435772], [77.4721052, 23.2439531], [77.472032, 23.2441154], [77.4719588, 23.2442578], [77.4718985, 23.2444122], [77.4717391, 23.2445349], [77.4716142, 23.2446061], [77.4714764, 23.2446536], [77.4712998, 23.2447525], [77.4710801, 23.2447684], [77.4708433, 23.2448673], [77.4705633, 23.2449385], [77.4704082, 23.245081]]]}, "properties": {"kind": "waterbody", "name": "Sarangpani Lake", "osm_id": 355982829, "tag": "lake"}}, {"type": "Feature", "geometry": {"type": "LineString", "coordinates": [[77.4580145, 23.2555199], [77.4584166, 23.255422], [77.458779, 23.2553409], [77.4590835, 23.2553101], [77.4593515, 23.2552625], [77.4596013, 23.2552401], [77.4599089, 23.2551926], [77.4602073, 23.2552093], [77.4602492, 23.2552142], [77.4604236, 23.2552345], [77.460649, 23.2553828], [77.4607525, 23.2554472], [77.460856, 23.2555283], [77.4611119, 23.2555032], [77.461319, 23.2554696], [77.4615169, 23.2553437], [77.4617728, 23.2551198], [77.4621748, 23.2550722], [77.462458, 23.2550303], [77.4626529, 23.2550974], [77.4630854, 23.2551618], [77.4633565, 23.2551842], [77.4637311, 23.255159], [77.4641879, 23.2551534], [77.4644346, 23.2551282], [77.4646539, 23.255089], [77.4647361, 23.2550527], [77.4648762, 23.2549099], [77.4649523, 23.2547337], [77.4650742, 23.2546105], [77.465263, 23.2545938], [77.4653574, 23.2547505], [77.4654549, 23.2548568], [77.4655432, 23.2548652], [77.4656589, 23.254798], [77.4658599, 23.2546581], [77.4658477, 23.2545406], [77.465863, 23.2544007], [77.4659574, 23.2543055], [77.4661066, 23.254244], [77.4662467, 23.2542188], [77.4664629, 23.2543028], [77.4666396, 23.2543195], [77.466871, 23.2542972], [77.4671116, 23.2542272], [77.4672487, 23.2541964], [77.4674588, 23.254258], [77.4676416, 23.2542804], [77.467873, 23.2543671], [77.468007, 23.2544455], [77.4681502, 23.254605], [77.4682994, 23.2547644], [77.4685583, 23.2549351], [77.4687349, 23.2549911], [77.4689329, 23.2549715], [77.4691034, 23.2549323], [77.4693197, 23.2547896], [77.4695511, 23.2546413], [77.4697034, 23.2545574], [77.4698161, 23.2544343], [77.4699562, 23.2543195], [77.470075, 23.2542468], [77.47014, 23.2541928], [77.4702029, 23.2541405], [77.4703826, 23.2540649], [77.4705105, 23.2540229], [77.4707145, 23.2540173], [77.4708029, 23.2541181], [77.4709704, 23.2543055], [77.4711226, 23.2543783], [77.4712292, 23.2543951], [77.4714363, 23.2543363], [77.4715368, 23.2542944], [77.4718109, 23.2542216], [77.4719145, 23.2541572], [77.4720637, 23.2541209], [77.47235, 23.2540341], [77.4724901, 23.2540006], [77.4727429, 23.2540033], [77.4729348, 23.2539754], [77.4731023, 23.253883], [77.4732393, 23.2538075], [77.4734403, 23.2537515], [77.4736017, 23.2537571], [77.4737814, 23.2538215], [77.4740312, 23.2538858], [77.4741956, 23.2540481], [77.47429, 23.2542188], [77.4744119, 23.2543783], [77.474558, 23.2545574], [77.4746738, 23.2546749], [77.4747926, 23.2547365], [77.4751002, 23.2548176], [77.4753042, 23.254896], [77.4756484, 23.2548904], [77.475825, 23.2548652], [77.4760138, 23.2547896], [77.4762757, 23.2546665], [77.4765103, 23.2545462], [77.4767082, 23.2545406], [77.4770036, 23.2545154], [77.4771163, 23.2544371], [77.47736, 23.2543195], [77.4775001, 23.2542216], [77.4776371, 23.2541405], [77.4777772, 23.2540901], [77.4779965, 23.2540313], [77.478231, 23.2540089], [77.4783985, 23.2540145], [77.4784746, 23.2541712], [77.4784777, 23.2543587], [77.4785173, 23.254605], [77.4788371, 23.2549883], [77.4790198, 23.2552429], [77.4791447, 23.2553912], [77.4792939, 23.2554416], [77.4795832, 23.2554024], [77.4797903, 23.2553772], [77.4800248, 23.2553744], [77.4801253, 23.255478], [77.4801771, 23.2556934], [77.4801863, 23.2560544], [77.4802715, 23.2562083], [77.4803781, 23.2563118], [77.4805974, 23.256393], [77.480838, 23.2563902], [77.4810969, 23.2563818], [77.481237, 23.2564125], [77.4814197, 23.2564517], [77.4816847, 23.2564993], [77.4818918, 23.2565888], [77.4821171, 23.2567539], [77.4822999, 23.2569638], [77.4824308, 23.257196], [77.4826318, 23.2574059], [77.4827872, 23.2575458], [77.482976, 23.2577444], [77.4832318, 23.2578004], [77.4834572, 23.25782], [77.4836551, 23.25775], [77.4837983, 23.2577053], [77.4840541, 23.2576857], [77.484316, 23.2577472], [77.4844226, 23.2578284], [77.4844318, 23.258139], [77.4843617, 23.2582705], [77.4842704, 23.2585027], [77.4840693, 23.2588301], [77.4839932, 23.2590511], [77.4840511, 23.2591686], [77.4842429, 23.2591966], [77.484651, 23.2591267], [77.4848246, 23.2591267], [77.4850927, 23.2591491], [77.4853272, 23.2591686], [77.4855282, 23.2592162], [77.4856074, 23.2593029], [77.4857688, 23.2595632], [77.4858236, 23.2597227], [77.4858718, 23.2598546], [77.4859967, 23.2600897], [77.486149, 23.2602408], [77.4862891, 23.2602883], [77.4864809, 23.2603303], [77.4867368, 23.2603527], [77.4870139, 23.260417], [77.4872819, 23.2603611]]}, "properties": {"kind": "line", "name": "", "osm_id": 355982831, "tag": "stream"}}, {"type": "Feature", "geometry": {"type": "LineString", "coordinates": [[77.4683322, 23.2432724], [77.468427, 23.243312], [77.4685433, 23.2434228], [77.4686811, 23.2433714], [77.4688189, 23.2434268], [77.4690171, 23.2434901], [77.4691549, 23.2434901], [77.4692884, 23.2435218], [77.4693918, 23.2435969], [77.4694995, 23.2435811], [77.46962, 23.2435099], [77.469732, 23.2435811], [77.4698612, 23.2435969], [77.4700249, 23.2435218], [77.4701757, 23.2435772], [77.4702704, 23.2436444], [77.4704298, 23.2435969], [77.4706796, 23.2435811], [77.4708519, 23.2436682]]}, "properties": {"kind": "line", "name": "", "osm_id": 355982832, "tag": "stream"}}, {"type": "Feature", "geometry": {"type": "LineString", "coordinates": [[77.4727125, 23.2420773], [77.4727413, 23.2419628], [77.4728016, 23.2418322], [77.4731354, 23.2418481], [77.4734175, 23.2418639], [77.4737461, 23.2418892], [77.4740446, 23.2419228], [77.4743613, 23.2418892], [77.4746476, 23.2419396], [77.4749339, 23.2418444], [77.4751105, 23.2418276], [77.4753603, 23.2417941], [77.4755613, 23.2417493], [77.475637, 23.2417343], [77.4758232, 23.2417381], [77.4760851, 23.2417269], [77.4763288, 23.2417101], [77.4764993, 23.2417773], [77.4766394, 23.2419004], [77.4768465, 23.2418892], [77.4771023, 23.24185], [77.4771815, 23.2417493], [77.4772607, 23.2416765], [77.4773216, 23.2416373], [77.4773886, 23.2416597], [77.4774252, 23.2417381], [77.4774983, 23.2418276], [77.4776297, 23.2417819], [77.4777482, 23.2417364], [77.4778257, 23.2416533], [77.4776362, 23.2415108], [77.4775759, 23.2414376], [77.4775673, 23.2412892], [77.4777008, 23.24121], [77.4780863, 23.2412852], [77.4781767, 23.2413604], [77.4781466, 23.2415583], [77.4781918, 23.2417324], [77.4784955, 23.2417879], [77.4786764, 23.2416117], [77.4789951, 23.2415801], [77.4792492, 23.2416474], [77.4795399, 23.2416652], [77.4798005, 23.2416553], [77.4799922, 23.2416751], [77.4804595, 23.2416375], [77.480537, 23.2415425], [77.4805772, 23.2414378], [77.4806289, 23.2413547], [77.4808184, 23.2413943], [77.4810122, 23.2412953], [77.4811414, 23.2411924], [77.4813396, 23.2411331], [77.48143, 23.2410658], [77.4814085, 23.2409075], [77.4813783, 23.2407729], [77.4814989, 23.2406146], [77.4815937, 23.2406977], [77.481766, 23.2406028], [77.4818779, 23.240488], [77.4821019, 23.2405038], [77.4822182, 23.2406225], [77.4824551, 23.240579], [77.4826963, 23.2406621], [77.4827597, 23.2405634]]}, "properties": {"kind": "line", "name": "", "osm_id": 355982833, "tag": "stream"}}, {"type": "Feature", "geometry": {"type": "Polygon", "coordinates": [[[77.4002712, 23.2116978], [77.4002078, 23.2115748], [77.3999754, 23.2112431], [77.3997888, 23.211002], [77.3995388, 23.2105877], [77.3994631, 23.2104567], [77.3993909, 23.2101622], [77.3993434, 23.2099971], [77.3993522, 23.2098806], [77.3994191, 23.209858], [77.3995317, 23.2098709], [77.3996497, 23.2098288], [77.3997483, 23.2097593], [77.3998627, 23.2098062], [77.4000166, 23.2099007], [77.4001328, 23.2099023], [77.400205, 23.2098489], [77.4003899, 23.2097373], [77.4005325, 23.2097179], [77.4007174, 23.2097227], [77.4008882, 23.2096936], [77.4009973, 23.2095868], [77.4011153, 23.2095043], [77.4011716, 23.2094654], [77.4012561, 23.2095107], [77.4013406, 23.2095415], [77.4015459, 23.209585], [77.4015982, 23.2097475], [77.4016431, 23.2098573], [77.4017352, 23.2099512], [77.40179, 23.2100427], [77.4018398, 23.2101342], [77.4018896, 23.2102052], [77.4018373, 23.2102372], [77.4017576, 23.2102395], [77.4016953, 23.2102441], [77.401663, 23.2102029], [77.4016007, 23.2102052], [77.4015559, 23.2101731], [77.4015011, 23.2101548], [77.4013766, 23.2100839], [77.4013194, 23.2100656], [77.4012696, 23.2101297], [77.4012198, 23.2101068], [77.4011799, 23.210061], [77.4010828, 23.2101114], [77.4010206, 23.2102029], [77.4010056, 23.2103036], [77.4010081, 23.2104249], [77.4010554, 23.2104867], [77.4011301, 23.2105736], [77.4011401, 23.2106446], [77.4011102, 23.2106857], [77.4011003, 23.2107864], [77.401028, 23.2108688], [77.4009384, 23.2110198], [77.400906, 23.2111571], [77.4009011, 23.2112601], [77.4009683, 23.2113654], [77.4010679, 23.2114729], [77.4011326, 23.2115507], [77.4012198, 23.2116057], [77.4013816, 23.2116766], [77.4014239, 23.2116972], [77.401399, 23.2117613], [77.4012671, 23.2117155], [77.401155, 23.2116697], [77.4010629, 23.2116491], [77.40055, 23.2116675], [77.4004479, 23.2116995], [77.4003458, 23.2117064], [77.4002712, 23.2116978]]]}, "properties": {"kind": "waterbody", "name": "", "osm_id": 360267596, "tag": "pond"}}, {"type": "Feature", "geometry": {"type": "LineString", "coordinates": [[77.4045181, 23.2124913], [77.4044054, 23.2124865], [77.4043262, 23.2125221], [77.404247, 23.2125706], [77.4041272, 23.2125641], [77.403967, 23.212569], [77.4038156, 23.2127033], [77.4037329, 23.2127486], [77.4035938, 23.2127729], [77.4035163, 23.2127535], [77.4034652, 23.2126952], [77.4034089, 23.2126483], [77.4033913, 23.2125674], [77.4032769, 23.212514], [77.4032364, 23.2126774], [77.403136, 23.2127357], [77.4030216, 23.2126839], [77.4029089, 23.2126871], [77.4027927, 23.2127227], [77.4025585, 23.2125706], [77.4024159, 23.2124962], [77.4023525, 23.2123376], [77.4022715, 23.2121968], [77.4021888, 23.2121434], [77.401981, 23.212179], [77.4018419, 23.2121062], [77.4017768, 23.2119962], [77.4017698, 23.2118166], [77.4015831, 23.2117502], [77.4014687, 23.2117616], [77.4013331, 23.2117146]]}, "properties": {"kind": "line", "name": "", "osm_id": 360277044, "tag": "stream"}}, {"type": "Feature", "geometry": {"type": "Polygon", "coordinates": [[[77.4601445, 23.2314717], [77.4601199, 23.2314129], [77.4601232, 23.2313361], [77.4601429, 23.2312563], [77.4601822, 23.2312066], [77.4602395, 23.2311871], [77.4602985, 23.2312036], [77.4603379, 23.2312488], [77.460387, 23.2312609], [77.4604476, 23.2312473], [77.4605034, 23.2311901], [77.4605574, 23.2311765], [77.4606, 23.2312097], [77.4606148, 23.2312654], [77.460564, 23.2313452], [77.4605034, 23.2313798], [77.46041, 23.2313738], [77.4603794, 23.2313853], [77.460346, 23.2313979], [77.4602969, 23.2314596], [77.4602313, 23.2315018], [77.460174, 23.2314927], [77.4601445, 23.2314717]]]}, "properties": {"kind": "waterbody", "name": "", "osm_id": 360334141, "tag": "pond"}}, {"type": "Feature", "geometry": {"type": "Polygon", "coordinates": [[[77.4572297, 23.226158], [77.4572144, 23.2260763], [77.457242, 23.2259974], [77.4572389, 23.2258988], [77.457245, 23.2258368], [77.4573309, 23.2257748], [77.4575087, 23.2257523], [77.4576344, 23.2258058], [77.4575976, 23.2259045], [77.4575424, 23.2259552], [77.4574627, 23.2260763], [77.4574167, 23.2261411], [77.4573615, 23.226189], [77.4572818, 23.2261862], [77.4572297, 23.226158]]]}, "properties": {"kind": "waterbody", "name": "", "osm_id": 360348419, "tag": "pond"}}, {"type": "Feature", "geometry": {"type": "LineString", "coordinates": [[77.4667067, 23.2316998], [77.4668801, 23.2315723], [77.4669929, 23.2313213], [77.4670579, 23.2309707], [77.4670709, 23.2306878], [77.4671576, 23.2305204], [77.4674481, 23.2301817], [77.4675782, 23.2299467], [77.4679121, 23.2295044], [77.4680465, 23.2292414], [77.4685452, 23.2289187], [77.468892, 23.2287154], [77.4691652, 23.2285959], [77.469382, 23.2285242], [77.4695815, 23.2282891], [77.4697722, 23.228058], [77.4703533, 23.2276954], [77.4707609, 23.2275719], [77.4709473, 23.2274643], [77.4713072, 23.2271495], [77.4713822, 23.2270266], [77.4714503, 23.2269184], [77.4717581, 23.2265717], [77.4720183, 23.2264522], [77.4723392, 23.2260418], [77.4724562, 23.2257948], [77.4725603, 23.2256792], [77.4728552, 23.2256154], [77.4730026, 23.225472], [77.473111, 23.2252568], [77.4730156, 23.2250177], [77.4731934, 23.2247508], [77.4734925, 23.2245197], [77.4735229, 23.2243204], [77.473718, 23.2242168], [77.4739999, 23.224181], [77.4742037, 23.2241053], [77.4745982, 23.2239937], [77.474841, 23.22391], [77.4752226, 23.2238981], [77.475318, 23.2237387], [77.4751706, 23.2233721], [77.4751142, 23.2231768], [77.4747066, 23.2232725], [77.4743771, 23.2231569], [77.4742037, 23.2229736], [77.474286, 23.2226748], [77.4745505, 23.2222882], [77.474789, 23.2220412], [77.4749885, 23.2216985], [77.4750622, 23.221567], [77.4752833, 23.2215152], [77.4755608, 23.2215391], [77.475834, 23.2217184], [77.4760204, 23.2220253], [77.4762849, 23.2221687], [77.4764497, 23.2221846], [77.4766708, 23.222097], [77.4766752, 23.2218818], [77.4766535, 23.2216945], [77.4767749, 23.2213996], [77.4769093, 23.221296], [77.4770134, 23.2210729], [77.4770914, 23.2209613], [77.4771639, 23.220877], [77.4772215, 23.2208099], [77.4771565, 23.2206784], [77.4770221, 23.2206425], [77.4771044, 23.2205429], [77.4771868, 23.2204832], [77.4772085, 23.2203238], [77.4771521, 23.2202241], [77.4771305, 23.2201205], [77.4772952, 23.220001], [77.4774643, 23.219997], [77.4775857, 23.2199532], [77.4776638, 23.2198376], [77.4777635, 23.2198257], [77.4779066, 23.2199093], [77.4780237, 23.2199811], [77.4781017, 23.2199691], [77.4781928, 23.2198894], [77.4782188, 23.2197659], [77.4781191, 23.219734], [77.4780237, 23.2197141], [77.4779933, 23.2196025], [77.4780454, 23.219475], [77.4781885, 23.2195667], [77.4783532, 23.2196145], [77.4785006, 23.2195826], [77.4786177, 23.219475], [77.4786914, 23.2193355], [77.4787218, 23.2191403], [77.4787565, 23.2190088], [77.4789559, 23.2186143], [77.4791294, 23.218415], [77.4793158, 23.2183234], [77.4795023, 23.2182078], [77.4796584, 23.218152], [77.4797234, 23.2179727], [77.4796193, 23.2178771], [77.479576, 23.2178293], [77.4796329, 23.2177092], [77.4796881, 23.2176105], [77.4796329, 23.2175457], [77.4795225, 23.2175655], [77.4794734, 23.2175485], [77.4794642, 23.217402], [77.4794274, 23.2172273], [77.4794485, 23.2170885], [77.4796881, 23.2171146], [77.4798015, 23.2172555], [77.4798291, 23.2173457], [77.4799517, 23.2174189], [77.4800138, 23.2172958], [77.4800284, 23.2172668], [77.4800498, 23.2171231], [77.4799885, 23.2167934], [77.4801081, 23.216568], [77.4802399, 23.2165144], [77.4804914, 23.2165229], [77.4806968, 23.2164524], [77.480847, 23.2162947], [77.4809889, 23.2156376], [77.4810279, 23.2154582], [77.4810149, 23.215271], [77.4811537, 23.2150916], [77.4814659, 23.214988], [77.481596, 23.2148605], [77.4816263, 23.2146812], [77.4819862, 23.2146413], [77.4824068, 23.2145058], [77.4825065, 23.2146652], [77.4826496, 23.2146174], [77.4827797, 23.214454], [77.4828924, 23.2143903], [77.4830789, 23.2143943], [77.4832046, 23.2145576], [77.4833911, 23.2145298], [77.4834821, 23.214466], [77.4835949, 23.2135136], [77.4835038, 23.2133143], [77.4833911, 23.2131549], [77.4835385, 23.212884], [77.4835775, 23.2126927], [77.4836382, 23.2122543], [77.4837683, 23.212075], [77.4838854, 23.2116167], [77.4838767, 23.2113139], [77.4839808, 23.2111305], [77.4842366, 23.2107719], [77.4843777, 23.2104019]]}, "properties": {"kind": "line", "name": "", "osm_id": 360348591, "tag": "stream"}}, {"type": "Feature", "geometry": {"type": "LineString", "coordinates": [[77.4110339, 23.2531038], [77.411271, 23.253981]]}, "properties": {"kind": "line", "name": "", "osm_id": 360650834, "tag": "stream"}}, {"type": "Feature", "geometry": {"type": "LineString", "coordinates": [[77.4113635, 23.2543757], [77.4114971, 23.2548938], [77.4123247, 23.2561448], [77.4134506, 23.2570429], [77.4139743, 23.2574202], [77.414146, 23.2575148], [77.414249, 23.2576173], [77.4143863, 23.2578066], [77.4144207, 23.258122], [77.4144722, 23.2582797], [77.4144121, 23.2584611], [77.4143692, 23.258603], [77.4140773, 23.2588869]]}, "properties": {"kind": "line", "name": "", "osm_id": 363109691, "tag": "stream"}}, {"type": "Feature", "geometry": {"type": "LineString", "coordinates": [[77.4140773, 23.2588869], [77.4142061, 23.2590919]]}, "properties": {"kind": "line", "name": "", "osm_id": 363109692, "tag": "stream"}}, {"type": "Feature", "geometry": {"type": "LineString", "coordinates": [[77.411271, 23.253981], [77.4113635, 23.2543757]]}, "properties": {"kind": "line", "name": "", "osm_id": 363109693, "tag": "stream"}}, {"type": "Feature", "geometry": {"type": "LineString", "coordinates": [[77.4142061, 23.2590919], [77.414352, 23.2591471], [77.4144292, 23.2593206], [77.414455, 23.259431], [77.4145734, 23.2595858], [77.4147192, 23.2596993], [77.4148718, 23.2598364], [77.4149995, 23.259998], [77.415047, 23.2601143], [77.4151161, 23.2604714], [77.4151416, 23.2605901], [77.4151159, 23.2609292], [77.4150129, 23.2611737], [77.4148756, 23.2613471], [77.4146784, 23.2615254], [77.4146858, 23.2616173], [77.4147793, 23.2618004], [77.4148493, 23.2619672], [77.4149967, 23.2620557], [77.414996, 23.2622806], [77.415097, 23.2624297], [77.4153239, 23.2627402], [77.4154846, 23.2629269], [77.4155794, 23.26294], [77.4156995, 23.2629557], [77.4159227, 23.2629242], [77.4161029, 23.2628611], [77.4163089, 23.262798], [77.4165664, 23.262798], [77.4167123, 23.2628296], [77.4168078, 23.2629383]]}, "properties": {"kind": "line", "name": "", "osm_id": 363109694, "tag": "stream"}}, {"type": "Feature", "geometry": {"type": "Polygon", "coordinates": [[[77.4208605, 23.2129796], [77.4210216, 23.2116057], [77.4210498, 23.2113954], [77.4211713, 23.2111487], [77.4213352, 23.2109331], [77.4213748, 23.2109149], [77.4215393, 23.2109304], [77.4222423, 23.2109967], [77.4222564, 23.2110292], [77.4221434, 23.2120122], [77.4220148, 23.2130679], [77.4219993, 23.2130964], [77.4219329, 23.2130874], [77.4208958, 23.2129939], [77.4208605, 23.2129796]]]}, "properties": {"kind": "waterbody", "name": "", "osm_id": 363114874, "tag": "water"}}, {"type": "Feature", "geometry": {"type": "LineString", "coordinates": [[77.4093717, 23.2714552], [77.4095284, 23.2714447], [77.4095748, 23.2716612], [77.409616, 23.2717849], [77.4096979, 23.2718894], [77.4098953, 23.2719525], [77.4099742, 23.2720281], [77.4100154, 23.2720945], [77.4101356, 23.272197], [77.4102043, 23.2721733], [77.4102386, 23.2720866], [77.4103073, 23.2719001], [77.4103997, 23.2718981], [77.4104497, 23.2719256], [77.4105497, 23.2720239], [77.4107824, 23.2721932], [77.4110435, 23.2722767], [77.4112757, 23.2724278], [77.4113304, 23.2725502]]}, "properties": {"kind": "line", "name": "", "osm_id": 363118048, "tag": "stream"}}, {"type": "Feature", "geometry": {"type": "LineString", "coordinates": [[77.4147653, 23.1904385], [77.4159438, 23.190507], [77.4165197, 23.189943], [77.4170907, 23.1897825], [77.4178695, 23.1896783], [77.4184265, 23.189648], [77.4189173, 23.1899213], [77.4191061, 23.1901512], [77.4192524, 23.190238], [77.4196609, 23.1900625], [77.4206825, 23.1898215], [77.421853, 23.1895178], [77.4230047, 23.1878171], [77.4230824, 23.1874505], [77.4231132, 23.1873052], [77.4229055, 23.1869321], [77.4225138, 23.1868756], [77.4219616, 23.1870622], [77.4214094, 23.1872444], [77.4211828, 23.186919], [77.4213386, 23.1865025], [77.421735, 23.186303], [77.4221173, 23.1861598], [77.4225657, 23.1859168], [77.4227166, 23.1855785], [77.4219938, 23.1847183], [77.4220504, 23.1842237], [77.422139, 23.1841005], [77.4223982, 23.1839834], [77.4226749, 23.1839188], [77.4229824, 23.1838784], [77.4231713, 23.1839793], [77.4233821, 23.1841974], [77.4235534, 23.1842983], [77.4237379, 23.1843468], [77.4240146, 23.1842701], [77.4241332, 23.1841005], [77.4241771, 23.1839026], [77.4242167, 23.1836927], [77.424265, 23.1835069], [77.4243616, 23.1833575], [77.4245637, 23.1832566], [77.4249238, 23.1832243], [77.4253455, 23.1831597], [77.425552, 23.183083], [77.4256925, 23.1829295], [77.4257979, 23.1828124], [77.4259604, 23.1825621], [77.4259473, 23.1823763], [77.4259121, 23.1822269], [77.4259341, 23.182126], [77.4260527, 23.1819766], [77.4262547, 23.1817828], [77.4264524, 23.1816455], [77.4265886, 23.1815405], [77.4267291, 23.18148], [77.4268873, 23.1815284], [77.4270761, 23.1816172], [77.4272123, 23.1816011], [77.4274627, 23.1815567], [77.4275857, 23.1816051], [77.4277921, 23.1815769], [77.4280161, 23.1814355], [77.4282226, 23.1813548], [77.4284026, 23.1811731], [77.4285827, 23.1810116], [77.4286925, 23.1808299], [77.428776, 23.180628], [77.4288858, 23.1804907], [77.4291362, 23.1804099], [77.4293602, 23.1802807], [77.429615, 23.1801273], [77.4297599, 23.1800586], [77.4298741, 23.1799335], [77.4299444, 23.1797033], [77.4299224, 23.1794368], [77.4296896, 23.1793238], [77.4295095, 23.1792228], [77.4293251, 23.1791461], [77.429145, 23.1790694], [77.4289824, 23.1789765], [77.4290132, 23.1788231], [77.4291625, 23.1786898], [77.4292328, 23.1786333], [77.4293163, 23.1783991], [77.4293426, 23.1781568], [77.4293822, 23.1779347], [77.4293734, 23.1777894], [77.4294437, 23.1776117], [77.4296018, 23.1774138], [77.4297643, 23.1772765], [77.4300366, 23.1772442], [77.4302519, 23.1771917], [77.4304847, 23.1771271], [77.4307131, 23.1770302], [77.4309722, 23.1769898], [77.4312533, 23.1768727], [77.4314817, 23.1767516], [77.4315651, 23.1767384], [77.4316881, 23.176719], [77.4317629, 23.1767072], [77.4320132, 23.1766547], [77.4322504, 23.1766224], [77.4325052, 23.1765699], [77.4326853, 23.1765134], [77.4328039, 23.1763963], [77.432861, 23.1762226], [77.4328829, 23.1760207], [77.4329137, 23.1757704], [77.4328698, 23.1756048], [77.4327512, 23.1754272], [77.4323646, 23.1752495], [77.4322153, 23.1750839], [77.4320703, 23.1748618], [77.4318639, 23.174559], [77.4317716, 23.174345], [77.4317058, 23.174131], [77.4316443, 23.1738806], [77.4316399, 23.1735939], [77.4316443, 23.1734203], [77.4316882, 23.1732264], [77.4318156, 23.1731013], [77.4320528, 23.1729397], [77.4322153, 23.1727096], [77.4323163, 23.1725036], [77.4323954, 23.1723704], [77.4326765, 23.1720069], [77.432861, 23.171801], [77.4330542, 23.1715547], [77.4332387, 23.1713326], [77.4333925, 23.1711832], [77.4335725, 23.171167], [77.433757, 23.1712033], [77.4339854, 23.1713124], [77.4342007, 23.1714295], [77.4344686, 23.1714699], [77.4349913, 23.1714174], [77.4353515, 23.1714254], [77.4355887, 23.1714658], [77.4358434, 23.1714416], [77.4360762, 23.1714497], [77.4364891, 23.1712397], [77.4366912, 23.1710984], [77.4367878, 23.1709974], [77.4368273, 23.1707955], [77.4368317, 23.1706299], [77.4368054, 23.170424], [77.4366824, 23.1702463], [77.436454, 23.1700686], [77.4360411, 23.1700161], [77.435536, 23.1700646], [77.435167, 23.1700929], [77.4347805, 23.1700323], [77.4346267, 23.1699556], [77.4343895, 23.1697294], [77.4341611, 23.1695518], [77.4339283, 23.1692408], [77.433779, 23.1690228], [77.433656, 23.1688007], [77.4335286, 23.1685139], [77.4334891, 23.1682232], [77.4335023, 23.1679688], [77.4336955, 23.1674882], [77.4339503, 23.1672379], [77.4341567, 23.1671006], [77.434473, 23.1669794], [77.434943, 23.1668462], [77.4353383, 23.1667775], [77.435637, 23.166725], [77.4361421, 23.1666967], [77.4366121, 23.1667937], [77.436924, 23.1668825], [77.4373105, 23.166939], [77.4376487, 23.1670077], [77.4379342, 23.1669592], [77.4382417, 23.1668865], [77.4386326, 23.1669511], [77.4390982, 23.1669633], [77.4393793, 23.1669067], [77.4397527, 23.1667896], [77.4399372, 23.1666846], [77.4402183, 23.1663979], [77.4403193, 23.1661435], [77.4403707, 23.1658896]]}, "properties": {"kind": "line", "name": "Ajmar", "osm_id": 363142650, "tag": "river"}}, {"type": "Feature", "geometry": {"type": "LineString", "coordinates": [[77.4403707, 23.1658896], [77.4395302, 23.1643335], [77.439334, 23.163653], [77.4393955, 23.1628188], [77.4397458, 23.1621904], [77.4398955, 23.1613472], [77.439434, 23.160227], [77.4393714, 23.159339], [77.4398493, 23.158494], [77.4400331, 23.1575139], [77.4401894, 23.1570238], [77.4399504, 23.1562295], [77.4384248, 23.1557732], [77.4376529, 23.1556042], [77.4372852, 23.1552324], [77.4370279, 23.1546409], [77.4375609, 23.1541339], [77.4382962, 23.1538466], [77.4393071, 23.1533058], [77.4395644, 23.152427], [77.439013, 23.1512778], [77.4390314, 23.1503821], [77.4396931, 23.1498919], [77.4402813, 23.1494694], [77.4408694, 23.1493511], [77.4417885, 23.1496215], [77.442248, 23.1492666], [77.4426524, 23.1488948], [77.4436081, 23.1470864], [77.4442331, 23.1463935], [77.4451889, 23.1461231], [77.4458506, 23.1457513], [77.4463468, 23.1445175], [77.446549, 23.1441794], [77.4474129, 23.1434865], [77.4483319, 23.1429118], [77.4484974, 23.1422527], [77.4479827, 23.1413907], [77.4477989, 23.1409513], [77.4480562, 23.1403935], [77.4488834, 23.1399541], [77.4507398, 23.1391935], [77.4515669, 23.1384667], [77.4523205, 23.1376723], [77.4524492, 23.136692], [77.4523665, 23.1355511], [77.4523481, 23.134706], [77.4519713, 23.134013], [77.4521919, 23.1336665], [77.4527341, 23.1329904], [77.4531568, 23.1328805], [77.4537358, 23.1325002], [77.4539288, 23.1318663], [77.4542505, 23.1314269], [77.4544067, 23.1308775], [77.4547284, 23.1301929], [77.4555371, 23.1294915], [77.4562867, 23.1290216], [77.4570406, 23.1288303], [77.4576774, 23.128412], [77.4581193, 23.1277427], [77.4581713, 23.127396], [77.4587887, 23.1273781], [77.4588926, 23.1275694], [77.4592111, 23.127659], [77.4595815, 23.1279757], [77.4600429, 23.1281969], [77.4604978, 23.128155], [77.4611931, 23.1278801], [77.462424, 23.1272765], [77.4629439, 23.1262606], [77.4632688, 23.1254717], [77.4634898, 23.1245872], [77.4636587, 23.1244437], [77.4642176, 23.1243481], [77.4649714, 23.1244318], [77.4658812, 23.1249936], [77.4665181, 23.124898], [77.466882, 23.1243123], [77.4672535, 23.1233861], [77.4677406, 23.1227015], [77.4683655, 23.1223634], [77.468871, 23.1226846], [77.46945, 23.1229212], [77.4698176, 23.1227269], [77.4711042, 23.1222028], [77.4714719, 23.1219155], [77.4714719, 23.1215858], [77.4712972, 23.1211041], [77.4707366, 23.1208674], [77.4702312, 23.1207829], [77.4695511, 23.1204363], [77.4693489, 23.1201152], [77.4693489, 23.1198362], [77.4694592, 23.1193883], [77.4697257, 23.1191178], [77.4701944, 23.1189403], [77.4711961, 23.1189319], [77.4721336, 23.1192277], [77.4727953, 23.1197095], [77.473218, 23.1198954], [77.4735948, 23.1197517], [77.4741462, 23.1191516], [77.4744771, 23.1184923], [77.4744955, 23.1179345], [77.4746884, 23.1177147], [77.4749825, 23.1178077], [77.4752031, 23.1180951], [77.4756718, 23.1185853], [77.4759751, 23.1189403], [77.4760578, 23.1195827], [77.4763978, 23.1199208], [77.4770503, 23.1201743], [77.4777212, 23.1199884], [77.4781164, 23.1198193], [77.4787414, 23.1199968], [77.4793663, 23.1199377], [77.4805059, 23.1200222], [77.4813213, 23.1201065], [77.4816062, 23.1198614], [77.4818727, 23.1194219], [77.482801, 23.1186696], [77.4830307, 23.1181371], [77.4826907, 23.117537], [77.4825988, 23.1171229], [77.4828101, 23.1164044], [77.4831778, 23.1157536], [77.4830767, 23.1151112], [77.4821393, 23.1141223], [77.4819555, 23.1137842], [77.4819095, 23.1135728], [77.4822258, 23.1133958]]}, "properties": {"kind": "line", "name": "Ajmar", "osm_id": 363142651, "tag": "river"}}, {"type": "Feature", "geometry": {"type": "LineString", "coordinates": [[77.3892006, 23.2339377], [77.389308, 23.2340995], [77.389439, 23.2342298], [77.3895851, 23.2342949], [77.3897161, 23.2344133], [77.3898664, 23.2346225], [77.3900383, 23.234739], [77.3901714, 23.2348574], [77.3902831, 23.2349719], [77.3903519, 23.2350548], [77.3904378, 23.2350962], [77.3905237, 23.2351376], [77.3905452, 23.2352304], [77.3905129, 23.235333], [77.3905452, 23.2353962], [77.3906139, 23.2354613], [77.3906848, 23.2355778], [77.3907685, 23.2356626], [77.3907707, 23.2358205], [77.3907986, 23.2359981], [77.390906, 23.2361521], [77.3909683, 23.2362646], [77.3910886, 23.2365113], [77.3912246, 23.2366007], [77.3913592, 23.2367047], [77.3914816, 23.2368764], [77.3915783, 23.2370441], [77.3917737, 23.237206], [77.3918811, 23.2373264], [77.3920057, 23.2373639], [77.3921152, 23.2374487], [77.3922398, 23.2376125], [77.392403, 23.2377408], [77.3925598, 23.2378395], [77.392708, 23.2380171], [77.3928347, 23.238177], [77.3930087, 23.2383842], [77.3931934, 23.2385598], [77.3932815, 23.2386487], [77.3934855, 23.2386783], [77.3936917, 23.2388184], [77.3938829, 23.2388875], [77.3939666, 23.2388598], [77.3941578, 23.2389388], [77.3943339, 23.2390493], [77.3945229, 23.239142], [77.3947227, 23.2392881], [77.3948966, 23.2394243], [77.3950577, 23.2394835], [77.3951952, 23.2395841], [77.3953283, 23.2398111], [77.3955216, 23.2400242], [77.3957557, 23.240188], [77.3959877, 23.2403498], [77.3961746, 23.2404584], [77.3963357, 23.2405137], [77.3965032, 23.2405511], [77.3967072, 23.2405492], [77.3968619, 23.2405354], [77.3970659, 23.2405571], [77.3973451, 23.2406735], [77.3975341, 23.2407248], [77.3977124, 23.2408472], [77.3978628, 23.2410169], [77.3979143, 23.241084], [77.3983009, 23.2412873], [77.3987971, 23.2415202], [77.3991751, 23.2417136], [77.3997356, 23.2419701], [77.40006, 23.2421063], [77.4003156, 23.2422286], [77.4006807, 23.2423609], [77.4008053, 23.2423845], [77.4011661, 23.2425543], [77.4012885, 23.242649]]}, "properties": {"kind": "line", "name": "", "osm_id": 364164693, "tag": "stream"}}, {"type": "Feature", "geometry": {"type": "LineString", "coordinates": [[77.4100447, 23.2004341], [77.4109726, 23.2001754], [77.4115912, 23.2000355], [77.412051, 23.1999122], [77.4123423, 23.199843], [77.4126516, 23.1997347], [77.4129166, 23.1996054], [77.4136972, 23.1991586], [77.4140883, 23.1988849], [77.4145891, 23.1985585], [77.4151847, 23.1981975], [77.4157689, 23.1978456], [77.4162333, 23.1975402], [77.4166259, 23.1973247], [77.4168555, 23.1972259], [77.4173072, 23.1971116], [77.4176004, 23.1970491]]}, "properties": {"kind": "line", "name": "", "osm_id": 364179896, "tag": "canal"}}, {"type": "Feature", "geometry": {"type": "LineString", "coordinates": [[77.3943684, 23.1903025], [77.3940883, 23.1892409], [77.3941227, 23.187958], [77.3942062, 23.1873843], [77.3944175, 23.1861918], [77.3945944, 23.1852567], [77.3950515, 23.1846558], [77.3958672, 23.1845203], [77.3968796, 23.1847552], [77.3991991, 23.1856406], [77.4019757, 23.186648], [77.4042068, 23.1867971], [77.4066148, 23.1867022], [77.408812, 23.1868329], [77.4106303, 23.1878177], [77.4120652, 23.1890644], [77.413268, 23.190074], [77.413758, 23.1904605], [77.4140846, 23.1906202], [77.4142463, 23.1907084]]}, "properties": {"kind": "line", "name": "", "osm_id": 364480133, "tag": "stream"}}, {"type": "Feature", "geometry": {"type": "LineString", "coordinates": [[77.5135289, 23.2588462], [77.5145339, 23.2587678]]}, "properties": {"kind": "line", "name": "", "osm_id": 364855719, "tag": "stream"}}, {"type": "Feature", "geometry": {"type": "LineString", "coordinates": [[77.5145339, 23.2587678], [77.5189934, 23.2577928]]}, "properties": {"kind": "line", "name": "", "osm_id": 364855720, "tag": "stream"}}, {"type": "Feature", "geometry": {"type": "LineString", "coordinates": [[77.4388186, 23.2290589], [77.4388954, 23.2289694], [77.4390644, 23.2289412], [77.4391668, 23.2288894], [77.4391976, 23.2287577], [77.4391976, 23.2286495], [77.4392897, 23.2285647], [77.4393717, 23.2285083], [77.439428, 23.2284142], [77.4394075, 23.2282777], [77.4395458, 23.2282118], [77.4397762, 23.2282212], [77.4398991, 23.2281742], [77.4400835, 23.2281036], [77.4402781, 23.2280377], [77.4404778, 23.228], [77.4407082, 23.2280048], [77.4409694, 23.2280377], [77.4410974, 23.2280283], [77.441333, 23.2279389], [77.4414815, 23.2278542], [77.4415666, 23.2277535]]}, "properties": {"kind": "line", "name": "", "osm_id": 364859477, "tag": "stream"}}, {"type": "Feature", "geometry": {"type": "LineString", "coordinates": [[77.5117683, 23.2389855], [77.5118252, 23.2391263], [77.5119662, 23.2391926], [77.5122068, 23.2393297], [77.5124078, 23.2395256], [77.5125297, 23.2397215], [77.512551, 23.2399957], [77.5125997, 23.2401972], [77.5125601, 23.2404071], [77.5125693, 23.2406869], [77.5125997, 23.2408129], [77.51242, 23.240964], [77.5124231, 23.2411403], [77.5123713, 23.2413446], [77.5122708, 23.2414537], [77.512353, 23.2417056], [77.5124048, 23.2418679], [77.5125175, 23.2418875], [77.5127885, 23.2417251], [77.5131296, 23.2417895], [77.5131875, 23.241949], [77.5131114, 23.2421841], [77.5129895, 23.242408], [77.5129073, 23.2425954], [77.5129347, 23.2428333], [77.5133885, 23.2428501], [77.5135743, 23.2428585], [77.5137662, 23.2429816], [77.5137997, 23.2431327], [77.5140494, 23.2431803], [77.5143692, 23.2431299], [77.5146737, 23.2430992], [77.5148839, 23.2430768], [77.5151549, 23.2431579], [77.5152615, 23.2432475], [77.5153681, 23.2433622], [77.5155259, 23.243366], [77.5155345, 23.2431642], [77.5154914, 23.2430217], [77.5154914, 23.2428793], [77.5156293, 23.242713], [77.5157068, 23.2426022], [77.5158748, 23.2425429], [77.5160427, 23.2425547], [77.5162882, 23.2426774], [77.5164691, 23.2427368], [77.5166802, 23.2428199], [77.516818, 23.242994], [77.5170075, 23.2431721], [77.5172315, 23.2434254], [77.5175459, 23.243647], [77.5177656, 23.2437499], [77.5179077, 23.243647], [77.5180111, 23.2434848], [77.5182049, 23.2433106], [77.5183772, 23.2433146], [77.5186011, 23.2434927], [77.5187777, 23.243556], [77.5190275, 23.2435956], [77.5194109, 23.2433621], [77.5195573, 23.2432552], [77.519833, 23.2431009], [77.5200225, 23.2429624], [77.520212, 23.2427684], [77.5203972, 23.242535], [77.5205135, 23.2424637], [77.5207547, 23.2423885], [77.5209528, 23.2423648], [77.5212026, 23.2424202], [77.5214223, 23.2424875], [77.5216204, 23.242527], [77.5216721, 23.2423885], [77.521629, 23.2421867], [77.5216161, 23.2420521], [77.5219607, 23.241874], [77.5222062, 23.2418978], [77.5224775, 23.2419967], [77.5227704, 23.2420165], [77.5231063, 23.2420086], [77.5234035, 23.2418899], [77.5236577, 23.2417632], [77.5238472, 23.2415535], [77.5241745, 23.2413714], [77.5244417, 23.2412857], [77.5249327, 23.2411353], [77.5252041, 23.2410442], [77.5255788, 23.2408701], [77.5259751, 23.240696], [77.5263067, 23.2405891], [77.5266254, 23.2403319], [77.5268322, 23.2401775], [77.527194, 23.2398886], [77.5272629, 23.2397026], [77.5271638, 23.239485], [77.5271078, 23.2392633], [77.5272026, 23.2390021], [77.5274696, 23.2388359], [77.5278314, 23.2387805], [77.5280769, 23.2387686], [77.528232, 23.2386539], [77.5282664, 23.2384876], [77.5283999, 23.2383887], [77.5287962, 23.23827], [77.5289653, 23.238335], [77.5290288, 23.2383491], [77.5293776, 23.2383729], [77.5296361, 23.238357], [77.5303467, 23.2383175], [77.5306267, 23.2382304], [77.5311091, 23.238171], [77.5314407, 23.2381314], [77.5317939, 23.2379573], [77.5321342, 23.2379098], [77.5324443, 23.2380246], [77.5327501, 23.2380444], [77.5330947, 23.2380839], [77.5332712, 23.2379533], [77.5332842, 23.2376249], [77.5333445, 23.2374151], [77.5334909, 23.2371895], [77.5339087, 23.237051], [77.5342576, 23.2370906], [77.5345505, 23.2373359], [77.5347141, 23.2374982], [77.5350458, 23.2377713], [77.5354033, 23.2379415], [77.5360622, 23.2379533], [77.5363207, 23.2379969], [77.5365877, 23.2381156], [77.5368031, 23.2382225], [77.5370374, 23.2382468], [77.5372342, 23.238252], [77.5373073, 23.2384225], [77.5372567, 23.2386343], [77.5370992, 23.2389288], [77.5369418, 23.2394042], [77.5373354, 23.2400139], [77.5374816, 23.2404685], [77.537639, 23.2406287], [77.5378864, 23.2405874], [77.537982, 23.2404117], [77.5381732, 23.2404014], [77.5383588, 23.2406339], [77.5382801, 23.2408612], [77.5380945, 23.2410576], [77.5383475, 23.2414812], [77.5384544, 23.2417706], [77.5382576, 23.2419876], [77.5379597, 23.2421836]]}, "properties": {"kind": "line", "name": "", "osm_id": 364874818, "tag": "stream"}}, {"type": "Feature", "geometry": {"type": "LineString", "coordinates": [[77.5113663, 23.2388819], [77.5117683, 23.2389855]]}, "properties": {"kind": "line", "name": "", "osm_id": 364874819, "tag": "stream"}}, {"type": "Feature", "geometry": {"type": "LineString", "coordinates": [[77.509198, 23.2356629], [77.5093073, 23.2358616]]}, "properties": {"kind": "line", "name": "", "osm_id": 364874820, "tag": "stream"}}, {"type": "Feature", "geometry": {"type": "LineString", "coordinates": [[77.5093073, 23.2358616], [77.5093562, 23.2361982], [77.5094141, 23.2363493], [77.5095755, 23.2364696], [77.5096394, 23.2365844], [77.5098435, 23.2368418], [77.5100353, 23.2370349], [77.5101846, 23.2371553], [77.5102942, 23.237284], [77.5103216, 23.2374911], [77.5103216, 23.237673], [77.5102851, 23.2378605], [77.5101633, 23.2380256], [77.5100719, 23.2381487], [77.5101237, 23.2383166], [77.5103125, 23.2384314], [77.5105135, 23.2385181], [77.5107267, 23.2386161], [77.5109764, 23.2387308], [77.5113663, 23.2388819]]}, "properties": {"kind": "line", "name": "", "osm_id": 364874821, "tag": "stream"}}, {"type": "Feature", "geometry": {"type": "LineString", "coordinates": [[77.4832263, 23.2508759], [77.4832266, 23.2507047], [77.4832265, 23.2505965], [77.4832356, 23.2504944], [77.4832493, 23.2504085], [77.4832429, 23.2503487], [77.4832082, 23.2503197], [77.4831151, 23.2502733], [77.483108, 23.2502406], [77.4831264, 23.2502155], [77.4831564, 23.2501769], [77.483158, 23.2501205], [77.4831614, 23.2500279], [77.4831468, 23.2499457], [77.4831335, 23.2498957], [77.4830821, 23.2497973], [77.4830737, 23.2497079], [77.4831083, 23.2496593]]}, "properties": {"kind": "line", "name": "", "osm_id": 365238436, "tag": "canal"}}, {"type": "Feature", "geometry": {"type": "LineString", "coordinates": [[77.4831083, 23.2496593], [77.483145, 23.2496012], [77.4831472, 23.2495219], [77.4831257, 23.2494352], [77.4831157, 23.2493532], [77.483113, 23.2492758], [77.4831198, 23.2491803], [77.4831465, 23.2491233], [77.4831953, 23.2490815], [77.4832228, 23.2490572], [77.4832718, 23.2490288], [77.483489, 23.2489713], [77.4837229, 23.2487855], [77.4837657, 23.2486777], [77.4838101, 23.2485567], [77.4838741, 23.2484511], [77.4839359, 23.2483587], [77.4839674, 23.2483078], [77.4839974, 23.2482533], [77.484053, 23.2482356], [77.4840752, 23.2482346], [77.4841434, 23.2482174], [77.4841839, 23.2482026], [77.4842892, 23.2481425], [77.4844078, 23.2480996], [77.4846423, 23.2481157], [77.4850781, 23.2480713], [77.4851067, 23.2480655], [77.4851595, 23.2480967], [77.485366, 23.248133], [77.485931, 23.2480682], [77.4860913, 23.2480229]]}, "properties": {"kind": "line", "name": "", "osm_id": 365238437, "tag": "canal"}}, {"type": "Feature", "geometry": {"type": "LineString", "coordinates": [[77.4860913, 23.2480229], [77.4861699, 23.2479166], [77.4863745, 23.2477993], [77.4864373, 23.2477657], [77.4864531, 23.2477562], [77.4865027, 23.2477163], [77.4865758, 23.2477055], [77.4867261, 23.2476789], [77.4867909, 23.2477594], [77.4868184, 23.2477929], [77.4868288, 23.2478075], [77.4868488, 23.247805], [77.4869003, 23.2477976]]}, "properties": {"kind": "line", "name": "", "osm_id": 365238496, "tag": "stream"}}, {"type": "Feature", "geometry": {"type": "LineString", "coordinates": [[77.4869003, 23.2477976], [77.4870404, 23.247772], [77.4871424, 23.2477993], [77.4872292, 23.2478221], [77.4873271, 23.2477581], [77.487385, 23.2477157], [77.4874932, 23.2476403], [77.4875222, 23.24762], [77.4876187, 23.2475903], [77.4876848, 23.2475694], [77.4877655, 23.2475738], [77.4878441, 23.2475751], [77.4879089, 23.2476118], [77.4879674, 23.2476479], [77.4880619, 23.2476663], [77.4880777, 23.2476682], [77.4881577, 23.2476479], [77.4882094, 23.2476131], [77.4882562, 23.2475795], [77.4882817, 23.2474896], [77.4882935, 23.2474351], [77.4883321, 23.2474053], [77.4883693, 23.2473749], [77.4883776, 23.2473705], [77.4885195, 23.2473692], [77.4885926, 23.2473667], [77.4887119, 23.2473832], [77.4887808, 23.247392], [77.4888835, 23.2473775], [77.4890696, 23.2474091], [77.4891943, 23.2473452], [77.4893129, 23.2472844], [77.4893549, 23.2472641], [77.4894252, 23.2472609], [77.4894694, 23.247259], [77.4895872, 23.2472742], [77.4896258, 23.2472799], [77.4897216, 23.247254], [77.4897644, 23.2472438], [77.4898188, 23.247216], [77.4898698, 23.2471919], [77.4899057, 23.2471761], [77.4899649, 23.2471343], [77.4900918, 23.2470456], [77.4901095, 23.2470506], [77.4902172, 23.2469582], [77.4903041, 23.2469139], [77.490373, 23.2468772], [77.490435, 23.2468683], [77.4905474, 23.2468537], [77.490923, 23.2468607], [77.4910195, 23.246862], [77.491256, 23.2468265], [77.4914228, 23.2467999], [77.4915441, 23.2467828], [77.491706, 23.2467391], [77.4918278, 23.2467125], [77.4919921, 23.2467074], [77.492163, 23.2467049], [77.4923891, 23.2467017], [77.4925304, 23.2466986], [77.4927275, 23.2467372], [77.4928082, 23.2467537], [77.4929964, 23.2468569], [77.4931976, 23.246862], [77.4934044, 23.2467467], [77.4935726, 23.2466466], [77.4935822, 23.2466416], [77.4938138, 23.246658], [77.4938773, 23.2466568], [77.4940468, 23.2466428], [77.4941695, 23.2466238], [77.4942963, 23.246582], [77.4943721, 23.2465504], [77.4945114, 23.2464503], [77.4945693, 23.2463452], [77.4946582, 23.2463189], [77.4947382, 23.2462913], [77.4949174, 23.2463249], [77.4949442, 23.24633], [77.4950538, 23.2463844], [77.4951758, 23.2464427], [77.4952813, 23.2463939], [77.4953916, 23.2463452], [77.495455, 23.2463173], [77.4955294, 23.2462445], [77.4956239, 23.2461501], [77.4956556, 23.2461204], [77.4957783, 23.2459088], [77.4958431, 23.2458854], [77.4960974, 23.2457999], [77.4962277, 23.2457549], [77.4963345, 23.2457195], [77.4964407, 23.2456245], [77.4965599, 23.2456042], [77.4966853, 23.2455808], [77.4967067, 23.2455757], [77.4967556, 23.2455516], [77.4968804, 23.2454978], [77.4969762, 23.2454554], [77.4971017, 23.2453825], [77.4972009, 23.2454041], [77.4973167, 23.2454326], [77.4975256, 23.2454459], [77.4975745, 23.2454484], [77.4976607, 23.2453749], [77.4976786, 23.2453572], [77.4977606, 23.245311], [77.4979081, 23.2454402], [77.4979577, 23.2454845], [77.4980178, 23.2454822], [77.4982555, 23.2454421], [77.498412, 23.245418], [77.4986153, 23.2453711], [77.4987828, 23.2454446], [77.4989055, 23.2454984], [77.4990109, 23.2455459], [77.4990613, 23.2456359], [77.4991626, 23.2456365], [77.4991996, 23.2456409], [77.499442, 23.2455295], [77.499543, 23.2454924], [77.4998713, 23.2454135], [77.5000582, 23.2452975], [77.5001605, 23.2449146], [77.5002847, 23.244863], [77.5004739, 23.2448585], [77.5005293, 23.2448569], [77.500571, 23.2448502], [77.5006041, 23.2448316], [77.5007009, 23.2447379], [77.5007798, 23.2446531], [77.5008289, 23.2446079], [77.5009217, 23.2445832], [77.5009687, 23.2445855], [77.5010417, 23.244608], [77.5011211, 23.2446764], [77.5011997, 23.2447917], [77.5012199, 23.2448845], [77.5012552, 23.244917], [77.5014976, 23.2449123], [77.5016059, 23.2448579], [77.5017474, 23.2449372], [77.5019654, 23.2449817], [77.5021762, 23.244886], [77.5022948, 23.244748], [77.5023914, 23.2446697], [77.5024281, 23.2446479], [77.5026412, 23.2445856], [77.5027963, 23.2445166], [77.5028665, 23.2444854], [77.5031205, 23.2444344], [77.5033324, 23.2444073], [77.503555, 23.2446118], [77.5036328, 23.2448484], [77.5037374, 23.244873], [77.5038581, 23.2448361], [77.5043946, 23.2447202], [77.5048988, 23.2444048], [77.5050061, 23.2442742], [77.505041, 23.2441189], [77.5050597, 23.2437566], [77.5050128, 23.2434658], [77.5050182, 23.2433032], [77.5050155, 23.2431528]]}, "properties": {"kind": "line", "name": "", "osm_id": 365239557, "tag": "stream"}}, {"type": "Feature", "geometry": {"type": "LineString", "coordinates": [[77.4733997, 23.1805919], [77.4735133, 23.1805664], [77.473829, 23.1807126], [77.4739149, 23.1807242], [77.4741472, 23.1806569], [77.4742583, 23.1806406], [77.4743265, 23.1806499], [77.4744805, 23.1808194], [77.4746447, 23.1808658], [77.4747002, 23.180824], [77.4747407, 23.1807614], [77.4747583, 23.1806708], [77.4745664, 23.1803272], [77.4744856, 23.1802414], [77.4744275, 23.1801903], [77.4743694, 23.1801021], [77.4743846, 23.1799326], [77.4743997, 23.179914], [77.4744603, 23.1798699], [77.4745563, 23.1798421], [77.4746321, 23.1798653], [77.4748164, 23.179993], [77.4749452, 23.1801485], [77.4750109, 23.1801485], [77.4751169, 23.1801114], [77.4751876, 23.1800603], [77.4752255, 23.179928], [77.4752457, 23.1798838], [77.4752987, 23.1798096], [77.4753846, 23.1797655], [77.4755058, 23.1797376], [77.4756573, 23.1797376], [77.4757811, 23.1796935], [77.4759528, 23.1796726], [77.4761119, 23.1795774], [77.4761927, 23.1795588], [77.4763846, 23.1794567], [77.4764705, 23.1793708], [77.4766043, 23.1791479], [77.4767154, 23.1791363], [77.4770867, 23.1792153], [77.4771953, 23.1791665], [77.4772887, 23.1790946], [77.477468, 23.1788995], [77.4775236, 23.1787719], [77.4775261, 23.1787069], [77.4774958, 23.1786558], [77.4774023, 23.178621], [77.4773544, 23.1785629], [77.4773443, 23.1785003], [77.4774604, 23.1784213], [77.4777912, 23.1783076], [77.4779781, 23.1781776], [77.4781372, 23.1780383], [77.4781119, 23.177769], [77.4781751, 23.1777179], [77.4781751, 23.1775299], [77.4782205, 23.1774231], [77.4782811, 23.1773952], [77.4783367, 23.1773883], [77.4783872, 23.177372], [77.4785236, 23.177365], [77.4786372, 23.1773836], [77.4787332, 23.1775067], [77.4787837, 23.1775438], [77.4788594, 23.1775508], [77.4789605, 23.177502], [77.4789884, 23.1774383], [77.4790009, 23.1774092], [77.4790084, 23.1771654], [77.4790463, 23.1771166], [77.4791322, 23.1770772], [77.4791903, 23.1770075], [77.479213, 23.17691], [77.4792483, 23.1768427], [77.4793342, 23.1768636], [77.4793973, 23.1769077], [77.4794933, 23.1771074], [77.4795236, 23.1771166], [77.4795842, 23.1772141], [77.4796726, 23.1772374], [77.4797837, 23.1772188], [77.4798443, 23.1771816], [77.4798872, 23.177119], [77.4799125, 23.17704], [77.4798393, 23.1768381], [77.4797559, 23.1767173], [77.479766, 23.1766895], [77.4799176, 23.1766523], [77.4800413, 23.1765966], [77.4801373, 23.176585], [77.480208, 23.1766407], [77.4801878, 23.1766848], [77.480064, 23.1767754], [77.4800741, 23.1768775], [77.4801069, 23.1769007], [77.4802433, 23.1769309], [77.4803544, 23.1769263], [77.4805817, 23.1768334], [77.4806474, 23.1767452], [77.4806322, 23.1766384], [77.4805817, 23.1765989], [77.4804049, 23.1765572], [77.4803267, 23.1764109], [77.4802913, 23.1763947], [77.4801903, 23.176397], [77.4800842, 23.1763668], [77.480059, 23.1763204], [77.4800817, 23.1761788], [77.4800691, 23.1760673], [77.4801878, 23.1760325]]}, "properties": {"kind": "line", "name": "", "osm_id": 365461685, "tag": "stream"}}, {"type": "Feature", "geometry": {"type": "LineString", "coordinates": [[77.4750311, 23.1718467], [77.4751548, 23.1718212], [77.475223, 23.1717028], [77.4753341, 23.1716447], [77.47542, 23.1715565], [77.4755488, 23.1715496], [77.4757306, 23.1714544], [77.4758316, 23.1713174], [77.4758871, 23.1713453], [77.4759174, 23.1713963], [77.476122, 23.171271], [77.4762659, 23.171322], [77.4763417, 23.1713011], [77.4763821, 23.1712083], [77.4765084, 23.1710876], [77.4766321, 23.1710434], [77.4768695, 23.1710272], [77.4769655, 23.1709993], [77.4770665, 23.1708345], [77.4771574, 23.1707788], [77.4772205, 23.1706952], [77.4773064, 23.170665], [77.4773746, 23.1706627], [77.4774528, 23.1706836], [77.4774958, 23.1707393], [77.477564, 23.1707022], [77.477617, 23.1707463], [77.4776372, 23.170809], [77.4776927, 23.1708368], [77.4777559, 23.1708043], [77.4778695, 23.1708113], [77.4779428, 23.1707672], [77.4782609, 23.1706604], [77.4782887, 23.1706859], [77.4783013, 23.1707532], [77.478271, 23.1707834], [77.4782887, 23.1708299], [77.4783544, 23.1708345], [77.4784655, 23.1707997], [77.4785817, 23.1707904], [77.4787786, 23.1707277], [77.4787711, 23.170679], [77.478612, 23.1706279], [77.4785084, 23.1705629], [77.4784958, 23.1705072], [77.4785716, 23.1704607], [77.4786423, 23.1703818], [77.4789049, 23.1705211], [77.4791044, 23.1705164], [77.4792105, 23.1707695], [77.4794276, 23.1707881], [77.4794908, 23.1707184], [77.4797079, 23.1707625], [77.4797812, 23.1707068], [77.4797888, 23.1705559], [77.4799731, 23.1705257], [77.4800615, 23.1706534], [77.4801701, 23.1707115], [77.4802006, 23.1707952], [77.4801977, 23.1708334], [77.4801875, 23.170861], [77.4801202, 23.1709357], [77.4801382, 23.1710368], [77.4801916, 23.1710714], [77.480257, 23.1710861], [77.4803444, 23.1710735], [77.4803898, 23.1710504], [77.4804445, 23.1710221], [77.4805158, 23.1710109], [77.4805733, 23.1710064], [77.4806193, 23.1710121], [77.4806674, 23.1710154], [77.4807304, 23.17103], [77.4807841, 23.1710201], [77.4808157, 23.1709831], [77.4809114, 23.1708957], [77.4811153, 23.1707601], [77.4812302, 23.1707664], [77.4813629, 23.1707372], [77.4814318, 23.1706774], [77.4818122, 23.1704794], [77.4819609, 23.1704421], [77.4820338, 23.1703864], [77.4821486, 23.170289], [77.4821818, 23.1703445], [77.4821827, 23.1704145], [77.4822808, 23.1704048], [77.4822964, 23.1703493], [77.4822874, 23.1702678], [77.4823813, 23.1702503], [77.4824122, 23.1703365], [77.4824935, 23.1703485], [77.4825262, 23.1702518], [77.4825064, 23.1701535], [77.4826169, 23.169919], [77.4826662, 23.16988], [77.4828144, 23.1698495], [77.482958, 23.1699198], [77.4829934, 23.1699732], [77.4828848, 23.1701496], [77.4828873, 23.1702239], [77.482953, 23.1702843], [77.4830085, 23.1702332], [77.4831843, 23.1702352]]}, "properties": {"kind": "line", "name": "", "osm_id": 365461686, "tag": "stream"}}, {"type": "Feature", "geometry": {"type": "LineString", "coordinates": [[77.4634171, 23.1742612], [77.4631191, 23.1741753], [77.4629727, 23.1742124], [77.4628616, 23.1741683], [77.4628035, 23.1741799], [77.4628136, 23.1743215], [77.4627075, 23.1743447], [77.4625762, 23.1743331], [77.4624979, 23.1742797], [77.4624171, 23.1742635], [77.462359, 23.1741915], [77.4622429, 23.1741613], [77.4621595, 23.1742287], [77.462056, 23.1742612], [77.4619019, 23.1742612], [77.461806, 23.1741869], [77.4617176, 23.1742449], [77.4616343, 23.1743378], [77.4613363, 23.1744655], [77.4611721, 23.1744794], [77.4610585, 23.1744608], [77.4607147, 23.1742616], [77.460365, 23.1740815], [77.4602425, 23.1739749], [77.460108, 23.173925]]}, "properties": {"kind": "line", "name": "", "osm_id": 365461687, "tag": "stream"}}, {"type": "Feature", "geometry": {"type": "LineString", "coordinates": [[77.460108, 23.173925], [77.4600194, 23.1739588], [77.4599793, 23.1740172], [77.4599297, 23.1740915], [77.4598615, 23.1741195], [77.4597478, 23.1741265], [77.4595004, 23.174224], [77.4591973, 23.174231], [77.4590685, 23.1742867], [77.4589347, 23.1742867], [77.4588842, 23.1743331], [77.4587024, 23.1744167], [77.4584397, 23.174433], [77.4581114, 23.1745444], [77.4578261, 23.1746953], [77.45772, 23.174751], [77.4573741, 23.1749948], [77.4572831, 23.1750621], [77.4571468, 23.1750946], [77.4569725, 23.1751108], [77.4565735, 23.1752176], [77.4564498, 23.1751991], [77.456326, 23.1751225], [77.4562755, 23.1751457], [77.4563159, 23.1753244], [77.456369, 23.175343], [77.4564119, 23.1753894], [77.456422, 23.1754637], [77.4563084, 23.1755194], [77.4563361, 23.1756169], [77.4563084, 23.1756727], [77.4562351, 23.1757098], [77.4561543, 23.1756843], [77.4560836, 23.1756332], [77.4560558, 23.1755473], [77.4559877, 23.1755403], [77.4558967, 23.1755612], [77.4557806, 23.1756355]]}, "properties": {"kind": "line", "name": "", "osm_id": 365461688, "tag": "stream"}}, {"type": "Feature", "geometry": {"type": "LineString", "coordinates": [[77.4678036, 23.1829226], [77.4677632, 23.182528], [77.4677199, 23.1822084], [77.467796, 23.1819128], [77.4679071, 23.1816992], [77.4680486, 23.1816412], [77.4681572, 23.1816296], [77.4684703, 23.1817085], [77.4686092, 23.1817248], [77.4688036, 23.1817271], [77.4688668, 23.181799], [77.4689072, 23.1820265], [77.4689703, 23.1820939], [77.4690612, 23.1821147], [77.4693011, 23.1820846], [77.4693847, 23.1821032], [77.4694678, 23.1821194], [77.4696092, 23.1821844], [77.469733, 23.1822099], [77.4698264, 23.1821937], [77.4699426, 23.182138], [77.4700082, 23.182066], [77.4701471, 23.1820265], [77.4703567, 23.1820451], [77.4704678, 23.182066], [77.4705461, 23.1820822], [77.4706976, 23.1820753], [77.4707709, 23.1820405], [77.4708062, 23.1819847], [77.4708012, 23.1818919], [77.4708365, 23.1817364], [77.4709401, 23.1816853], [77.4710183, 23.1816621], [77.4711825, 23.1816528], [77.4712885, 23.1816598], [77.4714224, 23.181676], [77.4715461, 23.1816249], [77.4716168, 23.1815646], [77.4717936, 23.1814833], [77.4719249, 23.1814671], [77.4720487, 23.1814485], [77.4723921, 23.1813278], [77.4726244, 23.1811189], [77.4727709, 23.1811049], [77.4728366, 23.1810794], [77.4729073, 23.1810492], [77.4730209, 23.1810306], [77.4730967, 23.1809703], [77.4731775, 23.1807126], [77.4732608, 23.1806476], [77.4733997, 23.1805919]]}, "properties": {"kind": "line", "name": "", "osm_id": 365461689, "tag": "stream"}}, {"type": "Feature", "geometry": {"type": "LineString", "coordinates": [[77.4832914, 23.1709042], [77.4832611, 23.1708438], [77.4832611, 23.170802], [77.4832914, 23.1707625], [77.4834126, 23.1707231], [77.4833469, 23.1706511], [77.4832939, 23.1706511], [77.4832636, 23.1706093], [77.4832712, 23.1705466], [77.4833469, 23.1704352], [77.4834151, 23.1704445], [77.4834808, 23.1705582], [77.4835237, 23.1705745], [77.4836323, 23.1705652], [77.483655, 23.1704143], [77.4836853, 23.1703354], [77.4836777, 23.1702402], [77.48365, 23.1701845], [77.4835515, 23.1701659], [77.4834984, 23.1701821], [77.4835414, 23.1702402], [77.4835363, 23.1702704], [77.4833217, 23.1703121], [77.483256, 23.1703052], [77.4831828, 23.1702634], [77.4831843, 23.1702352], [77.4831904, 23.1701241], [77.4832207, 23.170073], [77.4832005, 23.1699198], [77.4831525, 23.169885], [77.4831424, 23.1697851], [77.4831727, 23.1697735], [77.4832661, 23.1697944], [77.4832989, 23.1697503], [77.483304, 23.1696064], [77.4833545, 23.1693394], [77.4833772, 23.1693115], [77.4834101, 23.1693556], [77.4835616, 23.1692953], [77.4836373, 23.1692024], [77.4836222, 23.1691374], [77.4836727, 23.1689888], [77.4837081, 23.1689749], [77.4837485, 23.1689702], [77.4837838, 23.1689377], [77.4837434, 23.1688959], [77.4836323, 23.1688681], [77.4835969, 23.1688959], [77.4835313, 23.1688263], [77.4834, 23.1688542], [77.4833343, 23.1688449], [77.4833091, 23.1687938], [77.4833848, 23.1685059], [77.4834252, 23.1684688], [77.4835464, 23.1684363], [77.4836474, 23.1682505], [77.4837131, 23.168218], [77.4837889, 23.1682273], [77.484001, 23.1681577], [77.484006, 23.1680741], [77.4839909, 23.1680044], [77.484006, 23.1677769], [77.4840363, 23.1677444], [77.4842333, 23.1676933], [77.4843394, 23.167698], [77.484602, 23.1676097], [77.4847131, 23.1675447], [77.4848848, 23.1674147], [77.4849487, 23.16719]]}, "properties": {"kind": "line", "name": "", "osm_id": 365461690, "tag": "stream"}}, {"type": "Feature", "geometry": {"type": "LineString", "coordinates": [[77.4624222, 23.1876141], [77.4625787, 23.1876025], [77.4627833, 23.18757], [77.4629575, 23.1875398], [77.4629601, 23.1874794], [77.4629626, 23.1874539], [77.4629196, 23.1873239], [77.4629146, 23.187303], [77.4629323, 23.1872241], [77.4629676, 23.187122], [77.4631621, 23.1869339], [77.4631772, 23.18692], [77.4631823, 23.1868202], [77.4631267, 23.186725], [77.4629193, 23.1865413], [77.4627782, 23.1864163], [77.4626924, 23.1864232], [77.4625484, 23.1865254], [77.4624499, 23.1864464], [77.4623363, 23.1863141], [77.4621924, 23.1862282], [77.4622063, 23.1861415], [77.4622454, 23.186089], [77.4623388, 23.185945], [77.4623616, 23.1859009], [77.4623742, 23.1858359], [77.4624247, 23.1857686], [77.4624626, 23.185757], [77.4625131, 23.1857338], [77.4625762, 23.1856804], [77.462609, 23.1855992], [77.4626292, 23.1854552], [77.4626368, 23.1854088], [77.4626318, 23.1852161], [77.4626823, 23.1851117], [77.4627705, 23.1850705], [77.4628969, 23.1850629], [77.4632631, 23.1850629], [77.4634096, 23.1846869], [77.4634626, 23.1846544], [77.4635383, 23.1846335], [77.4636015, 23.1846752], [77.4636848, 23.1848122], [77.4637631, 23.1848377], [77.4638767, 23.1848633], [77.4641293, 23.1848331], [77.4641975, 23.1848052], [77.4642959, 23.1848029], [77.4643995, 23.1848888], [77.4645611, 23.1848911], [77.4646495, 23.1848215], [77.4647353, 23.184594], [77.4648235, 23.1844723]]}, "properties": {"kind": "line", "name": "", "osm_id": 365461692, "tag": "stream"}}, {"type": "Feature", "geometry": {"type": "LineString", "coordinates": [[77.4801878, 23.1760325], [77.480213, 23.1759884], [77.4802585, 23.1758421], [77.480266, 23.175812], [77.480314, 23.1757539], [77.4802989, 23.1756402], [77.4803115, 23.1755844], [77.4803443, 23.1755403], [77.4804479, 23.1754591], [77.4806044, 23.1755357], [77.4807231, 23.1755357], [77.4809024, 23.1753128], [77.4809049, 23.1752617], [77.4808443, 23.1751503], [77.4809176, 23.17509], [77.4809428, 23.1749066], [77.481064, 23.1748392], [77.4810918, 23.1747858], [77.481112, 23.174693], [77.4810893, 23.1746233], [77.4811979, 23.1745467], [77.4812181, 23.1744956], [77.4811726, 23.1742844], [77.4810741, 23.1742751], [77.4810337, 23.1742774], [77.4809933, 23.1742635], [77.4809176, 23.1740963], [77.4809226, 23.173957], [77.4808696, 23.1738967], [77.4808191, 23.173769], [77.4807736, 23.1737226], [77.4807989, 23.1735717], [77.4808469, 23.1735484], [77.4809656, 23.1735554], [77.4810186, 23.1735786], [77.4810666, 23.1735461], [77.4811171, 23.1734324], [77.4812408, 23.1733186], [77.4813444, 23.1732629], [77.4815363, 23.1732165], [77.4816019, 23.1733209], [77.4816878, 23.1733209], [77.4817181, 23.1732745], [77.4817737, 23.1732374], [77.48191, 23.1731816], [77.481905, 23.1731352], [77.4819605, 23.1729866], [77.482011, 23.1729402], [77.4821019, 23.1729193], [77.4821499, 23.1729425], [77.4822131, 23.1730214], [77.4822509, 23.1730261], [77.4823671, 23.1729472], [77.4824833, 23.1728148], [77.4825565, 23.1727638], [77.4825868, 23.1727382], [77.4826398, 23.1727289], [77.48266, 23.1727521], [77.4827156, 23.1727521], [77.4827813, 23.172708], [77.4828116, 23.1726616], [77.482809, 23.1726175], [77.4827686, 23.172578], [77.4827712, 23.1725571], [77.4828924, 23.1724828], [77.4829429, 23.1723737], [77.4828974, 23.1722321], [77.4827459, 23.1720464], [77.4827434, 23.1720185], [77.4828166, 23.1720092], [77.4828267, 23.1719164], [77.4828065, 23.1718792], [77.4827131, 23.1718374], [77.4826954, 23.171798], [77.482756, 23.1717376], [77.4827484, 23.1716772], [77.4826853, 23.1716215], [77.4825237, 23.1716192], [77.4824858, 23.1715449], [77.4824883, 23.1714637], [77.4825287, 23.1714451], [77.482559, 23.171459], [77.4826525, 23.1714428], [77.4826828, 23.1714056], [77.4826979, 23.1713406], [77.4826777, 23.1712245], [77.4827409, 23.1711967], [77.4827964, 23.1711967], [77.4828621, 23.1712245], [77.4829252, 23.1712826], [77.4831424, 23.1711224], [77.4831575, 23.1710504], [77.483054, 23.1710527], [77.4830641, 23.1709529], [77.483102, 23.1709274], [77.4831954, 23.1709599], [77.4832459, 23.1709483], [77.4832914, 23.1709042]]}, "properties": {"kind": "line", "name": "", "osm_id": 365461693, "tag": "stream"}}, {"type": "Feature", "geometry": {"type": "LineString", "coordinates": [[77.4176004, 23.1970491], [77.417951, 23.1969657]]}, "properties": {"kind": "line", "name": "", "osm_id": 366273086, "tag": "canal"}}, {"type": "Feature", "geometry": {"type": "LineString", "coordinates": [[77.4214566, 23.200395], [77.4212754, 23.200367], [77.4210881, 23.2002921], [77.420852, 23.2001817], [77.4206524, 23.2000676], [77.420457, 23.2000751], [77.4202555, 23.200105], [77.4200682, 23.2001667], [77.4199664, 23.2002247], [77.4198076, 23.2002173], [77.4196915, 23.2001069], [77.4195714, 23.1999815], [77.419492, 23.1998711], [77.4194574, 23.1997813], [77.4192599, 23.1996634], [77.4190299, 23.1995979], [77.4187286, 23.1994688], [77.4185718, 23.1993247], [77.4185698, 23.199248], [77.4187469, 23.1991207], [77.4187876, 23.1989617], [77.4187082, 23.1988195], [77.4185555, 23.1987184], [77.4184985, 23.1985987], [77.4184761, 23.1983872], [77.4183906, 23.1982169], [77.4183133, 23.1979493], [77.4180445, 23.1976331], [77.4177921, 23.1974179], [77.4177595, 23.1970792], [77.4178145, 23.1968172], [77.4178776, 23.1965702], [77.4178654, 23.1963906], [77.4178676, 23.1960957], [77.4179137, 23.1959105], [77.4182016, 23.195802], [77.4183225, 23.1956643], [77.4184722, 23.1954659], [77.4185557, 23.1952753], [77.4188321, 23.1950848], [77.4190826, 23.194926], [77.4191805, 23.1949128], [77.4192467, 23.1946693], [77.4191344, 23.1944179], [77.4189933, 23.1941956], [77.4188724, 23.1938886], [77.4187515, 23.1936769], [77.4185874, 23.1934572], [77.4184434, 23.1932588], [77.4184089, 23.1930021], [77.4184233, 23.1926474], [77.4185471, 23.1923881], [77.4187659, 23.1922611], [77.4188407, 23.1921181], [77.4187457, 23.1919567], [77.418478, 23.1918217], [77.4184693, 23.1916391], [77.418478, 23.1914751], [77.4185442, 23.1912395], [77.4186651, 23.1910093], [77.418835, 23.1908717], [77.4190394, 23.190779], [77.4191891, 23.1905064], [77.4192524, 23.190238]]}, "properties": {"kind": "line", "name": "", "osm_id": 366273087, "tag": "stream"}}, {"type": "Feature", "geometry": {"type": "LineString", "coordinates": [[77.417951, 23.1969657], [77.4186752, 23.1967942], [77.4193249, 23.1966197], [77.4196047, 23.1965325], [77.4199745, 23.1963174], [77.4202543, 23.1961083], [77.4202579, 23.1960943]]}, "properties": {"kind": "line", "name": "", "osm_id": 366273088, "tag": "canal"}}, {"type": "Feature", "geometry": {"type": "LineString", "coordinates": [[77.4187586, 23.2649834], [77.4188648, 23.2650167]]}, "properties": {"kind": "line", "name": "", "osm_id": 368397117, "tag": "stream"}}, {"type": "Feature", "geometry": {"type": "LineString", "coordinates": [[77.42388, 23.2751297], [77.4241324, 23.2751647]]}, "properties": {"kind": "line", "name": "", "osm_id": 368397118, "tag": "stream"}}, {"type": "Feature", "geometry": {"type": "LineString", "coordinates": [[77.4241324, 23.2751647], [77.4249682, 23.2751347], [77.4252198, 23.2751431], [77.4253993, 23.2751592], [77.4255294, 23.2752185], [77.425605, 23.2752864], [77.425659, 23.2753384], [77.4257472, 23.2754122], [77.4258839, 23.2754759], [77.4259981, 23.2754374], [77.4260219, 23.2753039], [77.4259834, 23.2752123], [77.4259255, 23.2751129], [77.4259411, 23.2750164], [77.4259873, 23.2749833], [77.4260344, 23.2749581], [77.4260861, 23.27494], [77.4261858, 23.27494], [77.4262786, 23.2749462], [77.4263516, 23.2749382], [77.4264405, 23.2749024], [77.4264987, 23.2748719], [77.4265203, 23.2747886], [77.426513, 23.2747446], [77.4265142, 23.274681], [77.4265215, 23.2746039], [77.4265167, 23.27454], [77.4265454, 23.2745175], [77.4266373, 23.274475], [77.4266792, 23.2744785], [77.4267922, 23.2745174], [77.4268987, 23.2745322], [77.4270279, 23.2745565], [77.4272023, 23.2745903], [77.4273068, 23.2744656], [77.4274104, 23.2743615], [77.4275027, 23.2742939], [77.4275465, 23.2741934], [77.4275652, 23.2741677], [77.4275638, 23.2741119], [77.4275147, 23.2740269], [77.4274548, 23.2740238], [77.4273837, 23.2740119], [77.427314, 23.273984], [77.4272714, 23.2739213], [77.4272687, 23.2738123], [77.4273068, 23.2737383], [77.4273577, 23.2737054], [77.4274522, 23.2736883], [77.4275526, 23.2736953], [77.4275959, 23.27372], [77.4276244, 23.2737564], [77.4277056, 23.2737896], [77.4277708, 23.2738458], [77.4278114, 23.2739294], [77.4278786, 23.2740138], [77.4279577, 23.2740947], [77.4280813, 23.2741227], [77.4282, 23.2740659], [77.4283167, 23.2740353], [77.4283714, 23.2739974], [77.4284076, 23.2739845], [77.4284555, 23.2739456], [77.4285361, 23.2739551], [77.4285663, 23.2739991], [77.4286006, 23.2740663], [77.4286242, 23.2741396], [77.4286535, 23.2742284], [77.428788, 23.2742663], [77.4288719, 23.2742561], [77.4289478, 23.2742664], [77.4289917, 23.2742369], [77.4290457, 23.2742411], [77.4291511, 23.2742568], [77.4292888, 23.2743575], [77.4293725, 23.2744642], [77.4293421, 23.2745265], [77.4292771, 23.2746788], [77.4291756, 23.2746913], [77.4290956, 23.2747011], [77.4290064, 23.2747246], [77.4289299, 23.2747663], [77.4289063, 23.2749031], [77.4289921, 23.2750595], [77.4290032, 23.2750797], [77.4291154, 23.2753384], [77.4292443, 23.2754726], [77.4295067, 23.2755261], [77.4299031, 23.2755333], [77.4302141, 23.2754924], [77.4304596, 23.2754286], [77.4306918, 23.2752942], [77.4308846, 23.275132], [77.431016, 23.2750683], [77.4311335, 23.2750518], [77.4312687, 23.2750832], [77.4314121, 23.2750541], [77.4315333, 23.2749537], [77.431711, 23.2748154], [77.4318458, 23.2747461], [77.4320341, 23.2746471], [77.4322529, 23.2745608], [77.432476, 23.2746058], [77.4327146, 23.2745934], [77.4328627, 23.2745654], [77.4330236, 23.2744799], [77.4331579, 23.274343], [77.4331638, 23.274232], [77.4331592, 23.2740973], [77.4331684, 23.2739648], [77.4331798, 23.2738639], [77.43326, 23.2738092], [77.4333287, 23.2737587], [77.4334134, 23.2737482], [77.4335119, 23.2737566], [77.4336149, 23.2737881], [77.4338538, 23.2739488], [77.4339678, 23.27401], [77.4341238, 23.274013], [77.4343305, 23.2739531], [77.4345077, 23.2738798], [77.4346851, 23.2738146], [77.4348895, 23.2738314], [77.4350393, 23.2739255], [77.43521, 23.2742684], [77.43546, 23.2746271], [77.4356987, 23.2749198], [77.4358806, 23.2754219], [77.4360504, 23.2756412], [77.4363585, 23.2758227], [77.4367407, 23.2759142], [77.4372145, 23.2759437], [77.4376389, 23.2758712], [77.4379633, 23.2757669], [77.4382992, 23.2757643], [77.4385494, 23.2758148], [77.438734, 23.2758568], [77.4389278, 23.275928], [77.4392216, 23.2760275], [77.4394342, 23.2760363], [77.4397221, 23.2760351], [77.4399045, 23.2760375], [77.440103, 23.2761065], [77.4405643, 23.2762987], [77.4409264, 23.2764416], [77.4411303, 23.2765229], [77.4413905, 23.2765968], [77.4417767, 23.2767225], [77.4419618, 23.27689], [77.4420798, 23.2769344], [77.4422139, 23.276927], [77.4424446, 23.276959], [77.4426216, 23.2770305], [77.4427879, 23.2771487], [77.4433215, 23.2775407], [77.4435826, 23.2777784], [77.4435826, 23.2779193], [77.4435368, 23.2780477], [77.4432373, 23.2783477], [77.4430193, 23.2784326], [77.442733, 23.2788217], [77.4425911, 23.2790489], [77.4425018, 23.2791099], [77.4423048, 23.2791414], [77.4421079, 23.2791646], [77.4419224, 23.2791877], [77.4415286, 23.2792003], [77.4413981, 23.2792298], [77.4413087, 23.2792655], [77.4410111, 23.2794801], [77.4409401, 23.2795958], [77.4409241, 23.2796988], [77.4409859, 23.2799597], [77.4410294, 23.2802226], [77.4411317, 23.2803774], [77.4411462, 23.2803993], [77.4412034, 23.2805739], [77.4412149, 23.2807316], [77.4411828, 23.2808831], [77.4410088, 23.2810471], [77.4408576, 23.281201], [77.4406699, 23.2813921], [77.4402966, 23.2817223], [77.4401112, 23.2818317], [77.4397494, 23.2820042], [77.4391746, 23.2824038], [77.4390372, 23.2824921], [77.4388197, 23.2826183], [77.4385861, 23.2826709], [77.4383114, 23.2827382], [77.4379427, 23.2829801], [77.4377068, 23.2832073], [77.4372695, 23.283527], [77.4370909, 23.2837331], [77.4366077, 23.2842947], [77.436365, 23.2845934], [77.436065, 23.2848626], [77.4358383, 23.2850624], [77.4355956, 23.2853359], [77.4354697, 23.2857292], [77.4353368, 23.2859579], [77.4351674, 23.2860657], [77.4349728, 23.2863707], [77.4348789, 23.2867556], [77.4348354, 23.2873446], [77.4347598, 23.2878641], [77.4347873, 23.2881207], [77.4349201, 23.2882701], [77.4350003, 23.2883605], [77.4350186, 23.2884825], [77.434998, 23.2885161], [77.4347759, 23.2889116], [77.4347873, 23.2891387], [77.4348102, 23.2892712], [77.4347186, 23.2893448], [77.4345743, 23.2894458], [77.4337798, 23.2900999], [77.4334386, 23.2901041], [77.4330447, 23.2900347], [77.4327929, 23.2900494], [77.4325822, 23.2900515], [77.4322822, 23.2900915], [77.4321815, 23.2901546], [77.4321311, 23.2902429], [77.4321563, 23.2903291], [77.432257, 23.2903859], [77.432454, 23.290449], [77.4325249, 23.290733], [77.4324837, 23.2910758], [77.4324402, 23.2915427], [77.4325135, 23.2917741], [77.432628, 23.2918897], [77.4327471, 23.2919634], [77.4329302, 23.2920748], [77.4330104, 23.29214], [77.4332096, 23.2924955], [77.4332806, 23.2928635], [77.4333905, 23.2932505], [77.4334134, 23.2935113], [77.4333104, 23.2936459], [77.4332554, 23.2937469], [77.4332371, 23.293852], [77.4332508, 23.2939277], [77.4334065, 23.2941465], [77.4334752, 23.2942874], [77.4335233, 23.294422], [77.4335393, 23.2945776], [77.4336813, 23.2948679], [77.4338645, 23.2949772], [77.4341049, 23.2950635], [77.4342538, 23.2951329], [77.4344118, 23.295196], [77.4346201, 23.2952485], [77.4350232, 23.2954694], [77.4351628, 23.2956902], [77.4353483, 23.2960604], [77.4356071, 23.2961781], [77.4356941, 23.2962265], [77.4361452, 23.2964011], [77.436507, 23.2964936], [77.4369993, 23.296706], [77.4370909, 23.297053], [77.4371321, 23.2972171], [77.4373244, 23.2978754], [77.4373611, 23.2983044], [77.4373931, 23.2987587], [77.437558, 23.2994611], [77.4376496, 23.2997051], [77.4377114, 23.2999322], [77.4376313, 23.3003738], [77.4376015, 23.3007482], [77.437503, 23.3010868], [77.437503, 23.3012046], [77.4375305, 23.3013812], [77.4375832, 23.3017177], [77.4377, 23.3019575], [77.4377183, 23.3021194], [77.4376565, 23.3022477], [77.4374985, 23.3025127], [77.4374458, 23.302847], [77.4375191, 23.3031246], [77.4376359, 23.3033686], [77.437819, 23.303663], [77.4379862, 23.3039154], [77.4380203, 23.3041066], [77.4381185, 23.3042098], [77.43849, 23.3045063], [77.4387579, 23.3047251], [77.4389722, 23.3046587], [77.4391268, 23.3047065], [77.4393406, 23.3045795], [77.4394187, 23.3045966], [77.4395407, 23.3046388], [77.4396357, 23.3047158], [77.4397809, 23.3049118], [77.4398554, 23.3049604], [77.4398801, 23.305059], [77.4398497, 23.3052893], [77.4398382, 23.305432], [77.4398713, 23.3056419], [77.4400016, 23.3058555], [77.4400501, 23.3059844], [77.4401153, 23.306122], [77.4399145, 23.3065086], [77.4399631, 23.3070142], [77.4399307, 23.307722], [77.4400381, 23.3083632], [77.4401741, 23.3088391], [77.440077, 23.3090889], [77.4398892, 23.3092971], [77.439805, 23.3094933], [77.4397726, 23.3097134], [77.4397143, 23.309993], [77.4395718, 23.3103201], [77.4393775, 23.3105818], [77.4392221, 23.3109149], [77.4392221, 23.311248], [77.4392156, 23.3115097], [77.4390278, 23.3118547], [77.4387234, 23.3121521], [77.4385291, 23.3122472], [77.4382052, 23.3123067], [77.4377726, 23.3124724], [77.4376718, 23.3123924], [77.4375848, 23.3122579], [77.4374108, 23.3122663], [77.4373559, 23.3123588], [77.4372368, 23.3124724], [77.4370628, 23.3125186], [77.4368704, 23.3125018], [77.4366002, 23.3123924], [77.4363025, 23.3124009], [77.4361697, 23.3124724], [77.4360644, 23.3125943], [77.4357667, 23.312649], [77.4355423, 23.3125523], [77.4352171, 23.3124597], [77.4347729, 23.312649], [77.4345577, 23.3126532], [77.4342966, 23.3125186], [77.434031, 23.312485], [77.4338753, 23.3125481], [77.4336005, 23.3128845], [77.4335822, 23.3132799], [77.4336738, 23.3135364], [77.4336967, 23.3137803], [77.4337333, 23.3139948], [77.4336875, 23.3141841], [77.4336051, 23.314386], [77.4333853, 23.3147603], [77.4333212, 23.314979], [77.4332204, 23.3151598], [77.433051, 23.3153743], [77.4326296, 23.3159547], [77.432593, 23.3162533], [77.4326205, 23.3164846], [77.43268, 23.3166486], [77.4326342, 23.3169725], [77.4325518, 23.31725], [77.4323274, 23.3176243], [77.4321167, 23.3178725], [77.4319885, 23.3180701], [77.4318511, 23.318251], [77.4316038, 23.3186463], [77.4314664, 23.3190038], [77.4313702, 23.3192771], [77.4312878, 23.3195421], [77.4312008, 23.3198869], [77.4311183, 23.3201813], [77.4309718, 23.3205514], [77.4309031, 23.3207827], [77.4309214, 23.3210182], [77.431504, 23.3215743], [77.4317113, 23.3218895], [77.431789, 23.3221155], [77.4317825, 23.3223891], [77.4317631, 23.3227281], [77.4316724, 23.3230076], [77.4313162, 23.3232693], [77.4310377, 23.3233764], [77.4308564, 23.3235013], [77.4306491, 23.3236321], [77.4305066, 23.3238046], [77.4302929, 23.3239651], [77.4299367, 23.3239651], [77.4294453, 23.3241751], [77.4291522, 23.3242087], [77.428992, 23.324112], [77.4287996, 23.3240531], [77.4286302, 23.3240405], [77.4284928, 23.3240489], [77.4283325, 23.324133], [77.428273, 23.3242087], [77.4282546, 23.3243643], [77.4282821, 23.3245115], [77.4283554, 23.3246924], [77.4284241, 23.3248774], [77.4283783, 23.3251087], [77.4283416, 23.3252643], [77.4282409, 23.3254535], [77.4279386, 23.3255587], [77.4275768, 23.3257185], [77.4271509, 23.3261138], [77.4268075, 23.3262021], [77.4265693, 23.3263325], [77.4263724, 23.3264628], [77.42629, 23.326589], [77.4262258, 23.3268203], [77.4260839, 23.3271777], [77.4258778, 23.3280146], [77.4259007, 23.3286201], [77.4259373, 23.3292131], [77.4261205, 23.330113], [77.4261388, 23.3304747], [77.426093, 23.330727], [77.425832, 23.3309709], [77.4253786, 23.331568], [77.4253511, 23.3321315], [77.4254519, 23.3325394], [77.4256396, 23.3332417], [77.4256854, 23.3336033], [77.4255023, 23.3341247], [77.4250214, 23.3352096], [77.4248519, 23.3356133], [77.4246046, 23.336038], [77.4242841, 23.3364165], [77.4240322, 23.3366225], [77.4238536, 23.3368748], [77.4238169, 23.3371818], [77.4237803, 23.3374761], [77.4237849, 23.3376822], [77.4237986, 23.3379219], [77.423904, 23.3382625], [77.4241375, 23.3387839], [77.4242703, 23.3390236], [77.4245176, 23.339074], [77.4247649, 23.3390614], [77.4251634, 23.3391918], [77.4255343, 23.3393137], [77.4257496, 23.3393516], [77.4259785, 23.3393684], [77.4261755, 23.3393684], [77.426322, 23.3394062], [77.4264731, 23.3395618], [77.4264921, 23.3397957], [77.4264182, 23.3400159], [77.4261466, 23.3403378], [77.4259357, 23.3405461], [77.4257312, 23.3411386], [77.4256488, 23.3415802], [77.4254656, 23.3418282], [77.4252733, 23.342152], [77.4251965, 23.3423328], [77.4251429, 23.3426417], [77.4251171, 23.3427736], [77.4251076, 23.3428544], [77.4249307, 23.3429658], [77.424939, 23.3431416], [77.4248703, 23.3434849], [77.4248061, 23.3441241], [77.4247832, 23.3444352], [77.4246917, 23.3453056], [77.4246779, 23.3457471], [77.4247054, 23.3459069], [77.4249206, 23.3466091], [77.4250763, 23.3472608], [77.4251267, 23.3476981], [77.4250855, 23.3479167], [77.4248611, 23.3484255], [77.42471, 23.3486483], [77.4245634, 23.3487745], [77.4243253, 23.348909], [77.4240826, 23.3489973], [77.4237757, 23.3491066], [77.4235147, 23.3492622], [77.4232949, 23.3493841], [77.4229834, 23.3495607], [77.4227636, 23.349607], [77.4225667, 23.3495397], [77.4224201, 23.3493841], [77.4221179, 23.3490183], [77.4219484, 23.3488586], [77.4215958, 23.3487535], [77.4213531, 23.3487198], [77.4208859, 23.3487156], [77.4203181, 23.348909], [77.4195578, 23.3491319], [77.4192235, 23.3490141], [77.4189213, 23.3488964], [77.418445, 23.3487114], [77.4177626, 23.3483078], [77.4174466, 23.3482741], [77.417268, 23.348312], [77.4171215, 23.3483961], [77.4169841, 23.3485138], [77.4168192, 23.3488039], [77.4165124, 23.3495818], [77.4163949, 23.3498018]]}, "properties": {"kind": "line", "name": "", "osm_id": 368397119, "tag": "stream"}}, {"type": "Feature", "geometry": {"type": "LineString", "coordinates": [[77.4188648, 23.2650167], [77.4193645, 23.2651557], [77.4195963, 23.2652661], [77.4198623, 23.2653371], [77.4201343, 23.2652942], [77.4205688, 23.2653332], [77.4210066, 23.265394], [77.4212471, 23.2653854], [77.421518, 23.2653561], [77.4220435, 23.2653795], [77.422257, 23.2655027], [77.4224115, 23.2656604], [77.422566, 23.265826], [77.4226862, 23.2660467], [77.4227205, 23.2662044], [77.4226907, 23.2663672], [77.4227914, 23.2665803], [77.4229608, 23.2667722], [77.423081, 23.2669929], [77.4230724, 23.2671349], [77.4230037, 23.2673872], [77.4229265, 23.2677105], [77.4229518, 23.2679512], [77.4229522, 23.2679549], [77.4230037, 23.2683019], [77.4231325, 23.2686094], [77.4232612, 23.2687907], [77.4234243, 23.2688775], [77.4236904, 23.2689248], [77.423862, 23.2690273], [77.4240251, 23.2691929], [77.424171, 23.2694531], [77.4242311, 23.2696108], [77.4242998, 23.2698552], [77.4242826, 23.2700917], [77.4240423, 23.2703283], [77.4238706, 23.2705254], [77.4236303, 23.270691], [77.4233648, 23.2706944], [77.4230971, 23.2709221], [77.4232622, 23.2710503], [77.4235161, 23.2712474], [77.4236298, 23.2714523], [77.4237901, 23.271619], [77.4240423, 23.2718027], [77.4242054, 23.2718579], [77.4244199, 23.27185], [77.4246431, 23.2717554], [77.4247375, 23.2716687], [77.4248491, 23.2715425], [77.4249864, 23.2714085], [77.4252472, 23.2713962], [77.4254547, 23.27143], [77.4256569, 23.2715188], [77.4258533, 23.2716293], [77.4260421, 23.2718106], [77.4262739, 23.2718106], [77.426437, 23.2719604], [77.4266258, 23.2720393], [77.426703, 23.2720551], [77.4268298, 23.2719473], [77.4269969, 23.2718085], [77.4271343, 23.2716108], [77.4271755, 23.2714909], [77.4272213, 23.2713836], [77.4272334, 23.2712376], [77.4273672, 23.2711217], [77.4274776, 23.2711516], [77.4275688, 23.2711754], [77.4276862, 23.2712973], [77.42778, 23.271392], [77.427906, 23.2715245], [77.4280457, 23.2717496], [77.4282037, 23.2719936], [77.4282563, 23.2721261], [77.4283212, 23.2722275], [77.4283136, 23.2723828], [77.4283159, 23.2726162], [77.428254, 23.2727593], [77.4281304, 23.2728392], [77.4280044, 23.2728692], [77.4278956, 23.272942], [77.4278938, 23.2730944], [77.4279838, 23.2732115], [77.4281418, 23.2733546], [77.4283113, 23.2735039], [77.4282815, 23.273689], [77.4282861, 23.2737669], [77.4283617, 23.27383], [77.4284716, 23.2738889], [77.4284555, 23.2739456]]}, "properties": {"kind": "line", "name": "", "osm_id": 368397120, "tag": "stream"}}, {"type": "Feature", "geometry": {"type": "LineString", "coordinates": [[77.4865464, 23.1649927], [77.4865867, 23.1645901], [77.4863466, 23.1642958], [77.4862399, 23.1640702], [77.4861012, 23.1638691], [77.4858825, 23.1637366], [77.4857064, 23.1634864], [77.4857757, 23.1632608], [77.4858344, 23.16304], [77.485701, 23.1628536], [77.4856744, 23.1625004], [77.4858024, 23.1623042], [77.4860372, 23.1621914], [77.4863253, 23.1620933], [77.4865814, 23.1620148], [77.4869442, 23.1618627], [77.4869549, 23.1616518], [77.4869015, 23.1613624], [77.4869389, 23.1611514], [77.4867788, 23.1609896], [77.4866988, 23.1608571], [77.486496, 23.1605677], [77.4863146, 23.1604205], [77.4862773, 23.1600968], [77.4862239, 23.1598319], [77.486288, 23.1595473], [77.4864, 23.1592923], [77.4867895, 23.1589047], [77.4870029, 23.1587085], [77.4869762, 23.1583994], [77.4869389, 23.158061], [77.4867361, 23.1578451], [77.4865707, 23.1576342], [77.486496, 23.1572221], [77.4866348, 23.1567953], [77.4868322, 23.1564912], [77.4870883, 23.156447], [77.4873444, 23.156604], [77.4876699, 23.1566383], [77.4881287, 23.156604], [77.4883315, 23.1563342], [77.4886836, 23.1561232], [77.4889877, 23.1561134], [77.4892492, 23.1559123], [77.4893025, 23.1556081], [77.4890571, 23.1553678], [77.4888223, 23.1554413], [77.4887743, 23.1551715], [77.4886943, 23.1548134], [77.4887956, 23.1546564], [77.4888864, 23.1542787], [77.4887956, 23.1539353], [77.4885769, 23.1535723], [77.4887103, 23.1532632], [77.4889984, 23.1529149], [77.4892172, 23.1528021], [77.4893719, 23.1529198], [77.4896066, 23.1527677], [77.4898254, 23.1526254], [77.4901242, 23.1525764], [77.4903483, 23.1527137], [77.4905457, 23.152959], [77.4908018, 23.1530424], [77.4910259, 23.1531258], [77.4913033, 23.1530621], [77.4916235, 23.1527187], [77.4918956, 23.1526107], [77.4918529, 23.15213], [77.4919649, 23.1517767], [77.4918742, 23.1514382], [77.4918422, 23.1511733], [77.4919116, 23.150771], [77.4923278, 23.1507269], [77.4927279, 23.1509575], [77.4931281, 23.151036], [77.4934215, 23.1509035], [77.4936243, 23.1506386], [77.493827, 23.1503491], [77.4940565, 23.1501627], [77.4946701, 23.150202], [77.4946861, 23.1506239], [77.494606, 23.1509427], [77.4946327, 23.1510801], [77.4948515, 23.1512911], [77.4951342, 23.1512714], [77.4954544, 23.1510997], [77.496196, 23.1508446], [77.4965908, 23.1507171], [77.497103, 23.1504718], [77.4973135, 23.1503686], [77.4975567, 23.1504225], [77.4979834, 23.1506876], [77.4981915, 23.1507024], [77.498645, 23.1506582], [77.4989491, 23.1506042], [77.4992532, 23.1501932], [77.4993424, 23.150106], [77.4993934, 23.1499715], [77.4994262, 23.1498752], [77.4995235, 23.1498495], [77.4997394, 23.1499592], [77.5000361, 23.1500406], [77.5003268, 23.1500144], [77.5004377, 23.1500204], [77.5008913, 23.149785], [77.5011102, 23.149589], [77.5009499, 23.1490278], [77.5008192, 23.1485909], [77.5008831, 23.1481119], [77.5009678, 23.1479555], [77.5013753, 23.1478575], [77.5014466, 23.1477642], [77.5015459, 23.1477371], [77.5016049, 23.1478358], [77.5016907, 23.1478234], [77.5017175, 23.1477051], [77.5017122, 23.1475398], [77.5018165, 23.1474398], [77.5021038, 23.147488], [77.5023956, 23.1473513], [77.5027453, 23.1472752], [77.5031659, 23.1472241], [77.5036605, 23.1473076], [77.5037399, 23.1473746], [77.5037183, 23.1476094], [77.5037722, 23.1478087], [77.5039645, 23.1478918], [77.5040606, 23.1479452], [77.5041139, 23.1481218], [77.5043167, 23.1486517], [77.5043999, 23.1489234], [77.5046208, 23.1491178], [77.5049175, 23.1491084], [77.5052428, 23.149201], [77.5055787, 23.1493505], [77.5057834, 23.1496478], [77.5060414, 23.1499321], [77.5061734, 23.1503099], [77.5065309, 23.1505454], [77.5069151, 23.1508348], [77.5071491, 23.1509605], [77.5073818, 23.1509946], [77.5075327, 23.1509433], [77.507627, 23.150813], [77.5076641, 23.1506103], [77.5075978, 23.150221], [77.5076087, 23.1499714], [77.5079235, 23.1497163], [77.5084997, 23.1495593], [77.5088784, 23.1496146], [77.5090025, 23.1496707], [77.5089677, 23.1497459], [77.5088945, 23.1497702], [77.5085317, 23.1499027], [77.5083823, 23.1501578], [77.508297, 23.1504325], [77.5083076, 23.1505405], [77.5085104, 23.1506582], [77.5087238, 23.1505944], [77.509188, 23.150251], [77.5095775, 23.1498978], [77.5098763, 23.1494219], [77.5101484, 23.1491766], [77.5104792, 23.1491668], [77.5107086, 23.1494612], [77.5111781, 23.1498193], [77.511557, 23.1496525], [77.511701, 23.149314], [77.5121812, 23.1491962], [77.5124853, 23.1492846], [77.5125118, 23.149189], [77.5125654, 23.1489951], [77.5123733, 23.1486075], [77.5120265, 23.1483328], [77.5118344, 23.1480384], [77.5115516, 23.1478373], [77.5114182, 23.1474595], [77.5115303, 23.146915], [77.5118984, 23.1466746], [77.5122452, 23.1464489], [77.5125707, 23.1462919], [77.5126618, 23.1462618], [77.5127074, 23.1462618], [77.5127396, 23.1463457], [77.5128227, 23.1463987], [77.5129544, 23.1463939], [77.5130374, 23.1463617], [77.5130494, 23.146252], [77.5130964, 23.1461854], [77.5132291, 23.1461052], [77.5132298, 23.1459433], [77.5131563, 23.1457043], [77.5132056, 23.1455092], [77.5130856, 23.1452063], [77.5131004, 23.1449942], [77.5131496, 23.1448418], [77.5132706, 23.1446761], [77.513476, 23.1444554], [77.5137392, 23.1442657], [77.5142567, 23.1438879], [77.5144061, 23.1437064], [77.5146889, 23.1436083], [77.5151051, 23.1437064], [77.5155212, 23.1439566], [77.5160975, 23.1443442], [77.5163856, 23.1444963], [77.5167591, 23.1444423], [77.5171219, 23.1443344], [77.517346, 23.1441627], [77.5174367, 23.1435445], [77.5172553, 23.1432109], [77.5168871, 23.1430588], [77.5167324, 23.1428969], [77.5168284, 23.1426663], [77.5171059, 23.1424308], [77.5174154, 23.1424504], [77.5178582, 23.1425338], [77.5185091, 23.1429067], [77.5187492, 23.1430343], [77.5190932, 23.143054], [77.5194928, 23.1427999], [77.5196833, 23.142467], [77.5199568, 23.1419934], [77.519989, 23.1416629], [77.5197771, 23.1414385], [77.5197154, 23.1413127], [77.5197235, 23.1411771], [77.5197476, 23.1410094], [77.5197154, 23.1408219], [77.519576, 23.1407085], [77.5194231, 23.1406468], [77.5192756, 23.1405111], [77.5191254, 23.1404322], [77.5189591, 23.140378], [77.5188518, 23.1403237], [77.5187552, 23.1402374], [77.5187633, 23.1400721], [77.5187874, 23.1399365], [77.5188276, 23.1398131], [77.5189242, 23.1396627], [77.5191334, 23.1395344], [77.519289, 23.139236], [77.5193399, 23.1390979], [77.5193373, 23.1389474], [77.5193909, 23.1387427], [77.5195679, 23.1385158], [77.5196833, 23.1384566], [77.5199086, 23.1384862], [77.5200534, 23.1385947], [77.5202385, 23.1386145], [77.520386, 23.1386342], [77.5204316, 23.1387107], [77.520504, 23.1387427], [77.5206489, 23.1387476], [77.520791, 23.1386613], [77.5208903, 23.1384763], [77.521129, 23.1382075], [77.5212819, 23.1379165], [77.5216627, 23.1376303], [77.5218317, 23.1375194], [77.5219605, 23.1375046], [77.5221375, 23.1375391], [77.5223038, 23.1375366], [77.5225237, 23.1374922], [77.5226659, 23.137433], [77.5228697, 23.1372406], [77.5230092, 23.1370951], [77.5232104, 23.1369422], [77.5233874, 23.1369027], [77.5235081, 23.1369101], [77.523602, 23.1369496], [77.5236985, 23.1370137], [77.5237522, 23.1370631], [77.5237951, 23.1371519], [77.5238514, 23.1374454], [77.5239748, 23.1375539], [77.5240982, 23.1376229], [77.5243396, 23.1376328], [77.5244925, 23.1376106], [77.5248653, 23.1375021], [77.5250906, 23.1374158], [77.5254232, 23.1372653], [77.5257558, 23.1371173], [77.5258604, 23.1370187], [77.5259409, 23.1368879], [77.5259677, 23.136661], [77.5259543, 23.1365599], [77.525906, 23.1364415], [77.5258926, 23.1363502], [77.5259194, 23.1362639], [77.526024, 23.1361307], [77.5263351, 23.1360074], [77.5266221, 23.1358939], [77.526995, 23.1357065], [77.5274617, 23.1355412], [77.5276253, 23.1354352], [77.5276816, 23.1352428], [77.5274375, 23.1350257], [77.527239, 23.1349221], [77.5270513, 23.1348333], [77.5268635, 23.1347002], [77.5268072, 23.1345546], [77.5267455, 23.1344214], [77.5265926, 23.1341945], [77.5264746, 23.1340268], [77.526362, 23.1338689], [77.526319, 23.1337653], [77.5262037, 23.133499], [77.5261527, 23.13342], [77.5260642, 23.1333732], [77.5259409, 23.1333732], [77.5258953, 23.133388], [77.5256673, 23.1335212], [77.5255466, 23.1335557], [77.525383, 23.133499], [77.5253186, 23.1334052], [77.5253454, 23.1332153], [77.5254312, 23.13305], [77.5255063, 23.1329489], [77.5255117, 23.13287], [77.525281, 23.1324013], [77.525104, 23.131913], [77.525163, 23.1317354], [77.5252167, 23.1314049], [77.5251362, 23.1310694], [77.5251094, 23.130877], [77.5252488, 23.1306155], [77.5255761, 23.1302554], [77.5256834, 23.1300877], [77.5257263, 23.129915], [77.5256834, 23.1296585], [77.5255761, 23.1294266], [77.525399, 23.129249], [77.5253722, 23.1290172], [77.5254527, 23.1286817], [77.5253508, 23.1282969], [77.5251416, 23.128218], [77.5250557, 23.1282032], [77.5245837, 23.1283216], [77.524176, 23.1283413], [77.5237951, 23.1283265], [77.5235322, 23.1282772], [77.5232962, 23.1282328], [77.5229582, 23.128144], [77.5227276, 23.1279713], [77.5225023, 23.1275865], [77.5224862, 23.1273744], [77.522454, 23.1272511], [77.5225935, 23.1268564], [77.5228188, 23.1265209], [77.5230387, 23.126368], [77.5231728, 23.1262447], [77.5234035, 23.1258056], [77.5234357, 23.1256231], [77.5235322, 23.1253271], [77.5235805, 23.1251791], [77.5236985, 23.1250755], [77.5238434, 23.1250212], [77.5239614, 23.1250212], [77.5240955, 23.1250113], [77.5242028, 23.124962], [77.524294, 23.1249028], [77.5241974, 23.1246167], [77.5239882, 23.1244489], [77.5239024, 23.1243009], [77.5237629, 23.1241233], [77.5236395, 23.1240691], [77.5235054, 23.1240247], [77.5232962, 23.1239803], [77.523264, 23.1238421], [77.523264, 23.1237188], [77.5233123, 23.1235461], [77.523374, 23.1234672], [77.5234571, 23.1234425], [77.5235456, 23.1234425], [77.5236315, 23.1235017], [77.5237388, 23.1235732], [77.5238943, 23.123625], [77.5240901, 23.1236004], [77.5242269, 23.123551], [77.5243959, 23.1234376], [77.5246909, 23.1230898], [77.5252247, 23.1226433], [77.5254071, 23.1225816], [77.5255707, 23.1225569], [77.5257343, 23.1225668], [77.525965, 23.1225224], [77.5260374, 23.1224977], [77.5261474, 23.1224509], [77.5263137, 23.1222239], [77.5263593, 23.1220513], [77.5263485, 23.1219773], [77.5263405, 23.1217158], [77.5263485, 23.1216023], [77.5264397, 23.121363], [77.5266355, 23.1212372], [77.5267482, 23.1211904], [77.5268689, 23.121178], [77.5270245, 23.1211731], [77.5271452, 23.1212002], [77.5272525, 23.121252], [77.5273088, 23.1213729], [77.5273383, 23.1215036], [77.5274268, 23.1215332], [77.5276172, 23.1215184], [77.5278801, 23.1214839], [77.5281376, 23.1214716], [77.528328, 23.121405], [77.5286982, 23.1211238], [77.528902, 23.1208475], [77.5289986, 23.1206699], [77.5290576, 23.1204183], [77.5292239, 23.1202308], [77.5294277, 23.1201469], [77.5294921, 23.1201963], [77.5296047, 23.1204972], [77.5296959, 23.1206107], [77.53005, 23.1208722], [77.5302485, 23.1210744], [77.5302753, 23.1212767], [77.5303611, 23.1214346], [77.5305274, 23.1215727], [77.530746, 23.1216356], [77.5310411, 23.1216467], [77.5311296, 23.1216566], [77.5312047, 23.1216973], [77.5314367, 23.121791], [77.5316017, 23.121828], [77.5317934, 23.1218009], [77.5319584, 23.1217096], [77.5320456, 23.1216541], [77.5324667, 23.1213643], [77.5327429, 23.1212089], [77.5329065, 23.1211003], [77.5330889, 23.1209499], [77.5332633, 23.1208956], [77.5333598, 23.1209449], [77.5333035, 23.1210436], [77.5332338, 23.1211423], [77.5330889, 23.1215394], [77.5329307, 23.1221314], [77.5330004, 23.1223312], [77.5331104, 23.1225384], [77.5332365, 23.1226618], [77.5335825, 23.1226297], [77.5337246, 23.1225286], [77.5338373, 23.122309], [77.5339821, 23.1222054], [77.5344944, 23.1220722], [77.5348699, 23.1219834], [77.535106, 23.1218354], [77.5353635, 23.121648], [77.5355619, 23.1214999], [77.535696, 23.1213618], [77.5356853, 23.1211201], [77.5355458, 23.1209967], [77.5354922, 23.1208783], [77.5355512, 23.1207599], [77.5356478, 23.1206908], [77.5358275, 23.1205442]]}, "properties": {"kind": "line", "name": "", "osm_id": 368435592, "tag": "stream"}}, {"type": "Feature", "geometry": {"type": "LineString", "coordinates": [[77.4864807, 23.1651581], [77.4865464, 23.1649927]]}, "properties": {"kind": "line", "name": "", "osm_id": 368435593, "tag": "stream"}}, {"type": "Feature", "geometry": {"type": "Polygon", "coordinates": [[[77.4121035, 23.2165562], [77.412326, 23.216488], [77.4120133, 23.2162066], [77.4118908, 23.2161888], [77.411836, 23.2162658], [77.4118005, 23.2163695], [77.4117618, 23.2163814], [77.4116909, 23.2163547], [77.4116877, 23.2162688], [77.4116651, 23.2162036], [77.4116103, 23.2161592], [77.4115813, 23.2160584], [77.4116103, 23.2159844], [77.411591, 23.2158925], [77.4114846, 23.2158185], [77.4112686, 23.2157059], [77.4111622, 23.2156733], [77.4113041, 23.2157977], [77.411462, 23.2159222], [77.4115104, 23.2160347], [77.4115394, 23.2161384], [77.411562, 23.2162866], [77.4115781, 23.2163932], [77.4117006, 23.216491], [77.4117522, 23.2165354], [77.4118328, 23.2165325], [77.4119198, 23.2164969], [77.4119617, 23.2164673], [77.4120165, 23.2164821], [77.4120778, 23.2165117], [77.4121035, 23.2165562]]]}, "properties": {"kind": "waterbody", "name": "", "osm_id": 374427199, "tag": "water"}}, {"type": "Feature", "geometry": {"type": "Polygon", "coordinates": [[[77.4198871, 23.2370698], [77.4199951, 23.2373321], [77.4201103, 23.237292], [77.4200023, 23.2370297], [77.4198871, 23.2370698]]]}, "properties": {"kind": "waterbody", "name": "", "osm_id": 375034316, "tag": "pond"}}, {"type": "Feature", "geometry": {"type": "Polygon", "coordinates": [[[77.3563518, 23.2355125], [77.3564565, 23.2353016], [77.3565226, 23.2352948], [77.3566145, 23.2353471], [77.3566622, 23.2354551], [77.3566549, 23.2357285], [77.3566843, 23.2357353], [77.3567614, 23.2357437], [77.3569983, 23.2358382], [77.3569524, 23.2359834], [77.356923, 23.2360205], [77.3568569, 23.2360104], [77.3567779, 23.2359884], [77.356699, 23.2359699], [77.356631, 23.235926], [77.3565943, 23.2358804], [77.3565704, 23.2358112], [77.3565373, 23.2357505], [77.3564988, 23.235688], [77.3564216, 23.2356712], [77.3563959, 23.235602], [77.3563739, 23.2355632], [77.3563518, 23.2355125]]]}, "properties": {"kind": "waterbody", "name": "Turtle Pond", "osm_id": 377611264, "tag": "pond"}}, {"type": "Feature", "geometry": {"type": "Polygon", "coordinates": [[[77.4503686, 23.2248741], [77.4504083, 23.2244989], [77.4503202, 23.2245016], [77.4502688, 23.2245151], [77.4501909, 23.2245124], [77.4501557, 23.2245246], [77.4501234, 23.2245515], [77.4500558, 23.2245502], [77.4500044, 23.2245434], [77.4499706, 23.2245637], [77.4499662, 23.2245934], [77.4500088, 23.2246325], [77.4500338, 23.2246892], [77.4500382, 23.224731], [77.4500499, 23.224781], [77.4501131, 23.2248134], [77.4502071, 23.224839], [77.4502878, 23.2248647], [77.4503686, 23.2248741]]]}, "properties": {"kind": "waterbody", "name": "", "osm_id": 379316994, "tag": "water"}}, {"type": "Feature", "geometry": {"type": "Polygon", "coordinates": [[[77.3807949, 23.1829188], [77.3807709, 23.1828303], [77.3807949, 23.1827583], [77.3808521, 23.1827002], [77.3809274, 23.1826781], [77.3810387, 23.1826504], [77.381114, 23.1826394], [77.3811892, 23.1826449], [77.3812705, 23.1826643], [77.3813487, 23.1827002], [77.3813999, 23.1827307], [77.3814631, 23.1827749], [77.3814932, 23.1828109], [77.3815413, 23.1828939], [77.3815805, 23.1829769], [77.3815714, 23.1830516], [77.3815504, 23.1831208], [77.3814812, 23.1830987], [77.381442, 23.1830959], [77.3813999, 23.1831097], [77.3813397, 23.1831678], [77.3813036, 23.1831955], [77.3812614, 23.1831927], [77.3812133, 23.1831595], [77.381117, 23.1831097], [77.3810297, 23.1830627], [77.3809454, 23.1830157], [77.3808611, 23.1829797], [77.380822, 23.1829576], [77.3807949, 23.1829188]]]}, "properties": {"kind": "waterbody", "name": "", "osm_id": 380551822, "tag": "water"}}, {"type": "Feature", "geometry": {"type": "LineString", "coordinates": [[77.3815504, 23.1831208], [77.3816557, 23.1833089], [77.3818502, 23.183424], [77.3821102, 23.1835303], [77.3821373, 23.1838789], [77.3821583, 23.1841306], [77.3821854, 23.1842496], [77.3823991, 23.1843824], [77.3826369, 23.1843824], [77.3829168, 23.1843381], [77.3831154, 23.1843132], [77.3834315, 23.184316], [77.383609, 23.1843575], [77.3837445, 23.1844128], [77.3838167, 23.1844516], [77.3838318, 23.1844986], [77.3838288, 23.184565], [77.3837776, 23.1846203], [77.3836512, 23.1847061], [77.3836121, 23.1847421], [77.3835759, 23.1847919], [77.3835669, 23.185099], [77.3835187, 23.1852871], [77.3835218, 23.1854642], [77.3835368, 23.1855804], [77.3836211, 23.1856578], [77.3837956, 23.1857187], [77.3840455, 23.1858072], [77.3841689, 23.1858985], [77.3841658, 23.1860147], [77.3841147, 23.1861088], [77.3839913, 23.1862444], [77.383913, 23.1863384], [77.3838649, 23.186438], [77.3838739, 23.1865819], [77.3839792, 23.1866594], [77.3841418, 23.1866926], [77.3842862, 23.1867202], [77.3844427, 23.1867341], [77.3845601, 23.1867617], [77.3846625, 23.1868005], [77.3847196, 23.1868364], [77.3847708, 23.1869084], [77.3847979, 23.1869582], [77.3849062, 23.1873068]]}, "properties": {"kind": "line", "name": "", "osm_id": 380551827, "tag": "stream"}}, {"type": "Feature", "geometry": {"type": "Polygon", "coordinates": [[[77.3853329, 23.2029426], [77.3863123, 23.202317], [77.3864108, 23.2024642], [77.3854591, 23.2030898], [77.3853329, 23.2029426]]]}, "properties": {"kind": "waterbody", "name": "", "osm_id": 380556231, "tag": "water"}}, {"type": "Feature", "geometry": {"type": "LineString", "coordinates": [[77.4000071, 23.3837817], [77.4001375, 23.3837396]]}, "properties": {"kind": "line", "name": "", "osm_id": 389796547, "tag": "stream"}}, {"type": "Feature", "geometry": {"type": "LineString", "coordinates": [[77.413139, 23.3883837], [77.4132157, 23.3883834], [77.4132475, 23.3884153], [77.4132968, 23.388535], [77.4134707, 23.3887079], [77.4135112, 23.388785], [77.4135634, 23.3889446], [77.413575, 23.3889872], [77.4135808, 23.3891148], [77.4136296, 23.3892112], [77.4137779, 23.3894021], [77.4139141, 23.3895244], [77.4140445, 23.3895377], [77.4142299, 23.3895085], [77.4145081, 23.3893675], [77.4146327, 23.3893436], [77.4147197, 23.3893409], [77.4148443, 23.3893835], [77.4149138, 23.3894446], [77.414937, 23.3896122], [77.4150211, 23.3897239], [77.4150616, 23.3897532], [77.4154876, 23.3899473], [77.4155775, 23.389966], [77.4157108, 23.389966], [77.4157977, 23.3898622], [77.4158644, 23.3898064], [77.4159919, 23.3897638], [77.4160411, 23.3897665], [77.4160788, 23.3897878], [77.4162179, 23.3899074], [77.4163367, 23.3899713], [77.4164208, 23.3900298], [77.4165454, 23.3900803], [77.416783, 23.3902692], [77.416841, 23.3903303], [77.4169946, 23.3904314], [77.417096, 23.3905139], [77.4173394, 23.3907958], [77.4174756, 23.3909049], [77.4178784, 23.3911203], [77.4180552, 23.3911895], [77.4182146, 23.3912639], [77.4184522, 23.3914315], [77.4185333, 23.3915379], [77.4185913, 23.3917001], [77.4186464, 23.391764], [77.4187159, 23.3918172], [77.4187913, 23.3919688], [77.4188289, 23.391998], [77.4188724, 23.3920087], [77.4189159, 23.391998], [77.4191216, 23.39199], [77.4193622, 23.3921124], [77.4194346, 23.3921629], [77.4195042, 23.3922773], [77.4195903, 23.3925167], [77.4196628, 23.3925725], [77.4197816, 23.3926071], [77.4200018, 23.3926071], [77.4208191, 23.3923996], [77.4212479, 23.3924023], [77.4217087, 23.3925167], [77.4219174, 23.3925592], [77.4220565, 23.3925752], [77.4222361, 23.3926337], [77.4223144, 23.3926789], [77.4224419, 23.3928066], [77.4226042, 23.3928837], [77.4227085, 23.3929635], [77.4230563, 23.3934768], [77.423091, 23.3935034], [77.4231722, 23.393546], [77.4232968, 23.3935779], [77.4233808, 23.3936098], [77.4240473, 23.393937], [77.4257107, 23.3948625], [77.4259252, 23.3949556], [77.4260556, 23.3949796], [77.426386, 23.3949822], [77.4265569, 23.3950194], [77.4266497, 23.3950221], [77.4266931, 23.3950088], [77.4268873, 23.3949051], [77.4270206, 23.3948891], [77.4271452, 23.3949131], [77.4272293, 23.3949476], [77.4273655, 23.3949742], [77.4276813, 23.3950194], [77.4278523, 23.3950327], [77.4280436, 23.3950327], [77.4282696, 23.3950567], [77.4285159, 23.3951125], [77.4285623, 23.3951019], [77.4287478, 23.3949184], [77.4288579, 23.3948466], [77.4289448, 23.3948333], [77.4290376, 23.3948413], [77.4290839, 23.3948545], [77.4292926, 23.3949476], [77.4294838, 23.3949982], [77.4296114, 23.3950194], [77.429649, 23.3950434], [77.429707, 23.3951125], [77.4298432, 23.3953439], [77.4302025, 23.3957881], [77.4304402, 23.3959636], [77.4308835, 23.3961764], [77.431098, 23.3962323], [77.4312226, 23.3962323], [77.4315124, 23.3961126], [77.4315559, 23.3961019], [77.4316457, 23.3960993], [77.4317558, 23.3961126], [77.432005, 23.3961977], [77.4321441, 23.3962057], [77.4324513, 23.3961631], [77.4327179, 23.3961418]]}, "properties": {"kind": "line", "name": "", "osm_id": 389796548, "tag": "stream"}}, {"type": "Feature", "geometry": {"type": "LineString", "coordinates": [[77.4103504, 23.3925468], [77.4106348, 23.3921335], [77.4106999, 23.3920737], [77.410934, 23.3920573], [77.4110643, 23.3920166], [77.4114198, 23.3917746], [77.4115087, 23.3916386], [77.4115443, 23.391606], [77.4116628, 23.3915434], [77.4116865, 23.3915054], [77.4117309, 23.3912036], [77.4117872, 23.3910921], [77.4119175, 23.3909208], [77.4119561, 23.3908909], [77.412116, 23.3908256], [77.4121812, 23.3907604], [77.4124182, 23.3903035], [77.4126434, 23.3899419], [77.4126937, 23.3898658], [77.4128211, 23.3897488], [77.4128537, 23.389602], [77.4128922, 23.3895286], [77.41307, 23.3894117], [77.4132003, 23.3893627], [77.4134166, 23.3893111], [77.4136296, 23.3892112]]}, "properties": {"kind": "line", "name": "", "osm_id": 389796550, "tag": "stream"}}, {"type": "Feature", "geometry": {"type": "LineString", "coordinates": [[77.3950074, 23.383805], [77.3950346, 23.3838242], [77.3952043, 23.3838242], [77.3952651, 23.3838434], [77.3952881, 23.3838665], [77.3953028, 23.3839261], [77.3953007, 23.3842126], [77.3953174, 23.3843087], [77.3953991, 23.3844722], [77.3954683, 23.3845337], [77.3955353, 23.3845298], [77.3956359, 23.3844837], [77.3957951, 23.3843126], [77.3958747, 23.3842607], [77.3959354, 23.3842395], [77.3960402, 23.3842241], [77.3962413, 23.3842683], [77.3965262, 23.3842876], [77.396721, 23.3842664], [77.3968383, 23.3842203], [77.3969703, 23.3841318], [77.3971001, 23.3840876], [77.3972342, 23.3841011], [77.3974709, 23.3842395], [77.397538, 23.3842568], [77.3976406, 23.384253], [77.397737, 23.3842164], [77.3978752, 23.384128], [77.3980491, 23.3841241], [77.3981329, 23.384178], [77.398158, 23.3842357], [77.3980889, 23.384376], [77.3980931, 23.3844645], [77.3981538, 23.3844914], [77.3982209, 23.384501], [77.3984471, 23.3844895], [77.3985309, 23.3844472], [77.3986797, 23.3842933], [77.3987991, 23.3842414], [77.3988954, 23.3842414], [77.3991803, 23.3843914], [77.3992117, 23.3843952], [77.3992767, 23.3843914], [77.3993353, 23.3843664], [77.3993605, 23.3843472], [77.3994017, 23.3842502], [77.3996506, 23.3839919], [77.4000071, 23.3837817]]}, "properties": {"kind": "line", "name": "", "osm_id": 389796551, "tag": "stream"}}, {"type": "Feature", "geometry": {"type": "LineString", "coordinates": [[77.4327179, 23.3961418], [77.4328425, 23.3960966], [77.4331874, 23.3960487], [77.4335757, 23.395945], [77.4339119, 23.3957881], [77.4344625, 23.3954929], [77.4346798, 23.3953625], [77.4347233, 23.3953519], [77.4348537, 23.3953413], [77.4349464, 23.3953492], [77.4351638, 23.3954317], [77.4353, 23.3955407], [77.4353869, 23.3955594], [77.4355231, 23.3955567], [77.4358796, 23.3954689], [77.4360766, 23.3953838], [77.436378, 23.3951578], [77.4365461, 23.3949583], [77.4366536, 23.3948847], [77.4369993, 23.3947713], [77.4371564, 23.3947328], [77.4373701, 23.3946271], [77.4375607, 23.3945694], [77.4376906, 23.394554], [77.4378582, 23.3945579], [77.4379231, 23.3945463], [77.4379902, 23.394529], [77.4382038, 23.3944425], [77.4383274, 23.3944079], [77.4384971, 23.3944021], [77.438671, 23.3944175], [77.4389307, 23.3944656], [77.4390397, 23.3945386], [77.4391276, 23.3946213], [77.4391779, 23.3947213], [77.4392052, 23.3948213], [77.4392177, 23.3950327], [77.4392575, 23.3951577], [77.4393581, 23.3953192], [77.4394942, 23.3954403], [77.4397331, 23.3955057], [77.4402358, 23.3955403], [77.4403678, 23.3955615], [77.440483, 23.3956172], [77.4406611, 23.395796], [77.4407637, 23.3959498], [77.4408915, 23.3962978], [77.4409376, 23.3963459], [77.44099, 23.3963805], [77.4411177, 23.3964459], [77.4413419, 23.3965228], [77.4418488, 23.3966554], [77.4420897, 23.3967862], [77.442869, 23.3973495], [77.4432629, 23.397511], [77.4433278, 23.3975225], [77.4434221, 23.3975225], [77.443464, 23.3974802], [77.4434619, 23.3974514], [77.4434304, 23.3973975], [77.4433404, 23.3972956], [77.4433194, 23.3972303], [77.4433013, 23.3969741]]}, "properties": {"kind": "line", "name": "", "osm_id": 389796552, "tag": "stream"}}, {"type": "Feature", "geometry": {"type": "LineString", "coordinates": [[77.423999, 23.1138225], [77.4239213, 23.1130337], [77.4236453, 23.1128706], [77.4233693, 23.1130247], [77.4230244, 23.1130972], [77.4226794, 23.1129159], [77.4226006, 23.1127708], [77.4227188, 23.1124536], [77.4229751, 23.1122451], [77.4233595, 23.1122179], [77.4236946, 23.1122451], [77.4240001, 23.1121454], [77.4244239, 23.1119369], [77.4251631, 23.1114927], [77.4256855, 23.1115199], [77.425853, 23.111674], [77.4260403, 23.1119369], [77.4265725, 23.1122813], [77.4269766, 23.1122541], [77.4270752, 23.1120638], [77.4272822, 23.1111935], [77.4270949, 23.1107131], [77.4270161, 23.110423], [77.4268978, 23.1100876], [77.4270062, 23.1097794], [77.4271245, 23.1095346], [77.4276764, 23.1090814], [77.4282875, 23.1085193], [77.4292041, 23.107504], [77.429756, 23.1072049], [77.4299729, 23.1072502], [77.4302291, 23.1074134], [77.4308993, 23.1079845], [77.431264, 23.1079029], [77.4313034, 23.1077307], [77.431333, 23.1072955], [77.4309782, 23.1068785], [77.4305938, 23.106661], [77.4304952, 23.1063346], [77.4306036, 23.1060264], [77.4307909, 23.1058632], [77.4313034, 23.1059448], [77.4326012, 23.1060399], [77.4331169, 23.1056809], [77.4337162, 23.1052065], [77.4344968, 23.1049245], [77.435361, 23.1049117], [77.4368524, 23.1055911], [77.4376748, 23.1061296], [77.4381766, 23.1062193], [77.4387759, 23.1060527], [77.4391104, 23.1056937], [77.4391941, 23.1052322], [77.4389989, 23.1048091], [77.4384135, 23.1042193], [77.4378002, 23.1038988], [77.4375633, 23.1034373], [77.4379954, 23.1024116], [77.4385668, 23.1020142], [77.4386923, 23.1019373], [77.4389292, 23.100809], [77.4401419, 23.0991808], [77.4410758, 23.0978987], [77.4412137, 23.0975443], [77.4414897, 23.0971726], [77.4418445, 23.0970412], [77.4427562, 23.0968081], [77.4433081, 23.0969169], [77.4437812, 23.0968172], [77.4443233, 23.0966359], [77.4445697, 23.0966268], [77.4452695, 23.0971435], [77.4456637, 23.0970801], [77.4461073, 23.0966721], [77.4468859, 23.0964636], [77.4489762, 23.0963382], [77.449607, 23.0960844], [77.4497745, 23.0957127], [77.4498829, 23.0948786], [77.4497844, 23.0944706], [77.4490846, 23.0943709], [77.4485228, 23.094253], [77.447961, 23.093836], [77.4479216, 23.0930926], [77.4482665, 23.0928206], [77.4486411, 23.0926302], [77.4493211, 23.0928206], [77.4499913, 23.0926846], [77.4502377, 23.0925486], [77.4501195, 23.0920862], [77.4496365, 23.0918595], [77.4491733, 23.0916873], [77.4485425, 23.0914334], [77.4476653, 23.0908169], [77.4470838, 23.0901913], [77.4470444, 23.0899012], [77.4476456, 23.0894207], [77.4480694, 23.0893119], [77.4483651, 23.0889311], [77.4483158, 23.088505], [77.4482665, 23.0880788], [77.4485622, 23.0876708], [77.4492324, 23.0874351], [77.4496759, 23.0874532], [77.4500899, 23.0878159], [77.4503954, 23.0879066], [77.4508094, 23.0878431], [77.4514599, 23.0876255], [77.4519133, 23.0872991], [77.4525046, 23.0867279], [77.4534607, 23.0862836], [77.4564535, 23.085601], [77.4569692, 23.0855368], [77.4574153, 23.0855112], [77.4583352, 23.0858446], [77.4591158, 23.086319], [77.4593667, 23.087037], [77.4593667, 23.0873704], [77.4596176, 23.0877807], [77.4600636, 23.08805], [77.4605933, 23.0880115], [77.4607466, 23.0879089], [77.4608023, 23.0876653], [77.4605514, 23.0872678], [77.4603284, 23.0869345], [77.4603563, 23.086178], [77.4606908, 23.0853189], [77.4610811, 23.0847034], [77.4614156, 23.0843828], [77.4617501, 23.084152], [77.4623216, 23.084152], [77.4630604, 23.0844341], [77.4635064, 23.0847803], [77.4640779, 23.0856522], [77.4639524, 23.0865883], [77.4637262, 23.0873068], [77.4634453, 23.0876786], [77.463465, 23.0879324], [77.4637508, 23.0882044], [77.4642619, 23.0887976], [77.4649321, 23.0892872], [77.4646857, 23.0898675], [77.4643013, 23.090212], [77.4634537, 23.0905565], [77.4628032, 23.0907197], [77.4621429, 23.0909373], [77.4618768, 23.0912455], [77.4621823, 23.0914813], [77.4629412, 23.0914631], [77.4635128, 23.0913906], [77.4638775, 23.0915447], [77.4645379, 23.0921068], [77.4649814, 23.0924695], [77.4651884, 23.0934396], [77.4655235, 23.0937206], [77.4662134, 23.0937206], [77.4671201, 23.0940289], [77.4673863, 23.0943734], [77.467475, 23.0949536], [77.4679875, 23.095552], [77.4702741, 23.0983081], [77.4713188, 23.0988339], [77.4719693, 23.0986163], [77.4726001, 23.0989245], [77.4728366, 23.0991784], [77.4735068, 23.0990515], [77.4739996, 23.0984894], [77.4742165, 23.0971295], [77.4742756, 23.0965855], [77.4734156, 23.0957954], [77.4734574, 23.0953082], [77.4736526, 23.0940388], [77.4740986, 23.0934747], [77.4748652, 23.093308], [77.4755482, 23.0934234], [77.4768166, 23.0935516], [77.4783917, 23.0940901], [77.4794371, 23.0942055], [77.4802176, 23.0940388], [77.4807055, 23.0936798], [77.4810539, 23.0934106], [77.4821132, 23.0928593], [77.4829635, 23.0926669], [77.4835629, 23.092731], [77.4841761, 23.0930131], [77.4844131, 23.0933208], [77.4844131, 23.0936029], [77.4837998, 23.0939747], [77.4835768, 23.0941286], [77.4823641, 23.095321], [77.4817508, 23.0960133], [77.4816951, 23.0963339], [77.4819046, 23.0965234]]}, "properties": {"kind": "line", "name": "", "osm_id": 408282027, "tag": "stream"}}, {"type": "Feature", "geometry": {"type": "Polygon", "coordinates": [[[77.4540543, 23.2871353], [77.4573073, 23.2868753], [77.4572064, 23.2858103], [77.4539534, 23.2860704], [77.4540543, 23.2871353]]]}, "properties": {"kind": "waterbody", "name": "", "osm_id": 413516455, "tag": "water"}}, {"type": "Feature", "geometry": {"type": "Polygon", "coordinates": [[[77.4539351, 23.2859988], [77.457173, 23.2857033], [77.457063, 23.2846865], [77.4538251, 23.284982], [77.4539351, 23.2859988]]]}, "properties": {"kind": "waterbody", "name": "", "osm_id": 413516458, "tag": "water"}}, {"type": "Feature", "geometry": {"type": "Polygon", "coordinates": [[[77.4541668, 23.2882583], [77.4573488, 23.2880124], [77.4572524, 23.2869597], [77.4540703, 23.2872056], [77.4541668, 23.2882583]]]}, "properties": {"kind": "waterbody", "name": "", "osm_id": 413516460, "tag": "water"}}, {"type": "Feature", "geometry": {"type": "Polygon", "coordinates": [[[77.4575438, 23.2874613], [77.458055, 23.28743], [77.4579699, 23.2862583], [77.4574588, 23.2862896], [77.4575438, 23.2874613]]]}, "properties": {"kind": "waterbody", "name": "", "osm_id": 413516468, "tag": "water"}}, {"type": "Feature", "geometry": {"type": "Polygon", "coordinates": [[[77.4574266, 23.2862691], [77.4579929, 23.2862304], [77.4578983, 23.2850634], [77.457332, 23.2851021], [77.4574266, 23.2862691]]]}, "properties": {"kind": "waterbody", "name": "", "osm_id": 413516469, "tag": "water"}}, {"type": "Feature", "geometry": {"type": "Polygon", "coordinates": [[[77.3717881, 23.3057169], [77.3714882, 23.3054569], [77.3712187, 23.305296], [77.3708919, 23.3049958], [77.3708211, 23.304934], [77.3706897, 23.3046709], [77.3707032, 23.3045162], [77.3707369, 23.3044512], [77.3707773, 23.3044265], [77.3710974, 23.3046431], [77.3712423, 23.3046864], [77.3713737, 23.3046214], [77.3716567, 23.3042501], [77.3717847, 23.3040056], [77.3719532, 23.3037673], [77.3721924, 23.3038942], [77.3721891, 23.304544], [77.3722362, 23.3054662], [77.372216, 23.3056209], [77.3718892, 23.3057169], [77.3717881, 23.3057169]]]}, "properties": {"kind": "waterbody", "name": "", "osm_id": 414366821, "tag": "pond"}}, {"type": "Feature", "geometry": {"type": "Polygon", "coordinates": [[[77.3698302, 23.3068223], [77.3686137, 23.3037122], [77.3679147, 23.3039428], [77.3680072, 23.3041792], [77.3678889, 23.3046896], [77.368841, 23.3071486], [77.3698302, 23.3068223]]]}, "properties": {"kind": "waterbody", "name": "", "osm_id": 414366822, "tag": "pond"}}, {"type": "Feature", "geometry": {"type": "Polygon", "coordinates": [[[77.3711355, 23.3063605], [77.3700438, 23.3067296], [77.3703431, 23.3074761], [77.3707406, 23.3073417], [77.3711132, 23.3082713], [77.3718074, 23.3080366], [77.3711355, 23.3063605]]]}, "properties": {"kind": "waterbody", "name": "", "osm_id": 414366823, "tag": "pond"}}, {"type": "Feature", "geometry": {"type": "LineString", "coordinates": [[77.4496371, 23.2316415], [77.4496089, 23.2315232], [77.4494118, 23.2312508], [77.4493662, 23.2311707], [77.4493354, 23.2310956], [77.4493032, 23.2309772], [77.4492683, 23.230923], [77.4491825, 23.2309058], [77.4490832, 23.2308688], [77.4490054, 23.2308392], [77.4489464, 23.2307431], [77.4489706, 23.2305977], [77.448984, 23.2303684], [77.4489733, 23.2303192], [77.4490323, 23.2302699], [77.4490966, 23.2302649], [77.4491396, 23.2302748], [77.4491784, 23.2302058], [77.4491758, 23.2301651], [77.4491369, 23.2301355], [77.4490966, 23.2301195], [77.4490819, 23.2300936], [77.4490001, 23.229926], [77.4488982, 23.2297387], [77.4488405, 23.2296795], [77.4487828, 23.2296315], [77.4487412, 23.2295871], [77.4487211, 23.2295489], [77.4487842, 23.229523], [77.4488499, 23.2295107], [77.4489183, 23.2294627], [77.4489518, 23.2293641], [77.4489169, 23.2292421], [77.4488727, 23.2291188], [77.4489012, 23.2288648]]}, "properties": {"kind": "line", "name": "", "osm_id": 421480509, "tag": "stream"}}, {"type": "Feature", "geometry": {"type": "Polygon", "coordinates": [[[77.4133925, 23.2785401], [77.4128817, 23.2786344], [77.4127709, 23.2781279], [77.4132817, 23.2780336], [77.4133925, 23.2785401]]]}, "properties": {"kind": "waterbody", "name": "Disposal pit", "osm_id": 424206983, "tag": "pond"}}, {"type": "Feature", "geometry": {"type": "Polygon", "coordinates": [[[77.4489368, 23.2034423], [77.4490065, 23.2034965], [77.4490601, 23.2035902], [77.4490897, 23.203605], [77.4490736, 23.2036469], [77.449095, 23.2036814], [77.449087, 23.2037061], [77.4490441, 23.2037233], [77.4489985, 23.2036913], [77.4489475, 23.2037036], [77.4489341, 23.2037258], [77.4489663, 23.2037924], [77.4490119, 23.2038466], [77.4490655, 23.2038638], [77.4491299, 23.2038589], [77.4491835, 23.2038836], [77.4492264, 23.2039378], [77.4492667, 23.2039551], [77.4493552, 23.2039699], [77.4493901, 23.203997], [77.4494732, 23.2039871], [77.4494866, 23.2039403], [77.4495778, 23.2039181], [77.449669, 23.203886], [77.4497387, 23.2038712], [77.4497763, 23.2037578], [77.4498165, 23.2037085], [77.4498434, 23.2036321], [77.4498407, 23.2035508], [77.4498648, 23.2034891], [77.4498594, 23.2034102], [77.4498004, 23.2033215], [77.4497495, 23.20325], [77.4497119, 23.2032106], [77.4497039, 23.203176], [77.4496878, 23.2031144], [77.4496288, 23.2030405], [77.4495322, 23.2029911], [77.4494571, 23.2029468], [77.4493713, 23.2029295], [77.449213, 23.202932], [77.4491406, 23.2029838], [77.4491031, 23.2030405], [77.449087, 23.2031193], [77.4490467, 23.203176], [77.449028, 23.2032327], [77.4490092, 23.2032894], [77.4489448, 23.2033314], [77.4489368, 23.2034423]]]}, "properties": {"kind": "waterbody", "name": "", "osm_id": 430081876, "tag": "lake"}}, {"type": "Feature", "geometry": {"type": "LineString", "coordinates": [[77.4696836, 23.2732497], [77.4698365, 23.2733778], [77.4700215, 23.2733753], [77.4701369, 23.2733285], [77.4702147, 23.2733261], [77.4702844, 23.273331], [77.4707779, 23.2736685], [77.47125, 23.274181], [77.4713841, 23.2742155], [77.4715021, 23.2741884], [77.4716282, 23.2741835], [77.4717167, 23.2742377], [77.4721941, 23.2747896], [77.4728271, 23.2754648], [77.472921, 23.2754894], [77.4730712, 23.2754697], [77.4737579, 23.2753761], [77.4742407, 23.2753711], [77.4744874, 23.2753465], [77.4746054, 23.2752997], [77.4748924, 23.2752258], [77.4749698, 23.2752124], [77.4753511, 23.2751469], [77.4757266, 23.2750385], [77.4760324, 23.2750828]]}, "properties": {"kind": "line", "name": "", "osm_id": 449632135, "tag": "stream"}}, {"type": "Feature", "geometry": {"type": "LineString", "coordinates": [[77.4674413, 23.2851156], [77.4677229, 23.284778], [77.4678168, 23.2846943], [77.4678248, 23.2845982], [77.4675405, 23.2841251], [77.4676424, 23.2840562], [77.468026, 23.283928], [77.4685061, 23.2836028], [77.469005, 23.2832875], [77.4692437, 23.2831889], [77.4699625, 23.2829425], [77.4699733, 23.2828785], [77.4699867, 23.2825902], [77.469984, 23.2824202], [77.4699062, 23.2822896], [77.4697748, 23.2821689], [77.4697641, 23.2820975], [77.4698392, 23.2819743], [77.4699491, 23.2819176], [77.4700966, 23.2818954], [77.4702281, 23.2818979], [77.4703112, 23.2818634], [77.4703863, 23.2817575], [77.4704105, 23.2816515], [77.4703595, 23.2815135], [77.4703434, 23.2814298], [77.4704507, 23.2812327], [77.4705553, 23.2811661], [77.470617, 23.2811316], [77.4705634, 23.2809789], [77.4705231, 23.2808385], [77.4705017, 23.2807424], [77.4705473, 23.2805551], [77.4706411, 23.2804664], [77.4707296, 23.2804713], [77.4708074, 23.2804984], [77.4708584, 23.2805527], [77.4709415, 23.2807227], [77.4709764, 23.2807818], [77.4710354, 23.280836], [77.4711293, 23.2808409], [77.4711642, 23.2807892], [77.4711937, 23.2807029], [77.4712285, 23.2806192], [77.4713439, 23.2804837], [77.4715585, 23.2804048], [77.4720171, 23.280326], [77.4727681, 23.2801141], [77.4730149, 23.2798406], [77.4731222, 23.2796509], [77.4732134, 23.2791729], [77.4731946, 23.2789832], [77.4730632, 23.2788255], [77.4731731, 23.2786875], [77.473731, 23.278111], [77.4738169, 23.2779952], [77.4738249, 23.2778498], [77.4738035, 23.2775886], [77.4739054, 23.2774901], [77.4740019, 23.2774778], [77.4741361, 23.2775147], [77.4742702, 23.2775147], [77.4743077, 23.2774359], [77.4743533, 23.2772979], [77.4744257, 23.2772782], [77.4745572, 23.2772856], [77.4746966, 23.2772215], [77.4747771, 23.277118], [77.4746376, 23.2764281], [77.4747208, 23.2763887], [77.4748415, 23.2763616], [77.4752733, 23.2761423], [77.4753404, 23.2760659], [77.4753967, 23.2758664], [77.4752814, 23.2757382], [77.4751204, 23.2756495], [77.4749568, 23.2755781], [77.4749246, 23.2753834], [77.4749698, 23.2752124]]}, "properties": {"kind": "line", "name": "", "osm_id": 449632136, "tag": "stream"}}, {"type": "Feature", "geometry": {"type": "Polygon", "coordinates": [[[77.5095427, 23.2187979], [77.509481, 23.2187215], [77.5094917, 23.2185267], [77.5096339, 23.2175555], [77.5096895, 23.217537], [77.5097405, 23.2175518], [77.5097767, 23.2175753], [77.5097807, 23.2176344], [77.5097646, 23.2177749], [77.5097231, 23.2178858], [77.5097056, 23.2180399], [77.5097137, 23.2181681], [77.5096708, 23.2182618], [77.5096869, 23.2183234], [77.5096815, 23.2184047], [77.5096654, 23.2184491], [77.5096815, 23.2187794], [77.50966, 23.2188262], [77.5096117, 23.2188312], [77.5095427, 23.2187979]]]}, "properties": {"kind": "waterbody", "name": "", "osm_id": 454836439, "tag": "water"}}, {"type": "Feature", "geometry": {"type": "Polygon", "coordinates": [[[77.5086643, 23.2200821], [77.5086307, 23.2200156], [77.5086374, 23.2199416], [77.5086602, 23.2198997], [77.5086964, 23.2198825], [77.5087447, 23.2199083], [77.5087689, 23.2199281], [77.5088185, 23.2199527], [77.5088855, 23.2199626], [77.5089432, 23.2199983], [77.5089942, 23.2200032], [77.5089727, 23.2199441], [77.5090036, 23.2198886], [77.5090197, 23.2198529], [77.5089271, 23.2197605], [77.5089244, 23.2196914], [77.5090036, 23.2197025], [77.509072, 23.2197629], [77.5091859, 23.2198134], [77.5092436, 23.2198517], [77.5092248, 23.2198911], [77.5091484, 23.2199305], [77.5091229, 23.2199934], [77.5091055, 23.2200673], [77.5089204, 23.2201043], [77.5087648, 23.2200957], [77.5086643, 23.2200821]]]}, "properties": {"kind": "waterbody", "name": "", "osm_id": 454836440, "tag": "water"}}, {"type": "Feature", "geometry": {"type": "Polygon", "coordinates": [[[77.4089479, 23.2382511], [77.4089438, 23.2382147], [77.4095706, 23.2381876], [77.409574, 23.2382271], [77.4089479, 23.2382511]]]}, "properties": {"kind": "waterbody", "name": "", "osm_id": 468731589, "tag": "pond"}}, {"type": "Feature", "geometry": {"type": "LineString", "coordinates": [[77.3237709, 23.1298083], [77.3235831, 23.1298231], [77.32339, 23.1302079], [77.3232076, 23.130346], [77.3231111, 23.1305137], [77.3231433, 23.1306716], [77.3232988, 23.1307703], [77.3235831, 23.1308837], [77.3239694, 23.1309775], [77.3241249, 23.1309281], [77.3243556, 23.1308541], [77.3248438, 23.1310416], [77.3259462, 23.1311008], [77.3261339, 23.1311304], [77.3262627, 23.1311699], [77.3262814, 23.1313129], [77.3262385, 23.1314066], [77.3262734, 23.1315818], [77.3263351, 23.1317914], [77.3262868, 23.1320554], [77.3261473, 23.1325684], [77.3260454, 23.1329137], [77.3260508, 23.1332886], [77.3262251, 23.1336537], [77.3263002, 23.1337943], [77.3264933, 23.1339817], [77.3266918, 23.1340483], [77.326901, 23.1341273], [77.3270888, 23.1342259], [77.3272014, 23.1344676], [77.3271049, 23.1345416], [77.3270459, 23.1346847], [77.327121, 23.1347932], [77.3272873, 23.1349165], [77.3274804, 23.1350399], [77.3276145, 23.1351533], [77.3277111, 23.1352914], [77.3278398, 23.1354937], [77.3280544, 23.1357921], [77.3282368, 23.1361153], [77.3282475, 23.1363052], [77.3281563, 23.1365247], [77.3280517, 23.1366801], [77.3279739, 23.1368848], [77.3279498, 23.137161], [77.3279444, 23.1375063], [77.3279873, 23.1378221], [77.3282341, 23.1380958], [77.3283709, 23.1383326], [77.3284192, 23.1384584], [77.3283387, 23.1386533], [77.3282368, 23.1390084], [77.3282341, 23.139223], [77.3283092, 23.1394746], [77.3284728, 23.1396596], [77.3285908, 23.139662], [77.3287196, 23.139556], [77.3289288, 23.1392945], [77.329079, 23.13926], [77.3292185, 23.1393513], [77.3297764, 23.1399309], [77.3301116, 23.1404562], [77.3303477, 23.1409347], [77.3303343, 23.1410284], [77.3302136, 23.1414378], [77.3301787, 23.1417905], [77.3302484, 23.1420865], [77.3302967, 23.1421457], [77.3303986, 23.1422369], [77.3306508, 23.1423751], [77.3310021, 23.1424145], [77.3312703, 23.1424663], [77.3316298, 23.1426168], [77.3318122, 23.1427401], [77.3320401, 23.143004], [77.3323566, 23.1433468], [77.3329977, 23.1438795], [77.3335234, 23.1441656], [77.3347143, 23.1444468], [77.3349396, 23.1445405], [77.3350415, 23.1446293], [77.3351166, 23.1448069], [77.3350898, 23.144945], [77.3350147, 23.1451867], [77.3350684, 23.1453248], [77.3352025, 23.1455073], [77.335645, 23.1456405], [77.3362512, 23.1456578], [77.3366857, 23.1456972], [77.3369674, 23.1457466], [77.33708, 23.1458378], [77.3372812, 23.1459735], [77.3375896, 23.1460746], [77.3378149, 23.1461905], [77.3386598, 23.1464864], [77.3389146, 23.1465777], [77.339089, 23.1467479], [77.3395932, 23.1470438], [77.3401592, 23.1473324], [77.3406742, 23.1474088], [77.3411757, 23.1473324], [77.3415003, 23.1472017], [77.3418275, 23.1470093], [77.3421628, 23.1467923], [77.3424686, 23.1467627], [77.3428468, 23.1466985], [77.3433778, 23.1464815], [77.3461137, 23.1474976], [77.3489354, 23.1499343], [77.3505018, 23.1503881], [77.3533557, 23.1522131], [77.3563919, 23.1529332], [77.3583016, 23.1558432], [77.3575721, 23.1597101], [77.3638002, 23.1672659]]}, "properties": {"kind": "line", "name": "", "osm_id": 492754158, "tag": "stream"}}, {"type": "Feature", "geometry": {"type": "Polygon", "coordinates": [[[77.2713099, 23.2987787], [77.2712918, 23.298735], [77.2713166, 23.2987227], [77.2713743, 23.2987719], [77.2714132, 23.298767], [77.2714239, 23.2987485], [77.271438, 23.298698], [77.2714313, 23.2986568], [77.2714152, 23.2985595], [77.2714333, 23.2984837], [77.271499, 23.2984535], [77.2715205, 23.2984363], [77.2715513, 23.2984209], [77.2716653, 23.2984936], [77.2717283, 23.2985305], [77.2720381, 23.2988458], [77.2721454, 23.2989739], [77.2721883, 23.2990478], [77.2720837, 23.2992991], [77.272014, 23.2993853], [77.2719335, 23.2995233], [77.2719442, 23.2995676], [77.272014, 23.2995923], [77.2720649, 23.2996982], [77.2720515, 23.2997524], [77.2720435, 23.299777], [77.2719577, 23.299984], [77.2718933, 23.3000505], [77.2718477, 23.3000825], [77.2717833, 23.3001022], [77.271727, 23.3001096], [77.2715473, 23.3001121], [77.2713998, 23.3000997], [77.2712817, 23.3001244], [77.2712093, 23.3001564], [77.271161, 23.3001687], [77.2710645, 23.3000061], [77.2712495, 23.299883], [77.2712683, 23.2998115], [77.2713622, 23.2997524], [77.2714105, 23.2997031], [77.2714856, 23.2994962], [77.2715661, 23.2994174], [77.2716036, 23.2993656], [77.2716277, 23.2992646], [77.2715365, 23.299203], [77.2714749, 23.299171], [77.2714132, 23.2990996], [77.2713971, 23.2990405], [77.2714078, 23.2989493], [77.2713957, 23.2988508], [77.2713649, 23.2988114], [77.2713099, 23.2987787]]]}, "properties": {"kind": "waterbody", "name": "", "osm_id": 492755087, "tag": "water"}}, {"type": "Feature", "geometry": {"type": "Polygon", "coordinates": [[[77.345915, 23.1725511], [77.3459071, 23.1725894], [77.345915, 23.1726531], [77.3459467, 23.1726859], [77.3459983, 23.1726987], [77.3460379, 23.1726987], [77.3460657, 23.1726987], [77.3461053, 23.1726896], [77.3461212, 23.1726568], [77.3461291, 23.1726203], [77.3461549, 23.1725766], [77.3461846, 23.1725547], [77.3462262, 23.1725529], [77.3462837, 23.1725602], [77.3463194, 23.1725875], [77.3463451, 23.1726531], [77.3463669, 23.172726], [77.3463967, 23.1727497], [77.3464284, 23.1727406], [77.3464561, 23.1727187], [77.3464561, 23.1726914], [77.3464323, 23.1726714], [77.3463986, 23.172675], [77.3463986, 23.1726459], [77.3464086, 23.1726185], [77.3464304, 23.1725821], [77.3464601, 23.1725766], [77.3464858, 23.1725511], [77.3464858, 23.1725074], [77.346468, 23.1724709], [77.3464165, 23.172429], [77.3463669, 23.1723926], [77.3462956, 23.1723725], [77.346254, 23.1723798], [77.3462222, 23.1724017], [77.3461905, 23.1724345], [77.3461469, 23.172429], [77.3461033, 23.1723999], [77.3461033, 23.1723707], [77.3461212, 23.1723488], [77.3461271, 23.1723069], [77.3461271, 23.1722741], [77.3460974, 23.1722486], [77.3460498, 23.1722049], [77.3459884, 23.1721593], [77.3459646, 23.1721247], [77.3459487, 23.1721083], [77.345923, 23.1720719], [77.3459467, 23.17203], [77.3459943, 23.1719972], [77.3460359, 23.171968], [77.3460518, 23.1719334], [77.3460498, 23.1718897], [77.3460339, 23.171866], [77.3459943, 23.1718623], [77.3459467, 23.1718696], [77.345917, 23.1718915], [77.3459012, 23.1719243], [77.3458972, 23.1719626], [77.3458873, 23.1720263], [77.3458774, 23.1720701], [77.3458397, 23.1720865], [77.345808, 23.1720773], [77.3457703, 23.1720719], [77.3457505, 23.1720956], [77.3457545, 23.1721375], [77.3457684, 23.1721685], [77.3457862, 23.1722268], [77.3457842, 23.1722705], [77.3458159, 23.1723124], [77.3458714, 23.172347], [77.3459091, 23.1723561], [77.3459586, 23.1723689], [77.3460042, 23.1723999], [77.3460102, 23.1724363], [77.3459943, 23.1724728], [77.3459626, 23.1724837], [77.3459249, 23.1725074], [77.345915, 23.1725511]]]}, "properties": {"kind": "waterbody", "name": "", "osm_id": 497612737, "tag": "pond"}}, {"type": "Feature", "geometry": {"type": "LineString", "coordinates": [[77.5119101, 23.2409988], [77.5120389, 23.2411048], [77.512122, 23.2413882], [77.5122708, 23.2414537]]}, "properties": {"kind": "line", "name": "", "osm_id": 498546193, "tag": "stream"}}, {"type": "Feature", "geometry": {"type": "LineString", "coordinates": [[77.5113696, 23.2411541], [77.5119101, 23.2409988]]}, "properties": {"kind": "line", "name": "", "osm_id": 498546194, "tag": "stream"}}, {"type": "Feature", "geometry": {"type": "Polygon", "coordinates": [[[77.3926413, 23.3165627], [77.3926413, 23.3167006], [77.392534, 23.3167991], [77.3924267, 23.3169765], [77.3924482, 23.3170356], [77.3924053, 23.3170553], [77.3927164, 23.3172228], [77.3927164, 23.3172622], [77.3926306, 23.3172228], [77.3925984, 23.3172523], [77.3927379, 23.3173016], [77.3927486, 23.3173509], [77.3923194, 23.3180011], [77.392298, 23.3181194], [77.3923302, 23.3181489], [77.3925662, 23.3181489], [77.3926306, 23.3180701], [77.392695, 23.3181292], [77.3928237, 23.3180898], [77.3935854, 23.3172129], [77.3935854, 23.3171144], [77.3931885, 23.3161784], [77.3928881, 23.3162966], [77.3926413, 23.3165627]]]}, "properties": {"kind": "waterbody", "name": "", "osm_id": 566296075, "tag": "pond"}}, {"type": "Feature", "geometry": {"type": "Polygon", "coordinates": [[[77.3994917, 23.3151537], [77.3993951, 23.3150256], [77.3993307, 23.3147793], [77.3994005, 23.3146857], [77.3998833, 23.3144788], [77.3999423, 23.3143951], [77.3997545, 23.314331], [77.3992395, 23.3143212], [77.3991537, 23.3142719], [77.3985958, 23.3142226], [77.3982954, 23.3141241], [77.3982149, 23.3141487], [77.3986226, 23.3150453], [77.3986763, 23.3153311], [77.3988909, 23.315735], [77.3988909, 23.3160503], [77.3989445, 23.3162375], [77.3993093, 23.3165528], [77.3996204, 23.3171243], [77.4000013, 23.3174642], [77.400291, 23.317612], [77.4005109, 23.3178829], [77.4006665, 23.3179666], [77.4009722, 23.3178336], [77.4010259, 23.3175479], [77.4011332, 23.317341], [77.4011546, 23.3171144], [77.4010205, 23.316942], [77.4006987, 23.3169518], [77.400291, 23.3168435], [77.4001461, 23.3167597], [77.4000174, 23.3165528], [77.3999208, 23.3162769], [77.3998564, 23.3162277], [77.3998457, 23.3160799], [77.3994917, 23.3151537]]]}, "properties": {"kind": "waterbody", "name": "", "osm_id": 566296076, "tag": "pond"}}, {"type": "Feature", "geometry": {"type": "Polygon", "coordinates": [[[77.2639275, 23.4013667], [77.2637987, 23.4013667], [77.2636271, 23.4014849], [77.2632408, 23.4014849], [77.2631764, 23.4014258], [77.2631764, 23.4013077], [77.2633266, 23.4012092], [77.2640133, 23.4012092], [77.2640991, 23.4011698], [77.2642064, 23.4010713], [77.2641635, 23.401032], [77.2641635, 23.4009532], [77.2642708, 23.4008547], [77.2643995, 23.4008547], [77.2644639, 23.4007563], [77.2643137, 23.400579], [77.2642064, 23.4006381], [77.2640133, 23.4009729], [77.2639275, 23.4009335], [77.2638845, 23.4009729], [77.2637558, 23.4009729], [77.2635412, 23.4008941], [77.2634125, 23.400776], [77.2632408, 23.400776], [77.2628117, 23.4009335], [77.2626185, 23.4011107], [77.2626185, 23.4011895], [77.2625542, 23.401288], [77.2623396, 23.4012486], [77.2622967, 23.401288], [77.2622108, 23.401288], [77.2621465, 23.4012289], [77.2621894, 23.401032], [77.262125, 23.4010123], [77.2618246, 23.4012486], [77.2616959, 23.4012486], [77.2615242, 23.4011304], [77.2611809, 23.4011698], [77.2611594, 23.4013077], [77.2610307, 23.4014652], [77.2610736, 23.4016621], [77.2611594, 23.4017803], [77.2612023, 23.4022135], [77.2613096, 23.402312], [77.2613955, 23.402312], [77.2615242, 23.4022332], [77.2617388, 23.4022332], [77.2619534, 23.402312], [77.2620392, 23.4023907], [77.2621679, 23.4023907], [77.2622108, 23.4024301], [77.2625542, 23.4023907], [77.2626185, 23.4023317], [77.2626615, 23.4021741], [77.2628117, 23.4020757], [77.2631979, 23.4020363], [77.2632408, 23.4020757], [77.2633696, 23.4020757], [77.2638416, 23.4019181], [77.2640562, 23.4019181], [77.2642279, 23.4018394], [77.2642922, 23.401859], [77.2642922, 23.4020954], [77.2643566, 23.4021544], [77.2643995, 23.4021151], [77.2645926, 23.4022529], [77.2646141, 23.402312], [77.2646785, 23.4022529], [77.2646785, 23.4020166], [77.2647214, 23.4019772], [77.2647214, 23.4018984], [77.264657, 23.4018], [77.2646141, 23.4018], [77.2643995, 23.401603], [77.2639275, 23.4013667]]]}, "properties": {"kind": "waterbody", "name": "", "osm_id": 566296112, "tag": "water"}}, {"type": "Feature", "geometry": {"type": "Polygon", "coordinates": [[[77.4072537, 23.2822884], [77.4073761, 23.2823587], [77.4073975, 23.2824486], [77.4073975, 23.2825582], [77.4073119, 23.2826088], [77.4072843, 23.2826734], [77.407269, 23.2827521], [77.4071772, 23.2826987], [77.4070977, 23.2826116], [77.4070151, 23.2825357], [77.4069783, 23.2824458], [77.4069783, 23.282384], [77.4070671, 23.2823165], [77.4072537, 23.2822884]]]}, "properties": {"kind": "waterbody", "name": "", "osm_id": 595589532, "tag": "pond"}}, {"type": "Feature", "geometry": {"type": "Polygon", "coordinates": [[[77.4073723, 23.2813], [77.4073907, 23.2810393], [77.4074318, 23.2810419], [77.4074134, 23.2813025], [77.4073723, 23.2813]]]}, "properties": {"kind": "waterbody", "name": "", "osm_id": 595589539, "tag": "pond"}}, {"type": "Feature", "geometry": {"type": "Polygon", "coordinates": [[[77.4080269, 23.2814439], [77.4080253, 23.2813727], [77.4081039, 23.2813712], [77.4081055, 23.2814424], [77.4080269, 23.2814439]]]}, "properties": {"kind": "waterbody", "name": "", "osm_id": 595598852, "tag": "pond"}}, {"type": "Feature", "geometry": {"type": "LineString", "coordinates": [[77.2738141, 23.1039854], [77.273975, 23.103862], [77.2741252, 23.1036696], [77.2742647, 23.103487], [77.2744739, 23.1031811], [77.274667, 23.1030331], [77.2748601, 23.1028949], [77.2749245, 23.1027567], [77.274844, 23.1026087], [77.2746831, 23.1024755], [77.2744524, 23.1022485], [77.2744524, 23.1019722], [77.2742379, 23.101459], [77.274195, 23.1010988], [77.2742486, 23.1008571], [77.2743559, 23.1005857], [77.2744632, 23.1003094], [77.2745758, 23.1000824], [77.274608, 23.0998998], [77.2745061, 23.0996778], [77.2743076, 23.0995001], [77.2739482, 23.0993866], [77.2739106, 23.0992189], [77.2740984, 23.0990659], [77.2741842, 23.0989475], [77.2742325, 23.0986416], [77.2742379, 23.0983751], [77.274254, 23.0980938], [77.2741467, 23.0977583], [77.2739911, 23.0975066], [77.2738355, 23.0972353], [77.2736639, 23.0970774], [77.2734922, 23.0970971], [77.2733313, 23.0972797], [77.2732454, 23.0974524], [77.2729343, 23.0973339], [77.2727787, 23.0966777], [77.27265, 23.0964309], [77.2725749, 23.0962138], [77.2725964, 23.0959819], [77.2726768, 23.0957993], [77.2728109, 23.0955723], [77.2730255, 23.0954539], [77.2734064, 23.0952713], [77.2738033, 23.0949999], [77.2737765, 23.0948618], [77.2733259, 23.0941808], [77.2732562, 23.0941019], [77.2731703, 23.0939785], [77.2732454, 23.0937811], [77.2735566, 23.0937959], [77.273739, 23.0938996], [77.2737712, 23.0940081], [77.2739053, 23.0941117], [77.2740555, 23.0940575], [77.2741574, 23.0939341], [77.2743076, 23.0937614], [77.2744095, 23.0936676], [77.274608, 23.0935541], [77.274828, 23.0935147], [77.2749674, 23.0935591], [77.2752786, 23.0935295], [77.2753644, 23.093416], [77.2753805, 23.0931988], [77.2753912, 23.0930261], [77.2756326, 23.092883], [77.2757184, 23.0926708], [77.2756863, 23.0923994], [77.2751713, 23.0920294], [77.2748923, 23.0919356], [77.2746456, 23.0919849], [77.2745168, 23.0918813], [77.2744256, 23.0916346], [77.2742647, 23.0913533], [77.2738945, 23.0909684], [77.2737604, 23.0908648], [77.2735941, 23.0907069], [77.2735512, 23.0905292], [77.273621, 23.0904503], [77.2738302, 23.0903713], [77.2741091, 23.0902628], [77.2741735, 23.0901098], [77.2741842, 23.0899173], [77.2741574, 23.0896755], [77.2741091, 23.0895176], [77.2739696, 23.0894387], [77.2738463, 23.0894781], [77.2736317, 23.0895818], [77.2733366, 23.0895522], [77.2731596, 23.0893992], [77.2731006, 23.0890784], [77.2729504, 23.0888218], [77.2727305, 23.0886195], [77.2726393, 23.087978], [77.2726339, 23.0877806], [77.2725427, 23.0875832], [77.2722959, 23.08745]]}, "properties": {"kind": "line", "name": "", "osm_id": 684461301, "tag": "stream"}}, {"type": "Feature", "geometry": {"type": "LineString", "coordinates": [[77.4749335, 23.1718514], [77.4750311, 23.1718467]]}, "properties": {"kind": "line", "name": "", "osm_id": 705030037, "tag": "stream"}}, {"type": "Feature", "geometry": {"type": "LineString", "coordinates": [[77.4634171, 23.1742612], [77.4635485, 23.1742379], [77.4637656, 23.1741706], [77.4638692, 23.1740244], [77.4639576, 23.1739803], [77.4640333, 23.174036], [77.4641293, 23.1740406], [77.4641899, 23.1740174], [77.4643313, 23.1739269], [77.4643768, 23.1738247], [77.4645485, 23.1736181], [77.4646747, 23.1735461], [77.464849, 23.1736088], [77.465046, 23.1735786], [77.4655738, 23.1734022], [77.465695, 23.1733256], [77.4658288, 23.1732629], [77.4659197, 23.1733116], [77.4661015, 23.1733325], [77.4661748, 23.173379], [77.4663995, 23.1735926], [77.4664349, 23.173711], [77.4663137, 23.1737643], [77.466195, 23.1738433], [77.4662606, 23.1740336], [77.4663642, 23.1740406], [77.4664601, 23.1741776], [77.4665662, 23.1742704], [77.4666925, 23.1743331], [77.4667733, 23.1744747], [77.4668894, 23.1745885], [77.467195, 23.1747139], [77.4673768, 23.1747673], [77.4675536, 23.1747649], [77.467839, 23.1746233], [77.4681016, 23.1744539], [77.4682253, 23.1744051], [77.468339, 23.1743169], [77.4684072, 23.1742565], [77.4685486, 23.1741079], [77.4686496, 23.1740476], [77.4686875, 23.1739454], [77.4689021, 23.1738944], [77.4691092, 23.1738711], [77.469142, 23.173827], [77.4691449, 23.1737787], [77.4690637, 23.173632], [77.4689678, 23.1735322], [77.4689981, 23.1735136], [77.4690435, 23.1735206], [77.4691976, 23.173495], [77.4692582, 23.1734997], [77.4693441, 23.1735368], [77.4693946, 23.1735322], [77.4694173, 23.1734927], [77.4693693, 23.1734208], [77.469392, 23.1732699], [77.4694274, 23.173235], [77.4694754, 23.1732884], [77.4695335, 23.1733024], [77.4695713, 23.1732931], [77.4696976, 23.173047], [77.4698138, 23.1730795], [77.4698592, 23.1729959], [77.4698895, 23.1728148], [77.4699501, 23.1727568], [77.470036, 23.172708], [77.47019, 23.1726941], [77.4702961, 23.1727173], [77.4705789, 23.17278], [77.4708034, 23.1727576], [77.4708859, 23.1726962], [77.4708838, 23.1726134], [77.4707961, 23.1724944], [77.4706597, 23.1724875], [77.4705966, 23.1725107], [77.4705815, 23.1725107], [77.4705486, 23.1724596], [77.4705613, 23.1723575], [77.4707052, 23.1722878], [77.4708163, 23.1721996], [77.4707557, 23.1718676], [77.4708567, 23.1714799], [77.4710007, 23.1715356], [77.471089, 23.1715449], [77.4711522, 23.1715078], [77.4713416, 23.1712478], [77.4715107, 23.1712402], [77.4716547, 23.1712338], [77.4719653, 23.1712826], [77.4722371, 23.171233]]}, "properties": {"kind": "line", "name": "", "osm_id": 705030038, "tag": "stream"}}, {"type": "Feature", "geometry": {"type": "LineString", "coordinates": [[77.4722875, 23.1712174], [77.472334, 23.1712292], [77.4723972, 23.1713197], [77.4724376, 23.1714776], [77.4725184, 23.1715774], [77.4726371, 23.1716703], [77.4729249, 23.171986], [77.4730032, 23.1720255], [77.47318, 23.1721903], [77.4733063, 23.1721834], [77.4736194, 23.1722925], [77.4738846, 23.172311], [77.4740992, 23.1723041], [77.4743442, 23.1722298], [77.4744982, 23.1721555], [77.4745412, 23.1721207], [77.474824, 23.1719141], [77.4749335, 23.1718514]]}, "properties": {"kind": "line", "name": "", "osm_id": 722211576, "tag": "stream"}}, {"type": "Feature", "geometry": {"type": "LineString", "coordinates": [[77.4722371, 23.171233], [77.4722875, 23.1712174]]}, "properties": {"kind": "line", "name": "", "osm_id": 722211577, "tag": "stream"}}, {"type": "Feature", "geometry": {"type": "Polygon", "coordinates": [[[77.4190315, 23.1959017], [77.41915, 23.1958058], [77.4191897, 23.1957499], [77.4191152, 23.195623], [77.419052, 23.1955623], [77.4189629, 23.1954913], [77.4188803, 23.1955132], [77.4187977, 23.1955879], [77.4187559, 23.1956677], [77.4188941, 23.195813], [77.4190315, 23.1959017]]]}, "properties": {"kind": "waterbody", "name": "", "osm_id": 739629136, "tag": "pond"}}, {"type": "Feature", "geometry": {"type": "Polygon", "coordinates": [[[77.3954724, 23.2658329], [77.3959337, 23.2663306], [77.3961644, 23.2662518], [77.3962945, 23.2660509], [77.396442, 23.2657873], [77.3964125, 23.2657183], [77.3965707, 23.2652107], [77.3965761, 23.2651589], [77.3966163, 23.2651232], [77.3965922, 23.2649248], [77.3965225, 23.2647905], [77.3962046, 23.264023], [77.3961885, 23.2639219], [77.3961724, 23.263901], [77.396147, 23.2637667], [77.3960692, 23.263694], [77.3960115, 23.2636829], [77.3959659, 23.2636521], [77.3959109, 23.2636681], [77.395868, 23.2637026], [77.3958077, 23.2638431], [77.3957996, 23.2638936], [77.3958224, 23.2639688], [77.3958519, 23.2640106], [77.3958492, 23.2640353], [77.395817, 23.2641326], [77.3957808, 23.264172], [77.3957299, 23.2641967], [77.3957218, 23.2642213], [77.3956266, 23.2647819], [77.3956534, 23.2648817], [77.3956427, 23.2650111], [77.3956172, 23.2650838], [77.3955193, 23.2656924], [77.3954724, 23.2658329]]]}, "properties": {"kind": "waterbody", "name": "", "osm_id": 831662320, "tag": "pond"}}, {"type": "Feature", "geometry": {"type": "Polygon", "coordinates": [[[77.3939502, 23.2655261], [77.3940361, 23.2655901], [77.3941407, 23.2656246], [77.394323, 23.2657281], [77.3943767, 23.2657158], [77.394433, 23.2657232], [77.3946208, 23.2658242], [77.3947227, 23.2658292], [77.394771, 23.2658489], [77.3948139, 23.2658809], [77.39483, 23.2659302], [77.3948783, 23.2659474], [77.3949614, 23.2660066], [77.3950124, 23.2659992], [77.3950607, 23.2659721], [77.3952752, 23.2659499], [77.3953181, 23.2659203], [77.3954388, 23.2652797], [77.3953342, 23.2652698], [77.3953557, 23.2650653], [77.3954603, 23.2650382], [77.3955059, 23.2646094], [77.3954979, 23.2645601], [77.3954496, 23.264538], [77.3953932, 23.2645454], [77.3953383, 23.2647573], [77.3952578, 23.2647905], [77.3951438, 23.2647881], [77.395062, 23.2647622], [77.3949762, 23.2647499], [77.3949292, 23.2647178], [77.3948957, 23.2646772], [77.3948206, 23.2646452], [77.3947938, 23.2646476], [77.3947187, 23.2646907], [77.3946074, 23.2647142], [77.3944075, 23.2646846], [77.3943633, 23.2647252], [77.3943619, 23.2647745], [77.3941474, 23.2648484], [77.3940548, 23.2649643], [77.3940682, 23.2653166], [77.3940334, 23.2653536], [77.3939435, 23.265361], [77.3939167, 23.2653708], [77.3939033, 23.265393], [77.3939046, 23.2654177], [77.3939341, 23.265462], [77.3939502, 23.2655261]]]}, "properties": {"kind": "waterbody", "name": "", "osm_id": 831662321, "tag": "pond"}}, {"type": "Feature", "geometry": {"type": "Polygon", "coordinates": [[[77.3932287, 23.2658858], [77.3933119, 23.2655803], [77.3933923, 23.2652427], [77.3934245, 23.2649889], [77.3934567, 23.2647992], [77.3934822, 23.2645429], [77.3935077, 23.2644172], [77.3935184, 23.2643433], [77.3935398, 23.2642842], [77.3935372, 23.2641154], [77.3935398, 23.2638061], [77.3934782, 23.2637396], [77.3933816, 23.2637149], [77.3932582, 23.2637692], [77.3932126, 23.2639835], [77.3931187, 23.264103], [77.3929846, 23.2641979], [77.3923087, 23.2642977], [77.392121, 23.2643211], [77.3920861, 23.2645207], [77.3920298, 23.2645183], [77.3920378, 23.2645651], [77.3919547, 23.2646464], [77.391783, 23.264745], [77.3917401, 23.2647745], [77.3914933, 23.2646415], [77.3914102, 23.2645454], [77.3913565, 23.2644616], [77.3913082, 23.2641067], [77.3912063, 23.2639589], [77.3906028, 23.2640402], [77.3905438, 23.2641289], [77.3904419, 23.2640698], [77.3904553, 23.264156], [77.3904178, 23.2641955], [77.3904982, 23.2646341], [77.3906109, 23.264979], [77.3906216, 23.2650283], [77.3906538, 23.2651811], [77.3906806, 23.2652008], [77.3907396, 23.2654324], [77.3908255, 23.2657922], [77.390914, 23.2659758], [77.3909837, 23.2660263], [77.3909649, 23.2660583], [77.3910695, 23.2661051], [77.3911071, 23.2661396], [77.3911527, 23.2661421], [77.3911721, 23.2661476], [77.3913458, 23.266152], [77.3913753, 23.2661249], [77.3914316, 23.2661372], [77.3914263, 23.2661914], [77.3914826, 23.2662382], [77.3917401, 23.2661889], [77.3918313, 23.2662579], [77.3929578, 23.266317], [77.3930544, 23.2663614], [77.3931965, 23.2660386], [77.3931751, 23.2659992], [77.3931912, 23.2659499], [77.3932287, 23.2658858]]]}, "properties": {"kind": "waterbody", "name": "", "osm_id": 831662322, "tag": "water"}}, {"type": "Feature", "geometry": {"type": "LineString", "coordinates": [[77.4240057, 23.1139026], [77.423999, 23.1138225]]}, "properties": {"kind": "line", "name": "", "osm_id": 954505893, "tag": "stream"}}, {"type": "Feature", "geometry": {"type": "LineString", "coordinates": [[77.3638002, 23.1672659], [77.372748, 23.1663436], [77.3735488, 23.1662028], [77.3740712, 23.1660397], [77.3748893, 23.1659264], [77.3757566, 23.1659718], [77.3770428, 23.16594], [77.3779397, 23.1657588], [77.3786493, 23.1654598], [77.378945, 23.1650973], [77.3789647, 23.1643634], [77.3790534, 23.1637744], [77.3795068, 23.1628048], [77.3795955, 23.1622792], [77.3794082, 23.1618352], [77.3787775, 23.1614456], [77.3785508, 23.1609019], [77.3785212, 23.1602766], [77.3786198, 23.1589898], [77.378876, 23.1579296], [77.379152, 23.1572862], [77.3797631, 23.1569509], [77.3801573, 23.1571412], [77.3804727, 23.1573678], [77.3816258, 23.157993], [77.382767, 23.1587384], [77.3835379, 23.1587542], [77.3852726, 23.1591892], [77.3860906, 23.1592889], [77.3868988, 23.1591258], [77.3877563, 23.1588992], [77.3888207, 23.1582558], [77.3893825, 23.1577484], [77.3895501, 23.1572409], [77.3894219, 23.1564434], [77.389008, 23.1556641], [77.3887123, 23.1554194], [77.3882392, 23.1552835], [77.387431, 23.1548395], [77.3873226, 23.1546492], [77.3873423, 23.1544317], [77.3873818, 23.1538245], [77.3873522, 23.1533623], [77.3865736, 23.1528005], [77.3857358, 23.1523383], [77.3854303, 23.152148], [77.3851839, 23.1516315], [77.3851149, 23.1502268], [77.3847601, 23.1494293], [77.3846516, 23.1485774], [77.3841687, 23.1480699], [77.3837252, 23.1476802], [77.3835379, 23.1471546], [77.3837153, 23.1465927], [77.3847995, 23.1458859], [77.3856767, 23.1456321], [77.3863272, 23.1455687], [77.3868495, 23.1456865], [77.3875394, 23.1464205], [77.3879041, 23.1474356], [77.3880322, 23.1482512], [77.3884363, 23.1482421], [77.3887616, 23.1479793], [77.3897789, 23.1456459], [77.3902667, 23.1453126], [77.3906709, 23.145287], [77.3912982, 23.1453767], [77.3918696, 23.14571], [77.3923993, 23.14571], [77.3928593, 23.1454921], [77.3931659, 23.1450179], [77.3935144, 23.1444539], [77.3939604, 23.1442489], [77.3947131, 23.1444027], [77.3953961, 23.1445949], [77.3963996, 23.1447615], [77.3972081, 23.1443642], [77.3978353, 23.1439925], [77.3987134, 23.1428518], [77.399048, 23.1415701], [77.3998703, 23.1397886], [77.3999679, 23.1387632], [77.3998425, 23.1380198], [77.4003024, 23.1358007], [77.4003419, 23.1347675], [77.3996914, 23.1340424], [77.3982918, 23.1319397], [77.3977004, 23.1312962], [77.3978877, 23.1309971], [77.3984199, 23.1308883], [77.3995041, 23.1306889], [77.3998885, 23.1304986], [77.3997998, 23.129846], [77.4002531, 23.1294653], [77.400746, 23.1293203], [77.4013669, 23.1293293], [77.4022119, 23.1297942], [77.4034385, 23.1296916], [77.40401, 23.1293071], [77.4046512, 23.1281791], [77.4045954, 23.1271408], [77.4043306, 23.1255], [77.4042609, 23.124795], [77.4044142, 23.1245771], [77.4047209, 23.124654], [77.4048463, 23.1248206], [77.4050136, 23.1251027], [77.4052087, 23.1253334], [77.4059056, 23.1253847], [77.4067559, 23.1248463], [77.4073134, 23.1242054], [77.4084982, 23.1234491], [77.4091951, 23.1231286], [77.4101569, 23.1222185], [77.4111883, 23.1221287], [77.4122116, 23.1227034], [77.4126437, 23.1230367], [77.4134243, 23.1228572], [77.4143303, 23.1221265], [77.4147059, 23.1217954], [77.4151888, 23.1217501], [77.4154747, 23.1218589], [77.4157408, 23.1218408], [77.4158985, 23.1216776], [77.4157112, 23.1212425], [77.4156521, 23.1206624], [77.4155338, 23.1201004], [77.4152973, 23.1198285], [77.4158098, 23.1192121], [77.4167362, 23.1183781], [77.4183329, 23.1177618], [77.4194565, 23.1174717], [77.4197916, 23.1169134], [77.4207181, 23.1160704], [77.4208955, 23.1155447], [77.4209842, 23.1150189], [77.4212799, 23.114756], [77.4216544, 23.114611], [77.4220092, 23.1145476], [77.4222359, 23.1147017], [77.4223542, 23.1150824], [77.4226006, 23.1152818], [77.4230934, 23.1153634], [77.4234679, 23.1152274], [77.4236552, 23.1149917], [77.4239279, 23.1141123], [77.4240057, 23.1139026]]}, "properties": {"kind": "line", "name": "", "osm_id": 954505894, "tag": "stream"}}, {"type": "Feature", "geometry": {"type": "LineString", "coordinates": [[77.4952403, 23.1155639], [77.4953436, 23.115616]]}, "properties": {"kind": "line", "name": "Ajmar", "osm_id": 954545513, "tag": "river"}}, {"type": "Feature", "geometry": {"type": "LineString", "coordinates": [[77.4822258, 23.1133958], [77.4831553, 23.1133958], [77.4844855, 23.1132484], [77.4849984, 23.1133958], [77.485415, 23.1138527], [77.4856074, 23.1143539], [77.4858478, 23.1149435], [77.4861042, 23.1155036], [77.4864728, 23.1156363], [77.4869536, 23.1154741], [77.4874504, 23.1151498], [77.4877709, 23.1145013], [77.4880755, 23.1140149], [77.4885723, 23.113499], [77.4888928, 23.1133958], [77.4893976, 23.1135506], [77.4897502, 23.1140001], [77.4898945, 23.1144276], [77.4901429, 23.1146855], [77.4904073, 23.1148845], [77.4906237, 23.115054], [77.4909522, 23.1151351], [77.4913048, 23.1151204], [77.4915051, 23.1149951], [77.4917936, 23.1148108], [77.4918898, 23.1146413], [77.4918737, 23.114435], [77.4917455, 23.1140812], [77.4917776, 23.1136464], [77.4917936, 23.1132926], [77.4916814, 23.1128504], [77.4917215, 23.1126072], [77.4917936, 23.1122755], [77.4921622, 23.1117744], [77.4925789, 23.1115385], [77.4929716, 23.1115754], [77.4933882, 23.1116417], [77.4937729, 23.111826], [77.4940854, 23.1120544], [77.4942777, 23.112305], [77.4945181, 23.1125924], [77.4948226, 23.1131747], [77.4948787, 23.1135137], [77.4948947, 23.1138454], [77.4948066, 23.1143244], [77.4947024, 23.1154004], [77.4952403, 23.1155639]]}, "properties": {"kind": "line", "name": "Ajmar", "osm_id": 954545514, "tag": "river"}}, {"type": "Feature", "geometry": {"type": "LineString", "coordinates": [[77.5305793, 23.276507], [77.5304835, 23.2763476], [77.5303149, 23.2760662]]}, "properties": {"kind": "line", "name": "", "osm_id": 956571264, "tag": "stream"}}, {"type": "Feature", "geometry": {"type": "LineString", "coordinates": [[77.5359918, 23.3234287], [77.5337011, 23.3165643], [77.5365946, 23.3091459], [77.5314103, 23.2932006], [77.5318926, 23.2786931], [77.5305793, 23.276507]]}, "properties": {"kind": "line", "name": "", "osm_id": 956571265, "tag": "stream"}}, {"type": "Feature", "geometry": {"type": "LineString", "coordinates": [[77.5050155, 23.2431528], [77.5050728, 23.2431551], [77.5051345, 23.2431611]]}, "properties": {"kind": "line", "name": "", "osm_id": 957390946, "tag": "stream"}}, {"type": "Feature", "geometry": {"type": "LineString", "coordinates": [[77.5051345, 23.2431611], [77.5052649, 23.2431701], [77.5053883, 23.2430271], [77.5055197, 23.2429162], [77.505627, 23.2429187], [77.5056834, 23.243], [77.5056458, 23.2431528], [77.5056565, 23.2432342], [77.5057531, 23.2432908], [77.505847, 23.2432465], [77.5059838, 23.2431528], [77.5061393, 23.2430419], [77.50648, 23.2429483], [77.506775, 23.2428374], [77.5071666, 23.2427265], [77.5072793, 23.2426205], [77.5072739, 23.2425022], [77.5072015, 23.2424135], [77.5073785, 23.2422927], [77.5075824, 23.2422311], [77.5077353, 23.2422434], [77.5079659, 23.2423519], [77.5080893, 23.242374], [77.5083388, 23.241997], [77.508607, 23.2418737], [77.509476, 23.241435], [77.5100822, 23.2412724], [77.5103665, 23.2412527], [77.5107259, 23.2413611], [77.5110853, 23.2412576], [77.5112516, 23.2412034], [77.5113696, 23.2411541]]}, "properties": {"kind": "line", "name": "", "osm_id": 957390947, "tag": "stream"}}, {"type": "Feature", "geometry": {"type": "LineString", "coordinates": [[77.4844144, 23.2103056], [77.4844447, 23.2100506], [77.4843016, 23.2097995], [77.4842149, 23.2094847], [77.4840892, 23.2092576], [77.4840762, 23.2089467], [77.4840458, 23.2087196], [77.4840371, 23.2086239], [77.4841976, 23.2085602], [77.484306, 23.2084765], [77.484397, 23.2083091], [77.4846052, 23.2082374], [77.4847613, 23.2081856], [77.4847959, 23.2080182], [77.4848046, 23.2078986], [77.484913, 23.2077831], [77.4850431, 23.2076675], [77.4851081, 23.2075878], [77.4852382, 23.2073367], [77.4852556, 23.2071574], [77.4851949, 23.2068944], [77.4851862, 23.2066313], [77.4850214, 23.2065198], [77.4848566, 23.2059539], [77.4849087, 23.205639], [77.4848176, 23.2055793], [77.4846875, 23.2055912], [77.4846529, 23.2053999], [77.4844274, 23.2052007], [77.4843754, 23.2047981], [77.4843363, 23.204567], [77.4843233, 23.2042442], [77.4843277, 23.2041087], [77.4841542, 23.204017], [77.4842019, 23.203758], [77.4840718, 23.2036105], [77.4839201, 23.2033913], [77.4837206, 23.203212], [77.4834474, 23.202945], [77.4833694, 23.2027298], [77.4832783, 23.2024269], [77.483287, 23.2021878], [77.4833867, 23.2019407], [77.4831222, 23.2014306], [77.4830138, 23.2009842], [77.4828361, 23.2006574], [77.4825976, 23.200486], [77.4823418, 23.2003107], [77.482138, 23.2000038], [77.4820643, 23.1998165]]}, "properties": {"kind": "line", "name": "", "osm_id": 957444490, "tag": "stream"}}, {"type": "Feature", "geometry": {"type": "LineString", "coordinates": [[77.4843777, 23.2104019], [77.4844144, 23.2103056]]}, "properties": {"kind": "line", "name": "", "osm_id": 957444491, "tag": "stream"}}, {"type": "Feature", "geometry": {"type": "LineString", "coordinates": [[77.4820643, 23.1998165], [77.4817913, 23.1996807]]}, "properties": {"kind": "line", "name": "", "osm_id": 957444581, "tag": "stream"}}, {"type": "Feature", "geometry": {"type": "LineString", "coordinates": [[77.4817913, 23.1996807], [77.4814876, 23.1995296], [77.4809983, 23.1986056], [77.4808683, 23.1982948], [77.4805127, 23.1977846], [77.4802179, 23.1975056], [77.4797409, 23.197139], [77.4795798, 23.1970093], [77.4789241, 23.1964814]]}, "properties": {"kind": "line", "name": "", "osm_id": 957444582, "tag": "stream"}}, {"type": "Feature", "geometry": {"type": "LineString", "coordinates": [[77.4183007, 23.2304644], [77.4185883, 23.2303824]]}, "properties": {"kind": "line", "name": "", "osm_id": 958100608, "tag": "stream"}}, {"type": "Feature", "geometry": {"type": "LineString", "coordinates": [[77.4185883, 23.2303824], [77.418698, 23.2303511], [77.4187702, 23.2303481], [77.4191875, 23.2302726], [77.4195357, 23.2300401], [77.4197098, 23.2298681], [77.4198839, 23.2298771], [77.4203767, 23.2299194], [77.4215791, 23.2299405], [77.4220391, 23.2299103], [77.422867, 23.2298862], [77.4236357, 23.2299043], [77.4250122, 23.2298198], [77.4254163, 23.2297564], [77.4258631, 23.229702], [77.425988, 23.2295752], [77.4261266, 23.229371], [77.4262382, 23.2291659], [77.4262725, 23.2289845], [77.4263326, 23.2289293], [77.4266073, 23.2288977], [77.4270021, 23.2288662], [77.4272596, 23.2288504], [77.4274742, 23.22874], [77.4278393, 23.2283404], [77.4282459, 23.2280593]]}, "properties": {"kind": "line", "name": "", "osm_id": 958100609, "tag": "stream"}}, {"type": "Feature", "geometry": {"type": "LineString", "coordinates": [[77.4282459, 23.2280593], [77.4284086, 23.2280466], [77.4288303, 23.2281248]]}, "properties": {"kind": "line", "name": "", "osm_id": 959018845, "tag": "stream"}}, {"type": "Feature", "geometry": {"type": "LineString", "coordinates": [[77.4648235, 23.1844723], [77.4650547, 23.1841938]]}, "properties": {"kind": "line", "name": "", "osm_id": 960038756, "tag": "stream"}}, {"type": "Feature", "geometry": {"type": "LineString", "coordinates": [[77.4650547, 23.1841938], [77.4651192, 23.1840415], [77.4652404, 23.1839788], [77.4653642, 23.1841251], [77.4653844, 23.1841529], [77.4654803, 23.1842249], [77.4655763, 23.1842458], [77.4657278, 23.1842295], [77.465849, 23.1841437], [77.4659096, 23.1840508], [77.4660056, 23.1839974], [77.4660561, 23.1839695], [77.4661268, 23.1838953], [77.4660889, 23.1837374], [77.4661748, 23.1836724], [77.4662909, 23.1836329], [77.4664223, 23.1836167], [77.4665915, 23.1836237], [77.4668364, 23.1835447], [77.4671117, 23.1833753], [77.4673288, 23.1831733], [77.4674299, 23.183099], [77.4675006, 23.1831013], [77.4677102, 23.1830201], [77.4678036, 23.1829226]]}, "properties": {"kind": "line", "name": "", "osm_id": 960038757, "tag": "stream"}}, {"type": "Feature", "geometry": {"type": "LineString", "coordinates": [[77.4130159, 23.3883372], [77.413139, 23.3883837]]}, "properties": {"kind": "line", "name": "", "osm_id": 960725896, "tag": "stream"}}, {"type": "Feature", "geometry": {"type": "LineString", "coordinates": [[77.4001375, 23.3837396], [77.400335, 23.3835949], [77.4004031, 23.383584], [77.400492, 23.3835976], [77.4005631, 23.3836275], [77.4006786, 23.3836139], [77.4007379, 23.3835704], [77.4007408, 23.3835269], [77.4006875, 23.3834344], [77.4005897, 23.3833338], [77.4006045, 23.3832686], [77.4006786, 23.3832006], [77.4007645, 23.3831707], [77.400966, 23.3831788], [77.4011082, 23.3832386], [77.4011585, 23.3832903], [77.4011674, 23.3834154], [77.401203, 23.3835867], [77.4013037, 23.3837118], [77.4013985, 23.3837635], [77.4015111, 23.3837635], [77.4018488, 23.38369], [77.4019525, 23.3836982], [77.4020295, 23.3837335], [77.4022191, 23.3839076], [77.4023998, 23.3840272], [77.4024917, 23.3840571], [77.4025776, 23.3840327], [77.4026161, 23.3839946], [77.402625, 23.3838858], [77.402545, 23.3838097], [77.4025035, 23.383739], [77.4025006, 23.3836764], [77.4025361, 23.3836139], [77.4026043, 23.3835894], [77.4026783, 23.3835949], [77.4028768, 23.3837335], [77.4033212, 23.3842774], [77.4034101, 23.3842991], [77.4034753, 23.3842747], [77.4036056, 23.3841713], [77.4037063, 23.3841713], [77.4037656, 23.3841931], [77.4039344, 23.3843426], [77.4042455, 23.3845602], [77.4044381, 23.3846254], [77.4047669, 23.3846771], [77.405001, 23.3846526], [77.4060616, 23.3842991], [77.4064674, 23.3840789], [77.4066422, 23.3839973], [77.4067607, 23.3839484], [77.4069444, 23.3839456], [77.4071399, 23.3839484], [77.4074688, 23.3839239], [77.4076376, 23.3839429], [77.4077147, 23.3839701], [77.4077621, 23.3840218], [77.407848, 23.384068], [77.4079961, 23.3842094], [77.408085, 23.3843236], [77.4080946, 23.384337], [77.4082242, 23.3845167], [77.4083664, 23.3846853], [77.4084849, 23.3847968], [77.4089352, 23.3850768], [77.4090389, 23.3851611], [77.4094744, 23.3853243], [77.4100136, 23.3855255], [77.4101815, 23.3856012], [77.4102511, 23.3861092], [77.4103989, 23.3862635], [77.4104887, 23.3864736], [77.4106365, 23.386572], [77.4106945, 23.3866465], [77.4107263, 23.386721], [77.4107292, 23.3869471], [77.4107553, 23.3870242], [77.4108336, 23.3871306], [77.4109089, 23.3871811], [77.4109495, 23.3871944], [77.410993, 23.3871944], [77.411077, 23.387237], [77.4111379, 23.3873061], [77.4111755, 23.3873274], [77.4118015, 23.3875269], [77.4124158, 23.3876892], [77.4125086, 23.3877317], [77.4125752, 23.3877902], [77.4126506, 23.3878381], [77.4126824, 23.3878674], [77.4128737, 23.3881706], [77.4130159, 23.3883372]]}, "properties": {"kind": "line", "name": "", "osm_id": 960725897, "tag": "stream"}}, {"type": "Feature", "geometry": {"type": "LineString", "coordinates": [[77.4220158, 23.264552], [77.4220703, 23.2648364]]}, "properties": {"kind": "line", "name": "", "osm_id": 960734519, "tag": "stream"}}, {"type": "Feature", "geometry": {"type": "LineString", "coordinates": [[77.4220703, 23.2648364], [77.4221712, 23.2650386], [77.4221002, 23.2651783], [77.4220435, 23.2653795]]}, "properties": {"kind": "line", "name": "", "osm_id": 960734520, "tag": "stream"}}, {"type": "Feature", "geometry": {"type": "LineString", "coordinates": [[77.4246388, 23.259394], [77.424646, 23.2594839]]}, "properties": {"kind": "line", "name": "", "osm_id": 960747222, "tag": "stream"}}, {"type": "Feature", "geometry": {"type": "LineString", "coordinates": [[77.424646, 23.2594839], [77.4246856, 23.2599811], [77.4246341, 23.2601704], [77.4246426, 23.2612428], [77.4245654, 23.2613295], [77.424368, 23.2613295], [77.4240247, 23.2615819], [77.4239045, 23.2621575], [77.4237414, 23.2623152], [77.4236384, 23.2623704], [77.4234753, 23.2624256], [77.4230719, 23.2623704], [77.4229346, 23.2625281], [77.4230376, 23.2626622], [77.4230376, 23.2628356], [77.4229604, 23.2629933], [77.4227887, 23.2630407], [77.4227544, 23.2631037], [77.4227801, 23.2632141], [77.4227544, 23.2633482], [77.4226514, 23.2634349], [77.4224797, 23.2633876], [77.4224711, 23.263293], [77.422454, 23.2631668], [77.4222823, 23.2631826], [77.4221793, 23.2632772], [77.4221621, 23.2635295], [77.4221002, 23.2636421], [77.4220873, 23.2637535], [77.4220229, 23.2638561], [77.4220004, 23.2644709], [77.4220158, 23.264552]]}, "properties": {"kind": "line", "name": "", "osm_id": 960747223, "tag": "stream"}}, {"type": "Feature", "geometry": {"type": "LineString", "coordinates": [[77.4302347, 23.2522358], [77.4303072, 23.2524267]]}, "properties": {"kind": "line", "name": "", "osm_id": 960956265, "tag": "stream"}}, {"type": "Feature", "geometry": {"type": "LineString", "coordinates": [[77.4303072, 23.2524267], [77.4304609, 23.2527953], [77.43023, 23.2537082], [77.4301157, 23.2539631], [77.4299184, 23.2539831], [77.4298282, 23.2540451], [77.4295906, 23.254343], [77.4291751, 23.2550956], [77.4290476, 23.2552864], [77.4287453, 23.2557387], [77.4281102, 23.2566219], [77.4278699, 23.2568269], [77.4275094, 23.2578205], [77.4273549, 23.2579467], [77.4269, 23.2578678], [77.4265137, 23.2579546], [77.4260417, 23.2579546], [77.4257069, 23.2583331], [77.4255095, 23.2585065], [77.4251147, 23.258546], [77.4250804, 23.2586879], [77.425149, 23.2587668], [77.4251576, 23.2592714], [77.4246341, 23.2593345], [77.4246388, 23.259394]]}, "properties": {"kind": "line", "name": "", "osm_id": 960956266, "tag": "stream"}}, {"type": "Feature", "geometry": {"type": "LineString", "coordinates": [[77.4827597, 23.2405634], [77.4829669, 23.240547]]}, "properties": {"kind": "line", "name": "", "osm_id": 962496032, "tag": "stream"}}, {"type": "Feature", "geometry": {"type": "LineString", "coordinates": [[77.4829669, 23.240547], [77.4832261, 23.2406225], [77.4834457, 23.2407413], [77.4836912, 23.240769], [77.4839066, 23.2406977], [77.4840186, 23.2406463], [77.4842253, 23.2406859], [77.484376, 23.2408086], [77.4845613, 23.2408323], [77.4848197, 23.2408956], [77.4849963, 23.2408402], [77.4852073, 23.2408837], [77.4855002, 23.2408402], [77.4856466, 23.2407294], [77.4857199, 23.2406067], [77.4857888, 23.2404801], [77.4858181, 23.2404042], [77.4859735, 23.2403286], [77.486141, 23.240267], [77.4861927, 23.2402181], [77.4861212, 23.2400418], [77.4861227, 23.2400068], [77.4864014, 23.2399186], [77.4864912, 23.2398557], [77.4864684, 23.2397208], [77.4864105, 23.2396704], [77.4863679, 23.2395109], [77.4864014, 23.2393877], [77.4864562, 23.2391974], [77.4865628, 23.2391163], [77.4866998, 23.2391499], [77.4868247, 23.2391079], [77.486913, 23.2390183], [77.4870501, 23.23894], [77.4871171, 23.238856], [77.4871018, 23.2386797], [77.4872328, 23.2385986], [77.4873668, 23.2386769], [77.4874795, 23.2387413], [77.4876379, 23.2387021], [77.4877231, 23.2386126], [77.4879211, 23.2385342], [77.4880977, 23.2385034], [77.4883353, 23.2384726], [77.488518, 23.2384559], [77.4886155, 23.2383355], [77.4886064, 23.2381956], [77.4887008, 23.2380473], [77.4888182, 23.2379378], [77.4889724, 23.2379157], [77.4891454, 23.2378794], [77.4893281, 23.2378122], [77.48952, 23.2377646], [77.4895809, 23.2377366], [77.4896784, 23.2376499], [77.4897088, 23.2375296], [77.4897454, 23.2374652], [77.4898916, 23.2374232], [77.4900895, 23.2373365], [77.4900378, 23.2371853], [77.4900256, 23.2370874], [77.4900774, 23.2369978], [77.4903119, 23.2368719], [77.4903911, 23.2367404], [77.4904946, 23.2366872], [77.4905951, 23.2367292], [77.4907078, 23.2368355], [77.4907961, 23.2369167], [77.4909849, 23.2368719], [77.4911433, 23.2367824], [77.491326, 23.2367572], [77.4914683, 23.2367223], [77.4914844, 23.2367432], [77.4915545, 23.2368299], [77.4914052, 23.2369699], [77.4912864, 23.2370706], [77.4912712, 23.2371518], [77.4913839, 23.2372469], [77.4915149, 23.2372721], [77.4916154, 23.2372665], [77.4918438, 23.2371853], [77.4918986, 23.2370342], [77.4918925, 23.2368775], [77.4919382, 23.2367712], [77.4920661, 23.2366396], [77.4920905, 23.2365837], [77.4920022, 23.2365193], [77.4918651, 23.2364801], [77.4918499, 23.236399], [77.4919138, 23.2363542], [77.492127, 23.2363542], [77.4922671, 23.236371], [77.492462, 23.2363318], [77.4926844, 23.2362954], [77.4927179, 23.2364213], [77.4926905, 23.2365445], [77.4926235, 23.2367096], [77.4925778, 23.2368299], [77.4926417, 23.2369167], [77.4927148, 23.2368887], [77.4927666, 23.2368215], [77.4928153, 23.2367404], [77.4929128, 23.2365501], [77.4930468, 23.2363682], [77.4930986, 23.2362394], [77.4929889, 23.2360323], [77.4928732, 23.2358756], [77.4928976, 23.2357161], [77.4929981, 23.2355146], [77.4930833, 23.2353915], [77.4932904, 23.2353019], [77.4934153, 23.2352655], [77.493595, 23.2351144], [77.4936681, 23.2349073], [77.4937199, 23.2348318], [77.493927, 23.234815], [77.4940731, 23.2349381], [77.4942346, 23.2349941], [77.4943411, 23.2350808], [77.4944782, 23.2351592], [77.4944721, 23.2353579], [77.4944873, 23.2355202], [77.4945909, 23.2355846], [77.494801, 23.2354614], [77.4950812, 23.2353663], [77.4952426, 23.2353327], [77.4954406, 23.2352572], [77.4956081, 23.235078], [77.4957695, 23.234815], [77.4959431, 23.2346331], [77.4960375, 23.2344512], [77.4960193, 23.2342861], [77.4961045, 23.2341797], [77.4962324, 23.2341069], [77.4964213, 23.2340957], [77.4966466, 23.2342217], [77.4966954, 23.2343504], [77.4967654, 23.234412], [77.4970943, 23.2343532], [77.4974446, 23.2342637], [77.4977583, 23.2342077], [77.4979897, 23.2341853], [77.4982608, 23.2340957], [77.4985288, 23.2340286], [77.4987664, 23.2340174], [77.4990283, 23.2340174], [77.4993389, 23.2339866], [77.4996465, 23.2340058], [77.4999115, 23.2342077], [77.5001511, 23.234313], [77.5003561, 23.2344344], [77.5005754, 23.2346303], [77.5006485, 23.2347478], [77.5007064, 23.2349213], [77.5007582, 23.2350696], [77.501017, 23.235148], [77.5011358, 23.2351088], [77.501419, 23.2349829], [77.5016718, 23.2349577], [77.5018515, 23.2348961], [77.5020738, 23.234829], [77.5023083, 23.2347114], [77.5024363, 23.2346135], [77.5027165, 23.2344652], [77.5028352, 23.2343504], [77.5029906, 23.2342525], [77.5031367, 23.2340622], [77.503286, 23.233911], [77.5034261, 23.2337991], [77.5035692, 23.2336424], [77.5036454, 23.2334969], [77.503755, 23.2332926], [77.5039042, 23.2331666], [77.5041601, 23.2331023], [77.5044007, 23.2331023], [77.5045612, 23.2331161], [77.5048758, 23.2330519], [77.5051164, 23.2330603], [77.5053052, 23.233119], [77.5054179, 23.2332058], [77.5055062, 23.2332674], [77.5057864, 23.2333261], [77.5060209, 23.2333625], [77.5061671, 23.2334465], [77.5062645, 23.2336004], [77.5064022, 23.2339537], [77.5063979, 23.2342625], [77.5064453, 23.2344445], [77.5065357, 23.2346345], [77.506652, 23.2347651], [77.5068286, 23.2348917], [77.5070233, 23.235062], [77.507139, 23.2351795], [77.5072639, 23.2352774], [77.5074131, 23.2353138], [77.5076141, 23.235311], [77.507876, 23.235297], [77.5081928, 23.2353194], [77.5082902, 23.2351823], [77.5083968, 23.2349752], [77.50854, 23.2349024], [77.5086405, 23.2350424], [77.5086831, 23.2351991], [77.5088628, 23.2353978], [77.5089968, 23.2354733], [77.509198, 23.2356629]]}, "properties": {"kind": "line", "name": "", "osm_id": 962496033, "tag": "stream"}}, {"type": "Feature", "geometry": {"type": "LineString", "coordinates": [[77.4016252, 23.278298], [77.4015565, 23.278164], [77.4015394, 23.2780063], [77.4014793, 23.2778013], [77.4014793, 23.2775805], [77.4014793, 23.277478], [77.4015565, 23.2773519], [77.401754, 23.2770838], [77.4019342, 23.2768394], [77.4020544, 23.2766659], [77.4021316, 23.2765713], [77.4021938, 23.2764323], [77.402391, 23.2763084], [77.4025765, 23.2762833], [77.4027038, 23.276241], [77.4028287, 23.276198], [77.4029631, 23.2761778], [77.4032047, 23.2762068], [77.4033161, 23.2763032], [77.403473, 23.2763841], [77.4036167, 23.2764377], [77.4037363, 23.2764523], [77.4038262, 23.2764496], [77.4039811, 23.2764018], [77.4041064, 23.2763642], [77.4042247, 23.276287], [77.4043703, 23.2762216], [77.4045206, 23.276168], [77.4046802, 23.276103], [77.404861, 23.2760036], [77.405067, 23.2758617], [77.4052636, 23.2757097], [77.4054739, 23.2757161], [77.4056249, 23.2757908], [77.4057708, 23.2757829], [77.4059375, 23.2757584], [77.4060795, 23.275672], [77.4062345, 23.2755813]]}, "properties": {"kind": "line", "name": "", "osm_id": 964183423, "tag": "stream"}}, {"type": "Feature", "geometry": {"type": "LineString", "coordinates": [[77.401676, 23.2784019], [77.4016252, 23.278298]]}, "properties": {"kind": "line", "name": "", "osm_id": 964183424, "tag": "stream"}}, {"type": "Feature", "geometry": {"type": "LineString", "coordinates": [[77.4062345, 23.2755813], [77.4062899, 23.2754422]]}, "properties": {"kind": "line", "name": "", "osm_id": 964183425, "tag": "stream"}}, {"type": "Feature", "geometry": {"type": "LineString", "coordinates": [[77.4062899, 23.2754422], [77.4064155, 23.275405], [77.4065815, 23.275408], [77.4066892, 23.2754343], [77.4067191, 23.2755524], [77.406795, 23.2756686], [77.4068582, 23.2756654], [77.4069708, 23.2755975], [77.4070749, 23.2755465], [77.4073986, 23.2753475], [77.4075167, 23.2753243], [77.4075828, 23.2753415], [77.4077552, 23.2753844], [77.4079221, 23.2754492], [77.4081058, 23.2754648], [77.4082538, 23.2754629], [77.4084467, 23.2754054], [77.4086128, 23.2753183], [77.4087266, 23.2751314], [77.4089002, 23.2748742], [77.4090113, 23.274596], [77.4091127, 23.2744567], [77.4092041, 23.2743105], [77.4093242, 23.2741902], [77.4095388, 23.2740719], [77.4099937, 23.2738748], [77.4101825, 23.2737723], [77.4102941, 23.2736935], [77.4105087, 23.2735436], [77.4109223, 23.2731802], [77.4110156, 23.2730743], [77.4110838, 23.2729917], [77.4111352, 23.2727709], [77.4112382, 23.2726448], [77.4113304, 23.2725502]]}, "properties": {"kind": "line", "name": "", "osm_id": 964183426, "tag": "stream"}}, {"type": "Feature", "geometry": {"type": "LineString", "coordinates": [[77.4408245, 23.2373907], [77.4410048, 23.2374302], [77.4412708, 23.237509]]}, "properties": {"kind": "line", "name": "", "osm_id": 966113608, "tag": "stream"}}, {"type": "Feature", "geometry": {"type": "LineString", "coordinates": [[77.4412708, 23.237509], [77.441391, 23.2375564], [77.4416399, 23.2375642], [77.4417343, 23.2374775], [77.4417, 23.2372567], [77.4417086, 23.2368702], [77.4417086, 23.2366099], [77.4416485, 23.2363418], [77.4416056, 23.2361604], [77.4416313, 23.2359711], [77.4416914, 23.2358134], [77.4417858, 23.2356241], [77.4420347, 23.2355373], [77.4422493, 23.23549], [77.4427214, 23.2352061], [77.4429188, 23.2351035], [77.4431076, 23.2350168], [77.4433136, 23.2349379], [77.4434252, 23.2347486], [77.4434509, 23.2345278], [77.443408, 23.2344016], [77.4433479, 23.2342833], [77.4432965, 23.2339284], [77.4431677, 23.2336445], [77.4430905, 23.2334473], [77.4430733, 23.2332817], [77.4430733, 23.2331318], [77.4430905, 23.2329898], [77.4431591, 23.232911], [77.4432965, 23.2329188], [77.4435454, 23.2329425], [77.4437599, 23.2330214], [77.443923, 23.2331476], [77.4441118, 23.2332107], [77.4441977, 23.2331791], [77.4442835, 23.2331318], [77.4444122, 23.2330529], [77.4444981, 23.2329031], [77.4444981, 23.2327453], [77.4445238, 23.2325718], [77.4445238, 23.2324141], [77.4445839, 23.2322642], [77.4447041, 23.2321065], [77.4448328, 23.2321065], [77.4448929, 23.2320434], [77.444953, 23.2319172], [77.4449701, 23.2318068], [77.4449787, 23.2315938], [77.4449677, 23.2314121], [77.4450198, 23.2313051], [77.4450995, 23.2311639], [77.4452019, 23.231089], [77.4453135, 23.2309155], [77.4454766, 23.2308209], [77.4456568, 23.2307105]]}, "properties": {"kind": "line", "name": "", "osm_id": 966113609, "tag": "stream"}}, {"type": "Feature", "geometry": {"type": "LineString", "coordinates": [[77.3353599, 23.2611979], [77.3350467, 23.2607923], [77.3343247, 23.2577123], [77.338313, 23.2566249], [77.3394773, 23.2562405], [77.3396595, 23.2543496], [77.3409026, 23.2532791], [77.3433556, 23.2554326], [77.3476595, 23.2554518], [77.3477166, 23.2544822], [77.3508824, 23.2522646], [77.3521011, 23.2518719], [77.3544402, 23.2523619]]}, "properties": {"kind": "line", "name": "Household drain", "osm_id": 1050583989, "tag": "stream"}}, {"type": "Feature", "geometry": {"type": "Polygon", "coordinates": [[[77.2717152, 23.2951985], [77.2713918, 23.2950849], [77.2713784, 23.2951082], [77.2711475, 23.2950384], [77.2708733, 23.2949987], [77.2708003, 23.2949494], [77.2707451, 23.2948646], [77.2707198, 23.2947756], [77.2707407, 23.2947168], [77.270769, 23.2946292], [77.270915, 23.2946086], [77.2710223, 23.2946264], [77.2710938, 23.2946784], [77.27114, 23.2947811], [77.2711564, 23.29487], [77.2712115, 23.2949221], [77.2712771, 23.2949672], [77.2713591, 23.2950001], [77.2714142, 23.2950083], [77.271745, 23.2951205], [77.2717808, 23.2951055], [77.2718329, 23.2950794], [77.2719283, 23.2950808], [77.2720013, 23.295115], [77.272052, 23.2951917], [77.2720535, 23.2952601], [77.2721041, 23.2952888], [77.2720862, 23.2953285], [77.2721086, 23.2953491], [77.272119, 23.2953874], [77.2721071, 23.2954202], [77.2720758, 23.2953983], [77.2720505, 23.2953942], [77.2720058, 23.2953942], [77.2719551, 23.2953559], [77.2718523, 23.29536], [77.2717897, 23.2953285], [77.271739, 23.2952752], [77.2717152, 23.2951985]]]}, "properties": {"kind": "waterbody", "name": "Niralaya", "osm_id": 1170502557, "tag": "pond"}}, {"type": "Feature", "geometry": {"type": "Polygon", "coordinates": [[[77.2787461, 23.2853813], [77.2788475, 23.2857437], [77.2776011, 23.2861514], [77.2774885, 23.2858776], [77.2770307, 23.2824486], [77.2781024, 23.2822738], [77.2785107, 23.2826019], [77.2788985, 23.2832301], [77.2788099, 23.2834959], [77.2785668, 23.2837216], [77.278678, 23.2840976], [77.2787461, 23.2853813]]]}, "properties": {"kind": "waterbody", "name": "", "osm_id": 1212665135, "tag": "stream"}}, {"type": "Feature", "geometry": {"type": "LineString", "coordinates": [[77.4379043, 23.2106329], [77.4378713, 23.2108058], [77.4378343, 23.2109429], [77.4380478, 23.2111427], [77.4382088, 23.2111534], [77.4384725, 23.2111623], [77.4387344, 23.2111534], [77.4389276, 23.2111664], [77.4391177, 23.2112021], [77.4392922, 23.211195], [77.4395249, 23.2111843], [77.4396956, 23.2111415], [77.4398779, 23.2110916], [77.4400059, 23.2110238], [77.4401611, 23.2110238], [77.4403046, 23.211088], [77.4403706, 23.2111522], [77.4404986, 23.2112306], [77.440677, 23.2112021], [77.4408011, 23.2111736], [77.440964, 23.2111807], [77.4412123, 23.2111272], [77.4413946, 23.2111344], [77.4415265, 23.2111593], [77.4417049, 23.2112556], [77.4418058, 23.2113625], [77.441895, 23.2114374], [77.4420812, 23.2115835], [77.4422092, 23.2116798], [77.4423023, 23.211719]]}, "properties": {"kind": "line", "name": "", "osm_id": 1242669291, "tag": "stream"}}, {"type": "Feature", "geometry": {"type": "LineString", "coordinates": [[77.4423023, 23.211719], [77.4425932, 23.2117974]]}, "properties": {"kind": "line", "name": "", "osm_id": 1242669292, "tag": "stream"}}, {"type": "Feature", "geometry": {"type": "LineString", "coordinates": [[77.4376622, 23.3042315], [77.4378097, 23.304101]]}, "properties": {"kind": "line", "name": "", "osm_id": 1305764325, "tag": "stream"}}, {"type": "Feature", "geometry": {"type": "LineString", "coordinates": [[77.4374261, 23.3044015], [77.4375334, 23.3043202], [77.4376139, 23.304298], [77.4376622, 23.3042315]]}, "properties": {"kind": "line", "name": "", "osm_id": 1305764326, "tag": "stream"}}, {"type": "Feature", "geometry": {"type": "LineString", "coordinates": [[77.4372679, 23.3045567], [77.4374261, 23.3044015]]}, "properties": {"kind": "line", "name": "", "osm_id": 1305764327, "tag": "stream"}}, {"type": "Feature", "geometry": {"type": "LineString", "coordinates": [[77.4371552, 23.3047193], [77.4372303, 23.3046503], [77.4372438, 23.3045986], [77.4372679, 23.3045567]]}, "properties": {"kind": "line", "name": "", "osm_id": 1305764328, "tag": "stream"}}, {"type": "Feature", "geometry": {"type": "LineString", "coordinates": [[77.4378097, 23.304101], [77.437858, 23.3040936], [77.4379653, 23.3041231], [77.4380203, 23.3041066]]}, "properties": {"kind": "line", "name": "", "osm_id": 1305764329, "tag": "stream"}}, {"type": "Feature", "geometry": {"type": "Polygon", "coordinates": [[[77.2731521, 23.2723206], [77.2731441, 23.2722487], [77.2732197, 23.2722319], [77.2733043, 23.27224], [77.2733981, 23.2722678], [77.2733673, 23.2723009], [77.2732454, 23.272541], [77.2732331, 23.2726225], [77.273217, 23.2726502], [77.2731085, 23.2726842], [77.2730721, 23.2725413], [77.2730808, 23.2724322], [77.273139, 23.2724078], [77.2731634, 23.2723805], [77.273175, 23.272338], [77.2731521, 23.2723206]]]}, "properties": {"kind": "waterbody", "name": "", "osm_id": 1305766395, "tag": "water"}}, {"type": "Feature", "geometry": {"type": "LineString", "coordinates": [[77.4446694, 23.2314471], [77.4447695, 23.2314422], [77.4449677, 23.2314121]]}, "properties": {"kind": "line", "name": "", "osm_id": 1354754092, "tag": "stream"}}, {"type": "Feature", "geometry": {"type": "LineString", "coordinates": [[77.444562, 23.2314523], [77.4446694, 23.2314471]]}, "properties": {"kind": "line", "name": "", "osm_id": 1354754093, "tag": "stream"}}, {"type": "Feature", "geometry": {"type": "LineString", "coordinates": [[77.4399662, 23.2319882], [77.4401722, 23.2318856], [77.4402499, 23.2318678]]}, "properties": {"kind": "line", "name": "", "osm_id": 1354754094, "tag": "stream"}}, {"type": "Feature", "geometry": {"type": "LineString", "coordinates": [[77.4402499, 23.2318678], [77.440356, 23.2318434]]}, "properties": {"kind": "line", "name": "", "osm_id": 1354754095, "tag": "stream"}}, {"type": "Feature", "geometry": {"type": "LineString", "coordinates": [[77.4416087, 23.2316861], [77.4417, 23.2316806], [77.4420553, 23.231652]]}, "properties": {"kind": "line", "name": "", "osm_id": 1354754096, "tag": "stream"}}, {"type": "Feature", "geometry": {"type": "LineString", "coordinates": [[77.4415011, 23.2316926], [77.4416087, 23.2316861]]}, "properties": {"kind": "line", "name": "", "osm_id": 1354754097, "tag": "stream"}}, {"type": "Feature", "geometry": {"type": "LineString", "coordinates": [[77.4412065, 23.2317104], [77.4415011, 23.2316926]]}, "properties": {"kind": "line", "name": "", "osm_id": 1354754098, "tag": "stream"}}, {"type": "Feature", "geometry": {"type": "LineString", "coordinates": [[77.4410988, 23.2317169], [77.4412065, 23.2317104]]}, "properties": {"kind": "line", "name": "", "osm_id": 1354754099, "tag": "stream"}}, {"type": "Feature", "geometry": {"type": "LineString", "coordinates": [[77.4408972, 23.2317445], [77.4410477, 23.23172], [77.4410988, 23.2317169]]}, "properties": {"kind": "line", "name": "", "osm_id": 1354754100, "tag": "stream"}}, {"type": "Feature", "geometry": {"type": "LineString", "coordinates": [[77.4407897, 23.2317621], [77.4408972, 23.2317445]]}, "properties": {"kind": "line", "name": "", "osm_id": 1354754101, "tag": "stream"}}, {"type": "Feature", "geometry": {"type": "Polygon", "coordinates": [[[77.4288717, 23.2061616], [77.4291129, 23.2061814], [77.4291262, 23.2060515], [77.4288859, 23.2060331], [77.4288717, 23.2061616]]]}, "properties": {"kind": "waterbody", "name": "", "osm_id": 1451969239, "tag": "water"}}, {"type": "Feature", "geometry": {"type": "Polygon", "coordinates": [[[77.4261641, 23.2043147], [77.4262099, 23.2043515], [77.4262004, 23.2045333], [77.4262443, 23.2045781], [77.4266303, 23.2045922], [77.4266485, 23.2045623], [77.4266437, 23.2044271], [77.4266313, 23.2042128], [77.4266065, 23.2041979], [77.4265529, 23.2042268], [77.4265128, 23.2042637], [77.4263456, 23.2042549], [77.4262271, 23.2042462], [77.4261603, 23.2042453], [77.4261641, 23.2043147]]]}, "properties": {"kind": "waterbody", "name": "", "osm_id": 1451969241, "tag": "water"}}], "properties": {"source": "OpenStreetMap via Overpass", "retrieved": "2026-09-18"}}