{"type": "FeatureCollection", "features": [{"type": "Feature", "geometry": {"type": "Point", "coordinates": [78.1392733, 9.9253602]}, "properties": {"kind": "amenity", "group": "Food & eating out", "name": "Meenakshi Restaurant", "osm_id": 518961460, "osm_type": "node", "osm_tag": "amenity=restaurant"}}, {"type": "Feature", "geometry": {"type": "Point", "coordinates": [78.1486384, 9.9211657]}, "properties": {"kind": "amenity", "group": "Shops & markets", "name": "Suguna Stores", "osm_id": 518991791, "osm_type": "node", "osm_tag": "shop=convenience"}}, {"type": "Feature", "geometry": {"type": "Point", "coordinates": [78.1322291, 9.9316574]}, "properties": {"kind": "amenity", "group": "Post offices", "name": "Tallakulam Head Post Office", "osm_id": 518991793, "osm_type": "node", "osm_tag": "amenity=post_office"}}, {"type": "Feature", "geometry": {"type": "Point", "coordinates": [78.137144, 9.9298036]}, "properties": {"kind": "amenity", "group": "Food & eating out", "name": "Hotel Poonga Arya Bhavan", "osm_id": 518991794, "osm_type": "node", "osm_tag": "amenity=restaurant"}}, {"type": "Feature", "geometry": {"type": "Point", "coordinates": [78.1448523, 9.9038848]}, "properties": {"kind": "amenity", "group": "Bus stops & stations", "name": "Anupanadi Bus Stop", "osm_id": 519011166, "osm_type": "node", "osm_tag": "highway=bus_stop"}}, {"type": "Feature", "geometry": {"type": "Point", "coordinates": [78.0584953, 9.8808228]}, "properties": {"kind": "amenity", "group": "Bus stops & stations", "name": "Thirunagar 1st Stop", "osm_id": 761227198, "osm_type": "node", "osm_tag": "highway=bus_stop"}}, {"type": "Feature", "geometry": {"type": "Point", "coordinates": [78.0589533, 9.8838452]}, "properties": {"kind": "amenity", "group": "Bus stops & stations", "name": "Thirunagar 8th Stop", "osm_id": 763658458, "osm_type": "node", "osm_tag": "highway=bus_stop"}}, {"type": "Feature", "geometry": {"type": "Point", "coordinates": [78.0561854, 9.8858534]}, "properties": {"kind": "amenity", "group": "Bus stops & stations", "name": "Thirunagar 6th Stop", "osm_id": 763658510, "osm_type": "node", "osm_tag": "highway=bus_stop"}}, {"type": "Feature", "geometry": {"type": "Point", "coordinates": [78.0531491, 9.8862445]}, "properties": {"kind": "amenity", "group": "Bus stops & stations", "name": "Thirunagar 5th Stop", "osm_id": 763658931, "osm_type": "node", "osm_tag": "highway=bus_stop"}}, {"type": "Feature", "geometry": {"type": "Point", "coordinates": [78.052956, 9.8846062]}, "properties": {"kind": "amenity", "group": "Bus stops & stations", "name": "Thirunagar 4th Stop", "osm_id": 763658949, "osm_type": "node", "osm_tag": "highway=bus_stop"}}, {"type": "Feature", "geometry": {"type": "Point", "coordinates": [78.0526299, 9.8823234]}, "properties": {"kind": "amenity", "group": "Bus stops & stations", "name": "Thirunagar 3rd Stop", "osm_id": 763658967, "osm_type": "node", "osm_tag": "highway=bus_stop"}}, {"type": "Feature", "geometry": {"type": "Point", "coordinates": [78.0556382, 9.8811421]}, "properties": {"kind": "amenity", "group": "Bus stops & stations", "name": "Thirunagar 2nd Stop", "osm_id": 763658983, "osm_type": "node", "osm_tag": "highway=bus_stop"}}, {"type": "Feature", "geometry": {"type": "Point", "coordinates": [78.118876, 9.8963015]}, "properties": {"kind": "amenity", "group": "Shops & markets", "name": "Reliance Fresh", "osm_id": 1157206213, "osm_type": "node", "osm_tag": "shop=supermarket"}}, {"type": "Feature", "geometry": {"type": "Point", "coordinates": [78.1124742, 9.9188777]}, "properties": {"kind": "amenity", "group": "Food & eating out", "name": "Ana Menakshree Restaurant", "osm_id": 1166262986, "osm_type": "node", "osm_tag": "amenity=restaurant"}}, {"type": "Feature", "geometry": {"type": "Point", "coordinates": [78.1126824, 9.9179306]}, "properties": {"kind": "amenity", "group": "Food & eating out", "name": "SRM Mess", "osm_id": 1166263027, "osm_type": "node", "osm_tag": "amenity=restaurant"}}, {"type": "Feature", "geometry": {"type": "Point", "coordinates": [78.1127156, 9.9180341]}, "properties": {"kind": "amenity", "group": "Food & eating out", "name": "Sree Sabarees", "osm_id": 1166263058, "osm_type": "node", "osm_tag": "amenity=restaurant"}}, {"type": "Feature", "geometry": {"type": "Point", "coordinates": [77.9665547, 10.0824449]}, "properties": {"kind": "amenity", "group": "Bus stops & stations", "name": "Vadipatti Bus Stand", "osm_id": 1166461239, "osm_type": "node", "osm_tag": "amenity=bus_station"}}, {"type": "Feature", "geometry": {"type": "Point", "coordinates": [78.0931573, 9.9213322]}, "properties": {"kind": "amenity", "group": "Fuel stations", "name": "KB Fuels", "osm_id": 1314763424, "osm_type": "node", "osm_tag": "amenity=fuel"}}, {"type": "Feature", "geometry": {"type": "Point", "coordinates": [78.105316, 9.9050969]}, "properties": {"kind": "amenity", "group": "Banks & ATMs", "name": "", "osm_id": 1370907334, "osm_type": "node", "osm_tag": "amenity=atm"}}, {"type": "Feature", "geometry": {"type": "Point", "coordinates": [78.0855401, 9.9324644]}, "properties": {"kind": "amenity", "group": "Fuel stations", "name": "", "osm_id": 1668864599, "osm_type": "node", "osm_tag": "amenity=fuel"}}, {"type": "Feature", "geometry": {"type": "Point", "coordinates": [78.1119089, 9.9209667]}, "properties": {"kind": "amenity", "group": "Food & eating out", "name": "Hotel Royal Court", "osm_id": 1669904223, "osm_type": "node", "osm_tag": "amenity=restaurant"}}, {"type": "Feature", "geometry": {"type": "Point", "coordinates": [78.3351592, 10.0298825]}, "properties": {"kind": "amenity", "group": "Bus stops & stations", "name": "Melur", "osm_id": 1878166058, "osm_type": "node", "osm_tag": "amenity=bus_station"}}, {"type": "Feature", "geometry": {"type": "Point", "coordinates": [78.1209445, 9.9188675]}, "properties": {"kind": "amenity", "group": "Food & eating out", "name": "New Manorama Veg", "osm_id": 2152139401, "osm_type": "node", "osm_tag": "amenity=restaurant"}}, {"type": "Feature", "geometry": {"type": "Point", "coordinates": [78.1112943, 9.9186669]}, "properties": {"kind": "amenity", "group": "Banks & ATMs", "name": "Canara Bank", "osm_id": 2152139406, "osm_type": "node", "osm_tag": "amenity=atm"}}, {"type": "Feature", "geometry": {"type": "Point", "coordinates": [78.1124469, 9.9181655]}, "properties": {"kind": "amenity", "group": "Shops & markets", "name": "Shoppers Shop", "osm_id": 2152139498, "osm_type": "node", "osm_tag": "shop=department_store"}}, {"type": "Feature", "geometry": {"type": "Point", "coordinates": [78.1235299, 9.9127229]}, "properties": {"kind": "amenity", "group": "Post offices", "name": "", "osm_id": 2175177870, "osm_type": "node", "osm_tag": "amenity=post_office"}}, {"type": "Feature", "geometry": {"type": "Point", "coordinates": [78.1578943, 9.9474494]}, "properties": {"kind": "amenity", "group": "Food & eating out", "name": "Anjapar Hotal", "osm_id": 2390492999, "osm_type": "node", "osm_tag": "amenity=restaurant"}}, {"type": "Feature", "geometry": {"type": "Point", "coordinates": [78.1431154, 9.927966]}, "properties": {"kind": "amenity", "group": "Shops & markets", "name": "Milan'em Mall", "osm_id": 2430082563, "osm_type": "node", "osm_tag": "shop=mall"}}, {"type": "Feature", "geometry": {"type": "Point", "coordinates": [78.100823, 9.9010861]}, "properties": {"kind": "amenity", "group": "Parks & sport", "name": "TVS Skating Rink", "osm_id": 2442724715, "osm_type": "node", "osm_tag": "leisure=playground"}}, {"type": "Feature", "geometry": {"type": "Point", "coordinates": [78.0992171, 9.900818]}, "properties": {"kind": "amenity", "group": "Places of worship", "name": "Ramar Temple", "osm_id": 2442736271, "osm_type": "node", "osm_tag": "amenity=place_of_worship"}}, {"type": "Feature", "geometry": {"type": "Point", "coordinates": [78.102899, 9.9014213]}, "properties": {"kind": "amenity", "group": "Places of worship", "name": "Sai Baba Mandir", "osm_id": 2442785257, "osm_type": "node", "osm_tag": "amenity=place_of_worship"}}, {"type": "Feature", "geometry": {"type": "Point", "coordinates": [78.1193095, 9.9058504]}, "properties": {"kind": "amenity", "group": "Places of worship", "name": "Nagamman Temple", "osm_id": 2442792784, "osm_type": "node", "osm_tag": "amenity=place_of_worship"}}, {"type": "Feature", "geometry": {"type": "Point", "coordinates": [78.1119041, 9.9066088]}, "properties": {"kind": "amenity", "group": "Police & fire", "name": "Jaihindpuram Police Station", "osm_id": 2442814216, "osm_type": "node", "osm_tag": "amenity=police"}}, {"type": "Feature", "geometry": {"type": "Point", "coordinates": [78.1365939, 9.9355411]}, "properties": {"kind": "amenity", "group": "Fuel stations", "name": "\u0b87\u0ba8\u0bcd\u0ba4\u0bbf\u0baf\u0ba9\u0bcd \u0b86\u0baf\u0bbf\u0bb2\u0bcd", "osm_id": 2517281258, "osm_type": "node", "osm_tag": "amenity=fuel"}}, {"type": "Feature", "geometry": {"type": "Point", "coordinates": [78.1323312, 9.9553582]}, "properties": {"kind": "amenity", "group": "Places of worship", "name": "Ramakrishna Madam", "osm_id": 2858458014, "osm_type": "node", "osm_tag": "amenity=place_of_worship"}}, {"type": "Feature", "geometry": {"type": "Point", "coordinates": [78.1294988, 9.9522303]}, "properties": {"kind": "amenity", "group": "Shops & markets", "name": "Bharathi Stores", "osm_id": 2858463763, "osm_type": "node", "osm_tag": "shop=supermarket"}}, {"type": "Feature", "geometry": {"type": "Point", "coordinates": [78.1294425, 9.9511339]}, "properties": {"kind": "amenity", "group": "Banks & ATMs", "name": "Indian Overseas Bank", "osm_id": 2858480210, "osm_type": "node", "osm_tag": "amenity=bank"}}, {"type": "Feature", "geometry": {"type": "Point", "coordinates": [78.1270178, 9.95283]}, "properties": {"kind": "amenity", "group": "Places of worship", "name": "Viswanathapuram Ganesh temple", "osm_id": 2858492033, "osm_type": "node", "osm_tag": "amenity=place_of_worship"}}, {"type": "Feature", "geometry": {"type": "Point", "coordinates": [78.1115071, 9.9171201]}, "properties": {"kind": "amenity", "group": "Food & eating out", "name": "British Bakery Cafe", "osm_id": 3191698561, "osm_type": "node", "osm_tag": "amenity=cafe"}}, {"type": "Feature", "geometry": {"type": "Point", "coordinates": [78.1131151, 9.9166538]}, "properties": {"kind": "amenity", "group": "Shops & markets", "name": "Vasana Foods", "osm_id": 3191698661, "osm_type": "node", "osm_tag": "shop=convenience"}}, {"type": "Feature", "geometry": {"type": "Point", "coordinates": [78.0591351, 9.8853739]}, "properties": {"kind": "amenity", "group": "Bus stops & stations", "name": "Thirunagar 7th Stop", "osm_id": 3206679262, "osm_type": "node", "osm_tag": "highway=bus_stop"}}, {"type": "Feature", "geometry": {"type": "Point", "coordinates": [78.0990115, 9.942759]}, "properties": {"kind": "amenity", "group": "Shops & markets", "name": "Sri Kannan Deportmental Stores", "osm_id": 4273628390, "osm_type": "node", "osm_tag": "shop=convenience"}}, {"type": "Feature", "geometry": {"type": "Point", "coordinates": [78.1993325, 9.9627343]}, "properties": {"kind": "amenity", "group": "Banks & ATMs", "name": "", "osm_id": 4349265706, "osm_type": "node", "osm_tag": "amenity=atm"}}, {"type": "Feature", "geometry": {"type": "Point", "coordinates": [78.1889628, 9.9668639]}, "properties": {"kind": "amenity", "group": "Places of worship", "name": "Sri Sai Baba", "osm_id": 4438997132, "osm_type": "node", "osm_tag": "amenity=place_of_worship"}}, {"type": "Feature", "geometry": {"type": "Point", "coordinates": [78.2518272, 9.9031979]}, "properties": {"kind": "amenity", "group": "Places of worship", "name": "Asthagrisvara temple", "osm_id": 4439102110, "osm_type": "node", "osm_tag": "amenity=place_of_worship"}}, {"type": "Feature", "geometry": {"type": "Point", "coordinates": [78.1888581, 9.9659432]}, "properties": {"kind": "amenity", "group": "Places of worship", "name": "Laden Temple", "osm_id": 4439102112, "osm_type": "node", "osm_tag": "amenity=place_of_worship"}}, {"type": "Feature", "geometry": {"type": "Point", "coordinates": [78.2530684, 9.9019729]}, "properties": {"kind": "amenity", "group": "Places of worship", "name": "Ponoor Kavalan Swamy temple", "osm_id": 4439102113, "osm_type": "node", "osm_tag": "amenity=place_of_worship"}}, {"type": "Feature", "geometry": {"type": "Point", "coordinates": [78.2535974, 9.9030661]}, "properties": {"kind": "amenity", "group": "Places of worship", "name": "Subramaniam temple", "osm_id": 4439102114, "osm_type": "node", "osm_tag": "amenity=place_of_worship"}}, {"type": "Feature", "geometry": {"type": "Point", "coordinates": [78.2541325, 9.9038237]}, "properties": {"kind": "amenity", "group": "Places of worship", "name": "Udayagirisvarar Temple", "osm_id": 4439102115, "osm_type": "node", "osm_tag": "amenity=place_of_worship"}}, {"type": "Feature", "geometry": {"type": "Point", "coordinates": [78.1442838, 9.9354414]}, "properties": {"kind": "amenity", "group": "Police & fire", "name": "Anna Nagar Police Station", "osm_id": 4449972552, "osm_type": "node", "osm_tag": "amenity=police"}}, {"type": "Feature", "geometry": {"type": "Point", "coordinates": [78.1619958, 9.9487913]}, "properties": {"kind": "amenity", "group": "Bus stops & stations", "name": "", "osm_id": 4543308088, "osm_type": "node", "osm_tag": "highway=bus_stop"}}, {"type": "Feature", "geometry": {"type": "Point", "coordinates": [78.0804402, 9.8275234]}, "properties": {"kind": "amenity", "group": "Fuel stations", "name": "Bharat Petroleum", "osm_id": 4543308311, "osm_type": "node", "osm_tag": "amenity=fuel"}}, {"type": "Feature", "geometry": {"type": "Point", "coordinates": [78.1046414, 9.8408172]}, "properties": {"kind": "amenity", "group": "Fuel stations", "name": "Jasmine Filling Station", "osm_id": 4543308312, "osm_type": "node", "osm_tag": "amenity=fuel"}}, {"type": "Feature", "geometry": {"type": "Point", "coordinates": [78.1182259, 9.8560409]}, "properties": {"kind": "amenity", "group": "Places of worship", "name": "", "osm_id": 4543308313, "osm_type": "node", "osm_tag": "amenity=place_of_worship"}}, {"type": "Feature", "geometry": {"type": "Point", "coordinates": [78.1236639, 9.8629703]}, "properties": {"kind": "amenity", "group": "Fuel stations", "name": "HP", "osm_id": 4543308314, "osm_type": "node", "osm_tag": "amenity=fuel"}}, {"type": "Feature", "geometry": {"type": "Point", "coordinates": [78.1282901, 9.8686884]}, "properties": {"kind": "amenity", "group": "Fuel stations", "name": "Indian Oil", "osm_id": 4543308315, "osm_type": "node", "osm_tag": "amenity=fuel"}}, {"type": "Feature", "geometry": {"type": "Point", "coordinates": [78.1610535, 9.8962226]}, "properties": {"kind": "amenity", "group": "Fuel stations", "name": "Indian Oil", "osm_id": 4543308317, "osm_type": "node", "osm_tag": "amenity=fuel"}}, {"type": "Feature", "geometry": {"type": "Point", "coordinates": [78.1625977, 9.9487425]}, "properties": {"kind": "amenity", "group": "Banks & ATMs", "name": "South Indian Bank", "osm_id": 4543308318, "osm_type": "node", "osm_tag": "amenity=atm"}}, {"type": "Feature", "geometry": {"type": "Point", "coordinates": [78.1624703, 9.9486902]}, "properties": {"kind": "amenity", "group": "Banks & ATMs", "name": "", "osm_id": 4543308319, "osm_type": "node", "osm_tag": "amenity=atm"}}, {"type": "Feature", "geometry": {"type": "Point", "coordinates": [78.162418, 9.948662]}, "properties": {"kind": "amenity", "group": "Banks & ATMs", "name": "HDFC Bank", "osm_id": 4543308320, "osm_type": "node", "osm_tag": "amenity=atm"}}, {"type": "Feature", "geometry": {"type": "Point", "coordinates": [78.1674575, 9.9512285]}, "properties": {"kind": "amenity", "group": "Fuel stations", "name": "Indian Oil", "osm_id": 4543308322, "osm_type": "node", "osm_tag": "amenity=fuel"}}, {"type": "Feature", "geometry": {"type": "Point", "coordinates": [78.1748619, 9.9522986]}, "properties": {"kind": "amenity", "group": "Bus stops & stations", "name": "", "osm_id": 4543308323, "osm_type": "node", "osm_tag": "highway=bus_stop"}}, {"type": "Feature", "geometry": {"type": "Point", "coordinates": [78.1718757, 9.9518159]}, "properties": {"kind": "amenity", "group": "Bus stops & stations", "name": "", "osm_id": 4543308489, "osm_type": "node", "osm_tag": "highway=bus_stop"}}, {"type": "Feature", "geometry": {"type": "Point", "coordinates": [78.1218004, 9.91881]}, "properties": {"kind": "amenity", "group": "Banks & ATMs", "name": "", "osm_id": 4558213890, "osm_type": "node", "osm_tag": "amenity=atm"}}, {"type": "Feature", "geometry": {"type": "Point", "coordinates": [78.1495967, 9.9105636]}, "properties": {"kind": "amenity", "group": "Police & fire", "name": "Police station", "osm_id": 4603492001, "osm_type": "node", "osm_tag": "amenity=police"}}, {"type": "Feature", "geometry": {"type": "Point", "coordinates": [78.1456459, 9.9061681]}, "properties": {"kind": "amenity", "group": "Bus stops & stations", "name": "", "osm_id": 4603529989, "osm_type": "node", "osm_tag": "highway=bus_stop"}}, {"type": "Feature", "geometry": {"type": "Point", "coordinates": [78.1495097, 9.9093329]}, "properties": {"kind": "amenity", "group": "Civic & community", "name": "Sourashtra club", "osm_id": 4603530090, "osm_type": "node", "osm_tag": "amenity=community_centre"}}, {"type": "Feature", "geometry": {"type": "Point", "coordinates": [78.1496992, 9.9115122]}, "properties": {"kind": "amenity", "group": "Bus stops & stations", "name": "", "osm_id": 4603530690, "osm_type": "node", "osm_tag": "highway=bus_stop"}}, {"type": "Feature", "geometry": {"type": "Point", "coordinates": [78.1440985, 9.9134214]}, "properties": {"kind": "amenity", "group": "Places of worship", "name": "Hanuman temple", "osm_id": 4603530692, "osm_type": "node", "osm_tag": "amenity=place_of_worship"}}, {"type": "Feature", "geometry": {"type": "Point", "coordinates": [78.1459439, 9.9070481]}, "properties": {"kind": "amenity", "group": "Banks & ATMs", "name": "", "osm_id": 4603530789, "osm_type": "node", "osm_tag": "amenity=atm"}}, {"type": "Feature", "geometry": {"type": "Point", "coordinates": [78.1120757, 9.918943]}, "properties": {"kind": "amenity", "group": "Food & eating out", "name": "Hotel Merina", "osm_id": 4620841994, "osm_type": "node", "osm_tag": "amenity=restaurant"}}, {"type": "Feature", "geometry": {"type": "Point", "coordinates": [78.1206183, 9.9211733]}, "properties": {"kind": "amenity", "group": "Places of worship", "name": "", "osm_id": 4687999190, "osm_type": "node", "osm_tag": "amenity=place_of_worship"}}, {"type": "Feature", "geometry": {"type": "Point", "coordinates": [78.1210878, 9.9249211]}, "properties": {"kind": "amenity", "group": "Bus stops & stations", "name": "SIMMAKKAL", "osm_id": 4688144790, "osm_type": "node", "osm_tag": "highway=bus_stop"}}, {"type": "Feature", "geometry": {"type": "Point", "coordinates": [78.1267155, 9.9673738]}, "properties": {"kind": "amenity", "group": "Bus stops & stations", "name": "PARKTOWN", "osm_id": 4688178890, "osm_type": "node", "osm_tag": "highway=bus_stop"}}, {"type": "Feature", "geometry": {"type": "Point", "coordinates": [78.0960922, 9.930446]}, "properties": {"kind": "amenity", "group": "Bus stops & stations", "name": "Kalavasal", "osm_id": 4688178891, "osm_type": "node", "osm_tag": "highway=bus_stop"}}, {"type": "Feature", "geometry": {"type": "Point", "coordinates": [78.1365276, 9.9671112]}, "properties": {"kind": "amenity", "group": "Bus stops & stations", "name": "Iyerbangalow", "osm_id": 4688184591, "osm_type": "node", "osm_tag": "highway=bus_stop"}}, {"type": "Feature", "geometry": {"type": "Point", "coordinates": [78.1188001, 9.9709917]}, "properties": {"kind": "amenity", "group": "Bus stops & stations", "name": "Rettapalam", "osm_id": 4688184592, "osm_type": "node", "osm_tag": "highway=bus_stop"}}, {"type": "Feature", "geometry": {"type": "Point", "coordinates": [78.1270053, 9.9736675]}, "properties": {"kind": "amenity", "group": "Bus stops & stations", "name": "Sasi Nagar", "osm_id": 4688193190, "osm_type": "node", "osm_tag": "highway=bus_stop"}}, {"type": "Feature", "geometry": {"type": "Point", "coordinates": [78.1188217, 9.9625667]}, "properties": {"kind": "amenity", "group": "Bus stops & stations", "name": "Kosakulam", "osm_id": 4690277990, "osm_type": "node", "osm_tag": "highway=bus_stop"}}, {"type": "Feature", "geometry": {"type": "Point", "coordinates": [78.1192496, 9.9577092]}, "properties": {"kind": "amenity", "group": "Bus stops & stations", "name": "Anbu Nagar", "osm_id": 4690277991, "osm_type": "node", "osm_tag": "highway=bus_stop"}}, {"type": "Feature", "geometry": {"type": "Point", "coordinates": [78.1192982, 9.9527152]}, "properties": {"kind": "amenity", "group": "Bus stops & stations", "name": "Alangulam 1st stop", "osm_id": 4690277992, "osm_type": "node", "osm_tag": "highway=bus_stop"}}, {"type": "Feature", "geometry": {"type": "Point", "coordinates": [78.2569466, 10.0648232]}, "properties": {"kind": "amenity", "group": "Bus stops & stations", "name": "Kidaripatti", "osm_id": 4690279293, "osm_type": "node", "osm_tag": "highway=bus_stop"}}, {"type": "Feature", "geometry": {"type": "Point", "coordinates": [78.1191433, 9.9578533]}, "properties": {"kind": "amenity", "group": "Shops & markets", "name": "TNV Milk Agency", "osm_id": 4690279294, "osm_type": "node", "osm_tag": "shop=supermarket"}}, {"type": "Feature", "geometry": {"type": "Point", "coordinates": [78.119115, 9.9597733]}, "properties": {"kind": "amenity", "group": "Bus stops & stations", "name": "Anatha Nagar", "osm_id": 4690308790, "osm_type": "node", "osm_tag": "highway=bus_stop"}}, {"type": "Feature", "geometry": {"type": "Point", "coordinates": [78.1467821, 9.9935233]}, "properties": {"kind": "amenity", "group": "Bus stops & stations", "name": "Umatchikulam", "osm_id": 4690318790, "osm_type": "node", "osm_tag": "highway=bus_stop"}}, {"type": "Feature", "geometry": {"type": "Point", "coordinates": [78.1192316, 9.9549307]}, "properties": {"kind": "amenity", "group": "Bus stops & stations", "name": "Alagulam 2st stop", "osm_id": 4690318791, "osm_type": "node", "osm_tag": "highway=bus_stop"}}, {"type": "Feature", "geometry": {"type": "Point", "coordinates": [78.264485, 10.0788083]}, "properties": {"kind": "amenity", "group": "Bus stops & stations", "name": "Samranipatti", "osm_id": 4690323889, "osm_type": "node", "osm_tag": "highway=bus_stop"}}, {"type": "Feature", "geometry": {"type": "Point", "coordinates": [78.1397358, 9.973017]}, "properties": {"kind": "amenity", "group": "Bus stops & stations", "name": "Thiruppalai Stop", "osm_id": 4690323989, "osm_type": "node", "osm_tag": "highway=bus_stop"}}, {"type": "Feature", "geometry": {"type": "Point", "coordinates": [78.1689165, 9.9275994]}, "properties": {"kind": "amenity", "group": "Fuel stations", "name": "HP", "osm_id": 4701650300, "osm_type": "node", "osm_tag": "amenity=fuel"}}, {"type": "Feature", "geometry": {"type": "Point", "coordinates": [78.1473579, 9.8846855]}, "properties": {"kind": "amenity", "group": "Fuel stations", "name": "HP", "osm_id": 4701650301, "osm_type": "node", "osm_tag": "amenity=fuel"}}, {"type": "Feature", "geometry": {"type": "Point", "coordinates": [78.1823788, 9.9552227]}, "properties": {"kind": "amenity", "group": "Fuel stations", "name": "Indian Oil", "osm_id": 4701650728, "osm_type": "node", "osm_tag": "amenity=fuel"}}, {"type": "Feature", "geometry": {"type": "Point", "coordinates": [78.1804645, 9.9545372]}, "properties": {"kind": "amenity", "group": "Banks & ATMs", "name": "Canara Bank", "osm_id": 4701650740, "osm_type": "node", "osm_tag": "amenity=atm"}}, {"type": "Feature", "geometry": {"type": "Point", "coordinates": [78.2157954, 9.9731196]}, "properties": {"kind": "amenity", "group": "Fuel stations", "name": "Bharat Petroleum", "osm_id": 4701650849, "osm_type": "node", "osm_tag": "amenity=fuel"}}, {"type": "Feature", "geometry": {"type": "Point", "coordinates": [78.2161679, 9.9734575]}, "properties": {"kind": "amenity", "group": "Food & eating out", "name": "Adyar Ananda Bhavan", "osm_id": 4701650850, "osm_type": "node", "osm_tag": "amenity=restaurant"}}, {"type": "Feature", "geometry": {"type": "Point", "coordinates": [78.1800673, 9.9543839]}, "properties": {"kind": "amenity", "group": "Food & eating out", "name": "Karaikudi Mess", "osm_id": 4701651116, "osm_type": "node", "osm_tag": "amenity=restaurant"}}, {"type": "Feature", "geometry": {"type": "Point", "coordinates": [78.179782, 9.9538596]}, "properties": {"kind": "amenity", "group": "Food & eating out", "name": "Meenakshi Bhavan", "osm_id": 4701651117, "osm_type": "node", "osm_tag": "amenity=restaurant"}}, {"type": "Feature", "geometry": {"type": "Point", "coordinates": [78.0070807, 9.8410391]}, "properties": {"kind": "amenity", "group": "Food & eating out", "name": "Hari's Restaurant", "osm_id": 4714712389, "osm_type": "node", "osm_tag": "amenity=restaurant"}}, {"type": "Feature", "geometry": {"type": "Point", "coordinates": [77.9503526, 9.793895]}, "properties": {"kind": "amenity", "group": "Bus stops & stations", "name": "Muhil tortum", "osm_id": 4729271994, "osm_type": "node", "osm_tag": "highway=bus_stop"}}, {"type": "Feature", "geometry": {"type": "Point", "coordinates": [77.950302, 9.7939324]}, "properties": {"kind": "amenity", "group": "Bus stops & stations", "name": "Muhil tortum", "osm_id": 4729271995, "osm_type": "node", "osm_tag": "highway=bus_stop"}}, {"type": "Feature", "geometry": {"type": "Point", "coordinates": [78.1156817, 9.954695]}, "properties": {"kind": "amenity", "group": "Bus stops & stations", "name": "Imayam Nagar", "osm_id": 4742408824, "osm_type": "node", "osm_tag": "highway=bus_stop"}}, {"type": "Feature", "geometry": {"type": "Point", "coordinates": [78.1173202, 9.9192659]}, "properties": {"kind": "amenity", "group": "Food & eating out", "name": "sree mohan bhojanalaya", "osm_id": 4832843323, "osm_type": "node", "osm_tag": "amenity=restaurant"}}, {"type": "Feature", "geometry": {"type": "Point", "coordinates": [78.1484914, 9.9118025]}, "properties": {"kind": "amenity", "group": "Bus stops & stations", "name": "", "osm_id": 4881499075, "osm_type": "node", "osm_tag": "highway=bus_stop"}}, {"type": "Feature", "geometry": {"type": "Point", "coordinates": [78.124365, 9.922116]}, "properties": {"kind": "amenity", "group": "Bus stops & stations", "name": "Nelpettai Bus Stop", "osm_id": 4881626928, "osm_type": "node", "osm_tag": "highway=bus_stop"}}, {"type": "Feature", "geometry": {"type": "Point", "coordinates": [78.1250014, 9.9222311]}, "properties": {"kind": "amenity", "group": "Bus stops & stations", "name": "Nelpettai Bus Stop", "osm_id": 4881626929, "osm_type": "node", "osm_tag": "highway=bus_stop"}}, {"type": "Feature", "geometry": {"type": "Point", "coordinates": [78.1406895, 9.9373908]}, "properties": {"kind": "amenity", "group": "Banks & ATMs", "name": "State Bank of India", "osm_id": 4881627060, "osm_type": "node", "osm_tag": "amenity=bank"}}, {"type": "Feature", "geometry": {"type": "Point", "coordinates": [78.1487908, 9.9304944]}, "properties": {"kind": "amenity", "group": "Banks & ATMs", "name": "", "osm_id": 4881691508, "osm_type": "node", "osm_tag": "amenity=atm"}}, {"type": "Feature", "geometry": {"type": "Point", "coordinates": [78.1532714, 9.9272337]}, "properties": {"kind": "amenity", "group": "Fuel stations", "name": "", "osm_id": 4881691514, "osm_type": "node", "osm_tag": "amenity=fuel"}}, {"type": "Feature", "geometry": {"type": "Point", "coordinates": [78.1488283, 9.9189009]}, "properties": {"kind": "amenity", "group": "Banks & ATMs", "name": "City Union Bank", "osm_id": 4881691518, "osm_type": "node", "osm_tag": "amenity=bank"}}, {"type": "Feature", "geometry": {"type": "Point", "coordinates": [78.149078, 9.9239568]}, "properties": {"kind": "amenity", "group": "Banks & ATMs", "name": "", "osm_id": 4881692035, "osm_type": "node", "osm_tag": "amenity=atm"}}, {"type": "Feature", "geometry": {"type": "Point", "coordinates": [78.1488444, 9.9238561]}, "properties": {"kind": "amenity", "group": "Banks & ATMs", "name": "South Indian Bank", "osm_id": 4881692036, "osm_type": "node", "osm_tag": "amenity=atm"}}, {"type": "Feature", "geometry": {"type": "Point", "coordinates": [78.1505621, 9.9214544]}, "properties": {"kind": "amenity", "group": "Places of worship", "name": "", "osm_id": 4881692048, "osm_type": "node", "osm_tag": "amenity=place_of_worship"}}, {"type": "Feature", "geometry": {"type": "Point", "coordinates": [78.1502863, 9.921236]}, "properties": {"kind": "amenity", "group": "Banks & ATMs", "name": "", "osm_id": 4881692049, "osm_type": "node", "osm_tag": "amenity=atm"}}, {"type": "Feature", "geometry": {"type": "Point", "coordinates": [78.1491046, 9.9217147]}, "properties": {"kind": "amenity", "group": "Food & eating out", "name": "Naven Refreshments", "osm_id": 4881692052, "osm_type": "node", "osm_tag": "amenity=restaurant"}}, {"type": "Feature", "geometry": {"type": "Point", "coordinates": [78.1498589, 9.92122]}, "properties": {"kind": "amenity", "group": "Food & eating out", "name": "Vijay Mess", "osm_id": 4881692053, "osm_type": "node", "osm_tag": "amenity=restaurant"}}, {"type": "Feature", "geometry": {"type": "Point", "coordinates": [78.1491638, 9.9218739]}, "properties": {"kind": "amenity", "group": "Shops & markets", "name": "Bharathi Stores", "osm_id": 4881692056, "osm_type": "node", "osm_tag": "shop=convenience"}}, {"type": "Feature", "geometry": {"type": "Point", "coordinates": [78.1488148, 9.9210598]}, "properties": {"kind": "amenity", "group": "Shops & markets", "name": "Bharathi Stores", "osm_id": 4881692057, "osm_type": "node", "osm_tag": "shop=convenience"}}, {"type": "Feature", "geometry": {"type": "Point", "coordinates": [78.1488931, 9.9212536]}, "properties": {"kind": "amenity", "group": "Shops & markets", "name": "", "osm_id": 4881692058, "osm_type": "node", "osm_tag": "shop=convenience"}}, {"type": "Feature", "geometry": {"type": "Point", "coordinates": [78.1488323, 9.9236952]}, "properties": {"kind": "amenity", "group": "Food & eating out", "name": "Cafe Coffee Day", "osm_id": 4881692059, "osm_type": "node", "osm_tag": "amenity=cafe"}}, {"type": "Feature", "geometry": {"type": "Point", "coordinates": [78.1488132, 9.9220415]}, "properties": {"kind": "amenity", "group": "Banks & ATMs", "name": "Tamilnad Mercantile Bank Limited", "osm_id": 4881692065, "osm_type": "node", "osm_tag": "amenity=atm"}}, {"type": "Feature", "geometry": {"type": "Point", "coordinates": [78.1485763, 9.9219385]}, "properties": {"kind": "amenity", "group": "Banks & ATMs", "name": "Karur Vysya Bank", "osm_id": 4881692068, "osm_type": "node", "osm_tag": "amenity=bank"}}, {"type": "Feature", "geometry": {"type": "Point", "coordinates": [78.1494958, 9.9224882]}, "properties": {"kind": "amenity", "group": "Food & eating out", "name": "Plate Kadai", "osm_id": 4881692075, "osm_type": "node", "osm_tag": "amenity=fast_food"}}, {"type": "Feature", "geometry": {"type": "Point", "coordinates": [78.1572977, 9.9263579]}, "properties": {"kind": "amenity", "group": "Banks & ATMs", "name": "Canara Bank", "osm_id": 4881692095, "osm_type": "node", "osm_tag": "amenity=bank"}}, {"type": "Feature", "geometry": {"type": "Point", "coordinates": [78.1595263, 9.9278232]}, "properties": {"kind": "amenity", "group": "Places of worship", "name": "", "osm_id": 4881692109, "osm_type": "node", "osm_tag": "amenity=place_of_worship"}}, {"type": "Feature", "geometry": {"type": "Point", "coordinates": [78.1612248, 9.9284519]}, "properties": {"kind": "amenity", "group": "Places of worship", "name": "", "osm_id": 4881692110, "osm_type": "node", "osm_tag": "amenity=place_of_worship"}}, {"type": "Feature", "geometry": {"type": "Point", "coordinates": [78.1619714, 9.9279692]}, "properties": {"kind": "amenity", "group": "Places of worship", "name": "Jain Temple", "osm_id": 4881692111, "osm_type": "node", "osm_tag": "amenity=place_of_worship"}}, {"type": "Feature", "geometry": {"type": "Point", "coordinates": [78.1616771, 9.9275165]}, "properties": {"kind": "amenity", "group": "Places of worship", "name": "", "osm_id": 4881692112, "osm_type": "node", "osm_tag": "amenity=place_of_worship"}}, {"type": "Feature", "geometry": {"type": "Point", "coordinates": [78.1565715, 9.9255592]}, "properties": {"kind": "amenity", "group": "Shops & markets", "name": "Balaji Stores", "osm_id": 4881692113, "osm_type": "node", "osm_tag": "shop=convenience"}}, {"type": "Feature", "geometry": {"type": "Point", "coordinates": [78.1576141, 9.9230401]}, "properties": {"kind": "amenity", "group": "Places of worship", "name": "", "osm_id": 4881692114, "osm_type": "node", "osm_tag": "amenity=place_of_worship"}}, {"type": "Feature", "geometry": {"type": "Point", "coordinates": [78.157748, 9.9236594]}, "properties": {"kind": "amenity", "group": "Banks & ATMs", "name": "", "osm_id": 4881692115, "osm_type": "node", "osm_tag": "amenity=atm"}}, {"type": "Feature", "geometry": {"type": "Point", "coordinates": [78.1569666, 9.9235922]}, "properties": {"kind": "amenity", "group": "Post offices", "name": "India Post", "osm_id": 4881692116, "osm_type": "node", "osm_tag": "amenity=post_office"}}, {"type": "Feature", "geometry": {"type": "Point", "coordinates": [78.1593812, 9.9640455]}, "properties": {"kind": "amenity", "group": "Places of worship", "name": "Surya Nagar", "osm_id": 5195230424, "osm_type": "node", "osm_tag": "amenity=place_of_worship"}}, {"type": "Feature", "geometry": {"type": "Point", "coordinates": [78.1692269, 9.9770989]}, "properties": {"kind": "amenity", "group": "Bus stops & stations", "name": "Kadachanenthal", "osm_id": 5195230521, "osm_type": "node", "osm_tag": "highway=bus_stop"}}, {"type": "Feature", "geometry": {"type": "Point", "coordinates": [78.1530315, 9.9567389]}, "properties": {"kind": "amenity", "group": "Bus stops & stations", "name": "Surveyar colony", "osm_id": 5195230522, "osm_type": "node", "osm_tag": "highway=bus_stop"}}, {"type": "Feature", "geometry": {"type": "Point", "coordinates": [78.1572087, 9.9628665]}, "properties": {"kind": "amenity", "group": "Civic & community", "name": "Shanmuga Nagar", "osm_id": 5195230526, "osm_type": "node", "osm_tag": "amenity=community_centre"}}, {"type": "Feature", "geometry": {"type": "Point", "coordinates": [78.1504848, 9.9542287]}, "properties": {"kind": "amenity", "group": "Bus stops & stations", "name": "Moondru Mavadi", "osm_id": 5195230721, "osm_type": "node", "osm_tag": "highway=bus_stop"}}, {"type": "Feature", "geometry": {"type": "Point", "coordinates": [78.1546681, 9.9616331]}, "properties": {"kind": "amenity", "group": "Civic & community", "name": "Al-Ameen Nagar", "osm_id": 5195230722, "osm_type": "node", "osm_tag": "amenity=community_centre"}}, {"type": "Feature", "geometry": {"type": "Point", "coordinates": [78.1543988, 9.9592092]}, "properties": {"kind": "amenity", "group": "Civic & community", "name": "Bharat Nagar", "osm_id": 5195230821, "osm_type": "node", "osm_tag": "amenity=community_centre"}}, {"type": "Feature", "geometry": {"type": "Point", "coordinates": [78.1253232, 9.9209321]}, "properties": {"kind": "amenity", "group": "Food & eating out", "name": "Amsavalli Bhavan Hotel", "osm_id": 5205666222, "osm_type": "node", "osm_tag": "amenity=restaurant"}}, {"type": "Feature", "geometry": {"type": "Point", "coordinates": [78.1111954, 9.918698]}, "properties": {"kind": "amenity", "group": "Banks & ATMs", "name": "Indian Overseas Bank", "osm_id": 5224414461, "osm_type": "node", "osm_tag": "amenity=atm"}}, {"type": "Feature", "geometry": {"type": "Point", "coordinates": [78.1113793, 9.918639]}, "properties": {"kind": "amenity", "group": "Banks & ATMs", "name": "Bank of Baroda", "osm_id": 5224415222, "osm_type": "node", "osm_tag": "amenity=atm"}}, {"type": "Feature", "geometry": {"type": "Point", "coordinates": [78.163656, 9.9482808]}, "properties": {"kind": "amenity", "group": "Banks & ATMs", "name": "", "osm_id": 5232959121, "osm_type": "node", "osm_tag": "amenity=atm"}}, {"type": "Feature", "geometry": {"type": "Point", "coordinates": [78.1252691, 9.9242683]}, "properties": {"kind": "amenity", "group": "Places of worship", "name": "", "osm_id": 5365448424, "osm_type": "node", "osm_tag": "amenity=place_of_worship"}}, {"type": "Feature", "geometry": {"type": "Point", "coordinates": [78.1208909, 9.9202819]}, "properties": {"kind": "amenity", "group": "Places of worship", "name": "", "osm_id": 5365448425, "osm_type": "node", "osm_tag": "amenity=place_of_worship"}}, {"type": "Feature", "geometry": {"type": "Point", "coordinates": [78.2234059, 10.0937585]}, "properties": {"kind": "amenity", "group": "Bus stops & stations", "name": "", "osm_id": 5633377803, "osm_type": "node", "osm_tag": "highway=bus_stop"}}, {"type": "Feature", "geometry": {"type": "Point", "coordinates": [78.1140603, 9.9146355]}, "properties": {"kind": "amenity", "group": "Places of worship", "name": "Arulmigu Koodalazhagar Thirukovil", "osm_id": 5638228917, "osm_type": "node", "osm_tag": "amenity=place_of_worship"}}, {"type": "Feature", "geometry": {"type": "Point", "coordinates": [77.9777741, 10.0800875]}, "properties": {"kind": "amenity", "group": "Food & eating out", "name": "Temple City", "osm_id": 5694519122, "osm_type": "node", "osm_tag": "amenity=restaurant"}}, {"type": "Feature", "geometry": {"type": "Point", "coordinates": [78.1126794, 9.9188448]}, "properties": {"kind": "amenity", "group": "Food & eating out", "name": "Hotel New Sri Sabareesh", "osm_id": 5808586566, "osm_type": "node", "osm_tag": "amenity=fast_food"}}, {"type": "Feature", "geometry": {"type": "Point", "coordinates": [78.117162, 9.9170512]}, "properties": {"kind": "amenity", "group": "Places of worship", "name": "St. George's Church", "osm_id": 5893889988, "osm_type": "node", "osm_tag": "amenity=place_of_worship"}}, {"type": "Feature", "geometry": {"type": "Point", "coordinates": [78.1176274, 9.9149525]}, "properties": {"kind": "amenity", "group": "Banks & ATMs", "name": "Indian Overseas Bank", "osm_id": 5893891544, "osm_type": "node", "osm_tag": "amenity=bank"}}, {"type": "Feature", "geometry": {"type": "Point", "coordinates": [78.1195956, 9.9145166]}, "properties": {"kind": "amenity", "group": "Places of worship", "name": "Dasa kali amman thirukovil", "osm_id": 5893892920, "osm_type": "node", "osm_tag": "amenity=place_of_worship"}}, {"type": "Feature", "geometry": {"type": "Point", "coordinates": [78.1092492, 9.8961274]}, "properties": {"kind": "amenity", "group": "Places of worship", "name": "Yogi Ramsuratkumar Gurukshethram", "osm_id": 5921277989, "osm_type": "node", "osm_tag": "amenity=place_of_worship"}}, {"type": "Feature", "geometry": {"type": "Point", "coordinates": [78.11218, 9.9027426]}, "properties": {"kind": "amenity", "group": "Places of worship", "name": "", "osm_id": 5928827527, "osm_type": "node", "osm_tag": "amenity=place_of_worship"}}, {"type": "Feature", "geometry": {"type": "Point", "coordinates": [78.1119082, 9.9182159]}, "properties": {"kind": "amenity", "group": "Places of worship", "name": "\u0b9f\u0bb5\u0bc1\u0ba3\u0bcd \u0bb9\u0bbe\u0bb2\u0bcd \u0bb0\u0bcb\u0b9f\u0bc1 \u0baa\u0bb3\u0bcd\u0bb3\u0bbf\u0bb5\u0bbe\u0b9a\u0bb2\u0bcd", "osm_id": 5929210202, "osm_type": "node", "osm_tag": "amenity=place_of_worship"}}, {"type": "Feature", "geometry": {"type": "Point", "coordinates": [78.112989, 9.9159275]}, "properties": {"kind": "amenity", "group": "Places of worship", "name": "\u0b95\u0b9f\u0bcd\u0bb0\u0bbe \u0baa\u0bbe\u0bb3\u0bc8\u0baf\u0bc1\u0bae\u0bcd \u0b85\u0b95\u0bcd\u0b9a\u0bbe \u0baa\u0bb3\u0bcd\u0bb3\u0bbf", "osm_id": 5929210203, "osm_type": "node", "osm_tag": "amenity=place_of_worship"}}, {"type": "Feature", "geometry": {"type": "Point", "coordinates": [78.0727698, 9.88482]}, "properties": {"kind": "amenity", "group": "Bus stops & stations", "name": "Sannithi / TCE", "osm_id": 5929286367, "osm_type": "node", "osm_tag": "highway=bus_stop"}}, {"type": "Feature", "geometry": {"type": "Point", "coordinates": [78.1447913, 9.9364337]}, "properties": {"kind": "amenity", "group": "Food & eating out", "name": "Riyas Mahal", "osm_id": 6207523885, "osm_type": "node", "osm_tag": "amenity=restaurant"}}, {"type": "Feature", "geometry": {"type": "Point", "coordinates": [77.9765175, 9.9419871]}, "properties": {"kind": "amenity", "group": "Food & eating out", "name": "Restaurant", "osm_id": 6348974953, "osm_type": "node", "osm_tag": "amenity=restaurant"}}, {"type": "Feature", "geometry": {"type": "Point", "coordinates": [78.1255539, 9.9154271]}, "properties": {"kind": "amenity", "group": "Food & eating out", "name": "Saravana bavan hotel", "osm_id": 6542537585, "osm_type": "node", "osm_tag": "amenity=restaurant"}}, {"type": "Feature", "geometry": {"type": "Point", "coordinates": [78.1255306, 9.9154237]}, "properties": {"kind": "amenity", "group": "Banks & ATMs", "name": "Indian Bank", "osm_id": 6542537586, "osm_type": "node", "osm_tag": "amenity=atm"}}, {"type": "Feature", "geometry": {"type": "Point", "coordinates": [78.1150981, 9.9310283]}, "properties": {"kind": "amenity", "group": "Places of worship", "name": "Paripoorana Vinayagar Temple", "osm_id": 6556817185, "osm_type": "node", "osm_tag": "amenity=place_of_worship"}}, {"type": "Feature", "geometry": {"type": "Point", "coordinates": [78.1120862, 9.921937]}, "properties": {"kind": "amenity", "group": "Fuel stations", "name": "Indian Oil", "osm_id": 6629072919, "osm_type": "node", "osm_tag": "amenity=fuel"}}, {"type": "Feature", "geometry": {"type": "Point", "coordinates": [78.1124215, 9.9212395]}, "properties": {"kind": "amenity", "group": "Food & eating out", "name": "Hotel Park Plaza", "osm_id": 6629072923, "osm_type": "node", "osm_tag": "amenity=restaurant"}}, {"type": "Feature", "geometry": {"type": "Point", "coordinates": [78.112687, 9.9202302]}, "properties": {"kind": "amenity", "group": "Shops & markets", "name": "The Chennai Silks", "osm_id": 6630957590, "osm_type": "node", "osm_tag": "shop=department_store"}}, {"type": "Feature", "geometry": {"type": "Point", "coordinates": [78.1124631, 9.9205446]}, "properties": {"kind": "amenity", "group": "Food & eating out", "name": "Hotel Supreme", "osm_id": 6633362791, "osm_type": "node", "osm_tag": "amenity=restaurant"}}, {"type": "Feature", "geometry": {"type": "Point", "coordinates": [78.115274, 9.9231042]}, "properties": {"kind": "amenity", "group": "Food & eating out", "name": "Gowree", "osm_id": 6633362794, "osm_type": "node", "osm_tag": "amenity=cafe"}}, {"type": "Feature", "geometry": {"type": "Point", "coordinates": [78.1124771, 9.9220209]}, "properties": {"kind": "amenity", "group": "Banks & ATMs", "name": "", "osm_id": 6633362796, "osm_type": "node", "osm_tag": "amenity=atm"}}, {"type": "Feature", "geometry": {"type": "Point", "coordinates": [78.1122129, 9.9172301]}, "properties": {"kind": "amenity", "group": "Food & eating out", "name": "Mandayam", "osm_id": 6633362805, "osm_type": "node", "osm_tag": "amenity=restaurant"}}, {"type": "Feature", "geometry": {"type": "Point", "coordinates": [78.112223, 9.917353]}, "properties": {"kind": "amenity", "group": "Food & eating out", "name": "Megam", "osm_id": 6633362807, "osm_type": "node", "osm_tag": "amenity=restaurant"}}, {"type": "Feature", "geometry": {"type": "Point", "coordinates": [78.1127152, 9.9168589]}, "properties": {"kind": "amenity", "group": "Food & eating out", "name": "Hotel Chakkaravarthi", "osm_id": 6633362814, "osm_type": "node", "osm_tag": "amenity=restaurant"}}, {"type": "Feature", "geometry": {"type": "Point", "coordinates": [78.1130505, 9.9184006]}, "properties": {"kind": "amenity", "group": "Food & eating out", "name": "Taj Restaurant", "osm_id": 6633362821, "osm_type": "node", "osm_tag": "amenity=restaurant"}}, {"type": "Feature", "geometry": {"type": "Point", "coordinates": [78.1114525, 9.9186218]}, "properties": {"kind": "amenity", "group": "Banks & ATMs", "name": "State Bank of India", "osm_id": 6633362828, "osm_type": "node", "osm_tag": "amenity=atm"}}, {"type": "Feature", "geometry": {"type": "Point", "coordinates": [78.110841, 9.9190974]}, "properties": {"kind": "amenity", "group": "Places of worship", "name": "", "osm_id": 6633362829, "osm_type": "node", "osm_tag": "amenity=place_of_worship"}}, {"type": "Feature", "geometry": {"type": "Point", "coordinates": [78.1166776, 9.9174488]}, "properties": {"kind": "amenity", "group": "Food & eating out", "name": "The Modern Restaurant", "osm_id": 6815206985, "osm_type": "node", "osm_tag": "amenity=restaurant"}}, {"type": "Feature", "geometry": {"type": "Point", "coordinates": [78.1323754, 9.9314098]}, "properties": {"kind": "amenity", "group": "Parks & sport", "name": "", "osm_id": 6943966288, "osm_type": "node", "osm_tag": "leisure=playground"}}, {"type": "Feature", "geometry": {"type": "Point", "coordinates": [78.1347001, 9.9359233]}, "properties": {"kind": "amenity", "group": "Bus stops & stations", "name": "Thallakulam Bus Stop", "osm_id": 6943969190, "osm_type": "node", "osm_tag": "highway=bus_stop"}}, {"type": "Feature", "geometry": {"type": "Point", "coordinates": [78.1394118, 9.9374507]}, "properties": {"kind": "amenity", "group": "Banks & ATMs", "name": "State Bank of India", "osm_id": 6943969193, "osm_type": "node", "osm_tag": "amenity=bank"}}, {"type": "Feature", "geometry": {"type": "Point", "coordinates": [78.156659, 9.9446166]}, "properties": {"kind": "amenity", "group": "Food & eating out", "name": "Hotel Merina Veg Hotel", "osm_id": 6943969194, "osm_type": "node", "osm_tag": "amenity=restaurant"}}, {"type": "Feature", "geometry": {"type": "Point", "coordinates": [78.1480993, 9.9326914]}, "properties": {"kind": "amenity", "group": "Food & eating out", "name": "\u0baa\u0bbf\u0bb2\u0bcd\u0bb8\u0bcd \u0baa\u0bbf\u0bb8\u0bcd\u0b9f\u0bcd\u0bb0\u0bc7\u0bbe", "osm_id": 7020233396, "osm_type": "node", "osm_tag": "amenity=restaurant"}}, {"type": "Feature", "geometry": {"type": "Point", "coordinates": [78.1450316, 9.9326351]}, "properties": {"kind": "amenity", "group": "Food & eating out", "name": "The Chopstix Multicuisine Family Restaurant", "osm_id": 7020233487, "osm_type": "node", "osm_tag": "amenity=restaurant"}}, {"type": "Feature", "geometry": {"type": "Point", "coordinates": [77.9685116, 9.7585505]}, "properties": {"kind": "amenity", "group": "Places of worship", "name": "", "osm_id": 7022442284, "osm_type": "node", "osm_tag": "amenity=place_of_worship"}}, {"type": "Feature", "geometry": {"type": "Point", "coordinates": [78.115752, 9.9155836]}, "properties": {"kind": "amenity", "group": "Food & eating out", "name": "Murugan Idli Shop", "osm_id": 7103574185, "osm_type": "node", "osm_tag": "amenity=restaurant"}}, {"type": "Feature", "geometry": {"type": "Point", "coordinates": [78.1406745, 9.9241101]}, "properties": {"kind": "amenity", "group": "Shops & markets", "name": "Priya Complex", "osm_id": 7133791684, "osm_type": "node", "osm_tag": "shop=mall"}}, {"type": "Feature", "geometry": {"type": "Point", "coordinates": [78.1467336, 9.9942074]}, "properties": {"kind": "amenity", "group": "Shops & markets", "name": "Prakash Store", "osm_id": 7133834986, "osm_type": "node", "osm_tag": "shop=convenience"}}, {"type": "Feature", "geometry": {"type": "Point", "coordinates": [78.1166956, 9.915893]}, "properties": {"kind": "amenity", "group": "Food & eating out", "name": "Murugan Idli Shop", "osm_id": 7142744185, "osm_type": "node", "osm_tag": "amenity=restaurant"}}, {"type": "Feature", "geometry": {"type": "Point", "coordinates": [78.1157627, 9.9155349]}, "properties": {"kind": "amenity", "group": "Food & eating out", "name": "Murugan Idli Shop", "osm_id": 7142908485, "osm_type": "node", "osm_tag": "amenity=restaurant"}}, {"type": "Feature", "geometry": {"type": "Point", "coordinates": [78.113775, 9.9186085]}, "properties": {"kind": "amenity", "group": "Banks & ATMs", "name": "", "osm_id": 7180238785, "osm_type": "node", "osm_tag": "amenity=atm"}}, {"type": "Feature", "geometry": {"type": "Point", "coordinates": [78.1150501, 9.9189616]}, "properties": {"kind": "amenity", "group": "Banks & ATMs", "name": "", "osm_id": 7180238787, "osm_type": "node", "osm_tag": "amenity=atm"}}, {"type": "Feature", "geometry": {"type": "Point", "coordinates": [78.1136122, 9.9185466]}, "properties": {"kind": "amenity", "group": "Banks & ATMs", "name": "", "osm_id": 7180239385, "osm_type": "node", "osm_tag": "amenity=atm"}}, {"type": "Feature", "geometry": {"type": "Point", "coordinates": [78.1369324, 9.9358875]}, "properties": {"kind": "amenity", "group": "Parks & sport", "name": "Peraringar Anna Eco Park", "osm_id": 7243852385, "osm_type": "node", "osm_tag": "leisure=park"}}, {"type": "Feature", "geometry": {"type": "Point", "coordinates": [78.139532, 9.9730664]}, "properties": {"kind": "amenity", "group": "Bus stops & stations", "name": "Thiruppalai Stop", "osm_id": 7510315826, "osm_type": "node", "osm_tag": "highway=bus_stop"}}, {"type": "Feature", "geometry": {"type": "Point", "coordinates": [78.076358, 9.8920541]}, "properties": {"kind": "amenity", "group": "Food & eating out", "name": "Mug and Beans", "osm_id": 7899245166, "osm_type": "node", "osm_tag": "amenity=cafe"}}, {"type": "Feature", "geometry": {"type": "Point", "coordinates": [78.1446878, 9.8847325]}, "properties": {"kind": "amenity", "group": "Food & eating out", "name": "Sun cafe", "osm_id": 7973367964, "osm_type": "node", "osm_tag": "amenity=cafe"}}, {"type": "Feature", "geometry": {"type": "Point", "coordinates": [78.144604, 9.8847169]}, "properties": {"kind": "amenity", "group": "Food & eating out", "name": "Sun Sea Food Restaurant", "osm_id": 7973369944, "osm_type": "node", "osm_tag": "amenity=restaurant"}}, {"type": "Feature", "geometry": {"type": "Point", "coordinates": [78.1492502, 9.8852043]}, "properties": {"kind": "amenity", "group": "Food & eating out", "name": "Hotel Om Saravana Bhavan", "osm_id": 7973377568, "osm_type": "node", "osm_tag": "amenity=restaurant"}}, {"type": "Feature", "geometry": {"type": "Point", "coordinates": [78.1178071, 9.912291]}, "properties": {"kind": "amenity", "group": "Places of worship", "name": "Sita Lakshmi Anjineya Temple", "osm_id": 7999030904, "osm_type": "node", "osm_tag": "amenity=place_of_worship"}}, {"type": "Feature", "geometry": {"type": "Point", "coordinates": [78.122135, 9.9240054]}, "properties": {"kind": "amenity", "group": "Banks & ATMs", "name": "IDBI Bank", "osm_id": 8184301917, "osm_type": "node", "osm_tag": "amenity=bank"}}, {"type": "Feature", "geometry": {"type": "Point", "coordinates": [78.1365618, 9.9385008]}, "properties": {"kind": "amenity", "group": "Fuel stations", "name": "Indian Oil", "osm_id": 8986963223, "osm_type": "node", "osm_tag": "amenity=fuel"}}, {"type": "Feature", "geometry": {"type": "Point", "coordinates": [78.2627995, 9.8128326]}, "properties": {"kind": "amenity", "group": "Fuel stations", "name": "Bharat Petroleum", "osm_id": 8986963227, "osm_type": "node", "osm_tag": "amenity=fuel"}}, {"type": "Feature", "geometry": {"type": "Point", "coordinates": [78.1427589, 9.9364267]}, "properties": {"kind": "amenity", "group": "Pharmacies", "name": "Apollo Pharmacy", "osm_id": 8986963317, "osm_type": "node", "osm_tag": "amenity=pharmacy"}}, {"type": "Feature", "geometry": {"type": "Point", "coordinates": [77.9616753, 10.0203011]}, "properties": {"kind": "amenity", "group": "Places of worship", "name": "Jenagai Mariamman Temple", "osm_id": 8993827060, "osm_type": "node", "osm_tag": "amenity=place_of_worship"}}, {"type": "Feature", "geometry": {"type": "Point", "coordinates": [77.9636506, 10.0225951]}, "properties": {"kind": "amenity", "group": "Bus stops & stations", "name": "Sholavandhan Bus Stand", "osm_id": 8994602010, "osm_type": "node", "osm_tag": "amenity=bus_station"}}, {"type": "Feature", "geometry": {"type": "Point", "coordinates": [77.9616426, 10.0199545]}, "properties": {"kind": "amenity", "group": "Places of worship", "name": "Sri Jenagai Narayana Swami Temple", "osm_id": 8994658267, "osm_type": "node", "osm_tag": "amenity=place_of_worship"}}, {"type": "Feature", "geometry": {"type": "Point", "coordinates": [77.9630435, 10.0221562]}, "properties": {"kind": "amenity", "group": "Places of worship", "name": "CSI Immanuel church", "osm_id": 8994659069, "osm_type": "node", "osm_tag": "amenity=place_of_worship"}}, {"type": "Feature", "geometry": {"type": "Point", "coordinates": [77.9616923, 10.0201286]}, "properties": {"kind": "amenity", "group": "Places of worship", "name": "Jenagai Aiyappan Temple", "osm_id": 8994659780, "osm_type": "node", "osm_tag": "amenity=place_of_worship"}}, {"type": "Feature", "geometry": {"type": "Point", "coordinates": [77.9619188, 10.0221144]}, "properties": {"kind": "amenity", "group": "Parks & sport", "name": "Government School Park", "osm_id": 8994659781, "osm_type": "node", "osm_tag": "leisure=park"}}, {"type": "Feature", "geometry": {"type": "Point", "coordinates": [77.9633826, 10.0188419]}, "properties": {"kind": "amenity", "group": "Places of worship", "name": "Sholavandhan Mosque", "osm_id": 8997445292, "osm_type": "node", "osm_tag": "amenity=place_of_worship"}}, {"type": "Feature", "geometry": {"type": "Point", "coordinates": [77.9705508, 10.0102707]}, "properties": {"kind": "amenity", "group": "Bus stops & stations", "name": "RMS Bus stop", "osm_id": 8999986587, "osm_type": "node", "osm_tag": "highway=bus_stop"}}, {"type": "Feature", "geometry": {"type": "Point", "coordinates": [77.9589158, 10.0219702]}, "properties": {"kind": "amenity", "group": "Places of worship", "name": "Vatta Pillayar temple", "osm_id": 9001247016, "osm_type": "node", "osm_tag": "amenity=place_of_worship"}}, {"type": "Feature", "geometry": {"type": "Point", "coordinates": [77.9628136, 10.0183132]}, "properties": {"kind": "amenity", "group": "Bus stops & stations", "name": "Veppa Maram bus stop", "osm_id": 9034584853, "osm_type": "node", "osm_tag": "amenity=bus_station"}}, {"type": "Feature", "geometry": {"type": "Point", "coordinates": [78.0886687, 9.9356298]}, "properties": {"kind": "amenity", "group": "Fuel stations", "name": "Indian Oil", "osm_id": 9052554119, "osm_type": "node", "osm_tag": "amenity=fuel"}}, {"type": "Feature", "geometry": {"type": "Point", "coordinates": [78.0959335, 9.9300079]}, "properties": {"kind": "amenity", "group": "Banks & ATMs", "name": "HDFC Bank", "osm_id": 9052554217, "osm_type": "node", "osm_tag": "amenity=atm"}}, {"type": "Feature", "geometry": {"type": "Point", "coordinates": [78.334574, 10.0302667]}, "properties": {"kind": "amenity", "group": "Bus stops & stations", "name": "", "osm_id": 9052554519, "osm_type": "node", "osm_tag": "highway=bus_stop"}}, {"type": "Feature", "geometry": {"type": "Point", "coordinates": [78.1382896, 9.9697507]}, "properties": {"kind": "amenity", "group": "Fuel stations", "name": "MMC Filling Station", "osm_id": 9176324753, "osm_type": "node", "osm_tag": "amenity=fuel"}}, {"type": "Feature", "geometry": {"type": "Point", "coordinates": [78.0496441, 9.9115828]}, "properties": {"kind": "amenity", "group": "Food & eating out", "name": "Kumbakonam Degree Coffee", "osm_id": 9226733012, "osm_type": "node", "osm_tag": "amenity=cafe"}}, {"type": "Feature", "geometry": {"type": "Point", "coordinates": [78.0835809, 9.825964]}, "properties": {"kind": "amenity", "group": "Food & eating out", "name": "Hotel Buhari", "osm_id": 9249684738, "osm_type": "node", "osm_tag": "amenity=restaurant"}}, {"type": "Feature", "geometry": {"type": "Point", "coordinates": [78.1734234, 9.9565981]}, "properties": {"kind": "amenity", "group": "Places of worship", "name": "Karunai Sabai", "osm_id": 9300072320, "osm_type": "node", "osm_tag": "amenity=place_of_worship"}}, {"type": "Feature", "geometry": {"type": "Point", "coordinates": [78.0073329, 9.8407738]}, "properties": {"kind": "amenity", "group": "Fuel stations", "name": "Indian oil corp", "osm_id": 9388121880, "osm_type": "node", "osm_tag": "amenity=fuel"}}, {"type": "Feature", "geometry": {"type": "Point", "coordinates": [78.0738779, 9.9365835]}, "properties": {"kind": "amenity", "group": "Places of worship", "name": "", "osm_id": 9508372551, "osm_type": "node", "osm_tag": "amenity=place_of_worship"}}, {"type": "Feature", "geometry": {"type": "Point", "coordinates": [78.1033355, 9.9353252]}, "properties": {"kind": "amenity", "group": "Food & eating out", "name": "Gowri Shankar Mess", "osm_id": 9521012917, "osm_type": "node", "osm_tag": "amenity=restaurant"}}, {"type": "Feature", "geometry": {"type": "Point", "coordinates": [78.1035208, 9.9352638]}, "properties": {"kind": "amenity", "group": "Food & eating out", "name": "Karthick Bhavan Veg Hotel", "osm_id": 9521013017, "osm_type": "node", "osm_tag": "amenity=restaurant"}}, {"type": "Feature", "geometry": {"type": "Point", "coordinates": [78.1562823, 9.9457531]}, "properties": {"kind": "amenity", "group": "Food & eating out", "name": "Sulthan Hotel", "osm_id": 9569028509, "osm_type": "node", "osm_tag": "amenity=restaurant"}}, {"type": "Feature", "geometry": {"type": "Point", "coordinates": [78.1673623, 9.9372094]}, "properties": {"kind": "amenity", "group": "Fuel stations", "name": "Super Gas", "osm_id": 9569028510, "osm_type": "node", "osm_tag": "amenity=fuel"}}, {"type": "Feature", "geometry": {"type": "Point", "coordinates": [78.1551729, 9.9435961]}, "properties": {"kind": "amenity", "group": "Police & fire", "name": "E5 Mattuthavani Station", "osm_id": 9569071027, "osm_type": "node", "osm_tag": "amenity=police"}}, {"type": "Feature", "geometry": {"type": "Point", "coordinates": [78.0106543, 9.8441089]}, "properties": {"kind": "amenity", "group": "Food & eating out", "name": "Anjappar", "osm_id": 9569188283, "osm_type": "node", "osm_tag": "amenity=restaurant"}}, {"type": "Feature", "geometry": {"type": "Point", "coordinates": [78.1010032, 9.9317369]}, "properties": {"kind": "amenity", "group": "Food & eating out", "name": "Baskaran veg & non veg Hotel", "osm_id": 9602121221, "osm_type": "node", "osm_tag": "amenity=restaurant"}}, {"type": "Feature", "geometry": {"type": "Point", "coordinates": [78.1361517, 9.9355249]}, "properties": {"kind": "amenity", "group": "Fuel stations", "name": "Bharat Petroleum", "osm_id": 9632651118, "osm_type": "node", "osm_tag": "amenity=fuel"}}, {"type": "Feature", "geometry": {"type": "Point", "coordinates": [78.1876419, 9.9573268]}, "properties": {"kind": "amenity", "group": "Places of worship", "name": "", "osm_id": 9688980117, "osm_type": "node", "osm_tag": "amenity=place_of_worship"}}, {"type": "Feature", "geometry": {"type": "Point", "coordinates": [78.1598221, 9.9473071]}, "properties": {"kind": "amenity", "group": "Banks & ATMs", "name": "Karur Vysya Bank", "osm_id": 9688980217, "osm_type": "node", "osm_tag": "amenity=bank"}}, {"type": "Feature", "geometry": {"type": "Point", "coordinates": [78.1402318, 9.9373301]}, "properties": {"kind": "amenity", "group": "Banks & ATMs", "name": "SBI Administrative Office", "osm_id": 9776942618, "osm_type": "node", "osm_tag": "amenity=bank"}}, {"type": "Feature", "geometry": {"type": "Point", "coordinates": [78.131946, 9.931082]}, "properties": {"kind": "amenity", "group": "Food & eating out", "name": "Ashokbhavan Veg Hotel", "osm_id": 9776942818, "osm_type": "node", "osm_tag": "amenity=restaurant"}}, {"type": "Feature", "geometry": {"type": "Point", "coordinates": [78.1296482, 9.9294957]}, "properties": {"kind": "amenity", "group": "Food & eating out", "name": "Maruthas Mess Veg & Non Veg", "osm_id": 9776942819, "osm_type": "node", "osm_tag": "amenity=restaurant"}}, {"type": "Feature", "geometry": {"type": "Point", "coordinates": [78.1426488, 9.9364263]}, "properties": {"kind": "amenity", "group": "Banks & ATMs", "name": "Karur Vysya Bank", "osm_id": 9776942917, "osm_type": "node", "osm_tag": "amenity=bank"}}, {"type": "Feature", "geometry": {"type": "Point", "coordinates": [78.1361966, 9.9357051]}, "properties": {"kind": "amenity", "group": "Food & eating out", "name": "\u0bb6\u0bcd\u0bb0\u0bc0 \u0b9c\u0bbe\u0ba9\u0b95\u0bbf \u0bb0\u0bbe\u0bae\u0bcd", "osm_id": 9776942919, "osm_type": "node", "osm_tag": "amenity=restaurant"}}, {"type": "Feature", "geometry": {"type": "Point", "coordinates": [78.1297651, 9.9293427]}, "properties": {"kind": "amenity", "group": "Food & eating out", "name": "King Metro Veg Hotel", "osm_id": 9776943217, "osm_type": "node", "osm_tag": "amenity=restaurant"}}, {"type": "Feature", "geometry": {"type": "Point", "coordinates": [78.1080526, 9.9609324]}, "properties": {"kind": "amenity", "group": "Civic & community", "name": "Sri Venkateshwara Function Hall", "osm_id": 9784710219, "osm_type": "node", "osm_tag": "amenity=community_centre"}}, {"type": "Feature", "geometry": {"type": "Point", "coordinates": [78.1240019, 9.9238972]}, "properties": {"kind": "amenity", "group": "Pharmacies", "name": "Cooperative Medicine Shop", "osm_id": 9784710317, "osm_type": "node", "osm_tag": "amenity=pharmacy"}}, {"type": "Feature", "geometry": {"type": "Point", "coordinates": [78.1087293, 9.9588166]}, "properties": {"kind": "amenity", "group": "Civic & community", "name": "Sri Angala Eswari Mahal", "osm_id": 9784710717, "osm_type": "node", "osm_tag": "amenity=community_centre"}}, {"type": "Feature", "geometry": {"type": "Point", "coordinates": [78.0964787, 9.9209524]}, "properties": {"kind": "amenity", "group": "Shops & markets", "name": "Maran Supermarket", "osm_id": 9787264117, "osm_type": "node", "osm_tag": "shop=supermarket"}}, {"type": "Feature", "geometry": {"type": "Point", "coordinates": [78.0964608, 9.9208168]}, "properties": {"kind": "amenity", "group": "Shops & markets", "name": "Jaya Store", "osm_id": 9787264217, "osm_type": "node", "osm_tag": "shop=general"}}, {"type": "Feature", "geometry": {"type": "Point", "coordinates": [78.0967634, 9.9224471]}, "properties": {"kind": "amenity", "group": "Pharmacies", "name": "Devaki Medical", "osm_id": 9787264317, "osm_type": "node", "osm_tag": "amenity=pharmacy"}}, {"type": "Feature", "geometry": {"type": "Point", "coordinates": [78.0444891, 9.9351066]}, "properties": {"kind": "amenity", "group": "Bus stops & stations", "name": "SVN Kalloori", "osm_id": 9793501295, "osm_type": "node", "osm_tag": "highway=bus_stop"}}, {"type": "Feature", "geometry": {"type": "Point", "coordinates": [78.0444523, 9.9349034]}, "properties": {"kind": "amenity", "group": "Bus stops & stations", "name": "SVN Kalloori", "osm_id": 9793501296, "osm_type": "node", "osm_tag": "highway=bus_stop"}}, {"type": "Feature", "geometry": {"type": "Point", "coordinates": [78.0478348, 9.9345621]}, "properties": {"kind": "amenity", "group": "Bus stops & stations", "name": "Jeyaraj Nadar Palli", "osm_id": 9793501297, "osm_type": "node", "osm_tag": "highway=bus_stop"}}, {"type": "Feature", "geometry": {"type": "Point", "coordinates": [78.0478643, 9.9343531]}, "properties": {"kind": "amenity", "group": "Bus stops & stations", "name": "Jeyaraj Nadar Palli", "osm_id": 9793501298, "osm_type": "node", "osm_tag": "highway=bus_stop"}}, {"type": "Feature", "geometry": {"type": "Point", "coordinates": [78.0520089, 9.9346331]}, "properties": {"kind": "amenity", "group": "Bus stops & stations", "name": "Nagamalai Pudukottai", "osm_id": 9793501299, "osm_type": "node", "osm_tag": "highway=bus_stop"}}, {"type": "Feature", "geometry": {"type": "Point", "coordinates": [78.0517387, 9.9344124]}, "properties": {"kind": "amenity", "group": "Bus stops & stations", "name": "Nagamalai Pudukottai", "osm_id": 9793501300, "osm_type": "node", "osm_tag": "highway=bus_stop"}}, {"type": "Feature", "geometry": {"type": "Point", "coordinates": [78.0671872, 9.9384847]}, "properties": {"kind": "amenity", "group": "Bus stops & stations", "name": "Achampathu", "osm_id": 9793501301, "osm_type": "node", "osm_tag": "highway=bus_stop"}}, {"type": "Feature", "geometry": {"type": "Point", "coordinates": [78.0671821, 9.938392]}, "properties": {"kind": "amenity", "group": "Bus stops & stations", "name": "Achampathu", "osm_id": 9793501302, "osm_type": "node", "osm_tag": "highway=bus_stop"}}, {"type": "Feature", "geometry": {"type": "Point", "coordinates": [78.0748858, 9.9367333]}, "properties": {"kind": "amenity", "group": "Bus stops & stations", "name": "Vattatchiyar Aluvalagam", "osm_id": 9793501303, "osm_type": "node", "osm_tag": "highway=bus_stop"}}, {"type": "Feature", "geometry": {"type": "Point", "coordinates": [78.0749594, 9.9365946]}, "properties": {"kind": "amenity", "group": "Bus stops & stations", "name": "Vattatchiyar Aluvalagam", "osm_id": 9793501304, "osm_type": "node", "osm_tag": "highway=bus_stop"}}, {"type": "Feature", "geometry": {"type": "Point", "coordinates": [78.0773554, 9.9355033]}, "properties": {"kind": "amenity", "group": "Bus stops & stations", "name": "Virattipathu", "osm_id": 9793501305, "osm_type": "node", "osm_tag": "highway=bus_stop"}}, {"type": "Feature", "geometry": {"type": "Point", "coordinates": [78.0776637, 9.9351971]}, "properties": {"kind": "amenity", "group": "Bus stops & stations", "name": "Virattipathu", "osm_id": 9793501306, "osm_type": "node", "osm_tag": "highway=bus_stop"}}, {"type": "Feature", "geometry": {"type": "Point", "coordinates": [78.0905834, 9.9339492]}, "properties": {"kind": "amenity", "group": "Bus stops & stations", "name": "Mudakkusalai", "osm_id": 9793501307, "osm_type": "node", "osm_tag": "highway=bus_stop"}}, {"type": "Feature", "geometry": {"type": "Point", "coordinates": [78.0906467, 9.934192]}, "properties": {"kind": "amenity", "group": "Bus stops & stations", "name": "Mudakkusalai", "osm_id": 9793501308, "osm_type": "node", "osm_tag": "highway=bus_stop"}}, {"type": "Feature", "geometry": {"type": "Point", "coordinates": [78.0930622, 9.9323812]}, "properties": {"kind": "amenity", "group": "Bus stops & stations", "name": "P.P. Chavadi", "osm_id": 9793501309, "osm_type": "node", "osm_tag": "highway=bus_stop"}}, {"type": "Feature", "geometry": {"type": "Point", "coordinates": [78.0929879, 9.9326856]}, "properties": {"kind": "amenity", "group": "Bus stops & stations", "name": "P.P. Chavadi", "osm_id": 9793501310, "osm_type": "node", "osm_tag": "highway=bus_stop"}}, {"type": "Feature", "geometry": {"type": "Point", "coordinates": [78.0948731, 9.9307756]}, "properties": {"kind": "amenity", "group": "Bus stops & stations", "name": "Kalavasal", "osm_id": 9793501311, "osm_type": "node", "osm_tag": "highway=bus_stop"}}, {"type": "Feature", "geometry": {"type": "Point", "coordinates": [78.0947869, 9.9311281]}, "properties": {"kind": "amenity", "group": "Bus stops & stations", "name": "Kalavasal", "osm_id": 9793501312, "osm_type": "node", "osm_tag": "highway=bus_stop"}}, {"type": "Feature", "geometry": {"type": "Point", "coordinates": [78.0957378, 9.930812]}, "properties": {"kind": "amenity", "group": "Bus stops & stations", "name": "Kalavasal", "osm_id": 9793501313, "osm_type": "node", "osm_tag": "highway=bus_stop"}}, {"type": "Feature", "geometry": {"type": "Point", "coordinates": [78.0955967, 9.9294825]}, "properties": {"kind": "amenity", "group": "Bus stops & stations", "name": "Kalavasal", "osm_id": 9793501314, "osm_type": "node", "osm_tag": "highway=bus_stop"}}, {"type": "Feature", "geometry": {"type": "Point", "coordinates": [78.0952095, 9.9295431]}, "properties": {"kind": "amenity", "group": "Bus stops & stations", "name": "Kalavasal", "osm_id": 9793501315, "osm_type": "node", "osm_tag": "highway=bus_stop"}}, {"type": "Feature", "geometry": {"type": "Point", "coordinates": [78.0942839, 9.9228729]}, "properties": {"kind": "amenity", "group": "Shops & markets", "name": "Nilgiri's", "osm_id": 9794168921, "osm_type": "node", "osm_tag": "shop=supermarket"}}, {"type": "Feature", "geometry": {"type": "Point", "coordinates": [78.0943164, 9.9230326]}, "properties": {"kind": "amenity", "group": "Banks & ATMs", "name": "Axis Bank", "osm_id": 9794168922, "osm_type": "node", "osm_tag": "amenity=bank"}}, {"type": "Feature", "geometry": {"type": "Point", "coordinates": [78.0943942, 9.9236238]}, "properties": {"kind": "amenity", "group": "Pharmacies", "name": "Vadamalaiyan Medical", "osm_id": 9794168923, "osm_type": "node", "osm_tag": "amenity=pharmacy"}}, {"type": "Feature", "geometry": {"type": "Point", "coordinates": [78.0968336, 9.9229316]}, "properties": {"kind": "amenity", "group": "Banks & ATMs", "name": "Bank of Baroda", "osm_id": 9794168924, "osm_type": "node", "osm_tag": "amenity=bank"}}, {"type": "Feature", "geometry": {"type": "Point", "coordinates": [78.0969161, 9.9227354]}, "properties": {"kind": "amenity", "group": "Food & eating out", "name": "Chottu Cafe", "osm_id": 9794169117, "osm_type": "node", "osm_tag": "amenity=cafe"}}, {"type": "Feature", "geometry": {"type": "Point", "coordinates": [78.0940003, 9.9216516]}, "properties": {"kind": "amenity", "group": "Pharmacies", "name": "Sri Lakshmi Medical", "osm_id": 9794169119, "osm_type": "node", "osm_tag": "amenity=pharmacy"}}, {"type": "Feature", "geometry": {"type": "Point", "coordinates": [78.0924177, 9.9368452]}, "properties": {"kind": "amenity", "group": "Pharmacies", "name": "SS Medical", "osm_id": 9794169517, "osm_type": "node", "osm_tag": "amenity=pharmacy"}}, {"type": "Feature", "geometry": {"type": "Point", "coordinates": [78.0005531, 9.8345165]}, "properties": {"kind": "amenity", "group": "Civic & community", "name": "Rassie Arangam", "osm_id": 9812834643, "osm_type": "node", "osm_tag": "amenity=community_centre"}}, {"type": "Feature", "geometry": {"type": "Point", "coordinates": [78.1541466, 9.9444531]}, "properties": {"kind": "amenity", "group": "Fuel stations", "name": "\u0bb9\u0bc6\u0b9a\u0bcd\u0baa\u0bbf \u0baa\u0bc6\u0b9f\u0bcd\u0bb0\u0bc7\u0bbe\u0bb2\u0bcd \u0baa\u0b99\u0bcd\u0b95\u0bcd", "osm_id": 9859758917, "osm_type": "node", "osm_tag": "amenity=fuel"}}, {"type": "Feature", "geometry": {"type": "Point", "coordinates": [78.1436464, 9.9321444]}, "properties": {"kind": "amenity", "group": "Food & eating out", "name": "Bismi Hotel Veg & Non veg", "osm_id": 9859758918, "osm_type": "node", "osm_tag": "amenity=restaurant"}}, {"type": "Feature", "geometry": {"type": "Point", "coordinates": [78.1185329, 9.9206346]}, "properties": {"kind": "amenity", "group": "Banks & ATMs", "name": "ICICI Bank", "osm_id": 9859759018, "osm_type": "node", "osm_tag": "amenity=bank"}}, {"type": "Feature", "geometry": {"type": "Point", "coordinates": [78.1192489, 9.9207722]}, "properties": {"kind": "amenity", "group": "Shops & markets", "name": "CM Sri Subbulakshmi Supermarket", "osm_id": 9859760618, "osm_type": "node", "osm_tag": "shop=supermarket"}}, {"type": "Feature", "geometry": {"type": "Point", "coordinates": [78.0978544, 9.9370962]}, "properties": {"kind": "amenity", "group": "Bus stops & stations", "name": "Guru Thiraiarangam", "osm_id": 9919709251, "osm_type": "node", "osm_tag": "highway=bus_stop"}}, {"type": "Feature", "geometry": {"type": "Point", "coordinates": [78.0976258, 9.9373018]}, "properties": {"kind": "amenity", "group": "Bus stops & stations", "name": "Guru Thiraiarangam", "osm_id": 9919709252, "osm_type": "node", "osm_tag": "highway=bus_stop"}}, {"type": "Feature", "geometry": {"type": "Point", "coordinates": [78.0971902, 9.936282]}, "properties": {"kind": "amenity", "group": "Bus stops & stations", "name": "Guru Thiraiarangam", "osm_id": 9919709253, "osm_type": "node", "osm_tag": "highway=bus_stop"}}, {"type": "Feature", "geometry": {"type": "Point", "coordinates": [78.0974535, 9.9360886]}, "properties": {"kind": "amenity", "group": "Bus stops & stations", "name": "Guru Thiraiarangam", "osm_id": 9919709254, "osm_type": "node", "osm_tag": "highway=bus_stop"}}, {"type": "Feature", "geometry": {"type": "Point", "coordinates": [78.0947375, 9.9261503]}, "properties": {"kind": "amenity", "group": "Bus stops & stations", "name": "Chockalinga Nagar", "osm_id": 9919709255, "osm_type": "node", "osm_tag": "highway=bus_stop"}}, {"type": "Feature", "geometry": {"type": "Point", "coordinates": [78.0945446, 9.9262678]}, "properties": {"kind": "amenity", "group": "Bus stops & stations", "name": "Chockalinga Nagar", "osm_id": 9919709256, "osm_type": "node", "osm_tag": "highway=bus_stop"}}, {"type": "Feature", "geometry": {"type": "Point", "coordinates": [78.0936305, 9.9221147]}, "properties": {"kind": "amenity", "group": "Bus stops & stations", "name": "Ponmeni Bus stop", "osm_id": 9919709257, "osm_type": "node", "osm_tag": "highway=bus_stop"}}, {"type": "Feature", "geometry": {"type": "Point", "coordinates": [78.094006, 9.9222547]}, "properties": {"kind": "amenity", "group": "Bus stops & stations", "name": "Ponmeni Bus stop", "osm_id": 9919709258, "osm_type": "node", "osm_tag": "highway=bus_stop"}}, {"type": "Feature", "geometry": {"type": "Point", "coordinates": [78.0941536, 9.9244891]}, "properties": {"kind": "amenity", "group": "Bus stops & stations", "name": "SS Colony", "osm_id": 9919709259, "osm_type": "node", "osm_tag": "highway=bus_stop"}}, {"type": "Feature", "geometry": {"type": "Point", "coordinates": [78.0941639, 9.9232871]}, "properties": {"kind": "amenity", "group": "Bus stops & stations", "name": "SS Colony", "osm_id": 9919709260, "osm_type": "node", "osm_tag": "highway=bus_stop"}}, {"type": "Feature", "geometry": {"type": "Point", "coordinates": [78.0940027, 9.9179728]}, "properties": {"kind": "amenity", "group": "Bus stops & stations", "name": "Ram Nagar Bus stop", "osm_id": 9919709261, "osm_type": "node", "osm_tag": "highway=bus_stop"}}, {"type": "Feature", "geometry": {"type": "Point", "coordinates": [78.0941146, 9.9185243]}, "properties": {"kind": "amenity", "group": "Bus stops & stations", "name": "Ram Nagar", "osm_id": 9919709262, "osm_type": "node", "osm_tag": "highway=bus_stop"}}, {"type": "Feature", "geometry": {"type": "Point", "coordinates": [78.0956514, 9.9137665]}, "properties": {"kind": "amenity", "group": "Bus stops & stations", "name": "PRC", "osm_id": 9919709263, "osm_type": "node", "osm_tag": "highway=bus_stop"}}, {"type": "Feature", "geometry": {"type": "Point", "coordinates": [78.0958293, 9.9141373]}, "properties": {"kind": "amenity", "group": "Bus stops & stations", "name": "PRC", "osm_id": 9919709264, "osm_type": "node", "osm_tag": "highway=bus_stop"}}, {"type": "Feature", "geometry": {"type": "Point", "coordinates": [78.0983644, 9.9065806]}, "properties": {"kind": "amenity", "group": "Bus stops & stations", "name": "Vasantha Nagar", "osm_id": 9919709265, "osm_type": "node", "osm_tag": "highway=bus_stop"}}, {"type": "Feature", "geometry": {"type": "Point", "coordinates": [78.0986007, 9.9066565]}, "properties": {"kind": "amenity", "group": "Bus stops & stations", "name": "Vasantha Nagar", "osm_id": 9919709266, "osm_type": "node", "osm_tag": "highway=bus_stop"}}, {"type": "Feature", "geometry": {"type": "Point", "coordinates": [78.0969253, 9.9035412]}, "properties": {"kind": "amenity", "group": "Bus stops & stations", "name": "Pazhanganatham", "osm_id": 9919709267, "osm_type": "node", "osm_tag": "highway=bus_stop"}}, {"type": "Feature", "geometry": {"type": "Point", "coordinates": [78.0962801, 9.9026959]}, "properties": {"kind": "amenity", "group": "Bus stops & stations", "name": "Pazhanganatham", "osm_id": 9919709268, "osm_type": "node", "osm_tag": "highway=bus_stop"}}, {"type": "Feature", "geometry": {"type": "Point", "coordinates": [78.0935628, 9.9005134]}, "properties": {"kind": "amenity", "group": "Bus stops & stations", "name": "Alagappan Nagar", "osm_id": 9919709269, "osm_type": "node", "osm_tag": "highway=bus_stop"}}, {"type": "Feature", "geometry": {"type": "Point", "coordinates": [78.0926904, 9.8996453]}, "properties": {"kind": "amenity", "group": "Bus stops & stations", "name": "Alagappan Nagar", "osm_id": 9919709270, "osm_type": "node", "osm_tag": "highway=bus_stop"}}, {"type": "Feature", "geometry": {"type": "Point", "coordinates": [78.0891711, 9.8978756]}, "properties": {"kind": "amenity", "group": "Bus stops & stations", "name": "Pykara", "osm_id": 9919709272, "osm_type": "node", "osm_tag": "highway=bus_stop"}}, {"type": "Feature", "geometry": {"type": "Point", "coordinates": [78.0895466, 9.8979481]}, "properties": {"kind": "amenity", "group": "Bus stops & stations", "name": "Pykara", "osm_id": 9919709273, "osm_type": "node", "osm_tag": "highway=bus_stop"}}, {"type": "Feature", "geometry": {"type": "Point", "coordinates": [78.0783505, 9.8933576]}, "properties": {"kind": "amenity", "group": "Bus stops & stations", "name": "Moolakarai", "osm_id": 9919709274, "osm_type": "node", "osm_tag": "highway=bus_stop"}}, {"type": "Feature", "geometry": {"type": "Point", "coordinates": [78.0786762, 9.8936319]}, "properties": {"kind": "amenity", "group": "Bus stops & stations", "name": "Moolakarai", "osm_id": 9919709275, "osm_type": "node", "osm_tag": "highway=bus_stop"}}, {"type": "Feature", "geometry": {"type": "Point", "coordinates": [78.0821892, 9.8944681]}, "properties": {"kind": "amenity", "group": "Bus stops & stations", "name": "Pasumalai", "osm_id": 9919709276, "osm_type": "node", "osm_tag": "highway=bus_stop"}}, {"type": "Feature", "geometry": {"type": "Point", "coordinates": [78.0823552, 9.8942722]}, "properties": {"kind": "amenity", "group": "Bus stops & stations", "name": "Pasumalai", "osm_id": 9919709277, "osm_type": "node", "osm_tag": "highway=bus_stop"}}, {"type": "Feature", "geometry": {"type": "Point", "coordinates": [78.0727289, 9.8846797]}, "properties": {"kind": "amenity", "group": "Bus stops & stations", "name": "Sannithi / TCE", "osm_id": 9919709278, "osm_type": "node", "osm_tag": "highway=bus_stop"}}, {"type": "Feature", "geometry": {"type": "Point", "coordinates": [78.0711131, 9.882859]}, "properties": {"kind": "amenity", "group": "Bus stops & stations", "name": "Thirupparankundram", "osm_id": 9919709279, "osm_type": "node", "osm_tag": "highway=bus_stop"}}, {"type": "Feature", "geometry": {"type": "Point", "coordinates": [78.0712812, 9.8827844]}, "properties": {"kind": "amenity", "group": "Bus stops & stations", "name": "Thirupparankundram", "osm_id": 9919709280, "osm_type": "node", "osm_tag": "highway=bus_stop"}}, {"type": "Feature", "geometry": {"type": "Point", "coordinates": [78.0657409, 9.8808376]}, "properties": {"kind": "amenity", "group": "Bus stops & stations", "name": "Thirupparankundram Poonga", "osm_id": 9919709281, "osm_type": "node", "osm_tag": "highway=bus_stop"}}, {"type": "Feature", "geometry": {"type": "Point", "coordinates": [78.0659363, 9.8806629]}, "properties": {"kind": "amenity", "group": "Bus stops & stations", "name": "Thirupparankundram Poonga", "osm_id": 9919709282, "osm_type": "node", "osm_tag": "highway=bus_stop"}}, {"type": "Feature", "geometry": {"type": "Point", "coordinates": [78.0618966, 9.8807416]}, "properties": {"kind": "amenity", "group": "Bus stops & stations", "name": "Harveypatti", "osm_id": 9919709283, "osm_type": "node", "osm_tag": "highway=bus_stop"}}, {"type": "Feature", "geometry": {"type": "Point", "coordinates": [78.0618847, 9.8804733]}, "properties": {"kind": "amenity", "group": "Bus stops & stations", "name": "Harveypatti", "osm_id": 9919709284, "osm_type": "node", "osm_tag": "highway=bus_stop"}}, {"type": "Feature", "geometry": {"type": "Point", "coordinates": [78.0583846, 9.8806725]}, "properties": {"kind": "amenity", "group": "Bus stops & stations", "name": "Thirunagar 1st Stop", "osm_id": 9919709285, "osm_type": "node", "osm_tag": "highway=bus_stop"}}, {"type": "Feature", "geometry": {"type": "Point", "coordinates": [78.0555716, 9.8810056]}, "properties": {"kind": "amenity", "group": "Bus stops & stations", "name": "Thirunagar 2nd Stop", "osm_id": 9919709286, "osm_type": "node", "osm_tag": "highway=bus_stop"}}, {"type": "Feature", "geometry": {"type": "Point", "coordinates": [78.052593, 9.8821539]}, "properties": {"kind": "amenity", "group": "Bus stops & stations", "name": "Thirunagar 3rd Stop", "osm_id": 9919709287, "osm_type": "node", "osm_tag": "highway=bus_stop"}}, {"type": "Feature", "geometry": {"type": "Point", "coordinates": [78.0270711, 9.87357]}, "properties": {"kind": "amenity", "group": "Bus stops & stations", "name": "Thoppur", "osm_id": 9919709288, "osm_type": "node", "osm_tag": "highway=bus_stop"}}, {"type": "Feature", "geometry": {"type": "Point", "coordinates": [78.0272203, 9.8731361]}, "properties": {"kind": "amenity", "group": "Bus stops & stations", "name": "Thoppur", "osm_id": 9919709289, "osm_type": "node", "osm_tag": "highway=bus_stop"}}, {"type": "Feature", "geometry": {"type": "Point", "coordinates": [78.024845, 9.8695014]}, "properties": {"kind": "amenity", "group": "Bus stops & stations", "name": "Austinpatti", "osm_id": 9919709290, "osm_type": "node", "osm_tag": "highway=bus_stop"}}, {"type": "Feature", "geometry": {"type": "Point", "coordinates": [78.0249223, 9.8687654]}, "properties": {"kind": "amenity", "group": "Bus stops & stations", "name": "Austinpatti", "osm_id": 9919709291, "osm_type": "node", "osm_tag": "highway=bus_stop"}}, {"type": "Feature", "geometry": {"type": "Point", "coordinates": [78.099239, 9.906333]}, "properties": {"kind": "amenity", "group": "Bus stops & stations", "name": "Andalpuram", "osm_id": 9919709292, "osm_type": "node", "osm_tag": "highway=bus_stop"}}, {"type": "Feature", "geometry": {"type": "Point", "coordinates": [78.0994637, 9.9064058]}, "properties": {"kind": "amenity", "group": "Bus stops & stations", "name": "Andalpuram", "osm_id": 9919709293, "osm_type": "node", "osm_tag": "highway=bus_stop"}}, {"type": "Feature", "geometry": {"type": "Point", "coordinates": [78.1090741, 9.9093287]}, "properties": {"kind": "amenity", "group": "Bus stops & stations", "name": "Madurai Kalloori", "osm_id": 9919709294, "osm_type": "node", "osm_tag": "highway=bus_stop"}}, {"type": "Feature", "geometry": {"type": "Point", "coordinates": [78.1091033, 9.909195]}, "properties": {"kind": "amenity", "group": "Bus stops & stations", "name": "Madurai Kalloori", "osm_id": 9919709295, "osm_type": "node", "osm_tag": "highway=bus_stop"}}, {"type": "Feature", "geometry": {"type": "Point", "coordinates": [77.9858037, 10.0586684]}, "properties": {"kind": "amenity", "group": "Fuel stations", "name": "Bharat Petroleum", "osm_id": 10169300859, "osm_type": "node", "osm_tag": "amenity=fuel"}}, {"type": "Feature", "geometry": {"type": "Point", "coordinates": [78.0947643, 9.9505666]}, "properties": {"kind": "amenity", "group": "Fuel stations", "name": "", "osm_id": 10169302533, "osm_type": "node", "osm_tag": "amenity=fuel"}}, {"type": "Feature", "geometry": {"type": "Point", "coordinates": [78.0864182, 9.954911]}, "properties": {"kind": "amenity", "group": "Fuel stations", "name": "Indian Oil", "osm_id": 10169302534, "osm_type": "node", "osm_tag": "amenity=fuel"}}, {"type": "Feature", "geometry": {"type": "Point", "coordinates": [78.0549362, 9.9683525]}, "properties": {"kind": "amenity", "group": "Fuel stations", "name": "HP", "osm_id": 10169305749, "osm_type": "node", "osm_tag": "amenity=fuel"}}, {"type": "Feature", "geometry": {"type": "Point", "coordinates": [78.0513374, 9.9697117]}, "properties": {"kind": "amenity", "group": "Civic & community", "name": "A.S.R. Mahal", "osm_id": 10169305750, "osm_type": "node", "osm_tag": "amenity=community_centre"}}, {"type": "Feature", "geometry": {"type": "Point", "coordinates": [78.1438412, 9.9363694]}, "properties": {"kind": "amenity", "group": "Banks & ATMs", "name": "IDBI Bank", "osm_id": 10169310972, "osm_type": "node", "osm_tag": "amenity=bank"}}, {"type": "Feature", "geometry": {"type": "Point", "coordinates": [78.1240272, 9.9230048]}, "properties": {"kind": "amenity", "group": "Places of worship", "name": "Karuppana Sami Temple", "osm_id": 10197302718, "osm_type": "node", "osm_tag": "amenity=place_of_worship"}}, {"type": "Feature", "geometry": {"type": "Point", "coordinates": [78.2916082, 10.0108048]}, "properties": {"kind": "amenity", "group": "Fuel stations", "name": "Indian Oil", "osm_id": 10197717351, "osm_type": "node", "osm_tag": "amenity=fuel"}}, {"type": "Feature", "geometry": {"type": "Point", "coordinates": [78.2159284, 9.9733923]}, "properties": {"kind": "amenity", "group": "Banks & ATMs", "name": "Union Bank of India", "osm_id": 10197717354, "osm_type": "node", "osm_tag": "amenity=atm"}}, {"type": "Feature", "geometry": {"type": "Point", "coordinates": [78.2158899, 9.9733589]}, "properties": {"kind": "amenity", "group": "Shops & markets", "name": "Kirana Store", "osm_id": 10197717355, "osm_type": "node", "osm_tag": "shop=convenience"}}, {"type": "Feature", "geometry": {"type": "Point", "coordinates": [78.0949641, 9.7853105]}, "properties": {"kind": "amenity", "group": "Fuel stations", "name": "Indian Oil", "osm_id": 10197726122, "osm_type": "node", "osm_tag": "amenity=fuel"}}, {"type": "Feature", "geometry": {"type": "Point", "coordinates": [78.1373158, 9.8803256]}, "properties": {"kind": "amenity", "group": "Fuel stations", "name": "", "osm_id": 10197726742, "osm_type": "node", "osm_tag": "amenity=fuel"}}, {"type": "Feature", "geometry": {"type": "Point", "coordinates": [78.2527651, 9.9959331]}, "properties": {"kind": "amenity", "group": "Banks & ATMs", "name": "State Bank of India", "osm_id": 10197729585, "osm_type": "node", "osm_tag": "amenity=atm"}}, {"type": "Feature", "geometry": {"type": "Point", "coordinates": [78.348101, 10.0482147]}, "properties": {"kind": "amenity", "group": "Fuel stations", "name": "", "osm_id": 10197730492, "osm_type": "node", "osm_tag": "amenity=fuel"}}, {"type": "Feature", "geometry": {"type": "Point", "coordinates": [78.3135098, 10.0217787]}, "properties": {"kind": "amenity", "group": "Fuel stations", "name": "Bharat Petroleum", "osm_id": 10197730858, "osm_type": "node", "osm_tag": "amenity=fuel"}}, {"type": "Feature", "geometry": {"type": "Point", "coordinates": [77.9939128, 9.8282279]}, "properties": {"kind": "amenity", "group": "Places of worship", "name": "Shri Thulasimani Iyappan Thirukovil", "osm_id": 10564213381, "osm_type": "node", "osm_tag": "amenity=place_of_worship"}}, {"type": "Feature", "geometry": {"type": "Point", "coordinates": [78.0696102, 9.8814349]}, "properties": {"kind": "amenity", "group": "Civic & community", "name": "Nagarathar Community Centre", "osm_id": 10564229553, "osm_type": "node", "osm_tag": "amenity=community_centre"}}, {"type": "Feature", "geometry": {"type": "Point", "coordinates": [78.112424, 9.9224331]}, "properties": {"kind": "amenity", "group": "Banks & ATMs", "name": "Kotak Mahindra Bank", "osm_id": 10564229555, "osm_type": "node", "osm_tag": "amenity=bank"}}, {"type": "Feature", "geometry": {"type": "Point", "coordinates": [78.0651432, 9.8806829]}, "properties": {"kind": "amenity", "group": "Civic & community", "name": "Sheela Krishnamoorthy Mahal", "osm_id": 10564866034, "osm_type": "node", "osm_tag": "amenity=community_centre"}}, {"type": "Feature", "geometry": {"type": "Point", "coordinates": [78.1442191, 9.932224]}, "properties": {"kind": "amenity", "group": "Food & eating out", "name": "Subbu Bamboo Garden", "osm_id": 10681201805, "osm_type": "node", "osm_tag": "amenity=restaurant"}}, {"type": "Feature", "geometry": {"type": "Point", "coordinates": [78.1504264, 10.0045587]}, "properties": {"kind": "amenity", "group": "Fuel stations", "name": "", "osm_id": 10855639908, "osm_type": "node", "osm_tag": "amenity=fuel"}}, {"type": "Feature", "geometry": {"type": "Point", "coordinates": [78.1180477, 9.9028216]}, "properties": {"kind": "amenity", "group": "Food & eating out", "name": "Lassi House Villapuram", "osm_id": 11171943938, "osm_type": "node", "osm_tag": "amenity=cafe"}}, {"type": "Feature", "geometry": {"type": "Point", "coordinates": [78.1034467, 9.9348878]}, "properties": {"kind": "amenity", "group": "Bus stops & stations", "name": "Bus for Theni (then Munnar)", "osm_id": 11335412770, "osm_type": "node", "osm_tag": "highway=bus_stop"}}, {"type": "Feature", "geometry": {"type": "Point", "coordinates": [78.0268792, 9.8739947]}, "properties": {"kind": "amenity", "group": "Fuel stations", "name": "Indian Oil", "osm_id": 11342559187, "osm_type": "node", "osm_tag": "amenity=fuel"}}, {"type": "Feature", "geometry": {"type": "Point", "coordinates": [78.0207946, 10.0035459]}, "properties": {"kind": "amenity", "group": "Fuel stations", "name": "HP", "osm_id": 11342637010, "osm_type": "node", "osm_tag": "amenity=fuel"}}, {"type": "Feature", "geometry": {"type": "Point", "coordinates": [78.0448286, 9.8343882]}, "properties": {"kind": "amenity", "group": "Fuel stations", "name": "Indian Oil", "osm_id": 11342637011, "osm_type": "node", "osm_tag": "amenity=fuel"}}, {"type": "Feature", "geometry": {"type": "Point", "coordinates": [78.0313648, 9.837694]}, "properties": {"kind": "amenity", "group": "Places of worship", "name": "", "osm_id": 11342637012, "osm_type": "node", "osm_tag": "amenity=place_of_worship"}}, {"type": "Feature", "geometry": {"type": "Point", "coordinates": [78.0007788, 10.0474816]}, "properties": {"kind": "amenity", "group": "Fuel stations", "name": "Indian Oil", "osm_id": 11342650930, "osm_type": "node", "osm_tag": "amenity=fuel"}}, {"type": "Feature", "geometry": {"type": "Point", "coordinates": [77.9963168, 10.0502755]}, "properties": {"kind": "amenity", "group": "Places of worship", "name": "Arulmigu Kurichipatti Pillaiyar Temple, Vadugapatti", "osm_id": 11342650931, "osm_type": "node", "osm_tag": "amenity=place_of_worship"}}, {"type": "Feature", "geometry": {"type": "Point", "coordinates": [77.9599738, 10.0991938]}, "properties": {"kind": "amenity", "group": "Fuel stations", "name": "Indian Oil", "osm_id": 11342665996, "osm_type": "node", "osm_tag": "amenity=fuel"}}, {"type": "Feature", "geometry": {"type": "Point", "coordinates": [78.1197818, 9.9112404]}, "properties": {"kind": "amenity", "group": "Food & eating out", "name": "\u0b9a\u0bc1\u0b95\u0ba9\u0bcd\u0baf\u0bbe \u0baa\u0bb0\u0bcb\u0b9f\u0bcd\u0b9f\u0bbe \u0b95\u0b9f\u0bc8", "osm_id": 11361661169, "osm_type": "node", "osm_tag": "amenity=restaurant"}}, {"type": "Feature", "geometry": {"type": "Point", "coordinates": [78.1227966, 9.9230969]}, "properties": {"kind": "amenity", "group": "Banks & ATMs", "name": "Indian Bank", "osm_id": 11379956257, "osm_type": "node", "osm_tag": "amenity=bank"}}, {"type": "Feature", "geometry": {"type": "Point", "coordinates": [78.122396, 9.9228695]}, "properties": {"kind": "amenity", "group": "Banks & ATMs", "name": "Canara Bank", "osm_id": 11379956258, "osm_type": "node", "osm_tag": "amenity=bank"}}, {"type": "Feature", "geometry": {"type": "Point", "coordinates": [78.1252943, 9.9201123]}, "properties": {"kind": "amenity", "group": "Food & eating out", "name": "AMMAN VEG RESTAURANT", "osm_id": 11380010069, "osm_type": "node", "osm_tag": "amenity=restaurant"}}, {"type": "Feature", "geometry": {"type": "Point", "coordinates": [78.1281456, 9.920964]}, "properties": {"kind": "amenity", "group": "Food & eating out", "name": "Insuvai Unavagam", "osm_id": 11387981722, "osm_type": "node", "osm_tag": "amenity=restaurant"}}, {"type": "Feature", "geometry": {"type": "Point", "coordinates": [78.117133, 9.9180257]}, "properties": {"kind": "amenity", "group": "Food & eating out", "name": "Shree Narsingh Snacks Stall", "osm_id": 11389776889, "osm_type": "node", "osm_tag": "amenity=fast_food"}}, {"type": "Feature", "geometry": {"type": "Point", "coordinates": [78.0942352, 9.9169473]}, "properties": {"kind": "amenity", "group": "Food & eating out", "name": "KFC", "osm_id": 11524783969, "osm_type": "node", "osm_tag": "amenity=fast_food"}}, {"type": "Feature", "geometry": {"type": "Point", "coordinates": [78.143241, 9.9141061]}, "properties": {"kind": "amenity", "group": "Food & eating out", "name": "\u0b85\u0bae\u0bcd\u0bae\u0ba9\u0bcd \u0b9a\u0bc8\u0bb5 \u0b89\u0ba3\u0bb5\u0b95\u0bae\u0bcd", "osm_id": 11578547773, "osm_type": "node", "osm_tag": "amenity=restaurant"}}, {"type": "Feature", "geometry": {"type": "Point", "coordinates": [78.1444601, 9.9135155]}, "properties": {"kind": "amenity", "group": "Food & eating out", "name": "\u0bb9\u0bcb\u0b9f\u0bcd\u0b9f\u0bb2\u0bcd \u0bb8\u0bcd\u0bb0\u0bc0 \u0b9a\u0baa\u0bb0\u0bc0\u0bb8\u0bcd", "osm_id": 11578559073, "osm_type": "node", "osm_tag": "amenity=restaurant"}}, {"type": "Feature", "geometry": {"type": "Point", "coordinates": [78.1330281, 9.9144005]}, "properties": {"kind": "amenity", "group": "Pharmacies", "name": "\u0bae\u0b95\u0bbe \u0bae\u0bc6\u0b9f\u0bbf\u0b95\u0bcd\u0b95\u0bb2\u0bcd\u0bb8\u0bcd", "osm_id": 11578562171, "osm_type": "node", "osm_tag": "amenity=pharmacy"}}, {"type": "Feature", "geometry": {"type": "Point", "coordinates": [78.1250807, 9.9157242]}, "properties": {"kind": "amenity", "group": "Food & eating out", "name": "\u0baa\u0bbe\u0ba3\u0bcd\u0b9f\u0bbf\u0baf\u0ba9\u0bcd \u0b95\u0bb0\u0bc1\u0bae\u0bcd\u0baa\u0bc1 \u0b9a\u0bbe\u0bb1\u0bc1", "osm_id": 11633983269, "osm_type": "node", "osm_tag": "amenity=fast_food"}}, {"type": "Feature", "geometry": {"type": "Point", "coordinates": [78.124771, 9.9182821]}, "properties": {"kind": "amenity", "group": "Post offices", "name": "India Post", "osm_id": 11633983270, "osm_type": "node", "osm_tag": "amenity=post_office"}}, {"type": "Feature", "geometry": {"type": "Point", "coordinates": [78.1239035, 9.922079]}, "properties": {"kind": "amenity", "group": "Shops & markets", "name": "Sultan Stores", "osm_id": 11710445952, "osm_type": "node", "osm_tag": "shop=general"}}, {"type": "Feature", "geometry": {"type": "Point", "coordinates": [78.0922292, 9.9214487]}, "properties": {"kind": "amenity", "group": "Banks & ATMs", "name": "Punjab National Bank", "osm_id": 11749991206, "osm_type": "node", "osm_tag": "amenity=bank"}}, {"type": "Feature", "geometry": {"type": "Point", "coordinates": [78.0998832, 9.9125578]}, "properties": {"kind": "amenity", "group": "Places of worship", "name": "Arulmigu Devi Sri Karumariyamman Temple", "osm_id": 11789411266, "osm_type": "node", "osm_tag": "amenity=place_of_worship"}}, {"type": "Feature", "geometry": {"type": "Point", "coordinates": [78.1123291, 9.9219878]}, "properties": {"kind": "amenity", "group": "Banks & ATMs", "name": "CANARA BANK - MADURAI GRAND CENTRAL", "osm_id": 11806741469, "osm_type": "node", "osm_tag": "amenity=bank"}}, {"type": "Feature", "geometry": {"type": "Point", "coordinates": [78.1156628, 9.9257713]}, "properties": {"kind": "amenity", "group": "Banks & ATMs", "name": "City Union Bank", "osm_id": 11807437652, "osm_type": "node", "osm_tag": "amenity=bank"}}, {"type": "Feature", "geometry": {"type": "Point", "coordinates": [78.0995655, 9.9126372]}, "properties": {"kind": "amenity", "group": "Shops & markets", "name": "\u0baa\u0bca\u0bb1\u0bcd\u0b95\u0bb2\u0bc8 \u0b87\u0baf\u0bb1\u0bcd\u0b95\u0bc8 \u0b95\u0bbe\u0baf\u0bcd\u0b95\u0ba9\u0bbf\u0b95\u0bb3\u0bcd", "osm_id": 11811736930, "osm_type": "node", "osm_tag": "shop=greengrocer"}}, {"type": "Feature", "geometry": {"type": "Point", "coordinates": [78.123963, 9.9231312]}, "properties": {"kind": "amenity", "group": "Food & eating out", "name": "SRI RAM COFFEE CORNER", "osm_id": 11811777169, "osm_type": "node", "osm_tag": "amenity=cafe"}}, {"type": "Feature", "geometry": {"type": "Point", "coordinates": [78.1156789, 9.9157846]}, "properties": {"kind": "amenity", "group": "Food & eating out", "name": "Murugan Idli Shop (the mappoint 100m to the east is wrong)", "osm_id": 11836762469, "osm_type": "node", "osm_tag": "amenity=restaurant"}}, {"type": "Feature", "geometry": {"type": "Point", "coordinates": [78.1546839, 9.9445721]}, "properties": {"kind": "amenity", "group": "Food & eating out", "name": "\u0bae\u0ba4\u0bc1\u0bb0\u0bc8 \u0baa\u0bc6\u0bb8\u0bcd\u0b9f\u0bcd \u0bae\u0bc1\u0ba9\u0bbf\u0baf\u0bbe\u0ba3\u0bcd\u0b9f\u0bbf \u0bb5\u0bbf\u0bb2\u0bbe\u0bb8\u0bcd", "osm_id": 11896761470, "osm_type": "node", "osm_tag": "amenity=restaurant"}}, {"type": "Feature", "geometry": {"type": "Point", "coordinates": [78.1425436, 9.9264511]}, "properties": {"kind": "amenity", "group": "Food & eating out", "name": "\u0bae\u0ba4\u0bc1\u0bb0\u0bc8 \u0baa\u0ba9\u0bcd \u0baa\u0bb0\u0bcb\u0b9f\u0bcd\u0b9f\u0bbe \u0b95\u0b9f\u0bc8", "osm_id": 11921888469, "osm_type": "node", "osm_tag": "amenity=restaurant"}}, {"type": "Feature", "geometry": {"type": "Point", "coordinates": [78.1486969, 9.9300899]}, "properties": {"kind": "amenity", "group": "Food & eating out", "name": "\u0bae\u0ba4\u0bc1\u0bb0\u0bbe\u0bb8\u0bcd \u0ba4\u0bcb\u0b9a\u0bc8 \u0b95\u0bae\u0bcd\u0baa\u0bc6\u0ba9\u0bbf", "osm_id": 11927753669, "osm_type": "node", "osm_tag": "amenity=restaurant"}}, {"type": "Feature", "geometry": {"type": "Point", "coordinates": [78.1488594, 9.9285832]}, "properties": {"kind": "amenity", "group": "Food & eating out", "name": "Biggies Burger: Madurai", "osm_id": 11927753670, "osm_type": "node", "osm_tag": "amenity=restaurant"}}, {"type": "Feature", "geometry": {"type": "Point", "coordinates": [78.1485208, 9.9288924]}, "properties": {"kind": "amenity", "group": "Food & eating out", "name": "The Chef Warriors", "osm_id": 11927781769, "osm_type": "node", "osm_tag": "amenity=restaurant"}}, {"type": "Feature", "geometry": {"type": "Point", "coordinates": [78.1488645, 9.9328558]}, "properties": {"kind": "amenity", "group": "Food & eating out", "name": "\u0ba4\u0bbf \u0b9a\u0bbe\u0b95\u0bcd\u0bb2\u0bc7\u0b9f\u0bcd \u0bb0\u0bc2\u0bae\u0bcd", "osm_id": 11927789069, "osm_type": "node", "osm_tag": "amenity=restaurant"}}, {"type": "Feature", "geometry": {"type": "Point", "coordinates": [78.1417407, 9.9145061]}, "properties": {"kind": "amenity", "group": "Fuel stations", "name": "Bharat Petroleum", "osm_id": 11928562306, "osm_type": "node", "osm_tag": "amenity=fuel"}}, {"type": "Feature", "geometry": {"type": "Point", "coordinates": [78.1413091, 9.9146275]}, "properties": {"kind": "amenity", "group": "Food & eating out", "name": "Shanmuga Multi Cuisine Restaurant", "osm_id": 11928564174, "osm_type": "node", "osm_tag": "amenity=restaurant"}}, {"type": "Feature", "geometry": {"type": "Point", "coordinates": [78.1486145, 9.9181381]}, "properties": {"kind": "amenity", "group": "Food & eating out", "name": "Dindigul Thalappakatti Restaurant", "osm_id": 11939298269, "osm_type": "node", "osm_tag": "amenity=restaurant"}}, {"type": "Feature", "geometry": {"type": "Point", "coordinates": [78.1475516, 9.9120037]}, "properties": {"kind": "amenity", "group": "Bus stops & stations", "name": "", "osm_id": 11941925039, "osm_type": "node", "osm_tag": "highway=bus_stop"}}, {"type": "Feature", "geometry": {"type": "Point", "coordinates": [78.1467403, 9.91203]}, "properties": {"kind": "amenity", "group": "Bus stops & stations", "name": "", "osm_id": 11941948473, "osm_type": "node", "osm_tag": "highway=bus_stop"}}, {"type": "Feature", "geometry": {"type": "Point", "coordinates": [78.1319552, 9.9401424]}, "properties": {"kind": "amenity", "group": "Food & eating out", "name": "Kalyan Mess Nonveg", "osm_id": 11949635998, "osm_type": "node", "osm_tag": "amenity=restaurant"}}, {"type": "Feature", "geometry": {"type": "Point", "coordinates": [78.1096889, 9.9279219]}, "properties": {"kind": "amenity", "group": "Food & eating out", "name": "\u0ba4\u0bbf\u0bb0\u0bbe\u0bb5\u0bbf\u0b9f\u0ba9\u0bcd \u0b89\u0ba3\u0bb5\u0b95\u0bae\u0bcd", "osm_id": 11963081189, "osm_type": "node", "osm_tag": "amenity=restaurant"}}, {"type": "Feature", "geometry": {"type": "Point", "coordinates": [78.1193783, 9.9116655]}, "properties": {"kind": "amenity", "group": "Bus stops & stations", "name": "", "osm_id": 11986629798, "osm_type": "node", "osm_tag": "highway=bus_stop"}}, {"type": "Feature", "geometry": {"type": "Point", "coordinates": [78.1682898, 10.0579259]}, "properties": {"kind": "amenity", "group": "Bus stops & stations", "name": "", "osm_id": 12037583874, "osm_type": "node", "osm_tag": "highway=bus_stop"}}, {"type": "Feature", "geometry": {"type": "Point", "coordinates": [78.1679165, 10.0573723]}, "properties": {"kind": "amenity", "group": "Bus stops & stations", "name": "", "osm_id": 12037583875, "osm_type": "node", "osm_tag": "highway=bus_stop"}}, {"type": "Feature", "geometry": {"type": "Point", "coordinates": [78.1735387, 10.0774954]}, "properties": {"kind": "amenity", "group": "Bus stops & stations", "name": "", "osm_id": 12037583998, "osm_type": "node", "osm_tag": "highway=bus_stop"}}, {"type": "Feature", "geometry": {"type": "Point", "coordinates": [78.1736805, 10.0768922]}, "properties": {"kind": "amenity", "group": "Bus stops & stations", "name": "", "osm_id": 12037583999, "osm_type": "node", "osm_tag": "highway=bus_stop"}}, {"type": "Feature", "geometry": {"type": "Point", "coordinates": [78.1623947, 10.0396908]}, "properties": {"kind": "amenity", "group": "Bus stops & stations", "name": "", "osm_id": 12037584086, "osm_type": "node", "osm_tag": "highway=bus_stop"}}, {"type": "Feature", "geometry": {"type": "Point", "coordinates": [78.1543332, 10.0312272]}, "properties": {"kind": "amenity", "group": "Bus stops & stations", "name": "", "osm_id": 12037584316, "osm_type": "node", "osm_tag": "highway=bus_stop"}}, {"type": "Feature", "geometry": {"type": "Point", "coordinates": [78.1546734, 10.0315457]}, "properties": {"kind": "amenity", "group": "Bus stops & stations", "name": "", "osm_id": 12037584317, "osm_type": "node", "osm_tag": "highway=bus_stop"}}, {"type": "Feature", "geometry": {"type": "Point", "coordinates": [78.1560018, 10.0215977]}, "properties": {"kind": "amenity", "group": "Bus stops & stations", "name": "", "osm_id": 12037584483, "osm_type": "node", "osm_tag": "highway=bus_stop"}}, {"type": "Feature", "geometry": {"type": "Point", "coordinates": [78.1560855, 10.020613]}, "properties": {"kind": "amenity", "group": "Bus stops & stations", "name": "", "osm_id": 12037584484, "osm_type": "node", "osm_tag": "highway=bus_stop"}}, {"type": "Feature", "geometry": {"type": "Point", "coordinates": [78.1511191, 10.0100118]}, "properties": {"kind": "amenity", "group": "Bus stops & stations", "name": "", "osm_id": 12037584577, "osm_type": "node", "osm_tag": "highway=bus_stop"}}, {"type": "Feature", "geometry": {"type": "Point", "coordinates": [78.1511339, 10.0093837]}, "properties": {"kind": "amenity", "group": "Bus stops & stations", "name": "", "osm_id": 12037584578, "osm_type": "node", "osm_tag": "highway=bus_stop"}}, {"type": "Feature", "geometry": {"type": "Point", "coordinates": [78.1501207, 10.0034667]}, "properties": {"kind": "amenity", "group": "Bus stops & stations", "name": "", "osm_id": 12037584765, "osm_type": "node", "osm_tag": "highway=bus_stop"}}, {"type": "Feature", "geometry": {"type": "Point", "coordinates": [78.1502456, 10.0038967]}, "properties": {"kind": "amenity", "group": "Bus stops & stations", "name": "", "osm_id": 12037584766, "osm_type": "node", "osm_tag": "highway=bus_stop"}}, {"type": "Feature", "geometry": {"type": "Point", "coordinates": [78.0942824, 9.7868542]}, "properties": {"kind": "amenity", "group": "Food & eating out", "name": "Hotel Madina", "osm_id": 12046497606, "osm_type": "node", "osm_tag": "amenity=restaurant"}}, {"type": "Feature", "geometry": {"type": "Point", "coordinates": [78.1215335, 9.904301]}, "properties": {"kind": "amenity", "group": "Bus stops & stations", "name": "", "osm_id": 12069065530, "osm_type": "node", "osm_tag": "highway=bus_stop"}}, {"type": "Feature", "geometry": {"type": "Point", "coordinates": [78.1179727, 9.8956052]}, "properties": {"kind": "amenity", "group": "Bus stops & stations", "name": "Padma Theatre Bus Stop", "osm_id": 12069065531, "osm_type": "node", "osm_tag": "highway=bus_stop"}}, {"type": "Feature", "geometry": {"type": "Point", "coordinates": [78.0941266, 9.7972556]}, "properties": {"kind": "amenity", "group": "Bus stops & stations", "name": "", "osm_id": 12069133741, "osm_type": "node", "osm_tag": "highway=bus_stop"}}, {"type": "Feature", "geometry": {"type": "Point", "coordinates": [78.1051773, 9.8409715]}, "properties": {"kind": "amenity", "group": "Bus stops & stations", "name": "", "osm_id": 12070877951, "osm_type": "node", "osm_tag": "highway=bus_stop"}}, {"type": "Feature", "geometry": {"type": "Point", "coordinates": [78.1192492, 9.8978909]}, "properties": {"kind": "amenity", "group": "Food & eating out", "name": "Kasthuri grill house (veg and non veg multi cuisines restaurant", "osm_id": 12091755470, "osm_type": "node", "osm_tag": "amenity=restaurant"}}, {"type": "Feature", "geometry": {"type": "Point", "coordinates": [78.1025222, 9.8322836]}, "properties": {"kind": "amenity", "group": "Bus stops & stations", "name": "", "osm_id": 12114296243, "osm_type": "node", "osm_tag": "highway=bus_stop"}}, {"type": "Feature", "geometry": {"type": "Point", "coordinates": [77.9571262, 10.0995747]}, "properties": {"kind": "amenity", "group": "Places of worship", "name": "", "osm_id": 12144428868, "osm_type": "node", "osm_tag": "amenity=place_of_worship"}}, {"type": "Feature", "geometry": {"type": "Point", "coordinates": [78.058486, 9.9406065]}, "properties": {"kind": "amenity", "group": "Civic & community", "name": "VP Golden Mahal", "osm_id": 12144443051, "osm_type": "node", "osm_tag": "amenity=community_centre"}}, {"type": "Feature", "geometry": {"type": "Point", "coordinates": [78.0919831, 9.767348]}, "properties": {"kind": "amenity", "group": "Places of worship", "name": "Arulmigu Sri Perumal Thirukkovil", "osm_id": 12144444411, "osm_type": "node", "osm_tag": "amenity=place_of_worship"}}, {"type": "Feature", "geometry": {"type": "Point", "coordinates": [78.0108497, 10.0409308]}, "properties": {"kind": "amenity", "group": "Banks & ATMs", "name": "", "osm_id": 12144444531, "osm_type": "node", "osm_tag": "amenity=atm"}}, {"type": "Feature", "geometry": {"type": "Point", "coordinates": [78.010835, 10.0409811]}, "properties": {"kind": "amenity", "group": "Banks & ATMs", "name": "State Bank of India", "osm_id": 12144444532, "osm_type": "node", "osm_tag": "amenity=bank"}}, {"type": "Feature", "geometry": {"type": "Point", "coordinates": [77.997288, 10.0492654]}, "properties": {"kind": "amenity", "group": "Places of worship", "name": "", "osm_id": 12144444534, "osm_type": "node", "osm_tag": "amenity=place_of_worship"}}, {"type": "Feature", "geometry": {"type": "Point", "coordinates": [78.0186935, 10.0079315]}, "properties": {"kind": "amenity", "group": "Banks & ATMs", "name": "", "osm_id": 12144445957, "osm_type": "node", "osm_tag": "amenity=atm"}}, {"type": "Feature", "geometry": {"type": "Point", "coordinates": [78.1138467, 9.9238654]}, "properties": {"kind": "amenity", "group": "Bus stops & stations", "name": "", "osm_id": 12176153643, "osm_type": "node", "osm_tag": "highway=bus_stop"}}, {"type": "Feature", "geometry": {"type": "Point", "coordinates": [78.04019, 9.8826931]}, "properties": {"kind": "amenity", "group": "Food & eating out", "name": "Aasife Biriyani - Madurai (Thanakkankulam)", "osm_id": 12182515101, "osm_type": "node", "osm_tag": "amenity=restaurant"}}, {"type": "Feature", "geometry": {"type": "Point", "coordinates": [78.0935809, 9.7933473]}, "properties": {"kind": "amenity", "group": "Fuel stations", "name": "HP", "osm_id": 12187016563, "osm_type": "node", "osm_tag": "amenity=fuel"}}, {"type": "Feature", "geometry": {"type": "Point", "coordinates": [78.0965489, 9.8098636]}, "properties": {"kind": "amenity", "group": "Banks & ATMs", "name": "", "osm_id": 12187016564, "osm_type": "node", "osm_tag": "amenity=atm"}}, {"type": "Feature", "geometry": {"type": "Point", "coordinates": [78.1210165, 9.9242815]}, "properties": {"kind": "amenity", "group": "Bus stops & stations", "name": "\u0b9a\u0bbf\u0bae\u0bcd\u0bae\u0b95\u0bcd\u0b95\u0bb2\u0bcd \u0baa\u0bb8\u0bcd \u0bb8\u0bcd\u0b9f\u0bbe\u0baa\u0bcd", "osm_id": 12192312648, "osm_type": "node", "osm_tag": "highway=bus_stop"}}, {"type": "Feature", "geometry": {"type": "Point", "coordinates": [78.1197237, 9.9107439]}, "properties": {"kind": "amenity", "group": "Police & fire", "name": "Southgate Police Station", "osm_id": 12289141065, "osm_type": "node", "osm_tag": "amenity=police"}}, {"type": "Feature", "geometry": {"type": "Point", "coordinates": [78.1478623, 9.9216641]}, "properties": {"kind": "amenity", "group": "Food & eating out", "name": "Sri Shanmuga Chettinad Mess", "osm_id": 12307948201, "osm_type": "node", "osm_tag": "amenity=restaurant"}}, {"type": "Feature", "geometry": {"type": "Point", "coordinates": [78.1438085, 9.9136442]}, "properties": {"kind": "amenity", "group": "Food & eating out", "name": "\u0b95\u0bbf\u0bb0\u0bc1\u0bb7\u0bcd\u0ba3\u0ba9\u0bcd \u0bae\u0bc6\u0bb8\u0bcd", "osm_id": 12307991201, "osm_type": "node", "osm_tag": "amenity=restaurant"}}, {"type": "Feature", "geometry": {"type": "Point", "coordinates": [78.1250202, 9.9215157]}, "properties": {"kind": "amenity", "group": "Banks & ATMs", "name": "HDFC Bank", "osm_id": 12314308201, "osm_type": "node", "osm_tag": "amenity=bank"}}, {"type": "Feature", "geometry": {"type": "Point", "coordinates": [78.0354567, 9.9783956]}, "properties": {"kind": "amenity", "group": "Bus stops & stations", "name": "Samayanallur busstop", "osm_id": 12402095448, "osm_type": "node", "osm_tag": "highway=bus_stop"}}, {"type": "Feature", "geometry": {"type": "Point", "coordinates": [78.0569033, 9.9687341]}, "properties": {"kind": "amenity", "group": "Fuel stations", "name": "Indian Oil", "osm_id": 12402144511, "osm_type": "node", "osm_tag": "amenity=fuel"}}, {"type": "Feature", "geometry": {"type": "Point", "coordinates": [78.0942304, 9.9226824]}, "properties": {"kind": "amenity", "group": "Food & eating out", "name": "Blind Chemistry", "osm_id": 12465650401, "osm_type": "node", "osm_tag": "amenity=restaurant"}}, {"type": "Feature", "geometry": {"type": "Point", "coordinates": [78.1686229, 9.9343619]}, "properties": {"kind": "amenity", "group": "Places of worship", "name": "Arulmigu Sri Pandi Muneeswaran Temple", "osm_id": 12496025402, "osm_type": "node", "osm_tag": "amenity=place_of_worship"}}, {"type": "Feature", "geometry": {"type": "Point", "coordinates": [78.1435905, 9.9301047]}, "properties": {"kind": "amenity", "group": "Food & eating out", "name": "Chinese Wok", "osm_id": 12503616901, "osm_type": "node", "osm_tag": "amenity=restaurant"}}, {"type": "Feature", "geometry": {"type": "Point", "coordinates": [78.1361957, 9.9345224]}, "properties": {"kind": "amenity", "group": "Food & eating out", "name": "\u0b95\u0bb1\u0bbf \u0b95\u0b9e\u0bcd\u0b9a\u0bbf", "osm_id": 12529266902, "osm_type": "node", "osm_tag": "amenity=restaurant"}}, {"type": "Feature", "geometry": {"type": "Point", "coordinates": [78.0386548, 9.9359434]}, "properties": {"kind": "amenity", "group": "Bus stops & stations", "name": "\u0bae\u0bbe\u0bb5\u0bc1 \u0bae\u0bbf\u0bb2\u0bcd \u0baa\u0bc7\u0bb0\u0bc1\u0ba8\u0bcd\u0ba4\u0bc1 \u0ba8\u0bbf\u0bb1\u0bc1\u0ba4\u0bcd\u0ba4\u0bae\u0bcd", "osm_id": 12550799822, "osm_type": "node", "osm_tag": "highway=bus_stop"}}, {"type": "Feature", "geometry": {"type": "Point", "coordinates": [78.0386995, 9.9361412]}, "properties": {"kind": "amenity", "group": "Bus stops & stations", "name": "", "osm_id": 12550809338, "osm_type": "node", "osm_tag": "highway=bus_stop"}}, {"type": "Feature", "geometry": {"type": "Point", "coordinates": [78.1846474, 9.8635404]}, "properties": {"kind": "amenity", "group": "Food & eating out", "name": "", "osm_id": 12620296886, "osm_type": "node", "osm_tag": "amenity=cafe"}}, {"type": "Feature", "geometry": {"type": "Point", "coordinates": [78.1391211, 9.9247607]}, "properties": {"kind": "amenity", "group": "Food & eating out", "name": "Hotel Annamalai", "osm_id": 12650130402, "osm_type": "node", "osm_tag": "amenity=restaurant"}}, {"type": "Feature", "geometry": {"type": "Point", "coordinates": [78.132338, 9.9314095]}, "properties": {"kind": "amenity", "group": "Bus stops & stations", "name": "Tamukkam Bus Stop", "osm_id": 12662600877, "osm_type": "node", "osm_tag": "highway=bus_stop"}}, {"type": "Feature", "geometry": {"type": "Point", "coordinates": [78.1325214, 9.931209]}, "properties": {"kind": "amenity", "group": "Bus stops & stations", "name": "Tamukkam Bus Stop", "osm_id": 12662600878, "osm_type": "node", "osm_tag": "highway=bus_stop"}}, {"type": "Feature", "geometry": {"type": "Point", "coordinates": [78.0576984, 10.0754301]}, "properties": {"kind": "amenity", "group": "Parks & sport", "name": "Kalaingar Centenary Aeruthazhuvuthal Arena", "osm_id": 12680707581, "osm_type": "node", "osm_tag": "leisure=stadium"}}, {"type": "Feature", "geometry": {"type": "Point", "coordinates": [77.9813857, 9.9229441]}, "properties": {"kind": "amenity", "group": "Places of worship", "name": "Sri Eganathar AnanthaValli Amman Temple, Kinnimangalam", "osm_id": 12735836722, "osm_type": "node", "osm_tag": "amenity=place_of_worship"}}, {"type": "Feature", "geometry": {"type": "Point", "coordinates": [78.123727, 9.922746]}, "properties": {"kind": "amenity", "group": "Civic & community", "name": "Orange Tots Play School", "osm_id": 12739044160, "osm_type": "node", "osm_tag": "amenity=kindergarten"}}, {"type": "Feature", "geometry": {"type": "Point", "coordinates": [78.133082, 9.9171008]}, "properties": {"kind": "amenity", "group": "Food & eating out", "name": "\u0baa\u0bbf \u0b9f\u0bbf \u0b86\u0bb0\u0bcd \u0b9f\u0bbf\u0baa\u0ba9\u0bcd \u0b9a\u0bc6\u0ba9\u0bcd\u0b9f\u0bb0\u0bcd", "osm_id": 12760481601, "osm_type": "node", "osm_tag": "amenity=restaurant"}}, {"type": "Feature", "geometry": {"type": "Point", "coordinates": [78.1434937, 9.9363737]}, "properties": {"kind": "amenity", "group": "Food & eating out", "name": "KFC", "osm_id": 12778273997, "osm_type": "node", "osm_tag": "amenity=fast_food"}}, {"type": "Feature", "geometry": {"type": "Point", "coordinates": [78.125391, 9.9158207]}, "properties": {"kind": "amenity", "group": "Post offices", "name": "Madurai Palace Post Office", "osm_id": 12794632084, "osm_type": "node", "osm_tag": "amenity=post_office"}}, {"type": "Feature", "geometry": {"type": "Point", "coordinates": [78.124597, 9.9221703]}, "properties": {"kind": "amenity", "group": "Shops & markets", "name": "Sri Lakshmi Oil Store", "osm_id": 12833077305, "osm_type": "node", "osm_tag": "shop=general"}}, {"type": "Feature", "geometry": {"type": "Point", "coordinates": [78.2335837, 10.0985657]}, "properties": {"kind": "amenity", "group": "Places of worship", "name": "Parvatamalai temple", "osm_id": 12843471253, "osm_type": "node", "osm_tag": "amenity=place_of_worship"}}, {"type": "Feature", "geometry": {"type": "Point", "coordinates": [78.156043, 9.9440908]}, "properties": {"kind": "amenity", "group": "Bus stops & stations", "name": "M.G.R Mattuthavani Bus Stand , Madurai", "osm_id": 12882891477, "osm_type": "node", "osm_tag": "amenity=bus_station"}}, {"type": "Feature", "geometry": {"type": "Point", "coordinates": [78.1111723, 9.9160536]}, "properties": {"kind": "amenity", "group": "Bus stops & stations", "name": "Periyar Bus Stand , Madurai", "osm_id": 12882891478, "osm_type": "node", "osm_tag": "amenity=bus_station"}}, {"type": "Feature", "geometry": {"type": "Point", "coordinates": [78.1173756, 9.9246689]}, "properties": {"kind": "amenity", "group": "Banks & ATMs", "name": "CANARA BANK ATM", "osm_id": 12956759596, "osm_type": "node", "osm_tag": "amenity=atm"}}, {"type": "Feature", "geometry": {"type": "Point", "coordinates": [78.1262573, 9.9143063]}, "properties": {"kind": "amenity", "group": "Banks & ATMs", "name": "CANARA BANK ATM", "osm_id": 12959201512, "osm_type": "node", "osm_tag": "amenity=atm"}}, {"type": "Feature", "geometry": {"type": "Point", "coordinates": [78.1254934, 9.9145146]}, "properties": {"kind": "amenity", "group": "Banks & ATMs", "name": "CANARA BANK ATM", "osm_id": 12959228314, "osm_type": "node", "osm_tag": "amenity=atm"}}, {"type": "Feature", "geometry": {"type": "Point", "coordinates": [78.1250261, 9.9159923]}, "properties": {"kind": "amenity", "group": "Banks & ATMs", "name": "CANARA BANK ATM", "osm_id": 12959236303, "osm_type": "node", "osm_tag": "amenity=atm"}}, {"type": "Feature", "geometry": {"type": "Point", "coordinates": [78.1277932, 9.9213856]}, "properties": {"kind": "amenity", "group": "Banks & ATMs", "name": "CANARA BANK ATM", "osm_id": 12960480948, "osm_type": "node", "osm_tag": "amenity=atm"}}, {"type": "Feature", "geometry": {"type": "Point", "coordinates": [77.9778014, 9.7534315]}, "properties": {"kind": "amenity", "group": "Bus stops & stations", "name": "", "osm_id": 12965833737, "osm_type": "node", "osm_tag": "highway=bus_stop"}}, {"type": "Feature", "geometry": {"type": "Point", "coordinates": [77.9775399, 9.7531407]}, "properties": {"kind": "amenity", "group": "Bus stops & stations", "name": "", "osm_id": 12965833738, "osm_type": "node", "osm_tag": "highway=bus_stop"}}, {"type": "Feature", "geometry": {"type": "Point", "coordinates": [78.142795, 9.9364709]}, "properties": {"kind": "amenity", "group": "Banks & ATMs", "name": "CANARA BANK ATM", "osm_id": 12980129019, "osm_type": "node", "osm_tag": "amenity=atm"}}, {"type": "Feature", "geometry": {"type": "Point", "coordinates": [78.1312882, 9.9185919]}, "properties": {"kind": "amenity", "group": "Shops & markets", "name": "Vairaprakash Store", "osm_id": 13006226401, "osm_type": "node", "osm_tag": "shop=convenience"}}, {"type": "Feature", "geometry": {"type": "Point", "coordinates": [78.1158976, 9.9118607]}, "properties": {"kind": "amenity", "group": "Food & eating out", "name": "\u0baa\u0bc1\u0bb1 \u0b9f\u0bbf\u0b83\u0baa\u0ba9\u0bcd \u0b9a\u0bc6\u0ba9\u0bcd\u0b9f\u0bb0\u0bcd", "osm_id": 13008673605, "osm_type": "node", "osm_tag": "amenity=restaurant"}}, {"type": "Feature", "geometry": {"type": "Point", "coordinates": [78.128973, 9.9147921]}, "properties": {"kind": "amenity", "group": "Fuel stations", "name": "IndianOil", "osm_id": 13046118301, "osm_type": "node", "osm_tag": "amenity=fuel"}}, {"type": "Feature", "geometry": {"type": "Point", "coordinates": [78.2186542, 9.9744626]}, "properties": {"kind": "amenity", "group": "Food & eating out", "name": "", "osm_id": 13096993118, "osm_type": "node", "osm_tag": "amenity=restaurant"}}, {"type": "Feature", "geometry": {"type": "Point", "coordinates": [78.2204427, 9.9769153]}, "properties": {"kind": "amenity", "group": "Food & eating out", "name": "", "osm_id": 13096993119, "osm_type": "node", "osm_tag": "amenity=cafe"}}, {"type": "Feature", "geometry": {"type": "Point", "coordinates": [78.1892084, 9.9494124]}, "properties": {"kind": "amenity", "group": "Food & eating out", "name": "Le Brew Cafe", "osm_id": 13097013532, "osm_type": "node", "osm_tag": "amenity=cafe"}}, {"type": "Feature", "geometry": {"type": "Point", "coordinates": [78.2622189, 10.001393]}, "properties": {"kind": "amenity", "group": "Food & eating out", "name": "", "osm_id": 13097016986, "osm_type": "node", "osm_tag": "amenity=restaurant"}}, {"type": "Feature", "geometry": {"type": "Point", "coordinates": [77.9797686, 10.0653261]}, "properties": {"kind": "amenity", "group": "Fuel stations", "name": "Indian Oil", "osm_id": 13097019947, "osm_type": "node", "osm_tag": "amenity=fuel"}}, {"type": "Feature", "geometry": {"type": "Point", "coordinates": [77.9909611, 10.0556099]}, "properties": {"kind": "amenity", "group": "Fuel stations", "name": "Indian Oil", "osm_id": 13097019948, "osm_type": "node", "osm_tag": "amenity=fuel"}}, {"type": "Feature", "geometry": {"type": "Point", "coordinates": [78.0149174, 9.8489519]}, "properties": {"kind": "amenity", "group": "Places of worship", "name": "Vinayagar Temple, Gandhi Nagar", "osm_id": 13103219701, "osm_type": "node", "osm_tag": "amenity=place_of_worship"}}, {"type": "Feature", "geometry": {"type": "Point", "coordinates": [78.1434065, 9.9210821]}, "properties": {"kind": "amenity", "group": "Food & eating out", "name": "Hotel New Mass A/C", "osm_id": 13133178903, "osm_type": "node", "osm_tag": "amenity=restaurant"}}, {"type": "Feature", "geometry": {"type": "Point", "coordinates": [78.1243177, 9.9222784]}, "properties": {"kind": "amenity", "group": "Shops & markets", "name": "Sri Pillaiyar Store", "osm_id": 13191979001, "osm_type": "node", "osm_tag": "shop=convenience"}}, {"type": "Feature", "geometry": {"type": "Point", "coordinates": [78.1244363, 9.9221163]}, "properties": {"kind": "amenity", "group": "Shops & markets", "name": "Sri Pethanatchi Store", "osm_id": 13202602503, "osm_type": "node", "osm_tag": "shop=convenience"}}, {"type": "Feature", "geometry": {"type": "Point", "coordinates": [78.0977802, 9.9365239]}, "properties": {"kind": "amenity", "group": "Bus stops & stations", "name": "Guru Theatre Bus Stop", "osm_id": 13235956432, "osm_type": "node", "osm_tag": "highway=bus_stop"}}, {"type": "Feature", "geometry": {"type": "Point", "coordinates": [78.1033022, 9.9160401]}, "properties": {"kind": "amenity", "group": "Places of worship", "name": "Masjid Al Ansar Markaz Mosque", "osm_id": 13265397951, "osm_type": "node", "osm_tag": "amenity=place_of_worship"}}, {"type": "Feature", "geometry": {"type": "Point", "coordinates": [78.0922213, 9.9214556]}, "properties": {"kind": "amenity", "group": "Banks & ATMs", "name": "", "osm_id": 13265414683, "osm_type": "node", "osm_tag": "amenity=atm"}}, {"type": "Feature", "geometry": {"type": "Point", "coordinates": [78.0935704, 9.9188613]}, "properties": {"kind": "amenity", "group": "Food & eating out", "name": "K G Veg Restaurant", "osm_id": 13266861688, "osm_type": "node", "osm_tag": "amenity=restaurant"}}, {"type": "Feature", "geometry": {"type": "Point", "coordinates": [78.0937014, 9.9185757]}, "properties": {"kind": "amenity", "group": "Banks & ATMs", "name": "State Bank of India", "osm_id": 13266861689, "osm_type": "node", "osm_tag": "amenity=bank"}}, {"type": "Feature", "geometry": {"type": "Point", "coordinates": [78.0939804, 9.9201108]}, "properties": {"kind": "amenity", "group": "Banks & ATMs", "name": "", "osm_id": 13266861690, "osm_type": "node", "osm_tag": "amenity=atm"}}, {"type": "Feature", "geometry": {"type": "Point", "coordinates": [78.0939452, 9.9201947]}, "properties": {"kind": "amenity", "group": "Shops & markets", "name": "Vasantham hyper market", "osm_id": 13266861691, "osm_type": "node", "osm_tag": "shop=supermarket"}}, {"type": "Feature", "geometry": {"type": "Point", "coordinates": [78.0939597, 9.9204771]}, "properties": {"kind": "amenity", "group": "Food & eating out", "name": "Nanban catering", "osm_id": 13266861693, "osm_type": "node", "osm_tag": "amenity=restaurant"}}, {"type": "Feature", "geometry": {"type": "Point", "coordinates": [78.0931987, 9.9201515]}, "properties": {"kind": "amenity", "group": "Food & eating out", "name": "Domino's", "osm_id": 13266861694, "osm_type": "node", "osm_tag": "amenity=fast_food"}}, {"type": "Feature", "geometry": {"type": "Point", "coordinates": [78.0939751, 9.9177959]}, "properties": {"kind": "amenity", "group": "Food & eating out", "name": "Kumar Mess", "osm_id": 13266861695, "osm_type": "node", "osm_tag": "amenity=restaurant"}}, {"type": "Feature", "geometry": {"type": "Point", "coordinates": [78.0941358, 9.9255125]}, "properties": {"kind": "amenity", "group": "Banks & ATMs", "name": "", "osm_id": 13266987401, "osm_type": "node", "osm_tag": "amenity=atm"}}, {"type": "Feature", "geometry": {"type": "Point", "coordinates": [78.0945722, 9.9242591]}, "properties": {"kind": "amenity", "group": "Banks & ATMs", "name": "HDFC ATM", "osm_id": 13266987501, "osm_type": "node", "osm_tag": "amenity=atm"}}, {"type": "Feature", "geometry": {"type": "Point", "coordinates": [78.0942981, 9.9229828]}, "properties": {"kind": "amenity", "group": "Banks & ATMs", "name": "", "osm_id": 13266987601, "osm_type": "node", "osm_tag": "amenity=atm"}}, {"type": "Feature", "geometry": {"type": "Point", "coordinates": [78.0936442, 9.9228383]}, "properties": {"kind": "amenity", "group": "Banks & ATMs", "name": "", "osm_id": 13266987701, "osm_type": "node", "osm_tag": "amenity=atm"}}, {"type": "Feature", "geometry": {"type": "Point", "coordinates": [78.0935282, 9.922532]}, "properties": {"kind": "amenity", "group": "Pharmacies", "name": "DEVAKI MEDICAL", "osm_id": 13266990301, "osm_type": "node", "osm_tag": "amenity=pharmacy"}}, {"type": "Feature", "geometry": {"type": "Point", "coordinates": [78.0934554, 9.9221038]}, "properties": {"kind": "amenity", "group": "Banks & ATMs", "name": "Indian Overseas Bank", "osm_id": 13267103271, "osm_type": "node", "osm_tag": "amenity=bank"}}, {"type": "Feature", "geometry": {"type": "Point", "coordinates": [78.0934604, 9.922097]}, "properties": {"kind": "amenity", "group": "Banks & ATMs", "name": "", "osm_id": 13267103272, "osm_type": "node", "osm_tag": "amenity=atm"}}, {"type": "Feature", "geometry": {"type": "Point", "coordinates": [78.0942074, 9.9218807]}, "properties": {"kind": "amenity", "group": "Banks & ATMs", "name": "City Union Bank", "osm_id": 13267103273, "osm_type": "node", "osm_tag": "amenity=bank"}}, {"type": "Feature", "geometry": {"type": "Point", "coordinates": [78.0939006, 9.9243879]}, "properties": {"kind": "amenity", "group": "Food & eating out", "name": "Shree Lakshmi Bhavan", "osm_id": 13267418706, "osm_type": "node", "osm_tag": "amenity=restaurant"}}, {"type": "Feature", "geometry": {"type": "Point", "coordinates": [78.0936472, 9.9228906]}, "properties": {"kind": "amenity", "group": "Banks & ATMs", "name": "ICICI Bank", "osm_id": 13267418711, "osm_type": "node", "osm_tag": "amenity=bank"}}, {"type": "Feature", "geometry": {"type": "Point", "coordinates": [78.0934202, 9.9218778]}, "properties": {"kind": "amenity", "group": "Pharmacies", "name": "Sakthi medicals", "osm_id": 13267418712, "osm_type": "node", "osm_tag": "amenity=pharmacy"}}, {"type": "Feature", "geometry": {"type": "Point", "coordinates": [78.0934967, 9.9222076]}, "properties": {"kind": "amenity", "group": "Shops & markets", "name": "Latha stores", "osm_id": 13267418713, "osm_type": "node", "osm_tag": "shop=supermarket"}}, {"type": "Feature", "geometry": {"type": "Point", "coordinates": [78.0936013, 9.918779]}, "properties": {"kind": "amenity", "group": "Pharmacies", "name": "Apollo Pharmacy", "osm_id": 13267418714, "osm_type": "node", "osm_tag": "amenity=pharmacy"}}, {"type": "Feature", "geometry": {"type": "Point", "coordinates": [78.148567, 9.9212721]}, "properties": {"kind": "amenity", "group": "Pharmacies", "name": "Suguna Medicals", "osm_id": 13267461998, "osm_type": "node", "osm_tag": "amenity=pharmacy"}}, {"type": "Feature", "geometry": {"type": "Point", "coordinates": [78.0936985, 9.9233556]}, "properties": {"kind": "amenity", "group": "Shops & markets", "name": "Anantha & Anantha", "osm_id": 13269853702, "osm_type": "node", "osm_tag": "shop=supermarket"}}, {"type": "Feature", "geometry": {"type": "Point", "coordinates": [78.0945158, 9.9267735]}, "properties": {"kind": "amenity", "group": "Food & eating out", "name": "Lakshmi veg & non veg hotel", "osm_id": 13273324901, "osm_type": "node", "osm_tag": "amenity=restaurant"}}, {"type": "Feature", "geometry": {"type": "Point", "coordinates": [78.0955319, 9.9154388]}, "properties": {"kind": "amenity", "group": "Banks & ATMs", "name": "", "osm_id": 13287684670, "osm_type": "node", "osm_tag": "amenity=atm"}}, {"type": "Feature", "geometry": {"type": "Point", "coordinates": [78.0955586, 9.9154495]}, "properties": {"kind": "amenity", "group": "Banks & ATMs", "name": "", "osm_id": 13287684671, "osm_type": "node", "osm_tag": "amenity=atm"}}, {"type": "Feature", "geometry": {"type": "Point", "coordinates": [78.0955398, 9.9154739]}, "properties": {"kind": "amenity", "group": "Banks & ATMs", "name": "Tamil Nadu Grama Bank", "osm_id": 13287684672, "osm_type": "node", "osm_tag": "amenity=bank"}}, {"type": "Feature", "geometry": {"type": "Point", "coordinates": [78.0955744, 9.9154719]}, "properties": {"kind": "amenity", "group": "Banks & ATMs", "name": "", "osm_id": 13287684673, "osm_type": "node", "osm_tag": "amenity=atm"}}, {"type": "Feature", "geometry": {"type": "Point", "coordinates": [78.0958868, 9.915618]}, "properties": {"kind": "amenity", "group": "Banks & ATMs", "name": "Bank of Baroda", "osm_id": 13287684674, "osm_type": "node", "osm_tag": "amenity=bank"}}, {"type": "Feature", "geometry": {"type": "Point", "coordinates": [78.0958858, 9.9156073]}, "properties": {"kind": "amenity", "group": "Banks & ATMs", "name": "", "osm_id": 13287684675, "osm_type": "node", "osm_tag": "amenity=atm"}}, {"type": "Feature", "geometry": {"type": "Point", "coordinates": [78.0966849, 9.9159471]}, "properties": {"kind": "amenity", "group": "Banks & ATMs", "name": "", "osm_id": 13287684676, "osm_type": "node", "osm_tag": "amenity=atm"}}, {"type": "Feature", "geometry": {"type": "Point", "coordinates": [78.111427, 9.9170537]}, "properties": {"kind": "amenity", "group": "Shops & markets", "name": "Pandi Bazzar", "osm_id": 13287684680, "osm_type": "node", "osm_tag": "amenity=marketplace"}}, {"type": "Feature", "geometry": {"type": "Point", "coordinates": [78.1115263, 9.9172286]}, "properties": {"kind": "amenity", "group": "Food & eating out", "name": "Temple City", "osm_id": 13287684681, "osm_type": "node", "osm_tag": "amenity=restaurant"}}, {"type": "Feature", "geometry": {"type": "Point", "coordinates": [78.1115199, 9.9181072]}, "properties": {"kind": "amenity", "group": "Food & eating out", "name": "Sree Mess", "osm_id": 13287684682, "osm_type": "node", "osm_tag": "amenity=restaurant"}}, {"type": "Feature", "geometry": {"type": "Point", "coordinates": [78.0936811, 9.9180583]}, "properties": {"kind": "amenity", "group": "Banks & ATMs", "name": "", "osm_id": 13287856920, "osm_type": "node", "osm_tag": "amenity=atm"}}, {"type": "Feature", "geometry": {"type": "Point", "coordinates": [78.0950551, 9.9309244]}, "properties": {"kind": "amenity", "group": "Banks & ATMs", "name": "", "osm_id": 13287856921, "osm_type": "node", "osm_tag": "amenity=atm"}}, {"type": "Feature", "geometry": {"type": "Point", "coordinates": [78.0944548, 9.9310929]}, "properties": {"kind": "amenity", "group": "Banks & ATMs", "name": "Canara Bank", "osm_id": 13287856922, "osm_type": "node", "osm_tag": "amenity=bank"}}, {"type": "Feature", "geometry": {"type": "Point", "coordinates": [78.0944137, 9.9311366]}, "properties": {"kind": "amenity", "group": "Banks & ATMs", "name": "", "osm_id": 13287856923, "osm_type": "node", "osm_tag": "amenity=atm"}}, {"type": "Feature", "geometry": {"type": "Point", "coordinates": [78.0939189, 9.9321148]}, "properties": {"kind": "amenity", "group": "Banks & ATMs", "name": "Union Bank of India", "osm_id": 13287856924, "osm_type": "node", "osm_tag": "amenity=bank"}}, {"type": "Feature", "geometry": {"type": "Point", "coordinates": [78.0938908, 9.9321258]}, "properties": {"kind": "amenity", "group": "Banks & ATMs", "name": "", "osm_id": 13287856925, "osm_type": "node", "osm_tag": "amenity=atm"}}, {"type": "Feature", "geometry": {"type": "Point", "coordinates": [78.0921165, 9.9329909]}, "properties": {"kind": "amenity", "group": "Pharmacies", "name": "Apollo Pharmacy", "osm_id": 13287856926, "osm_type": "node", "osm_tag": "amenity=pharmacy"}}, {"type": "Feature", "geometry": {"type": "Point", "coordinates": [78.0959905, 9.9301634]}, "properties": {"kind": "amenity", "group": "Banks & ATMs", "name": "", "osm_id": 13287856927, "osm_type": "node", "osm_tag": "amenity=atm"}}, {"type": "Feature", "geometry": {"type": "Point", "coordinates": [78.0944761, 9.9295026]}, "properties": {"kind": "amenity", "group": "Banks & ATMs", "name": "", "osm_id": 13287856928, "osm_type": "node", "osm_tag": "amenity=atm"}}, {"type": "Feature", "geometry": {"type": "Point", "coordinates": [78.0899791, 9.931399]}, "properties": {"kind": "amenity", "group": "Banks & ATMs", "name": "", "osm_id": 13287856929, "osm_type": "node", "osm_tag": "amenity=atm"}}, {"type": "Feature", "geometry": {"type": "Point", "coordinates": [78.089835, 9.9315024]}, "properties": {"kind": "amenity", "group": "Banks & ATMs", "name": "", "osm_id": 13287856930, "osm_type": "node", "osm_tag": "amenity=atm"}}, {"type": "Feature", "geometry": {"type": "Point", "coordinates": [78.1489399, 9.9183223]}, "properties": {"kind": "amenity", "group": "Banks & ATMs", "name": "Bank of Baroda", "osm_id": 13287943386, "osm_type": "node", "osm_tag": "amenity=bank"}}, {"type": "Feature", "geometry": {"type": "Point", "coordinates": [78.14892, 9.9183266]}, "properties": {"kind": "amenity", "group": "Banks & ATMs", "name": "", "osm_id": 13287943387, "osm_type": "node", "osm_tag": "amenity=atm"}}, {"type": "Feature", "geometry": {"type": "Point", "coordinates": [78.1495802, 9.9182949]}, "properties": {"kind": "amenity", "group": "Banks & ATMs", "name": "", "osm_id": 13287943388, "osm_type": "node", "osm_tag": "amenity=atm"}}, {"type": "Feature", "geometry": {"type": "Point", "coordinates": [78.148564, 9.9188107]}, "properties": {"kind": "amenity", "group": "Banks & ATMs", "name": "", "osm_id": 13287943389, "osm_type": "node", "osm_tag": "amenity=atm"}}, {"type": "Feature", "geometry": {"type": "Point", "coordinates": [78.1485877, 9.9194107]}, "properties": {"kind": "amenity", "group": "Banks & ATMs", "name": "Federal Bank", "osm_id": 13287943390, "osm_type": "node", "osm_tag": "amenity=bank"}}, {"type": "Feature", "geometry": {"type": "Point", "coordinates": [78.1485847, 9.91939]}, "properties": {"kind": "amenity", "group": "Banks & ATMs", "name": "", "osm_id": 13287943391, "osm_type": "node", "osm_tag": "amenity=atm"}}, {"type": "Feature", "geometry": {"type": "Point", "coordinates": [78.1485483, 9.9199463]}, "properties": {"kind": "amenity", "group": "Banks & ATMs", "name": "HDFC Bank", "osm_id": 13287943392, "osm_type": "node", "osm_tag": "amenity=bank"}}, {"type": "Feature", "geometry": {"type": "Point", "coordinates": [78.1485622, 9.9199387]}, "properties": {"kind": "amenity", "group": "Banks & ATMs", "name": "", "osm_id": 13287943393, "osm_type": "node", "osm_tag": "amenity=atm"}}, {"type": "Feature", "geometry": {"type": "Point", "coordinates": [78.1488452, 9.9203262]}, "properties": {"kind": "amenity", "group": "Banks & ATMs", "name": "IDFC First Bank", "osm_id": 13287943394, "osm_type": "node", "osm_tag": "amenity=bank"}}, {"type": "Feature", "geometry": {"type": "Point", "coordinates": [78.1488345, 9.920307]}, "properties": {"kind": "amenity", "group": "Banks & ATMs", "name": "", "osm_id": 13287943395, "osm_type": "node", "osm_tag": "amenity=atm"}}, {"type": "Feature", "geometry": {"type": "Point", "coordinates": [78.1488443, 9.9217233]}, "properties": {"kind": "amenity", "group": "Banks & ATMs", "name": "", "osm_id": 13287943396, "osm_type": "node", "osm_tag": "amenity=atm"}}, {"type": "Feature", "geometry": {"type": "Point", "coordinates": [78.1485602, 9.9229882]}, "properties": {"kind": "amenity", "group": "Banks & ATMs", "name": "Bank of Baroda", "osm_id": 13287943397, "osm_type": "node", "osm_tag": "amenity=bank"}}, {"type": "Feature", "geometry": {"type": "Point", "coordinates": [78.1485747, 9.9230061]}, "properties": {"kind": "amenity", "group": "Banks & ATMs", "name": "", "osm_id": 13287943398, "osm_type": "node", "osm_tag": "amenity=atm"}}, {"type": "Feature", "geometry": {"type": "Point", "coordinates": [78.1488528, 9.9239045]}, "properties": {"kind": "amenity", "group": "Banks & ATMs", "name": "IndusInd Bank", "osm_id": 13287943399, "osm_type": "node", "osm_tag": "amenity=bank"}}, {"type": "Feature", "geometry": {"type": "Point", "coordinates": [78.1488484, 9.923899]}, "properties": {"kind": "amenity", "group": "Banks & ATMs", "name": "", "osm_id": 13287943400, "osm_type": "node", "osm_tag": "amenity=atm"}}, {"type": "Feature", "geometry": {"type": "Point", "coordinates": [78.1486082, 9.9252533]}, "properties": {"kind": "amenity", "group": "Banks & ATMs", "name": "", "osm_id": 13287963001, "osm_type": "node", "osm_tag": "amenity=atm"}}, {"type": "Feature", "geometry": {"type": "Point", "coordinates": [78.148746, 9.9278501]}, "properties": {"kind": "amenity", "group": "Banks & ATMs", "name": "Union Bank of India", "osm_id": 13287963002, "osm_type": "node", "osm_tag": "amenity=bank"}}, {"type": "Feature", "geometry": {"type": "Point", "coordinates": [78.148729, 9.9278597]}, "properties": {"kind": "amenity", "group": "Banks & ATMs", "name": "", "osm_id": 13287963003, "osm_type": "node", "osm_tag": "amenity=atm"}}, {"type": "Feature", "geometry": {"type": "Point", "coordinates": [78.1484688, 9.9279638]}, "properties": {"kind": "amenity", "group": "Banks & ATMs", "name": "", "osm_id": 13287963004, "osm_type": "node", "osm_tag": "amenity=atm"}}, {"type": "Feature", "geometry": {"type": "Point", "coordinates": [78.1484675, 9.9279516]}, "properties": {"kind": "amenity", "group": "Banks & ATMs", "name": "Kotak Mahindra Bank", "osm_id": 13287963005, "osm_type": "node", "osm_tag": "amenity=bank"}}, {"type": "Feature", "geometry": {"type": "Point", "coordinates": [78.1488888, 9.9293725]}, "properties": {"kind": "amenity", "group": "Banks & ATMs", "name": "Tamilnad Mercantile Bank Limited", "osm_id": 13287963006, "osm_type": "node", "osm_tag": "amenity=bank"}}, {"type": "Feature", "geometry": {"type": "Point", "coordinates": [78.148891, 9.9293475]}, "properties": {"kind": "amenity", "group": "Banks & ATMs", "name": "", "osm_id": 13287963007, "osm_type": "node", "osm_tag": "amenity=atm"}}, {"type": "Feature", "geometry": {"type": "Point", "coordinates": [78.1486467, 9.930474]}, "properties": {"kind": "amenity", "group": "Banks & ATMs", "name": "", "osm_id": 13287963008, "osm_type": "node", "osm_tag": "amenity=atm"}}, {"type": "Feature", "geometry": {"type": "Point", "coordinates": [78.1486424, 9.9305185]}, "properties": {"kind": "amenity", "group": "Banks & ATMs", "name": "Axis Bank", "osm_id": 13287963009, "osm_type": "node", "osm_tag": "amenity=bank"}}, {"type": "Feature", "geometry": {"type": "Point", "coordinates": [78.1486829, 9.9314575]}, "properties": {"kind": "amenity", "group": "Banks & ATMs", "name": "", "osm_id": 13287963010, "osm_type": "node", "osm_tag": "amenity=atm"}}, {"type": "Feature", "geometry": {"type": "Point", "coordinates": [78.1486867, 9.9314375]}, "properties": {"kind": "amenity", "group": "Banks & ATMs", "name": "State Bank of India", "osm_id": 13287963011, "osm_type": "node", "osm_tag": "amenity=bank"}}, {"type": "Feature", "geometry": {"type": "Point", "coordinates": [78.1498376, 9.9351241]}, "properties": {"kind": "amenity", "group": "Banks & ATMs", "name": "Indian Bank", "osm_id": 13287963012, "osm_type": "node", "osm_tag": "amenity=bank"}}, {"type": "Feature", "geometry": {"type": "Point", "coordinates": [78.1498441, 9.9351082]}, "properties": {"kind": "amenity", "group": "Banks & ATMs", "name": "", "osm_id": 13287963013, "osm_type": "node", "osm_tag": "amenity=atm"}}, {"type": "Feature", "geometry": {"type": "Point", "coordinates": [78.0965612, 9.9342629]}, "properties": {"kind": "amenity", "group": "Banks & ATMs", "name": "", "osm_id": 13288534101, "osm_type": "node", "osm_tag": "amenity=atm"}}, {"type": "Feature", "geometry": {"type": "Point", "coordinates": [78.0937491, 9.9233199]}, "properties": {"kind": "amenity", "group": "Banks & ATMs", "name": "IDFC First Bank", "osm_id": 13288536104, "osm_type": "node", "osm_tag": "amenity=bank"}}, {"type": "Feature", "geometry": {"type": "Point", "coordinates": [78.0950752, 9.926694]}, "properties": {"kind": "amenity", "group": "Banks & ATMs", "name": "Tamilnad Mercantile Bank Limited", "osm_id": 13288624958, "osm_type": "node", "osm_tag": "amenity=bank"}}, {"type": "Feature", "geometry": {"type": "Point", "coordinates": [78.0950716, 9.9266732]}, "properties": {"kind": "amenity", "group": "Banks & ATMs", "name": "", "osm_id": 13288624959, "osm_type": "node", "osm_tag": "amenity=atm"}}, {"type": "Feature", "geometry": {"type": "Point", "coordinates": [78.0960809, 9.9321093]}, "properties": {"kind": "amenity", "group": "Banks & ATMs", "name": "DBS Bank India", "osm_id": 13288624960, "osm_type": "node", "osm_tag": "amenity=bank"}}, {"type": "Feature", "geometry": {"type": "Point", "coordinates": [78.096084, 9.9321254]}, "properties": {"kind": "amenity", "group": "Banks & ATMs", "name": "", "osm_id": 13288624961, "osm_type": "node", "osm_tag": "amenity=atm"}}, {"type": "Feature", "geometry": {"type": "Point", "coordinates": [78.094448, 9.923836]}, "properties": {"kind": "amenity", "group": "Food & eating out", "name": "McDonald's", "osm_id": 13290556001, "osm_type": "node", "osm_tag": "amenity=restaurant"}}, {"type": "Feature", "geometry": {"type": "Point", "coordinates": [78.0939446, 9.9243528]}, "properties": {"kind": "amenity", "group": "Food & eating out", "name": "Shrew Lakshmi Bhavan", "osm_id": 13290562702, "osm_type": "node", "osm_tag": "amenity=restaurant"}}, {"type": "Feature", "geometry": {"type": "Point", "coordinates": [78.0946159, 9.9243493]}, "properties": {"kind": "amenity", "group": "Banks & ATMs", "name": "HDFC", "osm_id": 13299172701, "osm_type": "node", "osm_tag": "amenity=bank"}}, {"type": "Feature", "geometry": {"type": "Point", "coordinates": [78.0932604, 9.9204288]}, "properties": {"kind": "amenity", "group": "Food & eating out", "name": "Zafron", "osm_id": 13299593001, "osm_type": "node", "osm_tag": "amenity=restaurant"}}, {"type": "Feature", "geometry": {"type": "Point", "coordinates": [78.0944128, 9.9202476]}, "properties": {"kind": "amenity", "group": "Food & eating out", "name": "Grill Master", "osm_id": 13299593301, "osm_type": "node", "osm_tag": "amenity=fast_food"}}, {"type": "Feature", "geometry": {"type": "Point", "coordinates": [78.1483243, 9.9312267]}, "properties": {"kind": "amenity", "group": "Shops & markets", "name": "\u0ba8\u0bc0\u0bb2\u0bcd\u0b95\u0bbf\u0bb0\u0bc0\u0bb8\u0bcd", "osm_id": 13319098402, "osm_type": "node", "osm_tag": "shop=supermarket"}}, {"type": "Feature", "geometry": {"type": "Point", "coordinates": [78.1172778, 9.9148518]}, "properties": {"kind": "amenity", "group": "Pharmacies", "name": "\u0b9c\u0bc7\u0baa\u0bbf \u0bae\u0bb0\u0bc1\u0ba8\u0bcd\u0ba4\u0b95\u0bae\u0bcd", "osm_id": 13319274401, "osm_type": "node", "osm_tag": "amenity=pharmacy"}}, {"type": "Feature", "geometry": {"type": "Point", "coordinates": [78.1249099, 9.9224598]}, "properties": {"kind": "amenity", "group": "Shops & markets", "name": "\u0b88\u0b95\u0bbf\u0bb3\u0bcd", "osm_id": 13329680801, "osm_type": "node", "osm_tag": "shop=convenience"}}, {"type": "Feature", "geometry": {"type": "Point", "coordinates": [78.148782, 9.921911]}, "properties": {"kind": "amenity", "group": "Food & eating out", "name": "IRANI TEA Madurai Anna Nagar (Sha Cafe)", "osm_id": 13329694201, "osm_type": "node", "osm_tag": "amenity=cafe"}}, {"type": "Feature", "geometry": {"type": "Point", "coordinates": [78.0945182, 9.9203048]}, "properties": {"kind": "amenity", "group": "Food & eating out", "name": "Barma idiyappa kadai", "osm_id": 13338749301, "osm_type": "node", "osm_tag": "amenity=fast_food"}}, {"type": "Feature", "geometry": {"type": "Point", "coordinates": [78.0953511, 9.9284999]}, "properties": {"kind": "amenity", "group": "Banks & ATMs", "name": "", "osm_id": 13338749401, "osm_type": "node", "osm_tag": "amenity=atm"}}, {"type": "Feature", "geometry": {"type": "Point", "coordinates": [78.0953622, 9.9285319]}, "properties": {"kind": "amenity", "group": "Banks & ATMs", "name": "BOI", "osm_id": 13338749501, "osm_type": "node", "osm_tag": "amenity=bank"}}, {"type": "Feature", "geometry": {"type": "Point", "coordinates": [78.0942165, 9.9190829]}, "properties": {"kind": "amenity", "group": "Food & eating out", "name": "Annapoorna", "osm_id": 13338750101, "osm_type": "node", "osm_tag": "amenity=restaurant"}}, {"type": "Feature", "geometry": {"type": "Point", "coordinates": [78.0734109, 9.8786972]}, "properties": {"kind": "amenity", "group": "Civic & community", "name": "Singaravelar Mahal", "osm_id": 13360848521, "osm_type": "node", "osm_tag": "amenity=community_centre"}}, {"type": "Feature", "geometry": {"type": "Point", "coordinates": [78.1918373, 9.9843997]}, "properties": {"kind": "amenity", "group": "Places of worship", "name": "\u0bae\u0bc1\u0ba9\u0bbf\u0baf\u0baa\u0bcd\u0baa\u0b9a\u0bbe\u0bae\u0bbf \u0b95\u0bcb\u0bb5\u0bbf\u0bb2\u0bcd", "osm_id": 13375422801, "osm_type": "node", "osm_tag": "amenity=place_of_worship"}}, {"type": "Feature", "geometry": {"type": "Point", "coordinates": [78.129685, 9.9421169]}, "properties": {"kind": "amenity", "group": "Fuel stations", "name": "Bharat Petroleum Petrol Bunk", "osm_id": 13375425201, "osm_type": "node", "osm_tag": "amenity=fuel"}}, {"type": "Feature", "geometry": {"type": "Point", "coordinates": [78.1252708, 9.9214431]}, "properties": {"kind": "amenity", "group": "Pharmacies", "name": "\u0b9c\u0bc7\u0baa\u0bbf \u0baa\u0bbe\u0bb0\u0bcd\u0bae\u0b9a\u0bbf", "osm_id": 13380652901, "osm_type": "node", "osm_tag": "amenity=pharmacy"}}, {"type": "Feature", "geometry": {"type": "Point", "coordinates": [78.116986, 9.8928193]}, "properties": {"kind": "amenity", "group": "Bus stops & stations", "name": "MMC Colony Bus Stop", "osm_id": 13447808745, "osm_type": "node", "osm_tag": "highway=bus_stop"}}, {"type": "Feature", "geometry": {"type": "Point", "coordinates": [78.1197252, 9.8984238]}, "properties": {"kind": "amenity", "group": "Fuel stations", "name": "Hindustan Petroleum Corporation Limited", "osm_id": 13447842917, "osm_type": "node", "osm_tag": "amenity=fuel"}}, {"type": "Feature", "geometry": {"type": "Point", "coordinates": [78.0948629, 9.9259416]}, "properties": {"kind": "amenity", "group": "Food & eating out", "name": "Frozen Bottle - Milkshakes, Desserts, and Ice Cream", "osm_id": 13460555201, "osm_type": "node", "osm_tag": "amenity=fast_food"}}, {"type": "Feature", "geometry": {"type": "Point", "coordinates": [77.9795475, 9.759225]}, "properties": {"kind": "amenity", "group": "Food & eating out", "name": "Hotel Temple City", "osm_id": 13588886450, "osm_type": "node", "osm_tag": "amenity=restaurant"}}, {"type": "Feature", "geometry": {"type": "Point", "coordinates": [77.9837839, 9.7623797]}, "properties": {"kind": "amenity", "group": "Places of worship", "name": "TNTJ AL Hidaya Islamic Call and Guidance Center for Men", "osm_id": 13588886451, "osm_type": "node", "osm_tag": "amenity=place_of_worship"}}, {"type": "Feature", "geometry": {"type": "Point", "coordinates": [78.1488431, 9.9258391]}, "properties": {"kind": "amenity", "group": "Food & eating out", "name": "CK's Bakery", "osm_id": 13607925983, "osm_type": "node", "osm_tag": "amenity=fast_food"}}, {"type": "Feature", "geometry": {"type": "Point", "coordinates": [78.1388664, 9.9243317]}, "properties": {"kind": "amenity", "group": "Food & eating out", "name": "Hotel Rajesvari", "osm_id": 13607984770, "osm_type": "node", "osm_tag": "amenity=restaurant"}}, {"type": "Feature", "geometry": {"type": "Point", "coordinates": [78.1488314, 9.9207238]}, "properties": {"kind": "amenity", "group": "Food & eating out", "name": "Sri Sapthagiri Tiffin Park", "osm_id": 13607984793, "osm_type": "node", "osm_tag": "amenity=fast_food"}}, {"type": "Feature", "geometry": {"type": "Point", "coordinates": [78.1483356, 9.9214121]}, "properties": {"kind": "amenity", "group": "Food & eating out", "name": "Alice Caf\u00e9", "osm_id": 13607984857, "osm_type": "node", "osm_tag": "amenity=cafe"}}, {"type": "Feature", "geometry": {"type": "Point", "coordinates": [78.1483432, 9.9221007]}, "properties": {"kind": "amenity", "group": "Food & eating out", "name": "Chai Sutta Bar", "osm_id": 13607984909, "osm_type": "node", "osm_tag": "amenity=cafe"}}, {"type": "Feature", "geometry": {"type": "Point", "coordinates": [78.1485772, 9.9262763]}, "properties": {"kind": "amenity", "group": "Food & eating out", "name": "Hot Grills", "osm_id": 13607984910, "osm_type": "node", "osm_tag": "amenity=fast_food"}}, {"type": "Feature", "geometry": {"type": "Point", "coordinates": [78.1489655, 9.9270224]}, "properties": {"kind": "amenity", "group": "Places of worship", "name": "", "osm_id": 13607984920, "osm_type": "node", "osm_tag": "amenity=place_of_worship"}}, {"type": "Feature", "geometry": {"type": "Point", "coordinates": [78.1488535, 9.9259282]}, "properties": {"kind": "amenity", "group": "Food & eating out", "name": "Hot Tea", "osm_id": 13607984944, "osm_type": "node", "osm_tag": "amenity=cafe"}}, {"type": "Feature", "geometry": {"type": "Point", "coordinates": [78.1485823, 9.9238826]}, "properties": {"kind": "amenity", "group": "Food & eating out", "name": "Vidhya Coffee Bar", "osm_id": 13607984954, "osm_type": "node", "osm_tag": "amenity=cafe"}}, {"type": "Feature", "geometry": {"type": "Point", "coordinates": [78.1488578, 9.9245991]}, "properties": {"kind": "amenity", "group": "Police & fire", "name": "Madurai Traffic Police Station", "osm_id": 13609197706, "osm_type": "node", "osm_tag": "amenity=police"}}, {"type": "Feature", "geometry": {"type": "Point", "coordinates": [78.1488223, 9.9242154]}, "properties": {"kind": "amenity", "group": "Banks & ATMs", "name": "Kotak Life", "osm_id": 13609201355, "osm_type": "node", "osm_tag": "amenity=bank"}}, {"type": "Feature", "geometry": {"type": "Point", "coordinates": [78.1488569, 9.9224602]}, "properties": {"kind": "amenity", "group": "Pharmacies", "name": "SRI VELA Pharmacy", "osm_id": 13609235749, "osm_type": "node", "osm_tag": "amenity=pharmacy"}}, {"type": "Feature", "geometry": {"type": "Point", "coordinates": [78.1391054, 9.9154444]}, "properties": {"kind": "amenity", "group": "Shops & markets", "name": "", "osm_id": 13612853622, "osm_type": "node", "osm_tag": "shop=greengrocer"}}, {"type": "Feature", "geometry": {"type": "Point", "coordinates": [78.1486265, 9.9168658]}, "properties": {"kind": "amenity", "group": "Shops & markets", "name": "", "osm_id": 13612853678, "osm_type": "node", "osm_tag": "shop=greengrocer"}}, {"type": "Feature", "geometry": {"type": "Point", "coordinates": [78.1485735, 9.9173128]}, "properties": {"kind": "amenity", "group": "Food & eating out", "name": "Kamuthi Lassi and Juice Point", "osm_id": 13612853694, "osm_type": "node", "osm_tag": "amenity=fast_food"}}, {"type": "Feature", "geometry": {"type": "Point", "coordinates": [78.1353959, 9.9164747]}, "properties": {"kind": "amenity", "group": "Places of worship", "name": "", "osm_id": 13612853820, "osm_type": "node", "osm_tag": "amenity=place_of_worship"}}, {"type": "Feature", "geometry": {"type": "Point", "coordinates": [78.123593, 9.9117105]}, "properties": {"kind": "amenity", "group": "Banks & ATMs", "name": "", "osm_id": 13612853839, "osm_type": "node", "osm_tag": "amenity=atm"}}, {"type": "Feature", "geometry": {"type": "Point", "coordinates": [78.148561, 9.9209659]}, "properties": {"kind": "amenity", "group": "Food & eating out", "name": "KNS", "osm_id": 13612853886, "osm_type": "node", "osm_tag": "amenity=cafe"}}, {"type": "Feature", "geometry": {"type": "Point", "coordinates": [78.1484423, 9.9168721]}, "properties": {"kind": "amenity", "group": "Food & eating out", "name": "Hunger Heist", "osm_id": 13612853941, "osm_type": "node", "osm_tag": "amenity=fast_food"}}, {"type": "Feature", "geometry": {"type": "Point", "coordinates": [78.1485611, 9.920999]}, "properties": {"kind": "amenity", "group": "Shops & markets", "name": "KNS", "osm_id": 13612854059, "osm_type": "node", "osm_tag": "shop=greengrocer"}}, {"type": "Feature", "geometry": {"type": "Point", "coordinates": [78.1355065, 9.9164698]}, "properties": {"kind": "amenity", "group": "Banks & ATMs", "name": "", "osm_id": 13612854083, "osm_type": "node", "osm_tag": "amenity=atm"}}, {"type": "Feature", "geometry": {"type": "Point", "coordinates": [78.1608, 9.9485221]}, "properties": {"kind": "amenity", "group": "Food & eating out", "name": "Hotel Janakiram nonveg", "osm_id": 13641411101, "osm_type": "node", "osm_tag": "amenity=restaurant"}}, {"type": "Feature", "geometry": {"type": "Point", "coordinates": [78.141491, 9.9247218]}, "properties": {"kind": "amenity", "group": "Fuel stations", "name": "\u0bae\u0bca\u0bb9\u0bc8\u0ba4\u0bc0\u0ba9\u0bcd \u0b86\u0ba3\u0bcd\u0b9f\u0bb5\u0bb0\u0bcd \u0b86\u0b9f\u0bcd\u0b9f\u0bcb\u0bae\u0bca\u0baa\u0bc8\u0bb2\u0bcd\u0bb8\u0bcd, \u0b87\u0ba8\u0bcd\u0ba4\u0bbf\u0baf\u0ba9\u0bcd \u0b86\u0baf\u0bbf\u0bb2\u0bcd \u0b9f\u0bc0\u0bb2\u0bb0\u0bcd", "osm_id": 13644676101, "osm_type": "node", "osm_tag": "amenity=fuel"}}, {"type": "Feature", "geometry": {"type": "Point", "coordinates": [78.1456611, 9.9384787]}, "properties": {"kind": "amenity", "group": "Fuel stations", "name": "\u0b85\u0bb0\u0bc1\u0ba3\u0bcd \u0b86\u0b9f\u0bcd\u0b9f\u0bcb\u0bae\u0bca\u0baa\u0bc8\u0bb2\u0bcd\u0bb8\u0bcd", "osm_id": 13644706101, "osm_type": "node", "osm_tag": "amenity=fuel"}}, {"type": "Feature", "geometry": {"type": "Point", "coordinates": [77.9779137, 10.0808626]}, "properties": {"kind": "amenity", "group": "Food & eating out", "name": "Aadhirrai Arusuvai Unavagam", "osm_id": 13805551480, "osm_type": "node", "osm_tag": "amenity=restaurant"}}, {"type": "Feature", "geometry": {"type": "Point", "coordinates": [78.129907, 9.9418721]}, "properties": {"kind": "amenity", "group": "Food & eating out", "name": "Narayana Restaurant", "osm_id": 13810668695, "osm_type": "node", "osm_tag": "amenity=restaurant"}}, {"type": "Feature", "geometry": {"type": "Point", "coordinates": [78.1184229, 9.9040666]}, "properties": {"kind": "amenity", "group": "Banks & ATMs", "name": "State Bank of India", "osm_id": 13810684859, "osm_type": "node", "osm_tag": "amenity=bank"}}, {"type": "Feature", "geometry": {"type": "Point", "coordinates": [78.142806, 9.9358288]}, "properties": {"kind": "amenity", "group": "Food & eating out", "name": "Anjappar Chettinad Restaurant", "osm_id": 13874532306, "osm_type": "node", "osm_tag": "amenity=restaurant"}}, {"type": "Feature", "geometry": {"type": "Point", "coordinates": [78.1425128, 9.9364647]}, "properties": {"kind": "amenity", "group": "Food & eating out", "name": "\u0bb8\u0bcd\u0bb0\u0bc0 \u0b9a\u0bb0\u0bb5\u0ba3\u0bbe \u0bb0\u0bc6\u0bb8\u0bcd\u0b9f\u0bbe\u0bb0\u0ba3\u0bcd\u0b9f\u0bcd", "osm_id": 13877258701, "osm_type": "node", "osm_tag": "amenity=restaurant"}}, {"type": "Feature", "geometry": {"type": "Point", "coordinates": [78.1391979, 9.9247128]}, "properties": {"kind": "amenity", "group": "Pharmacies", "name": "Bawaa Medical Centre", "osm_id": 13926814722, "osm_type": "node", "osm_tag": "amenity=pharmacy"}}, {"type": "Feature", "geometry": {"type": "Point", "coordinates": [78.1488418, 9.9252914]}, "properties": {"kind": "amenity", "group": "Food & eating out", "name": "", "osm_id": 14170349074, "osm_type": "node", "osm_tag": "amenity=fast_food"}}, {"type": "Feature", "geometry": {"type": "Point", "coordinates": [78.1193421, 9.9195086]}, "properties": {"kind": "amenity", "group": "Places of worship", "name": "Sri Meenakshi Amman Temple complex", "osm_id": 28669371, "osm_type": "way", "osm_tag": "amenity=place_of_worship"}}, {"type": "Feature", "geometry": {"type": "Point", "coordinates": [78.0901948, 9.9338228]}, "properties": {"kind": "amenity", "group": "Food & eating out", "name": "Bells Jumbo Restaurant", "osm_id": 50919610, "osm_type": "way", "osm_tag": "amenity=restaurant"}}, {"type": "Feature", "geometry": {"type": "Point", "coordinates": [78.1499014, 9.9351708]}, "properties": {"kind": "amenity", "group": "Parks & sport", "name": "Walker's Club", "osm_id": 54812802, "osm_type": "way", "osm_tag": "leisure=park"}}, {"type": "Feature", "geometry": {"type": "Point", "coordinates": [78.139933, 9.9757533]}, "properties": {"kind": "amenity", "group": "Power infrastructure", "name": "Thiruppalai", "osm_id": 56844937, "osm_type": "way", "osm_tag": "power=substation"}}, {"type": "Feature", "geometry": {"type": "Point", "coordinates": [78.0823937, 9.905882]}, "properties": {"kind": "amenity", "group": "Power infrastructure", "name": "Pasumalai", "osm_id": 56860702, "osm_type": "way", "osm_tag": "power=substation"}}, {"type": "Feature", "geometry": {"type": "Point", "coordinates": [78.1211981, 9.9201229]}, "properties": {"kind": "amenity", "group": "Places of worship", "name": "Pudhu Mandapam", "osm_id": 100977086, "osm_type": "way", "osm_tag": "amenity=place_of_worship"}}, {"type": "Feature", "geometry": {"type": "Point", "coordinates": [78.1226542, 9.930304]}, "properties": {"kind": "amenity", "group": "Places of worship", "name": "", "osm_id": 109649802, "osm_type": "way", "osm_tag": "amenity=place_of_worship"}}, {"type": "Feature", "geometry": {"type": "Point", "coordinates": [77.9540785, 10.0189979]}, "properties": {"kind": "amenity", "group": "Places of worship", "name": "", "osm_id": 177370854, "osm_type": "way", "osm_tag": "amenity=place_of_worship"}}, {"type": "Feature", "geometry": {"type": "Point", "coordinates": [78.1359403, 9.9298981]}, "properties": {"kind": "amenity", "group": "Parks & sport", "name": "Rajaji Park", "osm_id": 186262504, "osm_type": "way", "osm_tag": "leisure=park"}}, {"type": "Feature", "geometry": {"type": "Point", "coordinates": [78.1018636, 9.9262408]}, "properties": {"kind": "amenity", "group": "Parks & sport", "name": "Railway Grounds", "osm_id": 186627179, "osm_type": "way", "osm_tag": "leisure=sports_centre"}}, {"type": "Feature", "geometry": {"type": "Point", "coordinates": [78.1009927, 9.9236085]}, "properties": {"kind": "amenity", "group": "Places of worship", "name": "Tamilnadu Theological Seminary", "osm_id": 186627181, "osm_type": "way", "osm_tag": "amenity=place_of_worship"}}, {"type": "Feature", "geometry": {"type": "Point", "coordinates": [78.1133071, 9.9179653]}, "properties": {"kind": "amenity", "group": "Places of worship", "name": "", "osm_id": 202200426, "osm_type": "way", "osm_tag": "amenity=place_of_worship"}}, {"type": "Feature", "geometry": {"type": "Point", "coordinates": [78.1893252, 9.9667765]}, "properties": {"kind": "amenity", "group": "Places of worship", "name": "", "osm_id": 205238662, "osm_type": "way", "osm_tag": "amenity=place_of_worship"}}, {"type": "Feature", "geometry": {"type": "Point", "coordinates": [78.132703, 9.9466891]}, "properties": {"kind": "amenity", "group": "Parks & sport", "name": "Parade ground of Armed Reserve Police Force", "osm_id": 220371178, "osm_type": "way", "osm_tag": "leisure=park"}}, {"type": "Feature", "geometry": {"type": "Point", "coordinates": [78.1034403, 9.9056134]}, "properties": {"kind": "amenity", "group": "Shops & markets", "name": "Jaihindpuram Market", "osm_id": 236218588, "osm_type": "way", "osm_tag": "amenity=marketplace"}}, {"type": "Feature", "geometry": {"type": "Point", "coordinates": [77.9815449, 9.8245622]}, "properties": {"kind": "amenity", "group": "Places of worship", "name": "", "osm_id": 261523879, "osm_type": "way", "osm_tag": "amenity=place_of_worship"}}, {"type": "Feature", "geometry": {"type": "Point", "coordinates": [78.1452096, 9.9005752]}, "properties": {"kind": "amenity", "group": "Power infrastructure", "name": "Anupandi", "osm_id": 309568331, "osm_type": "way", "osm_tag": "power=substation"}}, {"type": "Feature", "geometry": {"type": "Point", "coordinates": [78.1168892, 9.9056496]}, "properties": {"kind": "amenity", "group": "Power infrastructure", "name": "Villapuram Substation", "osm_id": 309568334, "osm_type": "way", "osm_tag": "power=substation"}}, {"type": "Feature", "geometry": {"type": "Point", "coordinates": [77.9685768, 9.9210839]}, "properties": {"kind": "amenity", "group": "Power infrastructure", "name": "Madurai (Cheackanurani)", "osm_id": 309572245, "osm_type": "way", "osm_tag": "power=substation"}}, {"type": "Feature", "geometry": {"type": "Point", "coordinates": [78.1710157, 9.9164969]}, "properties": {"kind": "amenity", "group": "Power infrastructure", "name": "Vandiyur", "osm_id": 309653596, "osm_type": "way", "osm_tag": "power=substation"}}, {"type": "Feature", "geometry": {"type": "Point", "coordinates": [77.9776396, 9.8270348]}, "properties": {"kind": "amenity", "group": "Power infrastructure", "name": "Tirumangalam", "osm_id": 309653597, "osm_type": "way", "osm_tag": "power=substation"}}, {"type": "Feature", "geometry": {"type": "Point", "coordinates": [78.1881533, 10.0526096]}, "properties": {"kind": "amenity", "group": "Power infrastructure", "name": "Alagarkoil", "osm_id": 309653600, "osm_type": "way", "osm_tag": "power=substation"}}, {"type": "Feature", "geometry": {"type": "Point", "coordinates": [78.0200632, 9.8639107]}, "properties": {"kind": "amenity", "group": "Power infrastructure", "name": "Kappalur", "osm_id": 309653627, "osm_type": "way", "osm_tag": "power=substation"}}, {"type": "Feature", "geometry": {"type": "Point", "coordinates": [78.2640573, 10.0010037]}, "properties": {"kind": "amenity", "group": "Power infrastructure", "name": "", "osm_id": 309653628, "osm_type": "way", "osm_tag": "power=substation"}}, {"type": "Feature", "geometry": {"type": "Point", "coordinates": [78.0527116, 9.9422378]}, "properties": {"kind": "amenity", "group": "Power infrastructure", "name": "Achampathu", "osm_id": 309653630, "osm_type": "way", "osm_tag": "power=substation"}}, {"type": "Feature", "geometry": {"type": "Point", "coordinates": [78.096569, 9.9667569]}, "properties": {"kind": "amenity", "group": "Power infrastructure", "name": "Anaiyur", "osm_id": 309653631, "osm_type": "way", "osm_tag": "power=substation"}}, {"type": "Feature", "geometry": {"type": "Point", "coordinates": [78.1507691, 9.9413933]}, "properties": {"kind": "amenity", "group": "Power infrastructure", "name": "", "osm_id": 309653641, "osm_type": "way", "osm_tag": "power=substation"}}, {"type": "Feature", "geometry": {"type": "Point", "coordinates": [78.2802999, 10.0029454]}, "properties": {"kind": "amenity", "group": "Power infrastructure", "name": "", "osm_id": 309653649, "osm_type": "way", "osm_tag": "power=substation"}}, {"type": "Feature", "geometry": {"type": "Point", "coordinates": [78.0449342, 9.9743151]}, "properties": {"kind": "amenity", "group": "Power infrastructure", "name": "", "osm_id": 310099510, "osm_type": "way", "osm_tag": "power=substation"}}, {"type": "Feature", "geometry": {"type": "Point", "coordinates": [78.0462826, 9.9742169]}, "properties": {"kind": "amenity", "group": "Power infrastructure", "name": "", "osm_id": 310099515, "osm_type": "way", "osm_tag": "power=substation"}}, {"type": "Feature", "geometry": {"type": "Point", "coordinates": [78.3306003, 10.0098392]}, "properties": {"kind": "amenity", "group": "Power infrastructure", "name": "Melur", "osm_id": 310099518, "osm_type": "way", "osm_tag": "power=substation"}}, {"type": "Feature", "geometry": {"type": "Point", "coordinates": [78.1241521, 10.1126178]}, "properties": {"kind": "amenity", "group": "Power infrastructure", "name": "Manickampatti", "osm_id": 310099528, "osm_type": "way", "osm_tag": "power=substation"}}, {"type": "Feature", "geometry": {"type": "Point", "coordinates": [77.965039, 10.0149694]}, "properties": {"kind": "amenity", "group": "Power infrastructure", "name": "Sholavandan", "osm_id": 310099533, "osm_type": "way", "osm_tag": "power=substation"}}, {"type": "Feature", "geometry": {"type": "Point", "coordinates": [78.1109712, 10.049625]}, "properties": {"kind": "amenity", "group": "Power infrastructure", "name": "Alanganallur Sugar Mill", "osm_id": 323845079, "osm_type": "way", "osm_tag": "power=substation"}}, {"type": "Feature", "geometry": {"type": "Point", "coordinates": [78.1562058, 9.9438308]}, "properties": {"kind": "amenity", "group": "Bus stops & stations", "name": "MGR Paerundhu Nilaiyam", "osm_id": 336290004, "osm_type": "way", "osm_tag": "amenity=bus_station"}}, {"type": "Feature", "geometry": {"type": "Point", "coordinates": [78.1428596, 9.9405282]}, "properties": {"kind": "amenity", "group": "Parks & sport", "name": "MGR Race Course Stadium", "osm_id": 336290006, "osm_type": "way", "osm_tag": "leisure=stadium"}}, {"type": "Feature", "geometry": {"type": "Point", "coordinates": [78.0693697, 9.8818788]}, "properties": {"kind": "amenity", "group": "Places of worship", "name": "", "osm_id": 336302375, "osm_type": "way", "osm_tag": "amenity=place_of_worship"}}, {"type": "Feature", "geometry": {"type": "Point", "coordinates": [78.0986236, 9.900932]}, "properties": {"kind": "amenity", "group": "Parks & sport", "name": "Ramar Temple Park", "osm_id": 336302383, "osm_type": "way", "osm_tag": "leisure=park"}}, {"type": "Feature", "geometry": {"type": "Point", "coordinates": [77.9904169, 9.8268659]}, "properties": {"kind": "amenity", "group": "Bus stops & stations", "name": "", "osm_id": 482977053, "osm_type": "way", "osm_tag": "amenity=bus_station"}}, {"type": "Feature", "geometry": {"type": "Point", "coordinates": [78.1243507, 9.9218007]}, "properties": {"kind": "amenity", "group": "Shops & markets", "name": "Nelpettai Market", "osm_id": 496461069, "osm_type": "way", "osm_tag": "amenity=marketplace"}}, {"type": "Feature", "geometry": {"type": "Point", "coordinates": [78.1381429, 9.9297774]}, "properties": {"kind": "amenity", "group": "Parks & sport", "name": "", "osm_id": 496461083, "osm_type": "way", "osm_tag": "leisure=park"}}, {"type": "Feature", "geometry": {"type": "Point", "coordinates": [78.1385095, 9.9310773]}, "properties": {"kind": "amenity", "group": "Parks & sport", "name": "", "osm_id": 496461085, "osm_type": "way", "osm_tag": "leisure=sports_centre"}}, {"type": "Feature", "geometry": {"type": "Point", "coordinates": [78.1386879, 9.9301048]}, "properties": {"kind": "amenity", "group": "Civic & community", "name": "Gandhi Museum Library", "osm_id": 496461087, "osm_type": "way", "osm_tag": "amenity=library"}}, {"type": "Feature", "geometry": {"type": "Point", "coordinates": [78.1380357, 9.930287]}, "properties": {"kind": "amenity", "group": "Parks & sport", "name": "", "osm_id": 496461089, "osm_type": "way", "osm_tag": "leisure=park"}}, {"type": "Feature", "geometry": {"type": "Point", "coordinates": [78.1387335, 9.9322522]}, "properties": {"kind": "amenity", "group": "Civic & community", "name": "Ulaga Tamizh Sangam", "osm_id": 496461090, "osm_type": "way", "osm_tag": "amenity=community_centre"}}, {"type": "Feature", "geometry": {"type": "Point", "coordinates": [78.1439113, 9.9409452]}, "properties": {"kind": "amenity", "group": "Parks & sport", "name": "Madurai International Hockey Stadium", "osm_id": 496461098, "osm_type": "way", "osm_tag": "leisure=stadium"}}, {"type": "Feature", "geometry": {"type": "Point", "coordinates": [78.1416178, 9.9398144]}, "properties": {"kind": "amenity", "group": "Parks & sport", "name": "SDAT - Swimming Pool", "osm_id": 496461099, "osm_type": "way", "osm_tag": "leisure=sports_centre"}}, {"type": "Feature", "geometry": {"type": "Point", "coordinates": [78.1433106, 9.9411946]}, "properties": {"kind": "amenity", "group": "Parks & sport", "name": "Hockey", "osm_id": 496461109, "osm_type": "way", "osm_tag": "leisure=stadium"}}, {"type": "Feature", "geometry": {"type": "Point", "coordinates": [78.1419609, 9.939785]}, "properties": {"kind": "amenity", "group": "Parks & sport", "name": "Badminton", "osm_id": 496461115, "osm_type": "way", "osm_tag": "leisure=sports_centre"}}, {"type": "Feature", "geometry": {"type": "Point", "coordinates": [78.1449551, 9.9416634]}, "properties": {"kind": "amenity", "group": "Parks & sport", "name": "Madurai Rifle Club", "osm_id": 496461124, "osm_type": "way", "osm_tag": "leisure=sports_centre"}}, {"type": "Feature", "geometry": {"type": "Point", "coordinates": [78.1482278, 9.9387977]}, "properties": {"kind": "amenity", "group": "Shops & markets", "name": "Maththiya Kaaikari Angaadi", "osm_id": 496461125, "osm_type": "way", "osm_tag": "amenity=marketplace"}}, {"type": "Feature", "geometry": {"type": "Point", "coordinates": [78.1498433, 9.9332623]}, "properties": {"kind": "amenity", "group": "Parks & sport", "name": "", "osm_id": 496468450, "osm_type": "way", "osm_tag": "leisure=stadium"}}, {"type": "Feature", "geometry": {"type": "Point", "coordinates": [78.1474899, 9.9247092]}, "properties": {"kind": "amenity", "group": "Shops & markets", "name": "Uzhavar Sandhai", "osm_id": 496468456, "osm_type": "way", "osm_tag": "amenity=marketplace"}}, {"type": "Feature", "geometry": {"type": "Point", "coordinates": [78.1507482, 9.9225014]}, "properties": {"kind": "amenity", "group": "Places of worship", "name": "", "osm_id": 496468458, "osm_type": "way", "osm_tag": "amenity=place_of_worship"}}, {"type": "Feature", "geometry": {"type": "Point", "coordinates": [78.1493099, 9.9223385]}, "properties": {"kind": "amenity", "group": "Parks & sport", "name": "", "osm_id": 496468460, "osm_type": "way", "osm_tag": "leisure=park"}}, {"type": "Feature", "geometry": {"type": "Point", "coordinates": [78.0709933, 9.8796198]}, "properties": {"kind": "amenity", "group": "Places of worship", "name": "Arulmigu Subramaniya Swami Temple", "osm_id": 502944817, "osm_type": "way", "osm_tag": "amenity=place_of_worship"}}, {"type": "Feature", "geometry": {"type": "Point", "coordinates": [78.1974461, 10.1438189]}, "properties": {"kind": "amenity", "group": "Power infrastructure", "name": "L Valayapatti", "osm_id": 544899037, "osm_type": "way", "osm_tag": "power=substation"}}, {"type": "Feature", "geometry": {"type": "Point", "coordinates": [78.1452896, 9.9471616]}, "properties": {"kind": "amenity", "group": "Bus stops & stations", "name": "K-Pudur", "osm_id": 554112657, "osm_type": "way", "osm_tag": "amenity=bus_station"}}, {"type": "Feature", "geometry": {"type": "Point", "coordinates": [78.0699389, 9.8820823]}, "properties": {"kind": "amenity", "group": "Places of worship", "name": "", "osm_id": 589772608, "osm_type": "way", "osm_tag": "amenity=place_of_worship"}}, {"type": "Feature", "geometry": {"type": "Point", "coordinates": [78.1140266, 9.918144]}, "properties": {"kind": "amenity", "group": "Places of worship", "name": "", "osm_id": 589834416, "osm_type": "way", "osm_tag": "amenity=place_of_worship"}}, {"type": "Feature", "geometry": {"type": "Point", "coordinates": [78.2232579, 10.094341]}, "properties": {"kind": "amenity", "group": "Places of worship", "name": "Pazhamudhircholai Murugan Temple", "osm_id": 589943015, "osm_type": "way", "osm_tag": "amenity=place_of_worship"}}, {"type": "Feature", "geometry": {"type": "Point", "coordinates": [78.1144627, 9.9144031]}, "properties": {"kind": "amenity", "group": "Places of worship", "name": "Hayagreeya Temple", "osm_id": 590572709, "osm_type": "way", "osm_tag": "amenity=place_of_worship"}}, {"type": "Feature", "geometry": {"type": "Point", "coordinates": [78.1121893, 9.9026862]}, "properties": {"kind": "amenity", "group": "Places of worship", "name": "", "osm_id": 628010239, "osm_type": "way", "osm_tag": "amenity=place_of_worship"}}, {"type": "Feature", "geometry": {"type": "Point", "coordinates": [78.1713423, 9.9275375]}, "properties": {"kind": "amenity", "group": "Parks & sport", "name": "", "osm_id": 669332482, "osm_type": "way", "osm_tag": "leisure=park"}}, {"type": "Feature", "geometry": {"type": "Point", "coordinates": [78.1256801, 9.9133194]}, "properties": {"kind": "amenity", "group": "Places of worship", "name": "Saint Mary's Cathedral Church", "osm_id": 680725273, "osm_type": "way", "osm_tag": "amenity=place_of_worship"}}, {"type": "Feature", "geometry": {"type": "Point", "coordinates": [78.315753, 9.9601592]}, "properties": {"kind": "amenity", "group": "Places of worship", "name": "Thiruvathavur Kalvettu", "osm_id": 686727686, "osm_type": "way", "osm_tag": "amenity=place_of_worship"}}, {"type": "Feature", "geometry": {"type": "Point", "coordinates": [78.1247529, 9.914616]}, "properties": {"kind": "amenity", "group": "Parks & sport", "name": "", "osm_id": 705704853, "osm_type": "way", "osm_tag": "leisure=park"}}, {"type": "Feature", "geometry": {"type": "Point", "coordinates": [78.1125091, 9.9193686]}, "properties": {"kind": "amenity", "group": "Parks & sport", "name": "", "osm_id": 705965251, "osm_type": "way", "osm_tag": "leisure=park"}}, {"type": "Feature", "geometry": {"type": "Point", "coordinates": [78.1123807, 9.9193686]}, "properties": {"kind": "amenity", "group": "Civic & community", "name": "Theosophical Society", "osm_id": 705965252, "osm_type": "way", "osm_tag": "amenity=library"}}, {"type": "Feature", "geometry": {"type": "Point", "coordinates": [78.2415283, 9.838538]}, "properties": {"kind": "amenity", "group": "Power infrastructure", "name": "Thiruppuvanam", "osm_id": 728876749, "osm_type": "way", "osm_tag": "power=substation"}}, {"type": "Feature", "geometry": {"type": "Point", "coordinates": [78.0198088, 9.9398897]}, "properties": {"kind": "amenity", "group": "Parks & sport", "name": "", "osm_id": 740668053, "osm_type": "way", "osm_tag": "leisure=park"}}, {"type": "Feature", "geometry": {"type": "Point", "coordinates": [78.1190148, 9.9258185]}, "properties": {"kind": "amenity", "group": "Civic & community", "name": "District Central Library", "osm_id": 741146979, "osm_type": "way", "osm_tag": "amenity=library"}}, {"type": "Feature", "geometry": {"type": "Point", "coordinates": [77.9775319, 9.7769751]}, "properties": {"kind": "amenity", "group": "Places of worship", "name": "Mukthi Nilayam", "osm_id": 748645425, "osm_type": "way", "osm_tag": "amenity=place_of_worship"}}, {"type": "Feature", "geometry": {"type": "Point", "coordinates": [78.0798483, 9.8834515]}, "properties": {"kind": "amenity", "group": "Banks & ATMs", "name": "", "osm_id": 755264631, "osm_type": "way", "osm_tag": "amenity=bank"}}, {"type": "Feature", "geometry": {"type": "Point", "coordinates": [78.1580296, 9.9453621]}, "properties": {"kind": "amenity", "group": "Bus stops & stations", "name": "Omni Paerundhu Nilaiyam", "osm_id": 756754007, "osm_type": "way", "osm_tag": "amenity=bus_station"}}, {"type": "Feature", "geometry": {"type": "Point", "coordinates": [78.1359742, 9.9340841]}, "properties": {"kind": "amenity", "group": "Places of worship", "name": "Arulmigu Prasanna Venkatachalapathy Thirukovil", "osm_id": 756770231, "osm_type": "way", "osm_tag": "amenity=place_of_worship"}}, {"type": "Feature", "geometry": {"type": "Point", "coordinates": [78.1344657, 9.9338643]}, "properties": {"kind": "amenity", "group": "Parks & sport", "name": "", "osm_id": 756770232, "osm_type": "way", "osm_tag": "leisure=park"}}, {"type": "Feature", "geometry": {"type": "Point", "coordinates": [78.1377965, 9.9385472]}, "properties": {"kind": "amenity", "group": "Parks & sport", "name": "Barathi Park", "osm_id": 756770244, "osm_type": "way", "osm_tag": "leisure=park"}}, {"type": "Feature", "geometry": {"type": "Point", "coordinates": [78.1359962, 9.9382517]}, "properties": {"kind": "amenity", "group": "Shops & markets", "name": "Vishaal de Mall", "osm_id": 756770245, "osm_type": "way", "osm_tag": "shop=mall"}}, {"type": "Feature", "geometry": {"type": "Point", "coordinates": [78.0999664, 9.9271714]}, "properties": {"kind": "amenity", "group": "Fuel stations", "name": "Indian Oil", "osm_id": 757974348, "osm_type": "way", "osm_tag": "amenity=fuel"}}, {"type": "Feature", "geometry": {"type": "Point", "coordinates": [78.1080836, 9.9188437]}, "properties": {"kind": "amenity", "group": "Civic & community", "name": "Zone 1", "osm_id": 757974349, "osm_type": "way", "osm_tag": "amenity=townhall"}}, {"type": "Feature", "geometry": {"type": "Point", "coordinates": [78.0718819, 9.8728307]}, "properties": {"kind": "amenity", "group": "Parks & sport", "name": "Eco Park", "osm_id": 758133416, "osm_type": "way", "osm_tag": "leisure=park"}}, {"type": "Feature", "geometry": {"type": "Point", "coordinates": [78.137174, 9.9262074]}, "properties": {"kind": "amenity", "group": "Parks & sport", "name": "", "osm_id": 781364731, "osm_type": "way", "osm_tag": "leisure=playground"}}, {"type": "Feature", "geometry": {"type": "Point", "coordinates": [78.1207854, 9.9207444]}, "properties": {"kind": "amenity", "group": "Parks & sport", "name": "Meenakshi Park", "osm_id": 782481264, "osm_type": "way", "osm_tag": "leisure=park"}}, {"type": "Feature", "geometry": {"type": "Point", "coordinates": [78.1037473, 9.9347782]}, "properties": {"kind": "amenity", "group": "Bus stops & stations", "name": "Arappalayam Bus Stand", "osm_id": 782481267, "osm_type": "way", "osm_tag": "amenity=bus_station"}}, {"type": "Feature", "geometry": {"type": "Point", "coordinates": [78.1200124, 9.9203363]}, "properties": {"kind": "amenity", "group": "Places of worship", "name": "\u0b86\u0baf\u0bbf\u0bb0\u0b99\u0bcd\u0b95\u0bbe\u0bb2\u0bcd \u0bae\u0ba3\u0bcd\u0b9f\u0baa\u0bae\u0bcd", "osm_id": 782481290, "osm_type": "way", "osm_tag": "amenity=place_of_worship"}}, {"type": "Feature", "geometry": {"type": "Point", "coordinates": [78.1187296, 9.919982]}, "properties": {"kind": "amenity", "group": "Places of worship", "name": "\u0b85\u0bb0\u0bc1\u0bb3\u0bcd\u0bae\u0bbf\u0b95\u0bc1 \u0b95\u0bb2\u0bcd\u0baf\u0bbe\u0ba3 \u0bae\u0bc0\u0ba9\u0bbe\u0b9f\u0bcd\u0b9a\u0bbf \u0b9a\u0bc1\u0ba8\u0bcd\u0ba4\u0bb0\u0bc7\u0bb8\u0bcd\u0bb5\u0bb0\u0bb0\u0bcd", "osm_id": 782481295, "osm_type": "way", "osm_tag": "amenity=place_of_worship"}}, {"type": "Feature", "geometry": {"type": "Point", "coordinates": [78.1188227, 9.9189607]}, "properties": {"kind": "amenity", "group": "Places of worship", "name": "\u0b85\u0bb0\u0bc1\u0bb3\u0bcd\u0bae\u0bbf\u0b95\u0bc1 \u0bae\u0bc0\u0ba9\u0bbe\u0b9f\u0bcd\u0b9a\u0bbf \u0b85\u0bae\u0bcd\u0bae\u0ba9\u0bcd", "osm_id": 782481296, "osm_type": "way", "osm_tag": "amenity=place_of_worship"}}, {"type": "Feature", "geometry": {"type": "Point", "coordinates": [78.1189596, 9.9195892]}, "properties": {"kind": "amenity", "group": "Places of worship", "name": "Sri Sundareshwarar", "osm_id": 782481297, "osm_type": "way", "osm_tag": "amenity=place_of_worship"}}, {"type": "Feature", "geometry": {"type": "Point", "coordinates": [78.1181874, 9.9200402]}, "properties": {"kind": "amenity", "group": "Places of worship", "name": "\u0b95\u0bb2\u0bcd\u0baf\u0bbe\u0ba3 \u0bae\u0ba3\u0bcd\u0b9f\u0baa\u0bae\u0bcd", "osm_id": 782481299, "osm_type": "way", "osm_tag": "amenity=place_of_worship"}}, {"type": "Feature", "geometry": {"type": "Point", "coordinates": [78.1200345, 9.9195246]}, "properties": {"kind": "amenity", "group": "Places of worship", "name": "Old Marriage Hall", "osm_id": 782481300, "osm_type": "way", "osm_tag": "amenity=place_of_worship"}}, {"type": "Feature", "geometry": {"type": "Point", "coordinates": [78.1219475, 9.9204529]}, "properties": {"kind": "amenity", "group": "Places of worship", "name": "\u0bb0\u0bbe\u0baf \u0b95\u0bcb\u0baa\u0bc1\u0bb0\u0bae\u0bcd", "osm_id": 782520818, "osm_type": "way", "osm_tag": "amenity=place_of_worship"}}, {"type": "Feature", "geometry": {"type": "Point", "coordinates": [78.1220101, 9.9201846]}, "properties": {"kind": "amenity", "group": "Places of worship", "name": "\u0bb0\u0bbe\u0baf \u0b95\u0bcb\u0baa\u0bc1\u0bb0\u0bae\u0bcd", "osm_id": 782520819, "osm_type": "way", "osm_tag": "amenity=place_of_worship"}}, {"type": "Feature", "geometry": {"type": "Point", "coordinates": [78.1188335, 9.9195432]}, "properties": {"kind": "amenity", "group": "Places of worship", "name": "Meenakshi Amman Temple", "osm_id": 782520828, "osm_type": "way", "osm_tag": "amenity=place_of_worship"}}, {"type": "Feature", "geometry": {"type": "Point", "coordinates": [78.1187453, 9.918937]}, "properties": {"kind": "amenity", "group": "Places of worship", "name": "", "osm_id": 782520829, "osm_type": "way", "osm_tag": "amenity=place_of_worship"}}, {"type": "Feature", "geometry": {"type": "Point", "coordinates": [78.1209587, 9.9194291]}, "properties": {"kind": "amenity", "group": "Places of worship", "name": "\u0ba8\u0b95\u0bb0 \u0bae\u0ba3\u0bcd\u0b9f\u0baa\u0bae\u0bcd", "osm_id": 782520830, "osm_type": "way", "osm_tag": "amenity=place_of_worship"}}, {"type": "Feature", "geometry": {"type": "Point", "coordinates": [78.0809921, 9.8772589]}, "properties": {"kind": "amenity", "group": "Parks & sport", "name": "", "osm_id": 809926347, "osm_type": "way", "osm_tag": "leisure=sports_centre"}}, {"type": "Feature", "geometry": {"type": "Point", "coordinates": [78.0394084, 9.9295979]}, "properties": {"kind": "amenity", "group": "Food & eating out", "name": "", "osm_id": 809945873, "osm_type": "way", "osm_tag": "amenity=cafe"}}, {"type": "Feature", "geometry": {"type": "Point", "coordinates": [78.0958691, 9.9292723]}, "properties": {"kind": "amenity", "group": "Places of worship", "name": "", "osm_id": 818850685, "osm_type": "way", "osm_tag": "amenity=place_of_worship"}}, {"type": "Feature", "geometry": {"type": "Point", "coordinates": [78.099391, 9.9283046]}, "properties": {"kind": "amenity", "group": "Power infrastructure", "name": "\u0ba4\u0bae\u0bbf\u0bb4\u0bcd\u0ba8\u0bbe\u0b9f\u0bc1 \u0bae\u0bbf\u0ba9\u0bcd \u0bb5\u0bbe\u0bb0\u0bbf\u0baf\u0bae\u0bcd - \u0b85\u0bb0\u0b9a\u0bb0\u0b9f\u0bbf", "osm_id": 818850690, "osm_type": "way", "osm_tag": "power=substation"}}, {"type": "Feature", "geometry": {"type": "Point", "coordinates": [78.1481955, 9.9387155]}, "properties": {"kind": "amenity", "group": "Shops & markets", "name": "", "osm_id": 848767441, "osm_type": "way", "osm_tag": "shop=greengrocer"}}, {"type": "Feature", "geometry": {"type": "Point", "coordinates": [78.1481519, 9.9388751]}, "properties": {"kind": "amenity", "group": "Shops & markets", "name": "", "osm_id": 848767442, "osm_type": "way", "osm_tag": "shop=greengrocer"}}, {"type": "Feature", "geometry": {"type": "Point", "coordinates": [78.1481187, 9.9390154]}, "properties": {"kind": "amenity", "group": "Shops & markets", "name": "", "osm_id": 848767443, "osm_type": "way", "osm_tag": "shop=greengrocer"}}, {"type": "Feature", "geometry": {"type": "Point", "coordinates": [78.1480835, 9.939168]}, "properties": {"kind": "amenity", "group": "Shops & markets", "name": "", "osm_id": 848767444, "osm_type": "way", "osm_tag": "shop=greengrocer"}}, {"type": "Feature", "geometry": {"type": "Point", "coordinates": [78.1476858, 9.9390719]}, "properties": {"kind": "amenity", "group": "Shops & markets", "name": "", "osm_id": 848767445, "osm_type": "way", "osm_tag": "shop=greengrocer"}}, {"type": "Feature", "geometry": {"type": "Point", "coordinates": [78.1477271, 9.9389229]}, "properties": {"kind": "amenity", "group": "Shops & markets", "name": "", "osm_id": 848767446, "osm_type": "way", "osm_tag": "shop=greengrocer"}}, {"type": "Feature", "geometry": {"type": "Point", "coordinates": [78.1477606, 9.9387832]}, "properties": {"kind": "amenity", "group": "Shops & markets", "name": "", "osm_id": 848767447, "osm_type": "way", "osm_tag": "shop=greengrocer"}}, {"type": "Feature", "geometry": {"type": "Point", "coordinates": [78.1477968, 9.9386241]}, "properties": {"kind": "amenity", "group": "Shops & markets", "name": "", "osm_id": 848767448, "osm_type": "way", "osm_tag": "shop=greengrocer"}}, {"type": "Feature", "geometry": {"type": "Point", "coordinates": [78.147406, 9.9385205]}, "properties": {"kind": "amenity", "group": "Shops & markets", "name": "", "osm_id": 848767449, "osm_type": "way", "osm_tag": "shop=greengrocer"}}, {"type": "Feature", "geometry": {"type": "Point", "coordinates": [78.1473661, 9.9386728]}, "properties": {"kind": "amenity", "group": "Shops & markets", "name": "", "osm_id": 848767450, "osm_type": "way", "osm_tag": "shop=greengrocer"}}, {"type": "Feature", "geometry": {"type": "Point", "coordinates": [78.1473275, 9.938819]}, "properties": {"kind": "amenity", "group": "Shops & markets", "name": "", "osm_id": 848767451, "osm_type": "way", "osm_tag": "shop=greengrocer"}}, {"type": "Feature", "geometry": {"type": "Point", "coordinates": [78.147279, 9.9389746]}, "properties": {"kind": "amenity", "group": "Shops & markets", "name": "", "osm_id": 848767452, "osm_type": "way", "osm_tag": "shop=greengrocer"}}, {"type": "Feature", "geometry": {"type": "Point", "coordinates": [78.1476057, 9.9379951]}, "properties": {"kind": "amenity", "group": "Shops & markets", "name": "", "osm_id": 848767454, "osm_type": "way", "osm_tag": "shop=greengrocer"}}, {"type": "Feature", "geometry": {"type": "Point", "coordinates": [78.1474658, 9.9382818]}, "properties": {"kind": "amenity", "group": "Shops & markets", "name": "", "osm_id": 848767455, "osm_type": "way", "osm_tag": "shop=greengrocer"}}, {"type": "Feature", "geometry": {"type": "Point", "coordinates": [78.1475134, 9.9381319]}, "properties": {"kind": "amenity", "group": "Shops & markets", "name": "", "osm_id": 848767456, "osm_type": "way", "osm_tag": "shop=greengrocer"}}, {"type": "Feature", "geometry": {"type": "Point", "coordinates": [78.1482575, 9.939763]}, "properties": {"kind": "amenity", "group": "Shops & markets", "name": "", "osm_id": 849273816, "osm_type": "way", "osm_tag": "shop=greengrocer"}}, {"type": "Feature", "geometry": {"type": "Point", "coordinates": [78.1488736, 9.9405423]}, "properties": {"kind": "amenity", "group": "Shops & markets", "name": "", "osm_id": 849273817, "osm_type": "way", "osm_tag": "shop=greengrocer"}}, {"type": "Feature", "geometry": {"type": "Point", "coordinates": [78.0903518, 9.9354216]}, "properties": {"kind": "amenity", "group": "Post offices", "name": "Mudakusalai Post office", "osm_id": 850010014, "osm_type": "way", "osm_tag": "amenity=post_office"}}, {"type": "Feature", "geometry": {"type": "Point", "coordinates": [78.2567848, 9.827066]}, "properties": {"kind": "amenity", "group": "Places of worship", "name": "", "osm_id": 858817570, "osm_type": "way", "osm_tag": "amenity=place_of_worship"}}, {"type": "Feature", "geometry": {"type": "Point", "coordinates": [78.2599872, 10.0000609]}, "properties": {"kind": "amenity", "group": "Power infrastructure", "name": "", "osm_id": 906390047, "osm_type": "way", "osm_tag": "power=substation"}}, {"type": "Feature", "geometry": {"type": "Point", "coordinates": [78.135998, 9.9340869]}, "properties": {"kind": "amenity", "group": "Places of worship", "name": "", "osm_id": 910969867, "osm_type": "way", "osm_tag": "amenity=place_of_worship"}}, {"type": "Feature", "geometry": {"type": "Point", "coordinates": [78.1359826, 9.9342491]}, "properties": {"kind": "amenity", "group": "Places of worship", "name": "", "osm_id": 910969868, "osm_type": "way", "osm_tag": "amenity=place_of_worship"}}, {"type": "Feature", "geometry": {"type": "Point", "coordinates": [78.1357193, 9.9339395]}, "properties": {"kind": "amenity", "group": "Places of worship", "name": "", "osm_id": 910969869, "osm_type": "way", "osm_tag": "amenity=place_of_worship"}}, {"type": "Feature", "geometry": {"type": "Point", "coordinates": [78.1321269, 9.9316482]}, "properties": {"kind": "amenity", "group": "Banks & ATMs", "name": "India Post Payments Bank", "osm_id": 910969876, "osm_type": "way", "osm_tag": "amenity=bank"}}, {"type": "Feature", "geometry": {"type": "Point", "coordinates": [78.1467628, 9.9388624]}, "properties": {"kind": "amenity", "group": "Shops & markets", "name": "", "osm_id": 911124610, "osm_type": "way", "osm_tag": "shop=greengrocer"}}, {"type": "Feature", "geometry": {"type": "Point", "coordinates": [78.146835, 9.9387048]}, "properties": {"kind": "amenity", "group": "Shops & markets", "name": "", "osm_id": 911124611, "osm_type": "way", "osm_tag": "shop=greengrocer"}}, {"type": "Feature", "geometry": {"type": "Point", "coordinates": [78.1469513, 9.9385693]}, "properties": {"kind": "amenity", "group": "Shops & markets", "name": "", "osm_id": 911124612, "osm_type": "way", "osm_tag": "shop=greengrocer"}}, {"type": "Feature", "geometry": {"type": "Point", "coordinates": [78.1469929, 9.9384127]}, "properties": {"kind": "amenity", "group": "Shops & markets", "name": "", "osm_id": 911124613, "osm_type": "way", "osm_tag": "shop=greengrocer"}}, {"type": "Feature", "geometry": {"type": "Point", "coordinates": [78.1470232, 9.9382832]}, "properties": {"kind": "amenity", "group": "Shops & markets", "name": "", "osm_id": 911124614, "osm_type": "way", "osm_tag": "shop=greengrocer"}}, {"type": "Feature", "geometry": {"type": "Point", "coordinates": [78.1470702, 9.9381882]}, "properties": {"kind": "amenity", "group": "Shops & markets", "name": "", "osm_id": 911124615, "osm_type": "way", "osm_tag": "shop=greengrocer"}}, {"type": "Feature", "geometry": {"type": "Point", "coordinates": [78.1472265, 9.938125]}, "properties": {"kind": "amenity", "group": "Shops & markets", "name": "", "osm_id": 911124616, "osm_type": "way", "osm_tag": "shop=greengrocer"}}, {"type": "Feature", "geometry": {"type": "Point", "coordinates": [78.114257, 9.9127477]}, "properties": {"kind": "amenity", "group": "Places of worship", "name": "Kazimar Big Mosque", "osm_id": 949998929, "osm_type": "way", "osm_tag": "amenity=place_of_worship"}}, {"type": "Feature", "geometry": {"type": "Point", "coordinates": [78.0616311, 9.8776253]}, "properties": {"kind": "amenity", "group": "Parks & sport", "name": "", "osm_id": 952308150, "osm_type": "way", "osm_tag": "leisure=park"}}, {"type": "Feature", "geometry": {"type": "Point", "coordinates": [77.9618885, 10.0221231]}, "properties": {"kind": "amenity", "group": "Parks & sport", "name": "Government school ", "osm_id": 971709291, "osm_type": "way", "osm_tag": "leisure=park"}}, {"type": "Feature", "geometry": {"type": "Point", "coordinates": [77.9616433, 10.0203176]}, "properties": {"kind": "amenity", "group": "Places of worship", "name": "Jenagai mariamman temple", "osm_id": 972113133, "osm_type": "way", "osm_tag": "amenity=place_of_worship"}}, {"type": "Feature", "geometry": {"type": "Point", "coordinates": [77.9618117, 10.0221607]}, "properties": {"kind": "amenity", "group": "Parks & sport", "name": "Government  school park", "osm_id": 972120945, "osm_type": "way", "osm_tag": "leisure=park"}}, {"type": "Feature", "geometry": {"type": "Point", "coordinates": [77.9630338, 10.0221302]}, "properties": {"kind": "amenity", "group": "Places of worship", "name": "CSI Immanuel church", "osm_id": 972122925, "osm_type": "way", "osm_tag": "amenity=place_of_worship"}}, {"type": "Feature", "geometry": {"type": "Point", "coordinates": [77.9616925, 10.0201706]}, "properties": {"kind": "amenity", "group": "Places of worship", "name": "Jenagai Ayyappan Temple", "osm_id": 972128403, "osm_type": "way", "osm_tag": "amenity=place_of_worship"}}, {"type": "Feature", "geometry": {"type": "Point", "coordinates": [77.9615859, 10.0199743]}, "properties": {"kind": "amenity", "group": "Places of worship", "name": "Sri Jenagai narayanswami temple", "osm_id": 972143185, "osm_type": "way", "osm_tag": "amenity=place_of_worship"}}, {"type": "Feature", "geometry": {"type": "Point", "coordinates": [77.9632616, 10.0188534]}, "properties": {"kind": "amenity", "group": "Places of worship", "name": "sholavandhan mosque", "osm_id": 972152291, "osm_type": "way", "osm_tag": "amenity=place_of_worship"}}, {"type": "Feature", "geometry": {"type": "Point", "coordinates": [77.9642307, 10.0209817]}, "properties": {"kind": "amenity", "group": "Shops & markets", "name": "Sholavandhan vegetables market", "osm_id": 972154378, "osm_type": "way", "osm_tag": "amenity=marketplace"}}, {"type": "Feature", "geometry": {"type": "Point", "coordinates": [77.9591618, 10.0201422]}, "properties": {"kind": "amenity", "group": "Places of worship", "name": "Shivan temple", "osm_id": 972191410, "osm_type": "way", "osm_tag": "amenity=place_of_worship"}}, {"type": "Feature", "geometry": {"type": "Point", "coordinates": [77.9590473, 10.0210365]}, "properties": {"kind": "amenity", "group": "Places of worship", "name": "Saneeshwaran temple", "osm_id": 972192093, "osm_type": "way", "osm_tag": "amenity=place_of_worship"}}, {"type": "Feature", "geometry": {"type": "Point", "coordinates": [77.9714144, 10.0138169]}, "properties": {"kind": "amenity", "group": "Parks & sport", "name": "RMS Children's Park", "osm_id": 972245310, "osm_type": "way", "osm_tag": "leisure=park"}}, {"type": "Feature", "geometry": {"type": "Point", "coordinates": [77.9703951, 10.0106241]}, "properties": {"kind": "amenity", "group": "Places of worship", "name": "Vinayagar temple", "osm_id": 972267797, "osm_type": "way", "osm_tag": "amenity=place_of_worship"}}, {"type": "Feature", "geometry": {"type": "Point", "coordinates": [77.9714273, 10.01362]}, "properties": {"kind": "amenity", "group": "Parks & sport", "name": "RMS Children's park", "osm_id": 972273100, "osm_type": "way", "osm_tag": "leisure=park"}}, {"type": "Feature", "geometry": {"type": "Point", "coordinates": [77.9721196, 10.0130561]}, "properties": {"kind": "amenity", "group": "Civic & community", "name": "", "osm_id": 972292124, "osm_type": "way", "osm_tag": "amenity=library"}}, {"type": "Feature", "geometry": {"type": "Point", "coordinates": [77.9720065, 10.013059]}, "properties": {"kind": "amenity", "group": "Civic & community", "name": "", "osm_id": 972292419, "osm_type": "way", "osm_tag": "amenity=library"}}, {"type": "Feature", "geometry": {"type": "Point", "coordinates": [77.9724433, 10.0127322]}, "properties": {"kind": "amenity", "group": "Places of worship", "name": "Sri SeethaLakshmi Gyanalayam", "osm_id": 972415942, "osm_type": "way", "osm_tag": "amenity=place_of_worship"}}, {"type": "Feature", "geometry": {"type": "Point", "coordinates": [77.9715819, 10.0147282]}, "properties": {"kind": "amenity", "group": "Places of worship", "name": "Arutperum Jothi Vallalar Alayam", "osm_id": 972416154, "osm_type": "way", "osm_tag": "amenity=place_of_worship"}}, {"type": "Feature", "geometry": {"type": "Point", "coordinates": [77.9625655, 10.0191252]}, "properties": {"kind": "amenity", "group": "Places of worship", "name": "Sadayandi temple", "osm_id": 972544328, "osm_type": "way", "osm_tag": "amenity=place_of_worship"}}, {"type": "Feature", "geometry": {"type": "Point", "coordinates": [77.9628125, 10.0194347]}, "properties": {"kind": "amenity", "group": "Places of worship", "name": "Veeranan Temple", "osm_id": 972545245, "osm_type": "way", "osm_tag": "amenity=place_of_worship"}}, {"type": "Feature", "geometry": {"type": "Point", "coordinates": [77.9592449, 10.0211436]}, "properties": {"kind": "amenity", "group": "Places of worship", "name": "Hanuman Temple", "osm_id": 972565136, "osm_type": "way", "osm_tag": "amenity=place_of_worship"}}, {"type": "Feature", "geometry": {"type": "Point", "coordinates": [77.9625477, 10.0204672]}, "properties": {"kind": "amenity", "group": "Places of worship", "name": "Dhroubadhi Amman temple", "osm_id": 972567470, "osm_type": "way", "osm_tag": "amenity=place_of_worship"}}, {"type": "Feature", "geometry": {"type": "Point", "coordinates": [77.9636615, 10.0226894]}, "properties": {"kind": "amenity", "group": "Bus stops & stations", "name": "Sholavandhan Bus Stand", "osm_id": 972863308, "osm_type": "way", "osm_tag": "amenity=bus_station"}}, {"type": "Feature", "geometry": {"type": "Point", "coordinates": [77.9704287, 10.0105342]}, "properties": {"kind": "amenity", "group": "Places of worship", "name": "", "osm_id": 979825947, "osm_type": "way", "osm_tag": "amenity=place_of_worship"}}, {"type": "Feature", "geometry": {"type": "Point", "coordinates": [78.289277, 9.8251284]}, "properties": {"kind": "amenity", "group": "Power infrastructure", "name": "", "osm_id": 986279206, "osm_type": "way", "osm_tag": "power=plant"}}, {"type": "Feature", "geometry": {"type": "Point", "coordinates": [77.973294, 9.9411114]}, "properties": {"kind": "amenity", "group": "Bus stops & stations", "name": "Checkanurani Bus Stand", "osm_id": 990626326, "osm_type": "way", "osm_tag": "amenity=bus_station"}}, {"type": "Feature", "geometry": {"type": "Point", "coordinates": [78.0749831, 9.9373695]}, "properties": {"kind": "amenity", "group": "Places of worship", "name": "", "osm_id": 990848631, "osm_type": "way", "osm_tag": "amenity=place_of_worship"}}, {"type": "Feature", "geometry": {"type": "Point", "coordinates": [78.1566893, 9.9427175]}, "properties": {"kind": "amenity", "group": "Shops & markets", "name": "Meen Angadi", "osm_id": 991924004, "osm_type": "way", "osm_tag": "amenity=marketplace"}}, {"type": "Feature", "geometry": {"type": "Point", "coordinates": [78.1520239, 9.9417744]}, "properties": {"kind": "amenity", "group": "Shops & markets", "name": "Poo Angadi", "osm_id": 991924008, "osm_type": "way", "osm_tag": "amenity=marketplace"}}, {"type": "Feature", "geometry": {"type": "Point", "coordinates": [78.1491702, 9.9403865]}, "properties": {"kind": "amenity", "group": "Shops & markets", "name": "Pazha Angaadi", "osm_id": 991924009, "osm_type": "way", "osm_tag": "amenity=marketplace"}}, {"type": "Feature", "geometry": {"type": "Point", "coordinates": [78.1488788, 9.9399441]}, "properties": {"kind": "amenity", "group": "Shops & markets", "name": "", "osm_id": 991924010, "osm_type": "way", "osm_tag": "shop=greengrocer"}}, {"type": "Feature", "geometry": {"type": "Point", "coordinates": [78.1490577, 9.9400304]}, "properties": {"kind": "amenity", "group": "Shops & markets", "name": "", "osm_id": 991924011, "osm_type": "way", "osm_tag": "shop=greengrocer"}}, {"type": "Feature", "geometry": {"type": "Point", "coordinates": [78.1492406, 9.9401018]}, "properties": {"kind": "amenity", "group": "Shops & markets", "name": "", "osm_id": 991924012, "osm_type": "way", "osm_tag": "shop=greengrocer"}}, {"type": "Feature", "geometry": {"type": "Point", "coordinates": [78.1494129, 9.9401894]}, "properties": {"kind": "amenity", "group": "Shops & markets", "name": "", "osm_id": 991924013, "osm_type": "way", "osm_tag": "shop=greengrocer"}}, {"type": "Feature", "geometry": {"type": "Point", "coordinates": [78.1495945, 9.9402737]}, "properties": {"kind": "amenity", "group": "Shops & markets", "name": "", "osm_id": 991924014, "osm_type": "way", "osm_tag": "shop=greengrocer"}}, {"type": "Feature", "geometry": {"type": "Point", "coordinates": [78.1497859, 9.9403516]}, "properties": {"kind": "amenity", "group": "Shops & markets", "name": "", "osm_id": 991924015, "osm_type": "way", "osm_tag": "shop=greengrocer"}}, {"type": "Feature", "geometry": {"type": "Point", "coordinates": [78.1488361, 9.9397209]}, "properties": {"kind": "amenity", "group": "Shops & markets", "name": "", "osm_id": 991924016, "osm_type": "way", "osm_tag": "shop=greengrocer"}}, {"type": "Feature", "geometry": {"type": "Point", "coordinates": [78.1485415, 9.9398203]}, "properties": {"kind": "amenity", "group": "Shops & markets", "name": "", "osm_id": 991924017, "osm_type": "way", "osm_tag": "shop=greengrocer"}}, {"type": "Feature", "geometry": {"type": "Point", "coordinates": [78.149985, 9.9402634]}, "properties": {"kind": "amenity", "group": "Shops & markets", "name": "", "osm_id": 991924018, "osm_type": "way", "osm_tag": "shop=greengrocer"}}, {"type": "Feature", "geometry": {"type": "Point", "coordinates": [78.1474864, 9.9390175]}, "properties": {"kind": "amenity", "group": "Shops & markets", "name": "", "osm_id": 991924028, "osm_type": "way", "osm_tag": "shop=greengrocer"}}, {"type": "Feature", "geometry": {"type": "Point", "coordinates": [78.1476061, 9.9385575]}, "properties": {"kind": "amenity", "group": "Shops & markets", "name": "", "osm_id": 991924029, "osm_type": "way", "osm_tag": "shop=greengrocer"}}, {"type": "Feature", "geometry": {"type": "Point", "coordinates": [78.1475281, 9.9388598]}, "properties": {"kind": "amenity", "group": "Shops & markets", "name": "", "osm_id": 991924030, "osm_type": "way", "osm_tag": "shop=greengrocer"}}, {"type": "Feature", "geometry": {"type": "Point", "coordinates": [78.1475661, 9.9387176]}, "properties": {"kind": "amenity", "group": "Shops & markets", "name": "", "osm_id": 991924031, "osm_type": "way", "osm_tag": "shop=greengrocer"}}, {"type": "Feature", "geometry": {"type": "Point", "coordinates": [78.14788, 9.939119]}, "properties": {"kind": "amenity", "group": "Shops & markets", "name": "", "osm_id": 991924032, "osm_type": "way", "osm_tag": "shop=greengrocer"}}, {"type": "Feature", "geometry": {"type": "Point", "coordinates": [78.1479217, 9.9389613]}, "properties": {"kind": "amenity", "group": "Shops & markets", "name": "", "osm_id": 991924033, "osm_type": "way", "osm_tag": "shop=greengrocer"}}, {"type": "Feature", "geometry": {"type": "Point", "coordinates": [78.1479597, 9.9388191]}, "properties": {"kind": "amenity", "group": "Shops & markets", "name": "", "osm_id": 991924034, "osm_type": "way", "osm_tag": "shop=greengrocer"}}, {"type": "Feature", "geometry": {"type": "Point", "coordinates": [78.1479997, 9.938659]}, "properties": {"kind": "amenity", "group": "Shops & markets", "name": "", "osm_id": 991924035, "osm_type": "way", "osm_tag": "shop=greengrocer"}}, {"type": "Feature", "geometry": {"type": "Point", "coordinates": [78.1480711, 9.9384473]}, "properties": {"kind": "amenity", "group": "Shops & markets", "name": "", "osm_id": 991924036, "osm_type": "way", "osm_tag": "shop=greengrocer"}}, {"type": "Feature", "geometry": {"type": "Point", "coordinates": [78.1481127, 9.9382895]}, "properties": {"kind": "amenity", "group": "Shops & markets", "name": "", "osm_id": 991924037, "osm_type": "way", "osm_tag": "shop=greengrocer"}}, {"type": "Feature", "geometry": {"type": "Point", "coordinates": [78.1481508, 9.9381473]}, "properties": {"kind": "amenity", "group": "Shops & markets", "name": "", "osm_id": 991924038, "osm_type": "way", "osm_tag": "shop=greengrocer"}}, {"type": "Feature", "geometry": {"type": "Point", "coordinates": [78.1481849, 9.9380121]}, "properties": {"kind": "amenity", "group": "Shops & markets", "name": "", "osm_id": 991924039, "osm_type": "way", "osm_tag": "shop=greengrocer"}}, {"type": "Feature", "geometry": {"type": "Point", "coordinates": [78.1476813, 9.9383343]}, "properties": {"kind": "amenity", "group": "Shops & markets", "name": "", "osm_id": 991924040, "osm_type": "way", "osm_tag": "shop=greengrocer"}}, {"type": "Feature", "geometry": {"type": "Point", "coordinates": [78.147723, 9.9381766]}, "properties": {"kind": "amenity", "group": "Shops & markets", "name": "", "osm_id": 991924041, "osm_type": "way", "osm_tag": "shop=greengrocer"}}, {"type": "Feature", "geometry": {"type": "Point", "coordinates": [78.147761, 9.9380343]}, "properties": {"kind": "amenity", "group": "Shops & markets", "name": "", "osm_id": 991924042, "osm_type": "way", "osm_tag": "shop=greengrocer"}}, {"type": "Feature", "geometry": {"type": "Point", "coordinates": [78.1477948, 9.9378963]}, "properties": {"kind": "amenity", "group": "Shops & markets", "name": "", "osm_id": 991924043, "osm_type": "way", "osm_tag": "shop=greengrocer"}}, {"type": "Feature", "geometry": {"type": "Point", "coordinates": [78.1478637, 9.9383871]}, "properties": {"kind": "amenity", "group": "Shops & markets", "name": "", "osm_id": 991924044, "osm_type": "way", "osm_tag": "shop=greengrocer"}}, {"type": "Feature", "geometry": {"type": "Point", "coordinates": [78.1479049, 9.9382382]}, "properties": {"kind": "amenity", "group": "Shops & markets", "name": "", "osm_id": 991924045, "osm_type": "way", "osm_tag": "shop=greengrocer"}}, {"type": "Feature", "geometry": {"type": "Point", "coordinates": [78.1479439, 9.9381019]}, "properties": {"kind": "amenity", "group": "Shops & markets", "name": "", "osm_id": 991924046, "osm_type": "way", "osm_tag": "shop=greengrocer"}}, {"type": "Feature", "geometry": {"type": "Point", "coordinates": [78.1479852, 9.937953]}, "properties": {"kind": "amenity", "group": "Shops & markets", "name": "", "osm_id": 991924047, "osm_type": "way", "osm_tag": "shop=greengrocer"}}, {"type": "Feature", "geometry": {"type": "Point", "coordinates": [78.1482597, 9.9384955]}, "properties": {"kind": "amenity", "group": "Shops & markets", "name": "", "osm_id": 991924048, "osm_type": "way", "osm_tag": "shop=greengrocer"}}, {"type": "Feature", "geometry": {"type": "Point", "coordinates": [78.1483217, 9.9382647]}, "properties": {"kind": "amenity", "group": "Shops & markets", "name": "", "osm_id": 991924049, "osm_type": "way", "osm_tag": "shop=greengrocer"}}, {"type": "Feature", "geometry": {"type": "Point", "coordinates": [78.1483863, 9.9380535]}, "properties": {"kind": "amenity", "group": "Shops & markets", "name": "", "osm_id": 991924050, "osm_type": "way", "osm_tag": "shop=greengrocer"}}, {"type": "Feature", "geometry": {"type": "Point", "coordinates": [78.149678, 9.9396229]}, "properties": {"kind": "amenity", "group": "Shops & markets", "name": "", "osm_id": 991924051, "osm_type": "way", "osm_tag": "shop=greengrocer"}}, {"type": "Feature", "geometry": {"type": "Point", "coordinates": [78.149695, 9.9395623]}, "properties": {"kind": "amenity", "group": "Shops & markets", "name": "", "osm_id": 991924052, "osm_type": "way", "osm_tag": "shop=greengrocer"}}, {"type": "Feature", "geometry": {"type": "Point", "coordinates": [78.1497101, 9.9395059]}, "properties": {"kind": "amenity", "group": "Shops & markets", "name": "", "osm_id": 991924053, "osm_type": "way", "osm_tag": "shop=greengrocer"}}, {"type": "Feature", "geometry": {"type": "Point", "coordinates": [78.1497236, 9.9394479]}, "properties": {"kind": "amenity", "group": "Shops & markets", "name": "", "osm_id": 991924054, "osm_type": "way", "osm_tag": "shop=greengrocer"}}, {"type": "Feature", "geometry": {"type": "Point", "coordinates": [78.1497454, 9.9393898]}, "properties": {"kind": "amenity", "group": "Shops & markets", "name": "", "osm_id": 991924055, "osm_type": "way", "osm_tag": "shop=greengrocer"}}, {"type": "Feature", "geometry": {"type": "Point", "coordinates": [78.1497589, 9.9393335]}, "properties": {"kind": "amenity", "group": "Shops & markets", "name": "", "osm_id": 991924056, "osm_type": "way", "osm_tag": "shop=greengrocer"}}, {"type": "Feature", "geometry": {"type": "Point", "coordinates": [78.1497724, 9.9392721]}, "properties": {"kind": "amenity", "group": "Shops & markets", "name": "", "osm_id": 991924057, "osm_type": "way", "osm_tag": "shop=greengrocer"}}, {"type": "Feature", "geometry": {"type": "Point", "coordinates": [78.1497875, 9.9392174]}, "properties": {"kind": "amenity", "group": "Shops & markets", "name": "", "osm_id": 991924058, "osm_type": "way", "osm_tag": "shop=greengrocer"}}, {"type": "Feature", "geometry": {"type": "Point", "coordinates": [78.1498027, 9.9391561]}, "properties": {"kind": "amenity", "group": "Shops & markets", "name": "", "osm_id": 991924059, "osm_type": "way", "osm_tag": "shop=greengrocer"}}, {"type": "Feature", "geometry": {"type": "Point", "coordinates": [78.1500468, 9.9392177]}, "properties": {"kind": "amenity", "group": "Shops & markets", "name": "", "osm_id": 991924060, "osm_type": "way", "osm_tag": "shop=greengrocer"}}, {"type": "Feature", "geometry": {"type": "Point", "coordinates": [78.1500317, 9.9392791]}, "properties": {"kind": "amenity", "group": "Shops & markets", "name": "", "osm_id": 991924061, "osm_type": "way", "osm_tag": "shop=greengrocer"}}, {"type": "Feature", "geometry": {"type": "Point", "coordinates": [78.1500257, 9.9393359]}, "properties": {"kind": "amenity", "group": "Shops & markets", "name": "", "osm_id": 991924062, "osm_type": "way", "osm_tag": "shop=greengrocer"}}, {"type": "Feature", "geometry": {"type": "Point", "coordinates": [78.1500148, 9.9393951]}, "properties": {"kind": "amenity", "group": "Shops & markets", "name": "", "osm_id": 991924063, "osm_type": "way", "osm_tag": "shop=greengrocer"}}, {"type": "Feature", "geometry": {"type": "Point", "coordinates": [78.1500166, 9.9394516]}, "properties": {"kind": "amenity", "group": "Shops & markets", "name": "", "osm_id": 991924064, "osm_type": "way", "osm_tag": "shop=greengrocer"}}, {"type": "Feature", "geometry": {"type": "Point", "coordinates": [78.1500012, 9.9395106]}, "properties": {"kind": "amenity", "group": "Shops & markets", "name": "", "osm_id": 991924065, "osm_type": "way", "osm_tag": "shop=greengrocer"}}, {"type": "Feature", "geometry": {"type": "Point", "coordinates": [78.1499885, 9.9395711]}, "properties": {"kind": "amenity", "group": "Shops & markets", "name": "", "osm_id": 991924066, "osm_type": "way", "osm_tag": "shop=greengrocer"}}, {"type": "Feature", "geometry": {"type": "Point", "coordinates": [78.1499754, 9.9396326]}, "properties": {"kind": "amenity", "group": "Shops & markets", "name": "", "osm_id": 991924067, "osm_type": "way", "osm_tag": "shop=greengrocer"}}, {"type": "Feature", "geometry": {"type": "Point", "coordinates": [78.1499792, 9.9396958]}, "properties": {"kind": "amenity", "group": "Shops & markets", "name": "", "osm_id": 991924068, "osm_type": "way", "osm_tag": "shop=greengrocer"}}, {"type": "Feature", "geometry": {"type": "Point", "coordinates": [78.1492069, 9.9389873]}, "properties": {"kind": "amenity", "group": "Shops & markets", "name": "", "osm_id": 991924069, "osm_type": "way", "osm_tag": "shop=greengrocer"}}, {"type": "Feature", "geometry": {"type": "Point", "coordinates": [78.1491917, 9.9390486]}, "properties": {"kind": "amenity", "group": "Shops & markets", "name": "", "osm_id": 991924070, "osm_type": "way", "osm_tag": "shop=greengrocer"}}, {"type": "Feature", "geometry": {"type": "Point", "coordinates": [78.1491766, 9.9391033]}, "properties": {"kind": "amenity", "group": "Shops & markets", "name": "", "osm_id": 991924071, "osm_type": "way", "osm_tag": "shop=greengrocer"}}, {"type": "Feature", "geometry": {"type": "Point", "coordinates": [78.1491631, 9.9391647]}, "properties": {"kind": "amenity", "group": "Shops & markets", "name": "", "osm_id": 991924072, "osm_type": "way", "osm_tag": "shop=greengrocer"}}, {"type": "Feature", "geometry": {"type": "Point", "coordinates": [78.1491497, 9.9392211]}, "properties": {"kind": "amenity", "group": "Shops & markets", "name": "", "osm_id": 991924073, "osm_type": "way", "osm_tag": "shop=greengrocer"}}, {"type": "Feature", "geometry": {"type": "Point", "coordinates": [78.1491278, 9.9392791]}, "properties": {"kind": "amenity", "group": "Shops & markets", "name": "", "osm_id": 991924074, "osm_type": "way", "osm_tag": "shop=greengrocer"}}, {"type": "Feature", "geometry": {"type": "Point", "coordinates": [78.1491143, 9.9393371]}, "properties": {"kind": "amenity", "group": "Shops & markets", "name": "", "osm_id": 991924075, "osm_type": "way", "osm_tag": "shop=greengrocer"}}, {"type": "Feature", "geometry": {"type": "Point", "coordinates": [78.1490992, 9.9393935]}, "properties": {"kind": "amenity", "group": "Shops & markets", "name": "", "osm_id": 991924076, "osm_type": "way", "osm_tag": "shop=greengrocer"}}, {"type": "Feature", "geometry": {"type": "Point", "coordinates": [78.1490822, 9.9394542]}, "properties": {"kind": "amenity", "group": "Shops & markets", "name": "", "osm_id": 991924077, "osm_type": "way", "osm_tag": "shop=greengrocer"}}, {"type": "Feature", "geometry": {"type": "Point", "coordinates": [78.1494527, 9.9390569]}, "properties": {"kind": "amenity", "group": "Shops & markets", "name": "", "osm_id": 991924078, "osm_type": "way", "osm_tag": "shop=greengrocer"}}, {"type": "Feature", "geometry": {"type": "Point", "coordinates": [78.1494375, 9.9391183]}, "properties": {"kind": "amenity", "group": "Shops & markets", "name": "", "osm_id": 991924079, "osm_type": "way", "osm_tag": "shop=greengrocer"}}, {"type": "Feature", "geometry": {"type": "Point", "coordinates": [78.1494224, 9.939173]}, "properties": {"kind": "amenity", "group": "Shops & markets", "name": "", "osm_id": 991924080, "osm_type": "way", "osm_tag": "shop=greengrocer"}}, {"type": "Feature", "geometry": {"type": "Point", "coordinates": [78.1494089, 9.9392343]}, "properties": {"kind": "amenity", "group": "Shops & markets", "name": "", "osm_id": 991924081, "osm_type": "way", "osm_tag": "shop=greengrocer"}}, {"type": "Feature", "geometry": {"type": "Point", "coordinates": [78.1493954, 9.9392907]}, "properties": {"kind": "amenity", "group": "Shops & markets", "name": "", "osm_id": 991924082, "osm_type": "way", "osm_tag": "shop=greengrocer"}}, {"type": "Feature", "geometry": {"type": "Point", "coordinates": [78.1493736, 9.9393487]}, "properties": {"kind": "amenity", "group": "Shops & markets", "name": "", "osm_id": 991924083, "osm_type": "way", "osm_tag": "shop=greengrocer"}}, {"type": "Feature", "geometry": {"type": "Point", "coordinates": [78.1493601, 9.9394068]}, "properties": {"kind": "amenity", "group": "Shops & markets", "name": "", "osm_id": 991924084, "osm_type": "way", "osm_tag": "shop=greengrocer"}}, {"type": "Feature", "geometry": {"type": "Point", "coordinates": [78.1493449, 9.9394631]}, "properties": {"kind": "amenity", "group": "Shops & markets", "name": "", "osm_id": 991924085, "osm_type": "way", "osm_tag": "shop=greengrocer"}}, {"type": "Feature", "geometry": {"type": "Point", "coordinates": [78.149328, 9.9395238]}, "properties": {"kind": "amenity", "group": "Shops & markets", "name": "", "osm_id": 991924086, "osm_type": "way", "osm_tag": "shop=greengrocer"}}, {"type": "Feature", "geometry": {"type": "Point", "coordinates": [78.1498563, 9.9391159]}, "properties": {"kind": "amenity", "group": "Shops & markets", "name": "", "osm_id": 991924087, "osm_type": "way", "osm_tag": "shop=greengrocer"}}, {"type": "Feature", "geometry": {"type": "Point", "coordinates": [78.1500436, 9.9391622]}, "properties": {"kind": "amenity", "group": "Shops & markets", "name": "", "osm_id": 991924088, "osm_type": "way", "osm_tag": "shop=greengrocer"}}, {"type": "Feature", "geometry": {"type": "Point", "coordinates": [78.1492231, 9.9389373]}, "properties": {"kind": "amenity", "group": "Shops & markets", "name": "", "osm_id": 991924089, "osm_type": "way", "osm_tag": "shop=greengrocer"}}, {"type": "Feature", "geometry": {"type": "Point", "coordinates": [78.1494668, 9.9390031]}, "properties": {"kind": "amenity", "group": "Shops & markets", "name": "", "osm_id": 991924090, "osm_type": "way", "osm_tag": "shop=greengrocer"}}, {"type": "Feature", "geometry": {"type": "Point", "coordinates": [78.1499246, 9.9385728]}, "properties": {"kind": "amenity", "group": "Shops & markets", "name": "", "osm_id": 991924091, "osm_type": "way", "osm_tag": "shop=greengrocer"}}, {"type": "Feature", "geometry": {"type": "Point", "coordinates": [78.1499125, 9.9386326]}, "properties": {"kind": "amenity", "group": "Shops & markets", "name": "", "osm_id": 991924092, "osm_type": "way", "osm_tag": "shop=greengrocer"}}, {"type": "Feature", "geometry": {"type": "Point", "coordinates": [78.1498958, 9.9386933]}, "properties": {"kind": "amenity", "group": "Shops & markets", "name": "", "osm_id": 991924093, "osm_type": "way", "osm_tag": "shop=greengrocer"}}, {"type": "Feature", "geometry": {"type": "Point", "coordinates": [78.1498808, 9.9387547]}, "properties": {"kind": "amenity", "group": "Shops & markets", "name": "", "osm_id": 991924094, "osm_type": "way", "osm_tag": "shop=greengrocer"}}, {"type": "Feature", "geometry": {"type": "Point", "coordinates": [78.1498673, 9.938814]}, "properties": {"kind": "amenity", "group": "Shops & markets", "name": "", "osm_id": 991924095, "osm_type": "way", "osm_tag": "shop=greengrocer"}}, {"type": "Feature", "geometry": {"type": "Point", "coordinates": [78.149847, 9.9388735]}, "properties": {"kind": "amenity", "group": "Shops & markets", "name": "", "osm_id": 991924096, "osm_type": "way", "osm_tag": "shop=greengrocer"}}, {"type": "Feature", "geometry": {"type": "Point", "coordinates": [78.1498305, 9.9389405]}, "properties": {"kind": "amenity", "group": "Shops & markets", "name": "", "osm_id": 991924097, "osm_type": "way", "osm_tag": "shop=greengrocer"}}, {"type": "Feature", "geometry": {"type": "Point", "coordinates": [78.1500772, 9.9389988]}, "properties": {"kind": "amenity", "group": "Shops & markets", "name": "", "osm_id": 991924098, "osm_type": "way", "osm_tag": "shop=greengrocer"}}, {"type": "Feature", "geometry": {"type": "Point", "coordinates": [78.150084, 9.9389278]}, "properties": {"kind": "amenity", "group": "Shops & markets", "name": "", "osm_id": 991924099, "osm_type": "way", "osm_tag": "shop=greengrocer"}}, {"type": "Feature", "geometry": {"type": "Point", "coordinates": [78.150093, 9.938866]}, "properties": {"kind": "amenity", "group": "Shops & markets", "name": "", "osm_id": 991924100, "osm_type": "way", "osm_tag": "shop=greengrocer"}}, {"type": "Feature", "geometry": {"type": "Point", "coordinates": [78.150097, 9.9388071]}, "properties": {"kind": "amenity", "group": "Shops & markets", "name": "", "osm_id": 991924101, "osm_type": "way", "osm_tag": "shop=greengrocer"}}, {"type": "Feature", "geometry": {"type": "Point", "coordinates": [78.1501061, 9.9387466]}, "properties": {"kind": "amenity", "group": "Shops & markets", "name": "", "osm_id": 991924102, "osm_type": "way", "osm_tag": "shop=greengrocer"}}, {"type": "Feature", "geometry": {"type": "Point", "coordinates": [78.150116, 9.9386839]}, "properties": {"kind": "amenity", "group": "Shops & markets", "name": "", "osm_id": 991924103, "osm_type": "way", "osm_tag": "shop=greengrocer"}}, {"type": "Feature", "geometry": {"type": "Point", "coordinates": [78.150123, 9.9386228]}, "properties": {"kind": "amenity", "group": "Shops & markets", "name": "", "osm_id": 991924104, "osm_type": "way", "osm_tag": "shop=greengrocer"}}, {"type": "Feature", "geometry": {"type": "Point", "coordinates": [78.1500046, 9.9385207]}, "properties": {"kind": "amenity", "group": "Shops & markets", "name": "", "osm_id": 991924105, "osm_type": "way", "osm_tag": "shop=greengrocer"}}, {"type": "Feature", "geometry": {"type": "Point", "coordinates": [78.1501303, 9.938558]}, "properties": {"kind": "amenity", "group": "Shops & markets", "name": "", "osm_id": 991924106, "osm_type": "way", "osm_tag": "shop=greengrocer"}}, {"type": "Feature", "geometry": {"type": "Point", "coordinates": [78.1501352, 9.9384909]}, "properties": {"kind": "amenity", "group": "Shops & markets", "name": "", "osm_id": 991924107, "osm_type": "way", "osm_tag": "shop=greengrocer"}}, {"type": "Feature", "geometry": {"type": "Point", "coordinates": [78.1486417, 9.9393349]}, "properties": {"kind": "amenity", "group": "Shops & markets", "name": "", "osm_id": 991924108, "osm_type": "way", "osm_tag": "shop=greengrocer"}}, {"type": "Feature", "geometry": {"type": "Point", "coordinates": [78.1486612, 9.9392519]}, "properties": {"kind": "amenity", "group": "Shops & markets", "name": "", "osm_id": 991924109, "osm_type": "way", "osm_tag": "shop=greengrocer"}}, {"type": "Feature", "geometry": {"type": "Point", "coordinates": [78.1487809, 9.9393698]}, "properties": {"kind": "amenity", "group": "Shops & markets", "name": "", "osm_id": 991924110, "osm_type": "way", "osm_tag": "shop=greengrocer"}}, {"type": "Feature", "geometry": {"type": "Point", "coordinates": [78.1488035, 9.9392964]}, "properties": {"kind": "amenity", "group": "Shops & markets", "name": "", "osm_id": 991924111, "osm_type": "way", "osm_tag": "shop=greengrocer"}}, {"type": "Feature", "geometry": {"type": "Point", "coordinates": [78.1486804, 9.9391696]}, "properties": {"kind": "amenity", "group": "Shops & markets", "name": "", "osm_id": 991924112, "osm_type": "way", "osm_tag": "shop=greengrocer"}}, {"type": "Feature", "geometry": {"type": "Point", "coordinates": [78.1488226, 9.9392141]}, "properties": {"kind": "amenity", "group": "Shops & markets", "name": "", "osm_id": 991924113, "osm_type": "way", "osm_tag": "shop=greengrocer"}}, {"type": "Feature", "geometry": {"type": "Point", "coordinates": [78.1487097, 9.9390918]}, "properties": {"kind": "amenity", "group": "Shops & markets", "name": "", "osm_id": 991924114, "osm_type": "way", "osm_tag": "shop=greengrocer"}}, {"type": "Feature", "geometry": {"type": "Point", "coordinates": [78.1488519, 9.9391362]}, "properties": {"kind": "amenity", "group": "Shops & markets", "name": "", "osm_id": 991924115, "osm_type": "way", "osm_tag": "shop=greengrocer"}}, {"type": "Feature", "geometry": {"type": "Point", "coordinates": [78.1487369, 9.9390072]}, "properties": {"kind": "amenity", "group": "Shops & markets", "name": "", "osm_id": 991924116, "osm_type": "way", "osm_tag": "shop=greengrocer"}}, {"type": "Feature", "geometry": {"type": "Point", "coordinates": [78.1488791, 9.9390517]}, "properties": {"kind": "amenity", "group": "Shops & markets", "name": "", "osm_id": 991924117, "osm_type": "way", "osm_tag": "shop=greengrocer"}}, {"type": "Feature", "geometry": {"type": "Point", "coordinates": [78.1487504, 9.9389338]}, "properties": {"kind": "amenity", "group": "Shops & markets", "name": "", "osm_id": 991924118, "osm_type": "way", "osm_tag": "shop=greengrocer"}}, {"type": "Feature", "geometry": {"type": "Point", "coordinates": [78.1488926, 9.9389783]}, "properties": {"kind": "amenity", "group": "Shops & markets", "name": "", "osm_id": 991924119, "osm_type": "way", "osm_tag": "shop=greengrocer"}}, {"type": "Feature", "geometry": {"type": "Point", "coordinates": [78.14878, 9.9388302]}, "properties": {"kind": "amenity", "group": "Shops & markets", "name": "", "osm_id": 991924120, "osm_type": "way", "osm_tag": "shop=greengrocer"}}, {"type": "Feature", "geometry": {"type": "Point", "coordinates": [78.1489197, 9.9388746]}, "properties": {"kind": "amenity", "group": "Shops & markets", "name": "", "osm_id": 991924121, "osm_type": "way", "osm_tag": "shop=greengrocer"}}, {"type": "Feature", "geometry": {"type": "Point", "coordinates": [78.1484714, 9.9392074]}, "properties": {"kind": "amenity", "group": "Shops & markets", "name": "", "osm_id": 991924122, "osm_type": "way", "osm_tag": "shop=greengrocer"}}, {"type": "Feature", "geometry": {"type": "Point", "coordinates": [78.1484962, 9.939123]}, "properties": {"kind": "amenity", "group": "Shops & markets", "name": "", "osm_id": 991924123, "osm_type": "way", "osm_tag": "shop=greengrocer"}}, {"type": "Feature", "geometry": {"type": "Point", "coordinates": [78.1485199, 9.9390373]}, "properties": {"kind": "amenity", "group": "Shops & markets", "name": "", "osm_id": 991924124, "osm_type": "way", "osm_tag": "shop=greengrocer"}}, {"type": "Feature", "geometry": {"type": "Point", "coordinates": [78.1485436, 9.9389594]}, "properties": {"kind": "amenity", "group": "Shops & markets", "name": "", "osm_id": 991924125, "osm_type": "way", "osm_tag": "shop=greengrocer"}}, {"type": "Feature", "geometry": {"type": "Point", "coordinates": [78.1485594, 9.9388738]}, "properties": {"kind": "amenity", "group": "Shops & markets", "name": "", "osm_id": 991924126, "osm_type": "way", "osm_tag": "shop=greengrocer"}}, {"type": "Feature", "geometry": {"type": "Point", "coordinates": [78.1485843, 9.9387835]}, "properties": {"kind": "amenity", "group": "Shops & markets", "name": "", "osm_id": 991924127, "osm_type": "way", "osm_tag": "shop=greengrocer"}}, {"type": "Feature", "geometry": {"type": "Point", "coordinates": [78.1484515, 9.9392716]}, "properties": {"kind": "amenity", "group": "Shops & markets", "name": "", "osm_id": 991924128, "osm_type": "way", "osm_tag": "shop=greengrocer"}}, {"type": "Feature", "geometry": {"type": "Point", "coordinates": [78.1485949, 9.9385609]}, "properties": {"kind": "amenity", "group": "Shops & markets", "name": "", "osm_id": 991924129, "osm_type": "way", "osm_tag": "shop=greengrocer"}}, {"type": "Feature", "geometry": {"type": "Point", "coordinates": [78.1487993, 9.9386698]}, "properties": {"kind": "amenity", "group": "Shops & markets", "name": "", "osm_id": 991924130, "osm_type": "way", "osm_tag": "shop=greengrocer"}}, {"type": "Feature", "geometry": {"type": "Point", "coordinates": [78.1488287, 9.9385722]}, "properties": {"kind": "amenity", "group": "Shops & markets", "name": "", "osm_id": 991924131, "osm_type": "way", "osm_tag": "shop=greengrocer"}}, {"type": "Feature", "geometry": {"type": "Point", "coordinates": [78.1490316, 9.9387327]}, "properties": {"kind": "amenity", "group": "Shops & markets", "name": "", "osm_id": 991924132, "osm_type": "way", "osm_tag": "shop=greengrocer"}}, {"type": "Feature", "geometry": {"type": "Point", "coordinates": [78.1492705, 9.938799]}, "properties": {"kind": "amenity", "group": "Shops & markets", "name": "", "osm_id": 991924133, "osm_type": "way", "osm_tag": "shop=greengrocer"}}, {"type": "Feature", "geometry": {"type": "Point", "coordinates": [78.1492578, 9.9386792]}, "properties": {"kind": "amenity", "group": "Shops & markets", "name": "", "osm_id": 991924134, "osm_type": "way", "osm_tag": "shop=greengrocer"}}, {"type": "Feature", "geometry": {"type": "Point", "coordinates": [78.1490557, 9.9386303]}, "properties": {"kind": "amenity", "group": "Shops & markets", "name": "", "osm_id": 991924135, "osm_type": "way", "osm_tag": "shop=greengrocer"}}, {"type": "Feature", "geometry": {"type": "Point", "coordinates": [78.1487475, 9.9384279]}, "properties": {"kind": "amenity", "group": "Shops & markets", "name": "", "osm_id": 991924136, "osm_type": "way", "osm_tag": "shop=greengrocer"}}, {"type": "Feature", "geometry": {"type": "Point", "coordinates": [78.1487791, 9.9382751]}, "properties": {"kind": "amenity", "group": "Shops & markets", "name": "", "osm_id": 991924137, "osm_type": "way", "osm_tag": "shop=greengrocer"}}, {"type": "Feature", "geometry": {"type": "Point", "coordinates": [78.1486766, 9.9380702]}, "properties": {"kind": "amenity", "group": "Shops & markets", "name": "", "osm_id": 991924138, "osm_type": "way", "osm_tag": "shop=greengrocer"}}, {"type": "Feature", "geometry": {"type": "Point", "coordinates": [78.1334131, 9.9179084]}, "properties": {"kind": "amenity", "group": "Places of worship", "name": "Srinivasa Permual Temple", "osm_id": 1004028699, "osm_type": "way", "osm_tag": "amenity=place_of_worship"}}, {"type": "Feature", "geometry": {"type": "Point", "coordinates": [78.2269879, 10.0970119]}, "properties": {"kind": "amenity", "group": "Places of worship", "name": "", "osm_id": 1005561608, "osm_type": "way", "osm_tag": "amenity=place_of_worship"}}, {"type": "Feature", "geometry": {"type": "Point", "coordinates": [78.1111126, 9.9158118]}, "properties": {"kind": "amenity", "group": "Bus stops & stations", "name": "Periyar Paerundhu Nilaiyam", "osm_id": 1012761573, "osm_type": "way", "osm_tag": "amenity=bus_station"}}, {"type": "Feature", "geometry": {"type": "Point", "coordinates": [78.2232508, 10.094301]}, "properties": {"kind": "amenity", "group": "Places of worship", "name": "", "osm_id": 1013449207, "osm_type": "way", "osm_tag": "amenity=place_of_worship"}}, {"type": "Feature", "geometry": {"type": "Point", "coordinates": [78.1371405, 9.9294931]}, "properties": {"kind": "amenity", "group": "Places of worship", "name": "Poonga Murugan Kovil", "osm_id": 1027027537, "osm_type": "way", "osm_tag": "amenity=place_of_worship"}}, {"type": "Feature", "geometry": {"type": "Point", "coordinates": [78.1371639, 9.9298884]}, "properties": {"kind": "amenity", "group": "Food & eating out", "name": "", "osm_id": 1027027539, "osm_type": "way", "osm_tag": "amenity=restaurant"}}, {"type": "Feature", "geometry": {"type": "Point", "coordinates": [78.132423, 9.92772]}, "properties": {"kind": "amenity", "group": "Parks & sport", "name": "", "osm_id": 1027027582, "osm_type": "way", "osm_tag": "leisure=sports_centre"}}, {"type": "Feature", "geometry": {"type": "Point", "coordinates": [78.1325776, 9.9280935]}, "properties": {"kind": "amenity", "group": "Parks & sport", "name": "", "osm_id": 1027027583, "osm_type": "way", "osm_tag": "leisure=sports_centre"}}, {"type": "Feature", "geometry": {"type": "Point", "coordinates": [78.1360788, 9.934378]}, "properties": {"kind": "amenity", "group": "Places of worship", "name": "", "osm_id": 1027088996, "osm_type": "way", "osm_tag": "amenity=place_of_worship"}}, {"type": "Feature", "geometry": {"type": "Point", "coordinates": [78.1361562, 9.9340846]}, "properties": {"kind": "amenity", "group": "Places of worship", "name": "", "osm_id": 1027088997, "osm_type": "way", "osm_tag": "amenity=place_of_worship"}}, {"type": "Feature", "geometry": {"type": "Point", "coordinates": [78.1361089, 9.9342269]}, "properties": {"kind": "amenity", "group": "Places of worship", "name": "", "osm_id": 1027088998, "osm_type": "way", "osm_tag": "amenity=place_of_worship"}}, {"type": "Feature", "geometry": {"type": "Point", "coordinates": [78.1358064, 9.9341049]}, "properties": {"kind": "amenity", "group": "Places of worship", "name": "", "osm_id": 1027088999, "osm_type": "way", "osm_tag": "amenity=place_of_worship"}}, {"type": "Feature", "geometry": {"type": "Point", "coordinates": [78.1359068, 9.9337948]}, "properties": {"kind": "amenity", "group": "Places of worship", "name": "", "osm_id": 1027089000, "osm_type": "way", "osm_tag": "amenity=place_of_worship"}}, {"type": "Feature", "geometry": {"type": "Point", "coordinates": [78.1358837, 9.9339346]}, "properties": {"kind": "amenity", "group": "Places of worship", "name": "", "osm_id": 1027089003, "osm_type": "way", "osm_tag": "amenity=place_of_worship"}}, {"type": "Feature", "geometry": {"type": "Point", "coordinates": [78.1356894, 9.9337033]}, "properties": {"kind": "amenity", "group": "Places of worship", "name": "", "osm_id": 1027089009, "osm_type": "way", "osm_tag": "amenity=place_of_worship"}}, {"type": "Feature", "geometry": {"type": "Point", "coordinates": [78.1342435, 9.9344926]}, "properties": {"kind": "amenity", "group": "Places of worship", "name": "Navaneetha Krishnan Kovil", "osm_id": 1027089020, "osm_type": "way", "osm_tag": "amenity=place_of_worship"}}, {"type": "Feature", "geometry": {"type": "Point", "coordinates": [78.1348172, 9.9342653]}, "properties": {"kind": "amenity", "group": "Places of worship", "name": "Ayyapan Kovil", "osm_id": 1027089021, "osm_type": "way", "osm_tag": "amenity=place_of_worship"}}, {"type": "Feature", "geometry": {"type": "Point", "coordinates": [78.1386856, 9.9354978]}, "properties": {"kind": "amenity", "group": "Parks & sport", "name": "Madurai Corporation Eco Park", "osm_id": 1027089026, "osm_type": "way", "osm_tag": "leisure=park"}}, {"type": "Feature", "geometry": {"type": "Point", "coordinates": [78.0580863, 9.9371486]}, "properties": {"kind": "amenity", "group": "Places of worship", "name": "", "osm_id": 1030099597, "osm_type": "way", "osm_tag": "amenity=place_of_worship"}}, {"type": "Feature", "geometry": {"type": "Point", "coordinates": [78.0780515, 9.9347377]}, "properties": {"kind": "amenity", "group": "Places of worship", "name": "", "osm_id": 1031692319, "osm_type": "way", "osm_tag": "amenity=place_of_worship"}}, {"type": "Feature", "geometry": {"type": "Point", "coordinates": [78.0148793, 9.939974]}, "properties": {"kind": "amenity", "group": "Parks & sport", "name": "", "osm_id": 1034787716, "osm_type": "way", "osm_tag": "leisure=park"}}, {"type": "Feature", "geometry": {"type": "Point", "coordinates": [78.0443758, 9.9720311]}, "properties": {"kind": "amenity", "group": "Power infrastructure", "name": "Samayanallur", "osm_id": 1049860887, "osm_type": "way", "osm_tag": "power=substation"}}, {"type": "Feature", "geometry": {"type": "Point", "coordinates": [78.0874918, 9.930137]}, "properties": {"kind": "amenity", "group": "Parks & sport", "name": "HMS Colony Poonga", "osm_id": 1057574779, "osm_type": "way", "osm_tag": "leisure=park"}}, {"type": "Feature", "geometry": {"type": "Point", "coordinates": [78.1176438, 9.8845204]}, "properties": {"kind": "amenity", "group": "Shops & markets", "name": "DMart", "osm_id": 1060263937, "osm_type": "way", "osm_tag": "shop=supermarket"}}, {"type": "Feature", "geometry": {"type": "Point", "coordinates": [78.1600416, 9.9105629]}, "properties": {"kind": "amenity", "group": "Places of worship", "name": "Arulmigu Veeraragava Perumal Thirukovil", "osm_id": 1065968665, "osm_type": "way", "osm_tag": "amenity=place_of_worship"}}, {"type": "Feature", "geometry": {"type": "Point", "coordinates": [78.1600734, 9.9105566]}, "properties": {"kind": "amenity", "group": "Places of worship", "name": "", "osm_id": 1065968666, "osm_type": "way", "osm_tag": "amenity=place_of_worship"}}, {"type": "Feature", "geometry": {"type": "Point", "coordinates": [78.0446181, 9.9359312]}, "properties": {"kind": "amenity", "group": "Civic & community", "name": "", "osm_id": 1066524653, "osm_type": "way", "osm_tag": "amenity=library"}}, {"type": "Feature", "geometry": {"type": "Point", "coordinates": [78.1876441, 9.9667254]}, "properties": {"kind": "amenity", "group": "Places of worship", "name": "Ladan koil", "osm_id": 1071956895, "osm_type": "way", "osm_tag": "amenity=place_of_worship"}}, {"type": "Feature", "geometry": {"type": "Point", "coordinates": [78.2149306, 10.0744018]}, "properties": {"kind": "amenity", "group": "Places of worship", "name": "", "osm_id": 1104858360, "osm_type": "way", "osm_tag": "amenity=place_of_worship"}}, {"type": "Feature", "geometry": {"type": "Point", "coordinates": [78.2136473, 10.0747763]}, "properties": {"kind": "amenity", "group": "Places of worship", "name": "\u0b85\u0bb0\u0bc1\u0bb3\u0bcd\u0bae\u0bbf\u0b95\u0bc1 \u0b95\u0bb3\u0bcd\u0bb3\u0bb4\u0b95\u0bb0\u0bcd \u0b9a\u0bc1\u0ba8\u0bcd\u0ba4\u0bb0\u0bbe\u0b9a \u0baa\u0bc6\u0bb0\u0bc1\u0bae\u0bbe\u0bb3\u0bcd \u0b95\u0bcb\u0bb5\u0bbf\u0bb2\u0bcd", "osm_id": 1104858361, "osm_type": "way", "osm_tag": "amenity=place_of_worship"}}, {"type": "Feature", "geometry": {"type": "Point", "coordinates": [78.2138121, 10.0742671]}, "properties": {"kind": "amenity", "group": "Places of worship", "name": "", "osm_id": 1104858362, "osm_type": "way", "osm_tag": "amenity=place_of_worship"}}, {"type": "Feature", "geometry": {"type": "Point", "coordinates": [78.2141108, 10.0742884]}, "properties": {"kind": "amenity", "group": "Places of worship", "name": "", "osm_id": 1104858363, "osm_type": "way", "osm_tag": "amenity=place_of_worship"}}, {"type": "Feature", "geometry": {"type": "Point", "coordinates": [78.2142365, 10.074244]}, "properties": {"kind": "amenity", "group": "Places of worship", "name": "", "osm_id": 1104858364, "osm_type": "way", "osm_tag": "amenity=place_of_worship"}}, {"type": "Feature", "geometry": {"type": "Point", "coordinates": [78.2146602, 10.0742561]}, "properties": {"kind": "amenity", "group": "Places of worship", "name": "", "osm_id": 1104858365, "osm_type": "way", "osm_tag": "amenity=place_of_worship"}}, {"type": "Feature", "geometry": {"type": "Point", "coordinates": [78.2143658, 10.0742652]}, "properties": {"kind": "amenity", "group": "Places of worship", "name": "", "osm_id": 1104858366, "osm_type": "way", "osm_tag": "amenity=place_of_worship"}}, {"type": "Feature", "geometry": {"type": "Point", "coordinates": [78.2144744, 10.0742447]}, "properties": {"kind": "amenity", "group": "Places of worship", "name": "", "osm_id": 1104858367, "osm_type": "way", "osm_tag": "amenity=place_of_worship"}}, {"type": "Feature", "geometry": {"type": "Point", "coordinates": [78.213921, 10.0750251]}, "properties": {"kind": "amenity", "group": "Civic & community", "name": "", "osm_id": 1104858368, "osm_type": "way", "osm_tag": "amenity=community_centre"}}, {"type": "Feature", "geometry": {"type": "Point", "coordinates": [78.2141224, 10.0749744]}, "properties": {"kind": "amenity", "group": "Civic & community", "name": "", "osm_id": 1104858369, "osm_type": "way", "osm_tag": "amenity=community_centre"}}, {"type": "Feature", "geometry": {"type": "Point", "coordinates": [78.2142707, 10.0749503]}, "properties": {"kind": "amenity", "group": "Places of worship", "name": "", "osm_id": 1104858370, "osm_type": "way", "osm_tag": "amenity=place_of_worship"}}, {"type": "Feature", "geometry": {"type": "Point", "coordinates": [78.2144025, 10.0749185]}, "properties": {"kind": "amenity", "group": "Civic & community", "name": "", "osm_id": 1104858371, "osm_type": "way", "osm_tag": "amenity=community_centre"}}, {"type": "Feature", "geometry": {"type": "Point", "coordinates": [78.2145417, 10.0748635]}, "properties": {"kind": "amenity", "group": "Places of worship", "name": "", "osm_id": 1104858372, "osm_type": "way", "osm_tag": "amenity=place_of_worship"}}, {"type": "Feature", "geometry": {"type": "Point", "coordinates": [78.2145984, 10.0748433]}, "properties": {"kind": "amenity", "group": "Civic & community", "name": "", "osm_id": 1104858373, "osm_type": "way", "osm_tag": "amenity=community_centre"}}, {"type": "Feature", "geometry": {"type": "Point", "coordinates": [78.2148545, 10.0747623]}, "properties": {"kind": "amenity", "group": "Civic & community", "name": "", "osm_id": 1104858374, "osm_type": "way", "osm_tag": "amenity=community_centre"}}, {"type": "Feature", "geometry": {"type": "Point", "coordinates": [78.2152176, 10.0746157]}, "properties": {"kind": "amenity", "group": "Civic & community", "name": "", "osm_id": 1104858375, "osm_type": "way", "osm_tag": "amenity=community_centre"}}, {"type": "Feature", "geometry": {"type": "Point", "coordinates": [78.2151718, 10.0744827]}, "properties": {"kind": "amenity", "group": "Civic & community", "name": "", "osm_id": 1104858376, "osm_type": "way", "osm_tag": "amenity=community_centre"}}, {"type": "Feature", "geometry": {"type": "Point", "coordinates": [78.2150502, 10.0747703]}, "properties": {"kind": "amenity", "group": "Civic & community", "name": "", "osm_id": 1104858377, "osm_type": "way", "osm_tag": "amenity=community_centre"}}, {"type": "Feature", "geometry": {"type": "Point", "coordinates": [78.2154637, 10.0746777]}, "properties": {"kind": "amenity", "group": "Civic & community", "name": "", "osm_id": 1104858378, "osm_type": "way", "osm_tag": "amenity=community_centre"}}, {"type": "Feature", "geometry": {"type": "Point", "coordinates": [78.0823745, 9.841743]}, "properties": {"kind": "amenity", "group": "Power infrastructure", "name": "Madurai Airport Solar Farm", "osm_id": 1105110242, "osm_type": "way", "osm_tag": "power=plant"}}, {"type": "Feature", "geometry": {"type": "Point", "coordinates": [78.0934343, 9.8369999]}, "properties": {"kind": "amenity", "group": "Police & fire", "name": "Madurai Airport Fire Station", "osm_id": 1105131964, "osm_type": "way", "osm_tag": "amenity=fire_station"}}, {"type": "Feature", "geometry": {"type": "Point", "coordinates": [78.1009093, 9.8294147]}, "properties": {"kind": "amenity", "group": "Police & fire", "name": "Perungudi Police Station", "osm_id": 1105182350, "osm_type": "way", "osm_tag": "amenity=police"}}, {"type": "Feature", "geometry": {"type": "Point", "coordinates": [78.1479901, 9.9104216]}, "properties": {"kind": "amenity", "group": "Places of worship", "name": "", "osm_id": 1108459268, "osm_type": "way", "osm_tag": "amenity=place_of_worship"}}, {"type": "Feature", "geometry": {"type": "Point", "coordinates": [78.1467551, 9.9120552]}, "properties": {"kind": "amenity", "group": "Parks & sport", "name": "", "osm_id": 1108459275, "osm_type": "way", "osm_tag": "leisure=park"}}, {"type": "Feature", "geometry": {"type": "Point", "coordinates": [78.1487824, 9.9119642]}, "properties": {"kind": "amenity", "group": "Places of worship", "name": "", "osm_id": 1108459276, "osm_type": "way", "osm_tag": "amenity=place_of_worship"}}, {"type": "Feature", "geometry": {"type": "Point", "coordinates": [78.149215, 9.9118662]}, "properties": {"kind": "amenity", "group": "Places of worship", "name": "", "osm_id": 1108459277, "osm_type": "way", "osm_tag": "amenity=place_of_worship"}}, {"type": "Feature", "geometry": {"type": "Point", "coordinates": [78.1458745, 9.9105153]}, "properties": {"kind": "amenity", "group": "Places of worship", "name": "", "osm_id": 1108459280, "osm_type": "way", "osm_tag": "amenity=place_of_worship"}}, {"type": "Feature", "geometry": {"type": "Point", "coordinates": [78.1457286, 9.9108148]}, "properties": {"kind": "amenity", "group": "Places of worship", "name": "", "osm_id": 1108459288, "osm_type": "way", "osm_tag": "amenity=place_of_worship"}}, {"type": "Feature", "geometry": {"type": "Point", "coordinates": [77.9819962, 9.7859535]}, "properties": {"kind": "amenity", "group": "Fuel stations", "name": "Indian Oil", "osm_id": 1137177909, "osm_type": "way", "osm_tag": "amenity=fuel"}}, {"type": "Feature", "geometry": {"type": "Point", "coordinates": [77.9793934, 9.7586449]}, "properties": {"kind": "amenity", "group": "Fuel stations", "name": "Bharat Petroleum", "osm_id": 1137177913, "osm_type": "way", "osm_tag": "amenity=fuel"}}, {"type": "Feature", "geometry": {"type": "Point", "coordinates": [78.1385801, 9.9247607]}, "properties": {"kind": "amenity", "group": "Bus stops & stations", "name": "Anna Bus Stand", "osm_id": 1153458556, "osm_type": "way", "osm_tag": "amenity=bus_station"}}, {"type": "Feature", "geometry": {"type": "Point", "coordinates": [78.1355468, 9.9413295]}, "properties": {"kind": "amenity", "group": "Civic & community", "name": "\u0b95\u0bb2\u0bc8\u0b9e\u0bb0\u0bcd \u0ba8\u0bc2\u0bb1\u0bcd\u0bb1\u0bbe\u0ba3\u0bcd\u0b9f\u0bc1 \u0ba8\u0bc2\u0bb2\u0b95\u0bae\u0bcd", "osm_id": 1154089610, "osm_type": "way", "osm_tag": "amenity=library"}}, {"type": "Feature", "geometry": {"type": "Point", "coordinates": [78.0763317, 9.8822841]}, "properties": {"kind": "amenity", "group": "Places of worship", "name": "Sri Murugan Temple", "osm_id": 1162059040, "osm_type": "way", "osm_tag": "amenity=place_of_worship"}}, {"type": "Feature", "geometry": {"type": "Point", "coordinates": [78.0753167, 9.8830328]}, "properties": {"kind": "amenity", "group": "Places of worship", "name": "", "osm_id": 1162059042, "osm_type": "way", "osm_tag": "amenity=place_of_worship"}}, {"type": "Feature", "geometry": {"type": "Point", "coordinates": [78.1424296, 9.9077016]}, "properties": {"kind": "amenity", "group": "Places of worship", "name": "Sri Karuppasamy Temple", "osm_id": 1166080727, "osm_type": "way", "osm_tag": "amenity=place_of_worship"}}, {"type": "Feature", "geometry": {"type": "Point", "coordinates": [78.1434579, 9.9067582]}, "properties": {"kind": "amenity", "group": "Places of worship", "name": "Vallaba Ganapathi Temple", "osm_id": 1166080728, "osm_type": "way", "osm_tag": "amenity=place_of_worship"}}, {"type": "Feature", "geometry": {"type": "Point", "coordinates": [78.1443997, 9.9061338]}, "properties": {"kind": "amenity", "group": "Places of worship", "name": "Sarparaja Ganapathi Temple", "osm_id": 1166080729, "osm_type": "way", "osm_tag": "amenity=place_of_worship"}}, {"type": "Feature", "geometry": {"type": "Point", "coordinates": [78.1410138, 9.9123897]}, "properties": {"kind": "amenity", "group": "Parks & sport", "name": "", "osm_id": 1166080738, "osm_type": "way", "osm_tag": "leisure=sports_centre"}}, {"type": "Feature", "geometry": {"type": "Point", "coordinates": [78.1339401, 9.9103437]}, "properties": {"kind": "amenity", "group": "Places of worship", "name": "East Madurai Mosque", "osm_id": 1166123989, "osm_type": "way", "osm_tag": "amenity=place_of_worship"}}, {"type": "Feature", "geometry": {"type": "Point", "coordinates": [78.1327574, 9.9094794]}, "properties": {"kind": "amenity", "group": "Places of worship", "name": "Sri Nagashakti Mariamman Temple", "osm_id": 1166123990, "osm_type": "way", "osm_tag": "amenity=place_of_worship"}}, {"type": "Feature", "geometry": {"type": "Point", "coordinates": [78.1338093, 9.9096021]}, "properties": {"kind": "amenity", "group": "Places of worship", "name": "Arulmiku Sri Muthumariamman Temple", "osm_id": 1166123991, "osm_type": "way", "osm_tag": "amenity=place_of_worship"}}, {"type": "Feature", "geometry": {"type": "Point", "coordinates": [78.1348627, 9.9100483]}, "properties": {"kind": "amenity", "group": "Places of worship", "name": "Kaliamman Temple", "osm_id": 1166123996, "osm_type": "way", "osm_tag": "amenity=place_of_worship"}}, {"type": "Feature", "geometry": {"type": "Point", "coordinates": [78.0778974, 9.8840705]}, "properties": {"kind": "amenity", "group": "Places of worship", "name": "Natrajan Aachrayar Jeeva Samadhi Temple", "osm_id": 1166181699, "osm_type": "way", "osm_tag": "amenity=place_of_worship"}}, {"type": "Feature", "geometry": {"type": "Point", "coordinates": [78.0178071, 9.9253056]}, "properties": {"kind": "amenity", "group": "Places of worship", "name": "Kaveri Ayyanar Temple", "osm_id": 1167798009, "osm_type": "way", "osm_tag": "amenity=place_of_worship"}}, {"type": "Feature", "geometry": {"type": "Point", "coordinates": [78.0053942, 9.9330782]}, "properties": {"kind": "amenity", "group": "Places of worship", "name": "", "osm_id": 1167798035, "osm_type": "way", "osm_tag": "amenity=place_of_worship"}}, {"type": "Feature", "geometry": {"type": "Point", "coordinates": [78.1261517, 9.8076709]}, "properties": {"kind": "amenity", "group": "Places of worship", "name": "Vinayagar Temple", "osm_id": 1168351930, "osm_type": "way", "osm_tag": "amenity=place_of_worship"}}, {"type": "Feature", "geometry": {"type": "Point", "coordinates": [78.1029156, 9.8269872]}, "properties": {"kind": "amenity", "group": "Places of worship", "name": "Saint Mary's Church", "osm_id": 1168354301, "osm_type": "way", "osm_tag": "amenity=place_of_worship"}}, {"type": "Feature", "geometry": {"type": "Point", "coordinates": [78.0964623, 9.9130456]}, "properties": {"kind": "amenity", "group": "Food & eating out", "name": "Gowri Krishna", "osm_id": 1169023700, "osm_type": "way", "osm_tag": "amenity=restaurant"}}, {"type": "Feature", "geometry": {"type": "Point", "coordinates": [78.1079361, 9.9259596]}, "properties": {"kind": "amenity", "group": "Places of worship", "name": "Sacred Heart Church", "osm_id": 1169391280, "osm_type": "way", "osm_tag": "amenity=place_of_worship"}}, {"type": "Feature", "geometry": {"type": "Point", "coordinates": [78.0969483, 9.9203324]}, "properties": {"kind": "amenity", "group": "Places of worship", "name": "Masjid AL Bilal SS Colony Mosque", "osm_id": 1169392092, "osm_type": "way", "osm_tag": "amenity=place_of_worship"}}, {"type": "Feature", "geometry": {"type": "Point", "coordinates": [78.148941, 9.9119456]}, "properties": {"kind": "amenity", "group": "Places of worship", "name": "Arulmigu Vandiyur Mariamman Thirukovil", "osm_id": 1185073618, "osm_type": "way", "osm_tag": "amenity=place_of_worship"}}, {"type": "Feature", "geometry": {"type": "Point", "coordinates": [78.0325308, 9.9820033]}, "properties": {"kind": "amenity", "group": "Power infrastructure", "name": "Samayanallur Traction", "osm_id": 1201821823, "osm_type": "way", "osm_tag": "power=substation"}}, {"type": "Feature", "geometry": {"type": "Point", "coordinates": [77.9790003, 10.0701072]}, "properties": {"kind": "amenity", "group": "Power infrastructure", "name": "Vadipatti", "osm_id": 1201836584, "osm_type": "way", "osm_tag": "power=substation"}}, {"type": "Feature", "geometry": {"type": "Point", "coordinates": [78.131377, 9.9239374]}, "properties": {"kind": "amenity", "group": "Parks & sport", "name": "", "osm_id": 1214105420, "osm_type": "way", "osm_tag": "leisure=park"}}, {"type": "Feature", "geometry": {"type": "Point", "coordinates": [78.1602179, 9.963931]}, "properties": {"kind": "amenity", "group": "Parks & sport", "name": "", "osm_id": 1215535879, "osm_type": "way", "osm_tag": "leisure=sports_centre"}}, {"type": "Feature", "geometry": {"type": "Point", "coordinates": [78.1598364, 9.9640722]}, "properties": {"kind": "amenity", "group": "Parks & sport", "name": "", "osm_id": 1215535880, "osm_type": "way", "osm_tag": "leisure=sports_centre"}}, {"type": "Feature", "geometry": {"type": "Point", "coordinates": [78.0448124, 9.8343542]}, "properties": {"kind": "amenity", "group": "Fuel stations", "name": "Indian Oil", "osm_id": 1283314811, "osm_type": "way", "osm_tag": "amenity=fuel"}}, {"type": "Feature", "geometry": {"type": "Point", "coordinates": [78.1038185, 9.9153912]}, "properties": {"kind": "amenity", "group": "Parks & sport", "name": "", "osm_id": 1283319623, "osm_type": "way", "osm_tag": "leisure=playground"}}, {"type": "Feature", "geometry": {"type": "Point", "coordinates": [77.9774916, 10.0122741]}, "properties": {"kind": "amenity", "group": "Parks & sport", "name": "", "osm_id": 1283697796, "osm_type": "way", "osm_tag": "leisure=playground"}}, {"type": "Feature", "geometry": {"type": "Point", "coordinates": [78.1906544, 10.0143867]}, "properties": {"kind": "amenity", "group": "Police & fire", "name": "C3 Appan Thiruppathi Police Station", "osm_id": 1299705525, "osm_type": "way", "osm_tag": "amenity=police"}}, {"type": "Feature", "geometry": {"type": "Point", "coordinates": [78.1109905, 10.0508878]}, "properties": {"kind": "amenity", "group": "Parks & sport", "name": "", "osm_id": 1309103962, "osm_type": "way", "osm_tag": "leisure=playground"}}, {"type": "Feature", "geometry": {"type": "Point", "coordinates": [78.1080117, 9.9600809]}, "properties": {"kind": "amenity", "group": "Parks & sport", "name": "Aanaiyur Park", "osm_id": 1365958603, "osm_type": "way", "osm_tag": "leisure=park"}}, {"type": "Feature", "geometry": {"type": "Point", "coordinates": [78.3435381, 10.0165934]}, "properties": {"kind": "amenity", "group": "Fuel stations", "name": "HP", "osm_id": 1409274188, "osm_type": "way", "osm_tag": "amenity=fuel"}}, {"type": "Feature", "geometry": {"type": "Point", "coordinates": [78.2164214, 9.9723363]}, "properties": {"kind": "amenity", "group": "Fuel stations", "name": "Indian Oil", "osm_id": 1409274196, "osm_type": "way", "osm_tag": "amenity=fuel"}}, {"type": "Feature", "geometry": {"type": "Point", "coordinates": [78.1819859, 9.9443729]}, "properties": {"kind": "amenity", "group": "Fuel stations", "name": "Shell", "osm_id": 1409274200, "osm_type": "way", "osm_tag": "amenity=fuel"}}, {"type": "Feature", "geometry": {"type": "Point", "coordinates": [78.1033073, 9.916076]}, "properties": {"kind": "amenity", "group": "Places of worship", "name": "Masjid Al Ansar Markaz Mosque", "osm_id": 1445808439, "osm_type": "way", "osm_tag": "amenity=place_of_worship"}}, {"type": "Feature", "geometry": {"type": "Point", "coordinates": [78.093484, 9.9185818]}, "properties": {"kind": "amenity", "group": "Banks & ATMs", "name": "State Bank of India", "osm_id": 1445968087, "osm_type": "way", "osm_tag": "amenity=bank"}}, {"type": "Feature", "geometry": {"type": "Point", "coordinates": [78.1493189, 9.9199196]}, "properties": {"kind": "amenity", "group": "Parks & sport", "name": "Anna Nagar Park", "osm_id": 1446037989, "osm_type": "way", "osm_tag": "leisure=park"}}, {"type": "Feature", "geometry": {"type": "Point", "coordinates": [78.1197304, 9.8984184]}, "properties": {"kind": "amenity", "group": "Fuel stations", "name": "", "osm_id": 1466190499, "osm_type": "way", "osm_tag": "amenity=fuel"}}, {"type": "Feature", "geometry": {"type": "Point", "coordinates": [78.1621899, 9.8407626]}, "properties": {"kind": "amenity", "group": "Power infrastructure", "name": "", "osm_id": 1467375226, "osm_type": "way", "osm_tag": "power=substation"}}, {"type": "Feature", "geometry": {"type": "Point", "coordinates": [78.0164749, 10.0238438]}, "properties": {"kind": "amenity", "group": "Power infrastructure", "name": "", "osm_id": 1467375228, "osm_type": "way", "osm_tag": "power=substation"}}, {"type": "Feature", "geometry": {"type": "Point", "coordinates": [78.104749, 9.9161468]}, "properties": {"kind": "amenity", "group": "Power infrastructure", "name": "", "osm_id": 1467375229, "osm_type": "way", "osm_tag": "power=substation"}}, {"type": "Feature", "geometry": {"type": "Point", "coordinates": [78.1965838, 9.954128]}, "properties": {"kind": "amenity", "group": "Power infrastructure", "name": "", "osm_id": 1467375230, "osm_type": "way", "osm_tag": "power=substation"}}, {"type": "Feature", "geometry": {"type": "Point", "coordinates": [78.1175433, 9.9190434]}, "properties": {"kind": "amenity", "group": "Places of worship", "name": "Sri Sumatinathji", "osm_id": 1473606099, "osm_type": "way", "osm_tag": "amenity=place_of_worship"}}, {"type": "Feature", "geometry": {"type": "Point", "coordinates": [78.1204426, 9.9193324]}, "properties": {"kind": "amenity", "group": "Places of worship", "name": "", "osm_id": 1473606100, "osm_type": "way", "osm_tag": "amenity=place_of_worship"}}, {"type": "Feature", "geometry": {"type": "Point", "coordinates": [78.1484785, 9.9232594]}, "properties": {"kind": "amenity", "group": "Food & eating out", "name": "Puppy's Bakery", "osm_id": 1484099703, "osm_type": "way", "osm_tag": "amenity=cafe"}}, {"type": "Feature", "geometry": {"type": "Point", "coordinates": [78.148936, 9.9226625]}, "properties": {"kind": "amenity", "group": "Food & eating out", "name": "Zaitoon", "osm_id": 1484099733, "osm_type": "way", "osm_tag": "amenity=restaurant"}}, {"type": "Feature", "geometry": {"type": "Point", "coordinates": [78.1484989, 9.9238585]}, "properties": {"kind": "amenity", "group": "Food & eating out", "name": "Namma Biryani", "osm_id": 1484099766, "osm_type": "way", "osm_tag": "amenity=fast_food"}}, {"type": "Feature", "geometry": {"type": "Point", "coordinates": [78.147778, 9.920834]}, "properties": {"kind": "amenity", "group": "Shops & markets", "name": "Mal Super Market", "osm_id": 1484716216, "osm_type": "way", "osm_tag": "shop=supermarket"}}, {"type": "Feature", "geometry": {"type": "Point", "coordinates": [78.1465601, 9.9212557]}, "properties": {"kind": "amenity", "group": "Food & eating out", "name": "P.K.N. Coffee Corner", "osm_id": 1484716219, "osm_type": "way", "osm_tag": "amenity=cafe"}}, {"type": "Feature", "geometry": {"type": "Point", "coordinates": [78.169706, 9.8982752]}, "properties": {"kind": "amenity", "group": "Fuel stations", "name": "Hindustan Petroleum", "osm_id": 1484716223, "osm_type": "way", "osm_tag": "amenity=fuel"}}, {"type": "Feature", "geometry": {"type": "Point", "coordinates": [78.1112854, 9.9168368]}, "properties": {"kind": "amenity", "group": "Places of worship", "name": "The Holy Redeemer's Lutheran Church", "osm_id": 1484716225, "osm_type": "way", "osm_tag": "amenity=place_of_worship"}}, {"type": "Feature", "geometry": {"type": "Point", "coordinates": [78.1489721, 9.9212415]}, "properties": {"kind": "amenity", "group": "Food & eating out", "name": "Naveen Coffee Bar", "osm_id": 1484716227, "osm_type": "way", "osm_tag": "amenity=cafe"}}, {"type": "Feature", "geometry": {"type": "Point", "coordinates": [78.1463232, 9.9211794]}, "properties": {"kind": "amenity", "group": "Shops & markets", "name": "Reliance Smart Point", "osm_id": 1484716235, "osm_type": "way", "osm_tag": "shop=supermarket"}}, {"type": "Feature", "geometry": {"type": "Point", "coordinates": [78.1480253, 9.9212592]}, "properties": {"kind": "amenity", "group": "Shops & markets", "name": "Jaas Mariyam Shop", "osm_id": 1484716242, "osm_type": "way", "osm_tag": "shop=convenience"}}, {"type": "Feature", "geometry": {"type": "Point", "coordinates": [78.1108384, 9.9211092]}, "properties": {"kind": "amenity", "group": "Shops & markets", "name": "Milk Bar", "osm_id": 1484716260, "osm_type": "way", "osm_tag": "shop=convenience"}}, {"type": "Feature", "geometry": {"type": "Point", "coordinates": [78.148517, 9.9173646]}, "properties": {"kind": "amenity", "group": "Food & eating out", "name": "Sharif Bhai", "osm_id": 1484716262, "osm_type": "way", "osm_tag": "amenity=restaurant"}}, {"type": "Feature", "geometry": {"type": "Point", "coordinates": [78.1116234, 9.9226814]}, "properties": {"kind": "amenity", "group": "Shops & markets", "name": "Catering Stall", "osm_id": 1484716263, "osm_type": "way", "osm_tag": "shop=convenience"}}, {"type": "Feature", "geometry": {"type": "Point", "coordinates": [78.1107964, 9.9215449]}, "properties": {"kind": "amenity", "group": "Shops & markets", "name": "Catering Stall", "osm_id": 1484716275, "osm_type": "way", "osm_tag": "shop=convenience"}}, {"type": "Feature", "geometry": {"type": "Point", "coordinates": [78.1109745, 9.921465]}, "properties": {"kind": "amenity", "group": "Shops & markets", "name": "Catering Stall", "osm_id": 1484716285, "osm_type": "way", "osm_tag": "shop=convenience"}}, {"type": "Feature", "geometry": {"type": "Point", "coordinates": [78.1110753, 9.9211923]}, "properties": {"kind": "amenity", "group": "Shops & markets", "name": "S.N.P. Dairy", "osm_id": 1484716290, "osm_type": "way", "osm_tag": "shop=convenience"}}, {"type": "Feature", "geometry": {"type": "Point", "coordinates": [78.26526, 9.8869946]}, "properties": {"kind": "amenity", "group": "Power infrastructure", "name": "Nattarmangalam", "osm_id": 1537187627, "osm_type": "way", "osm_tag": "power=substation"}}, {"type": "Feature", "geometry": {"type": "Point", "coordinates": [78.3459954, 9.8525901]}, "properties": {"kind": "amenity", "group": "Power infrastructure", "name": "Arasanur", "osm_id": 1537187646, "osm_type": "way", "osm_tag": "power=substation"}}, {"type": "Feature", "geometry": {"type": "Point", "coordinates": [78.1114269, 9.9188146]}, "properties": {"kind": "amenity", "group": "Places of worship", "name": "Murugan Temple", "osm_id": 1552696487, "osm_type": "way", "osm_tag": "amenity=place_of_worship"}}, {"type": "Feature", "geometry": {"type": "Point", "coordinates": [78.1137578, 9.9143622]}, "properties": {"kind": "amenity", "group": "Places of worship", "name": "Koodal Algar Temple", "osm_id": 8322211, "osm_type": "relation", "osm_tag": "amenity=place_of_worship"}}, {"type": "Feature", "geometry": {"type": "Point", "coordinates": [78.119368, 9.9195219]}, "properties": {"kind": "amenity", "group": "Places of worship", "name": "Sri Meenakshi Amman Temple", "osm_id": 21232993, "osm_type": "relation", "osm_tag": "amenity=place_of_worship"}}], "properties": {"source": "OpenStreetMap via Overpass", "retrieved": "2026-09-24"}}