{"type": "FeatureCollection", "features": [{"type": "Feature", "geometry": {"type": "Polygon", "coordinates": [[[78.003552, 9.8309656], [78.0030138, 9.8312506], [78.0027141, 9.8316581], [78.0026842, 9.8320833], [78.0032535, 9.8332172], [78.0017731, 9.8341207], [78.0012517, 9.8342034], [78.0008201, 9.8336187], [78.0005564, 9.8338609], [78.0002228, 9.8338328], [78.0015556, 9.8350409], [78.0011072, 9.8353465], [77.9998905, 9.8344548], [77.9980685, 9.8336162], [77.9957969, 9.8327481], [77.994766, 9.8322166], [77.9944244, 9.8318327], [77.9929619, 9.8315079], [77.991613, 9.8309731], [77.9916164, 9.8310657], [77.9916227, 9.8312366], [77.991771, 9.8319434], [77.9919256, 9.8321492], [77.9922839, 9.8320242], [77.9924373, 9.8323412], [77.9933074, 9.8326091], [77.9935732, 9.8335109], [77.9926782, 9.83398], [77.9902171, 9.8346464], [77.9906452, 9.8363789], [77.9897439, 9.8368969], [77.988596, 9.8371083], [77.9888964, 9.8395079], [77.9876733, 9.8399836], [77.9879844, 9.8411993], [77.9863214, 9.8409984], [77.9851091, 9.8405862], [77.9849413, 9.8376212], [77.9829901, 9.8368978], [77.9831198, 9.8364043], [77.9804356, 9.8355175], [77.9802825, 9.8358459], [77.9802331, 9.8362126], [77.9802509, 9.8376991], [77.9810377, 9.8377364], [77.9817617, 9.8400153], [77.9829204, 9.8409984], [77.98365, 9.8431338], [77.9839933, 9.8445608], [77.9844975, 9.8444974], [77.9848945, 9.8459033], [77.9826629, 9.8463896], [77.9816759, 9.846601], [77.9815042, 9.8460619], [77.9784357, 9.8461359], [77.9776472, 9.844952], [77.9770142, 9.8433188], [77.9768264, 9.8426687], [77.9756731, 9.8423568], [77.9756302, 9.8415164], [77.9764026, 9.8414477], [77.9771268, 9.8414001], [77.9768693, 9.8402479], [77.9773414, 9.840269], [77.9771322, 9.837436], [77.9776525, 9.8373039], [77.9775184, 9.836141], [77.9780012, 9.8361569], [77.9780066, 9.8354645], [77.978704, 9.8342647], [77.9782641, 9.8340004], [77.9770732, 9.8333555], [77.9765072, 9.8327847], [77.976231, 9.8322878], [77.9757643, 9.8312307], [77.975539, 9.8299199], [77.9757857, 9.8275308], [77.9768693, 9.8258499], [77.9776096, 9.8250359], [77.9787917, 9.8248717], [77.980731, 9.8214139], [77.9815945, 9.8172664], [77.9832134, 9.814076], [77.986667, 9.8135442], [77.9914498, 9.8124873], [77.9941106, 9.8118424], [77.9938531, 9.8151303], [77.9963207, 9.8142422], [77.9959881, 9.816198], [77.9948616, 9.8170966], [77.993499, 9.8176569], [77.9936278, 9.8182701], [77.9915035, 9.819581], [77.9925166, 9.8208244], [77.9972649, 9.8176358], [77.9977798, 9.8202047], [78.0070281, 9.8162297], [78.0083799, 9.8218962], [78.0035949, 9.8242853], [78.0021357, 9.8214944], [78.0011701, 9.8217904], [78.0016207, 9.8235665], [77.9990244, 9.8245602], [77.999129, 9.8284499], [78.0043269, 9.8291186], [78.003552, 9.8309656]]]}, "properties": {"kind": "landuse", "name": "", "osm_id": 84649808, "tag": "residential"}}, {"type": "Feature", "geometry": {"type": "Polygon", "coordinates": [[[78.1728337, 9.9174154], [78.1724468, 9.9161576], [78.1751359, 9.9165769], [78.1780378, 9.9186922], [78.1805914, 9.9208265], [78.1815781, 9.9213601], [78.1809977, 9.9224273], [78.1776702, 9.9212077], [78.175252, 9.9194926], [78.1732013, 9.9177394], [78.1728337, 9.9174154]]]}, "properties": {"kind": "landuse", "name": "", "osm_id": 176508922, "tag": "quarry"}}, {"type": "Feature", "geometry": {"type": "Polygon", "coordinates": [[[78.1130385, 9.9266561], [78.1127336, 9.9258829], [78.1124554, 9.9250965], [78.1123335, 9.9247988], [78.1121558, 9.9244317], [78.1119778, 9.9241754], [78.1114755, 9.923644], [78.1108736, 9.9228874], [78.1107373, 9.9226663], [78.1104478, 9.9236008], [78.1102955, 9.9246797], [78.1102754, 9.9269477], [78.1099237, 9.926961], [78.109941, 9.9276625], [78.1103074, 9.9276], [78.1116164, 9.9271939], [78.1130385, 9.9266561]]]}, "properties": {"kind": "landuse", "name": "Madura Coats", "osm_id": 186174723, "tag": "industrial"}}, {"type": "Feature", "geometry": {"type": "Polygon", "coordinates": [[[78.1082444, 9.9193371], [78.1055805, 9.9216604], [78.1052107, 9.9220077], [78.1048406, 9.9223746], [78.1045344, 9.922763], [78.1042555, 9.9231782], [78.1041563, 9.9232925], [78.1038018, 9.9237473], [78.1021599, 9.925178], [78.1025146, 9.9256519], [78.1030881, 9.9272865], [78.1040703, 9.9274433], [78.1051565, 9.9275063], [78.105479, 9.9275791], [78.1056448, 9.9276289], [78.1061434, 9.9277152], [78.1064882, 9.9277812], [78.1071843, 9.9278728], [78.1072955, 9.9279015], [78.107232, 9.9278019], [78.1072424, 9.927715], [78.10746, 9.9272379], [78.1077662, 9.9267749], [78.1080364, 9.9263558], [78.1083965, 9.9258667], [78.1088352, 9.925253], [78.1091339, 9.9248006], [78.1094078, 9.9244069], [78.1100542, 9.9234366], [78.1103565, 9.9229234], [78.1104349, 9.9224336], [78.1104012, 9.9223296], [78.1102867, 9.9219765], [78.1097782, 9.9208748], [78.1089678, 9.9211496], [78.1082444, 9.9193371]]]}, "properties": {"kind": "landuse", "name": "Railway Colony", "osm_id": 186627178, "tag": "residential"}}, {"type": "Feature", "geometry": {"type": "Polygon", "coordinates": [[[78.0373196, 9.7730602], [78.036705, 9.7718665], [78.0365622, 9.7712147], [78.036629, 9.7708315], [78.0366611, 9.7703715], [78.0365271, 9.7695574], [78.0356419, 9.7698905], [78.0344705, 9.7681567], [78.0357116, 9.7679133], [78.0362642, 9.7676225], [78.036114, 9.7671996], [78.0370903, 9.7668084], [78.0375731, 9.7666074], [78.0384529, 9.7663325], [78.0387801, 9.7660101], [78.0400819, 9.765506], [78.0409044, 9.7653862], [78.0411994, 9.7662585], [78.0412853, 9.766692], [78.0417091, 9.766692], [78.0417466, 9.7669987], [78.0425588, 9.7671166], [78.0433184, 9.7678181], [78.0444342, 9.7669035], [78.043946, 9.764202], [78.0454051, 9.7633244], [78.0463546, 9.7661], [78.0465585, 9.7666497], [78.0467408, 9.7673898], [78.046988, 9.7684548], [78.0471003, 9.7695997], [78.0465906, 9.7699803], [78.0459845, 9.7703451], [78.0453622, 9.7705407], [78.0447668, 9.7707416], [78.0445361, 9.7703451], [78.0443215, 9.7697371], [78.0441284, 9.7691873], [78.0433667, 9.7694094], [78.042224, 9.7696526], [78.0410037, 9.7701863], [78.0412155, 9.7707416], [78.041296, 9.771561], [78.0412075, 9.7725341], [78.0400675, 9.7727082], [78.0391706, 9.7728793], [78.0387104, 9.773036], [78.0385065, 9.7734801], [78.0376643, 9.7734166], [78.0373196, 9.7730602]]]}, "properties": {"kind": "landuse", "name": "", "osm_id": 202523660, "tag": "quarry"}}, {"type": "Feature", "geometry": {"type": "Polygon", "coordinates": [[[78.0769369, 9.7927872], [78.0769423, 9.7923018], [78.075551, 9.7923125], [78.0739541, 9.7923231], [78.0733424, 9.7925579], [78.0733586, 9.7929259], [78.0763089, 9.7929366], [78.0769369, 9.7927872]]]}, "properties": {"kind": "landuse", "name": "", "osm_id": 202527042, "tag": "quarry"}}, {"type": "Feature", "geometry": {"type": "Polygon", "coordinates": [[[78.2242929, 9.9126922], [78.2287124, 9.9096799], [78.2291412, 9.9144516], [78.2299732, 9.9155799], [78.2248514, 9.9159631], [78.2242929, 9.9126922]]]}, "properties": {"kind": "landuse", "name": "", "osm_id": 202529583, "tag": "industrial"}}, {"type": "Feature", "geometry": {"type": "Polygon", "coordinates": [[[78.1894088, 9.9698313], [78.1895777, 9.9696525], [78.1895066, 9.9695636], [78.1895104, 9.9694433], [78.1890214, 9.9689294], [78.1888927, 9.9687632], [78.1886374, 9.9684626], [78.1883417, 9.9680825], [78.1890366, 9.9673762], [78.1894912, 9.9678151], [78.1897435, 9.9678159], [78.1902786, 9.9682335], [78.1905656, 9.9683368], [78.1911692, 9.9688032], [78.1916562, 9.9691458], [78.191744, 9.969124], [78.1919536, 9.9692338], [78.1919152, 9.9693624], [78.1919553, 9.9694614], [78.1929379, 9.970083], [78.1933573, 9.970369], [78.1935343, 9.9705283], [78.193555, 9.9706487], [78.1939362, 9.9710766], [78.1940963, 9.9712334], [78.1944447, 9.9715605], [78.1946298, 9.9718875], [78.1948112, 9.9720235], [78.194882, 9.9720196], [78.1950914, 9.9718174], [78.1952631, 9.971739], [78.1954726, 9.9716998], [78.1956696, 9.9718877], [78.196413, 9.9723514], [78.1968443, 9.972578], [78.197317, 9.9728738], [78.1972807, 9.9729878], [78.197197, 9.9730536], [78.1972391, 9.9731814], [78.1970844, 9.9733668], [78.1972024, 9.9734444], [78.1974321, 9.9736525], [78.1975664, 9.9737097], [78.1977385, 9.9739362], [78.1979882, 9.9741977], [78.1982085, 9.9743561], [78.1980854, 9.9747105], [78.1979, 9.9751373], [78.1977589, 9.9751817], [78.1974821, 9.9751816], [78.1970869, 9.9752204], [78.1964774, 9.9753369], [78.1956897, 9.9746926], [78.1955785, 9.974638], [78.1954424, 9.9745335], [78.1950845, 9.9745411], [78.1949484, 9.9746572], [78.1949278, 9.9747441], [78.1948993, 9.9748259], [78.1948359, 9.974793], [78.1948867, 9.974715], [78.1948812, 9.974649], [78.1944652, 9.9744368], [78.1943326, 9.9743071], [78.1942101, 9.9742275], [78.1942027, 9.9742801], [78.1939691, 9.9741618], [78.1938007, 9.9740174], [78.1937608, 9.9740254], [78.1934767, 9.9737888], [78.1934893, 9.9737269], [78.1932888, 9.9734646], [78.1934296, 9.9733447], [78.1929048, 9.9729012], [78.1926822, 9.9730779], [78.1917314, 9.9721384], [78.1903588, 9.9707539], [78.1894088, 9.9698313]]]}, "properties": {"kind": "landuse", "name": "", "osm_id": 202529585, "tag": "quarry"}}, {"type": "Feature", "geometry": {"type": "Polygon", "coordinates": [[[78.1279538, 9.9523307], [78.1278197, 9.9515117], [78.1292145, 9.9512581], [78.1292145, 9.952188], [78.1281631, 9.9523042], [78.1279538, 9.9523307]]]}, "properties": {"kind": "landuse", "name": "Police Quaters", "osm_id": 281886643, "tag": "residential"}}, {"type": "Feature", "geometry": {"type": "Polygon", "coordinates": [[[78.1300031, 9.9553265], [78.1301667, 9.9543332], [78.1313388, 9.9539448], [78.1316607, 9.9550016], [78.1300031, 9.9553265]]]}, "properties": {"kind": "landuse", "name": "Palaami Enclave", "osm_id": 281889807, "tag": "residential"}}, {"type": "Feature", "geometry": {"type": "Polygon", "coordinates": [[[78.2099592, 9.9404268], [78.215176, 9.9380984], [78.2183551, 9.9382991], [78.2182736, 9.9397845], [78.220719, 9.9415508], [78.2271178, 9.9420727], [78.2277699, 9.9450434], [78.2333536, 9.9469703], [78.2307859, 9.949379], [78.2249577, 9.949098], [78.2179883, 9.9458463], [78.216684, 9.9446018], [78.2123638, 9.945204], [78.2099592, 9.9404268]]]}, "properties": {"kind": "landuse", "name": "", "osm_id": 297527028, "tag": "quarry"}}, {"type": "Feature", "geometry": {"type": "Polygon", "coordinates": [[[77.9596313, 10.104024], [77.961142, 10.1033905], [77.9618554, 10.1044647], [77.9628906, 10.1043821], [77.9634781, 10.107453], [77.9641495, 10.1074255], [77.9644433, 10.1082793], [77.9602897, 10.1094809], [77.9591423, 10.1097536], [77.9588258, 10.1080397], [77.9604479, 10.1076502], [77.9602303, 10.1065791], [77.9591027, 10.1064233], [77.9592214, 10.1043978], [77.9596313, 10.104024]]]}, "properties": {"kind": "landuse", "name": "", "osm_id": 297527029, "tag": "quarry"}}, {"type": "Feature", "geometry": {"type": "Polygon", "coordinates": [[[78.2375923, 9.951346], [78.2429839, 9.9527463], [78.2439638, 9.9559822], [78.2422346, 9.9570041], [78.2397706, 9.9558261], [78.239151, 9.953683], [78.2375659, 9.9519798], [78.2375923, 9.951346]]]}, "properties": {"kind": "landuse", "name": "", "osm_id": 297527030, "tag": "quarry"}}, {"type": "Feature", "geometry": {"type": "Polygon", "coordinates": [[[78.0898159, 9.9342565], [78.0900924, 9.9341511], [78.0899144, 9.9336456], [78.0902744, 9.9334945], [78.0893575, 9.9316498], [78.0877221, 9.9322457], [78.0879701, 9.9325553], [78.089695, 9.9342246], [78.0898159, 9.9342565]]]}, "properties": {"kind": "landuse", "name": "TVS Southern Roadways Limited and TVS Sewing Needles Limited;Southern Roadways Limited, Madurai", "osm_id": 381454942, "tag": "commercial"}}, {"type": "Feature", "geometry": {"type": "Polygon", "coordinates": [[[78.1356239, 9.8878774], [78.1347656, 9.8859326], [78.134036, 9.8837341], [78.1375551, 9.8811128], [78.1397867, 9.8833959], [78.1417393, 9.8840618], [78.1418037, 9.8862391], [78.1418681, 9.8870001], [78.1399798, 9.8899384], [78.1361389, 9.8906016], [78.1356239, 9.8878774]]]}, "properties": {"kind": "landuse", "name": "", "osm_id": 453456311, "tag": "farmland"}}, {"type": "Feature", "geometry": {"type": "Polygon", "coordinates": [[[78.1520766, 9.8981798], [78.1510895, 9.8971229], [78.1527203, 9.8962351], [78.1531495, 9.8953261], [78.1540507, 9.8949033], [78.1538898, 9.8939151], [78.1548124, 9.8935135], [78.1549304, 9.8927314], [78.1552201, 9.8925728], [78.1555849, 9.8918118], [78.1553918, 9.8912834], [78.1563145, 9.8906598], [78.1582886, 9.8927736], [78.1567114, 9.8944753], [78.1520766, 9.8981798]]]}, "properties": {"kind": "landuse", "name": "", "osm_id": 453456312, "tag": "farmland"}}, {"type": "Feature", "geometry": {"type": "Polygon", "coordinates": [[[78.1402424, 9.9363186], [78.1394892, 9.9359339], [78.1394218, 9.9358994], [78.1379223, 9.9357722], [78.1378593, 9.9361539], [78.1368954, 9.9360856], [78.1372202, 9.9366751], [78.1373021, 9.9367104], [78.1374345, 9.9367535], [78.1380598, 9.9368467], [78.1389133, 9.9369647], [78.1394118, 9.9370346], [78.1394776, 9.9370368], [78.1398689, 9.9370502], [78.1402836, 9.9370845], [78.1402424, 9.9363186]]]}, "properties": {"kind": "landuse", "name": "", "osm_id": 496461095, "tag": "commercial"}}, {"type": "Feature", "geometry": {"type": "Polygon", "coordinates": [[[78.1465423, 9.9353795], [78.1475556, 9.9352904], [78.1474307, 9.9341387], [78.146415, 9.9342571], [78.1465423, 9.9353795]]]}, "properties": {"kind": "landuse", "name": "Doordarshan Kendra", "osm_id": 496468449, "tag": "commercial"}}, {"type": "Feature", "geometry": {"type": "Polygon", "coordinates": [[[77.998268, 10.0191476], [77.9988152, 10.0191529], [77.9993221, 10.0192163], [77.9988098, 10.0159965], [77.9991424, 10.0159489], [77.9990593, 10.0153124], [77.9981044, 10.0154629], [77.9979864, 10.0148898], [77.9970637, 10.0153388], [77.9969645, 10.0155422], [77.9964602, 10.0159569], [77.9967123, 10.0164666], [77.9962, 10.017024], [77.996361, 10.0171058], [77.9966158, 10.016913], [77.9974017, 10.017024], [77.9973131, 10.0171455], [77.9973614, 10.01737], [77.9976457, 10.0173832], [77.9979622, 10.0174122], [77.9982197, 10.0180409], [77.998268, 10.0191476]]]}, "properties": {"kind": "landuse", "name": "", "osm_id": 534095282, "tag": "farmland"}}, {"type": "Feature", "geometry": {"type": "Polygon", "coordinates": [[[77.9848248, 10.0229035], [77.9860157, 10.0228929], [77.9860881, 10.0214957], [77.9864287, 10.0209173], [77.9863295, 10.0196283], [77.985675, 10.0197445], [77.9845217, 10.0201143], [77.9834381, 10.0204524], [77.9831108, 10.0211127], [77.9831135, 10.0214825], [77.983717, 10.0219474], [77.9837975, 10.0223594], [77.9845887, 10.0222986], [77.9845592, 10.0226843], [77.9848248, 10.0229035]]]}, "properties": {"kind": "landuse", "name": "", "osm_id": 534096599, "tag": "farmland"}}, {"type": "Feature", "geometry": {"type": "Polygon", "coordinates": [[[77.9878235, 10.0183842], [77.9877859, 10.0176843], [77.9879522, 10.0176077], [77.9875794, 10.0165697], [77.9877189, 10.0163716], [77.9885182, 10.0165142], [77.9885504, 10.0161735], [77.9890278, 10.0161048], [77.9891753, 10.0158037], [77.9892799, 10.0163795], [77.9893255, 10.0168945], [77.9892397, 10.0172326], [77.9894999, 10.0178665], [77.9888803, 10.0181201], [77.9878235, 10.0183842]]]}, "properties": {"kind": "landuse", "name": "", "osm_id": 534096600, "tag": "farmland"}}, {"type": "Feature", "geometry": {"type": "Polygon", "coordinates": [[[77.986477, 10.022848], [77.9866835, 10.0223779], [77.9871368, 10.022222], [77.9882285, 10.0222828], [77.9882339, 10.0220821], [77.9885825, 10.0220821], [77.9885182, 10.0215247], [77.9881561, 10.021567], [77.9879764, 10.0208142], [77.9873219, 10.0208803], [77.9871342, 10.020529], [77.9872012, 10.0204233], [77.9871127, 10.0199611], [77.9873353, 10.0199875], [77.9872763, 10.0196257], [77.9877323, 10.0194619], [77.9881345, 10.0196298], [77.988207, 10.01966], [77.9882902, 10.0199928], [77.9884323, 10.0200139], [77.988553, 10.0214429], [77.9885852, 10.0215327], [77.9889125, 10.0215036], [77.988891, 10.0227212], [77.9883975, 10.0227767], [77.9879549, 10.0226948], [77.987566, 10.0229246], [77.9867694, 10.0229405], [77.986477, 10.022848]]]}, "properties": {"kind": "landuse", "name": "", "osm_id": 534096601, "tag": "farmland"}}, {"type": "Feature", "geometry": {"type": "Polygon", "coordinates": [[[77.986249, 10.026316], [77.9869062, 10.0262975], [77.9868579, 10.0260123], [77.9873836, 10.025933], [77.9872736, 10.0256346], [77.9874131, 10.0252146], [77.9877377, 10.0252384], [77.9879415, 10.0247524], [77.9883116, 10.0248263], [77.9883143, 10.0233895], [77.987853, 10.023297], [77.9876545, 10.0230303], [77.9872334, 10.0229959], [77.9872039, 10.023408], [77.9869437, 10.0234423], [77.986874, 10.0232416], [77.9862678, 10.0232601], [77.9860157, 10.0241687], [77.9862115, 10.0254576], [77.9862061, 10.025933], [77.9861793, 10.0261047], [77.986249, 10.026316]]]}, "properties": {"kind": "landuse", "name": "", "osm_id": 534096602, "tag": "farmland"}}, {"type": "Feature", "geometry": {"type": "Polygon", "coordinates": [[[78.0696952, 10.0593431], [78.0716264, 10.0589839], [78.0716425, 10.0588466], [78.0722487, 10.0586564], [78.0722809, 10.0588941], [78.0727422, 10.058873], [78.0723184, 10.057674], [78.0714655, 10.0579592], [78.0711436, 10.0570771], [78.0709666, 10.0570032], [78.0707467, 10.0566282], [78.0705374, 10.0561], [78.0702853, 10.0562215], [78.0704087, 10.0569345], [78.0694699, 10.0570085], [78.0696362, 10.0584769], [78.0699956, 10.0586406], [78.0695879, 10.059153], [78.0696952, 10.0593431]]]}, "properties": {"kind": "landuse", "name": "", "osm_id": 535586684, "tag": "farmland"}}, {"type": "Feature", "geometry": {"type": "Polygon", "coordinates": [[[78.0987489, 10.0719984], [78.0993497, 10.0716657], [78.0991352, 10.0710371], [78.0997306, 10.0708998], [78.0995858, 10.0701656], [78.0999666, 10.070097], [78.0998754, 10.0685705], [78.0994624, 10.0670547], [78.1004441, 10.0668223], [78.1004494, 10.0661462], [78.1010288, 10.0660828], [78.1008947, 10.0650951], [78.1002456, 10.0652377], [78.1002402, 10.0657131], [78.0992264, 10.065787], [78.0992317, 10.0666057], [78.0982876, 10.0670124], [78.09641, 10.0666163], [78.0961723, 10.0671074], [78.0967321, 10.0692516], [78.0974187, 10.0702234], [78.0982447, 10.0705776], [78.0987489, 10.0719984]]]}, "properties": {"kind": "landuse", "name": "", "osm_id": 535586687, "tag": "farmland"}}, {"type": "Feature", "geometry": {"type": "Polygon", "coordinates": [[[78.0942053, 10.0695054], [78.0966461, 10.0691674], [78.0961511, 10.0674595], [78.0961723, 10.0671074], [78.0953962, 10.0678469], [78.0942535, 10.0688029], [78.0942053, 10.0695054]]]}, "properties": {"kind": "landuse", "name": "", "osm_id": 535586690, "tag": "farmland"}}, {"type": "Feature", "geometry": {"type": "Polygon", "coordinates": [[[78.0932853, 10.0575261], [78.0945808, 10.0574891], [78.0958977, 10.0573201], [78.0960372, 10.0577479], [78.0963644, 10.0576001], [78.0961847, 10.0571062], [78.0962867, 10.0569372], [78.096182, 10.0566572], [78.0959567, 10.0566625], [78.0958655, 10.0565674], [78.0955222, 10.056512], [78.0954015, 10.055886], [78.0946317, 10.0559706], [78.0946425, 10.0562531], [78.0937922, 10.0563139], [78.0937707, 10.0560788], [78.0942187, 10.0559177], [78.0941409, 10.0555269], [78.0936313, 10.0556219], [78.0936769, 10.0551809], [78.0925798, 10.0551756], [78.0918315, 10.0551069], [78.0910912, 10.0559864], [78.0911019, 10.0575076], [78.0928025, 10.0574918], [78.0927756, 10.0572435], [78.0922848, 10.0572831], [78.0922365, 10.0568923], [78.0931699, 10.0567681], [78.0932853, 10.0575261]]]}, "properties": {"kind": "landuse", "name": "", "osm_id": 535586692, "tag": "farmland"}}, {"type": "Feature", "geometry": {"type": "Polygon", "coordinates": [[[78.0914023, 10.0480712], [78.0913514, 10.0473212], [78.0915713, 10.046954], [78.0918288, 10.0470808], [78.0918556, 10.0473027], [78.0935749, 10.0471944], [78.0935723, 10.0477094], [78.0931833, 10.0478414], [78.0921909, 10.0479893], [78.0914023, 10.0480712]]]}, "properties": {"kind": "landuse", "name": "", "osm_id": 535586693, "tag": "farmland"}}, {"type": "Feature", "geometry": {"type": "Polygon", "coordinates": [[[78.0917001, 10.0448359], [78.0917698, 10.0451079], [78.0918476, 10.0453958], [78.0919361, 10.0457523], [78.0920005, 10.0457127], [78.0920273, 10.0457418], [78.0920327, 10.0458659], [78.0923009, 10.0458633], [78.0927917, 10.0458289], [78.0930573, 10.0458289], [78.0933952, 10.045792], [78.0935481, 10.0460112], [78.0935723, 10.046093], [78.0936286, 10.046101], [78.0936742, 10.0458448], [78.093693, 10.0456599], [78.094157, 10.0456044], [78.0944762, 10.0455596], [78.0944976, 10.0453615], [78.0935723, 10.0453403], [78.0935293, 10.0449363], [78.0935293, 10.0446193], [78.0934623, 10.0446352], [78.0934194, 10.0443446], [78.0932745, 10.044305], [78.0929419, 10.044305], [78.0929661, 10.0446669], [78.0925289, 10.0446774], [78.0924833, 10.0447751], [78.0917215, 10.0447989], [78.0917001, 10.0448359]]]}, "properties": {"kind": "landuse", "name": "", "osm_id": 550667222, "tag": "farmland"}}, {"type": "Feature", "geometry": {"type": "Polygon", "coordinates": [[[78.1219191, 10.0826879], [78.1223438, 10.0827716], [78.1238585, 10.0821862], [78.1247079, 10.084026], [78.127242, 10.0837333], [78.1279782, 10.0837054], [78.129224, 10.0849041], [78.1298185, 10.0853641], [78.1303707, 10.084918], [78.1296487, 10.0839424], [78.1297053, 10.0830225], [78.1288559, 10.0825764], [78.1285303, 10.0819632], [78.1277517, 10.081768], [78.1271712, 10.0809875], [78.1273553, 10.080639], [78.1271288, 10.0801094], [78.1263643, 10.0800676], [78.1267748, 10.0792173], [78.1275853, 10.0781824], [78.1270367, 10.0772032], [78.1267341, 10.0779123], [78.1258086, 10.0780082], [78.126313, 10.0786476], [78.1261829, 10.0791764], [78.1249145, 10.0791341], [78.1240128, 10.0795609], [78.1237905, 10.080601], [78.1225816, 10.0810086], [78.1219191, 10.0826879]]]}, "properties": {"kind": "landuse", "name": "", "osm_id": 551192326, "tag": "residential"}}, {"type": "Feature", "geometry": {"type": "Polygon", "coordinates": [[[78.1514329, 10.1284764], [78.1526506, 10.1283814], [78.1527793, 10.1282124], [78.1529349, 10.1280751], [78.1529778, 10.1278639], [78.1532031, 10.1278111], [78.153466, 10.1282441], [78.1536537, 10.1282969], [78.1539649, 10.1288725], [78.1544262, 10.1286243], [78.1547266, 10.1289306], [78.1550217, 10.1294428], [78.1552899, 10.1300607], [78.1555527, 10.1300026], [78.1561482, 10.1301505], [78.1562233, 10.1300079], [78.1555045, 10.1293583], [78.1556225, 10.1291418], [78.1554347, 10.1289464], [78.1552309, 10.1289253], [78.1551021, 10.1286982], [78.1548929, 10.1286296], [78.154614, 10.1283497], [78.1547266, 10.128223], [78.1544208, 10.1280223], [78.1546462, 10.127885], [78.154909, 10.1276949], [78.154732, 10.1275523], [78.1542653, 10.1277371], [78.1539863, 10.1275998], [78.1537986, 10.1273516], [78.1536376, 10.1272143], [78.1533426, 10.1273675], [78.1530905, 10.1271193], [78.1530261, 10.1267919], [78.1533426, 10.1265384], [78.1532085, 10.1263219], [78.1527257, 10.1263536], [78.1525165, 10.1262638], [78.1518781, 10.1263958], [78.1512076, 10.1265014], [78.1513524, 10.1269344], [78.1505048, 10.1270823], [78.1505379, 10.1272294], [78.1506389, 10.127679], [78.1509501, 10.1276421], [78.1510252, 10.1281174], [78.1514329, 10.1284764]]]}, "properties": {"kind": "landuse", "name": "", "osm_id": 566063472, "tag": "residential"}}, {"type": "Feature", "geometry": {"type": "Polygon", "coordinates": [[[78.1245571, 9.8496348], [78.1272152, 9.849323], [78.127073, 9.8477004], [78.1286716, 9.8476264], [78.1285992, 9.8466724], [78.1269148, 9.8471375], [78.1257963, 9.8474361], [78.125799, 9.8478457], [78.1247207, 9.8479937], [78.1244177, 9.8481655], [78.1245571, 9.8496348]]]}, "properties": {"kind": "landuse", "name": "", "osm_id": 659281350, "tag": "orchard"}}, {"type": "Feature", "geometry": {"type": "Polygon", "coordinates": [[[78.1702526, 9.9276611], [78.1720336, 9.9277918], [78.1720658, 9.9274695], [78.1717198, 9.9271181], [78.1721824, 9.9270164], [78.1721932, 9.9264933], [78.1723514, 9.9258037], [78.17222, 9.9255184], [78.1720912, 9.9255263], [78.1721583, 9.9258513], [78.1719115, 9.9257826], [78.1716165, 9.9258354], [78.1715682, 9.925698], [78.1712437, 9.9257694], [78.1710237, 9.9257376], [78.1709218, 9.9255421], [78.1708118, 9.9255448], [78.1709567, 9.9250296], [78.1706482, 9.9250243], [78.1702526, 9.9276611]]]}, "properties": {"kind": "landuse", "name": "", "osm_id": 669332483, "tag": "residential"}}, {"type": "Feature", "geometry": {"type": "Polygon", "coordinates": [[[78.1699927, 9.9387671], [78.1700517, 9.9376258], [78.1716128, 9.9380802], [78.1714143, 9.9388517], [78.1699927, 9.9387671]]]}, "properties": {"kind": "landuse", "name": "Honeywell Technology Solutions", "osm_id": 673827537, "tag": "industrial"}}, {"type": "Feature", "geometry": {"type": "Polygon", "coordinates": [[[78.2223397, 10.0292029], [78.2221413, 10.0286218], [78.2218569, 10.0279245], [78.221932, 10.0274491], [78.2219374, 10.0272589], [78.2217389, 10.0272272], [78.2216799, 10.0266779], [78.2218355, 10.0265933], [78.2217711, 10.026213], [78.2222271, 10.026139], [78.2225114, 10.0259964], [78.2228386, 10.0259594], [78.2230371, 10.0259964], [78.2237238, 10.0258274], [78.2239973, 10.0256478], [78.2239973, 10.0253836], [78.2241422, 10.0253731], [78.2241958, 10.0256319], [78.2243943, 10.0256108], [78.2245016, 10.025801], [78.2245231, 10.0265141], [78.2244855, 10.0271321], [78.2243568, 10.0278981], [78.2240832, 10.0284528], [78.2238017, 10.0288168], [78.2238525, 10.0289969], [78.2238632, 10.0293613], [78.2236004, 10.0295515], [78.2232088, 10.0296149], [78.2228816, 10.0293138], [78.222726, 10.0290655], [78.2223397, 10.0292029]]]}, "properties": {"kind": "landuse", "name": "", "osm_id": 685735276, "tag": "residential"}}, {"type": "Feature", "geometry": {"type": "Polygon", "coordinates": [[[78.2212239, 10.0365797], [78.2211676, 10.0360805], [78.220835, 10.0361228], [78.2208484, 10.0359538], [78.2211328, 10.0359141], [78.2210898, 10.0357293], [78.2213634, 10.0355972], [78.2213205, 10.0353384], [78.2211086, 10.0353621], [78.2211488, 10.0351007], [78.2211328, 10.0349369], [78.2207867, 10.0345856], [78.2208753, 10.0343743], [78.2208002, 10.03406], [78.2208645, 10.0336586], [78.2214653, 10.0336269], [78.2212803, 10.0342793], [78.2215163, 10.0345566], [78.2216075, 10.0348867], [78.2217953, 10.0349475], [78.222101, 10.0349026], [78.2221842, 10.0350109], [78.2221654, 10.0353014], [78.2222325, 10.03565], [78.2221681, 10.03579], [78.2222754, 10.0360224], [78.2220098, 10.0361175], [78.2218623, 10.0362918], [78.2217684, 10.0365612], [78.2214895, 10.0365929], [78.2212239, 10.0365797]]]}, "properties": {"kind": "landuse", "name": "", "osm_id": 685735279, "tag": "residential"}}, {"type": "Feature", "geometry": {"type": "Polygon", "coordinates": [[[78.2067829, 9.9941995], [78.2074964, 9.9938033], [78.2073247, 9.9934123], [78.2071799, 9.9931376], [78.2067937, 9.9927889], [78.206048, 9.992044], [78.2053614, 9.9915369], [78.2051307, 9.9915897], [78.2053345, 9.9920176], [78.2058066, 9.9929052], [78.2060641, 9.9933014], [78.2063967, 9.9936606], [78.2065952, 9.9940304], [78.2067829, 9.9941995]]]}, "properties": {"kind": "landuse", "name": "", "osm_id": 685735282, "tag": "residential"}}, {"type": "Feature", "geometry": {"type": "Polygon", "coordinates": [[[78.1955016, 9.9799826], [78.1952548, 9.9796022], [78.1951636, 9.9793592], [78.1953782, 9.9792429], [78.1954211, 9.9790633], [78.1952387, 9.9786671], [78.1954694, 9.9786248], [78.1960487, 9.9783448], [78.1964511, 9.9780648], [78.1962526, 9.9776632], [78.1958985, 9.9778693], [78.1955016, 9.9779485], [78.1951743, 9.9778851], [78.1950349, 9.9775206], [78.1950939, 9.9769711], [78.1953675, 9.9765538], [78.1957054, 9.976427], [78.1960005, 9.9763636], [78.1964028, 9.976073], [78.1965852, 9.9759779], [78.1967783, 9.9760941], [78.1971484, 9.9765009], [78.1972665, 9.9768549], [78.197127, 9.9771296], [78.1973201, 9.9772776], [78.197599, 9.977341], [78.1977975, 9.9775417], [78.1976688, 9.9776844], [78.1972772, 9.9777161], [78.1967783, 9.9774202], [78.1966066, 9.9775259], [78.1966388, 9.9778323], [78.1967461, 9.9782391], [78.1970519, 9.9785931], [78.197068, 9.978741], [78.1963116, 9.9794701], [78.1960112, 9.9796445], [78.1956088, 9.9800777], [78.1955016, 9.9799826]]]}, "properties": {"kind": "landuse", "name": "", "osm_id": 685735283, "tag": "residential"}}, {"type": "Feature", "geometry": {"type": "Polygon", "coordinates": [[[78.2350051, 10.0077158], [78.2348362, 10.0073856], [78.2347611, 10.0071611], [78.2344499, 10.0069472], [78.2340047, 10.006794], [78.2340825, 10.00658], [78.2340932, 10.0062498], [78.2340851, 10.0056661], [78.2343104, 10.0056238], [78.2341361, 10.004945], [78.2349917, 10.0047522], [78.2351795, 10.005468], [78.235276, 10.0059038], [78.2356462, 10.0058431], [78.2357106, 10.0061046], [78.2357883, 10.0063159], [78.2362282, 10.0061706], [78.236298, 10.0063608], [78.2363623, 10.0065272], [78.2360566, 10.0067332], [78.2357883, 10.0069234], [78.2354853, 10.0071558], [78.2353458, 10.0073566], [78.2352895, 10.0075785], [78.235276, 10.0076709], [78.2350051, 10.0077158]]]}, "properties": {"kind": "landuse", "name": "", "osm_id": 685735287, "tag": "residential"}}, {"type": "Feature", "geometry": {"type": "Polygon", "coordinates": [[[78.3061159, 9.9763371], [78.3059066, 9.9756028], [78.3054775, 9.9747997], [78.3057672, 9.9746835], [78.3065879, 9.9745725], [78.3066308, 9.9749265], [78.3067894, 9.9748993], [78.307001, 9.9748631], [78.3071405, 9.9746148], [78.3074301, 9.9748208], [78.3080149, 9.9747838], [78.3079827, 9.9740759], [78.308959, 9.9740706], [78.3089966, 9.9735317], [78.3095384, 9.9735264], [78.3096242, 9.9741076], [78.3098119, 9.9740759], [78.3099085, 9.9735792], [78.3101767, 9.9736532], [78.3104718, 9.9740178], [78.3103645, 9.97434], [78.3101703, 9.9749862], [78.3100802, 9.9752858], [78.3095652, 9.9749952], [78.3092326, 9.9750163], [78.309195, 9.9756926], [78.308664, 9.9756345], [78.307457, 9.9756503], [78.3071351, 9.975719], [78.3069527, 9.9758775], [78.3066094, 9.9759462], [78.3065716, 9.9759762], [78.3063065, 9.9761861], [78.3061159, 9.9763371]]]}, "properties": {"kind": "landuse", "name": "", "osm_id": 685737340, "tag": "residential"}}, {"type": "Feature", "geometry": {"type": "Polygon", "coordinates": [[[78.3286974, 10.0532635], [78.3286357, 10.0529545], [78.3286867, 10.0526904], [78.3288154, 10.0526059], [78.3289602, 10.0526244], [78.3290863, 10.0528119], [78.3293143, 10.05273], [78.329486, 10.0527115], [78.3295718, 10.0529255], [78.3295959, 10.0532054], [78.3293921, 10.0533454], [78.329089, 10.0533507], [78.3290246, 10.0532292], [78.3286974, 10.0532635]]]}, "properties": {"kind": "landuse", "name": "", "osm_id": 685743309, "tag": "residential"}}, {"type": "Feature", "geometry": {"type": "Polygon", "coordinates": [[[78.3313742, 10.0535884], [78.331224, 10.0528066], [78.331098, 10.0528357], [78.3309907, 10.0533744], [78.3309585, 10.0535514], [78.3306956, 10.0535804], [78.3306259, 10.0532107], [78.33065, 10.0528304], [78.33076, 10.0524105], [78.3311436, 10.0521015], [78.3317202, 10.0520249], [78.3321977, 10.0519826], [78.3322459, 10.0522626], [78.3322754, 10.0525161], [78.331916, 10.0526534], [78.3318973, 10.0527644], [78.3316451, 10.0528066], [78.3316478, 10.0530945], [78.3319321, 10.0530628], [78.3319885, 10.0534642], [78.3325276, 10.0534748], [78.3325303, 10.0537574], [78.3319643, 10.0537996], [78.3319321, 10.0535223], [78.3313742, 10.0535884]]]}, "properties": {"kind": "landuse", "name": "", "osm_id": 685743310, "tag": "residential"}}, {"type": "Feature", "geometry": {"type": "Polygon", "coordinates": [[[78.3344078, 10.0534193], [78.334955, 10.0533612], [78.3359286, 10.0532873], [78.3359286, 10.0534616], [78.3360949, 10.053657], [78.3360815, 10.0537812], [78.3357784, 10.0538208], [78.335765, 10.0539819], [78.3361432, 10.054003], [78.3361325, 10.0543067], [78.3361003, 10.0547478], [78.3362827, 10.0547742], [78.3367011, 10.0547583], [78.3367333, 10.0543384], [78.3370069, 10.0542618], [78.336972, 10.0540136], [78.3368513, 10.0537812], [78.3363846, 10.0536966], [78.3364704, 10.0533375], [78.3364758, 10.0530998], [78.3362719, 10.0529862], [78.3360493, 10.052833], [78.3357409, 10.0526297], [78.3353546, 10.0524395], [78.3349657, 10.0522018], [78.3347779, 10.0520988], [78.3347109, 10.0522494], [78.3345687, 10.0526772], [78.3344212, 10.0532054], [78.3344078, 10.0534193]]]}, "properties": {"kind": "landuse", "name": "", "osm_id": 685743311, "tag": "residential"}}, {"type": "Feature", "geometry": {"type": "Polygon", "coordinates": [[[78.3345902, 9.9997096], [78.3348906, 9.999493], [78.3348691, 9.9987693], [78.3349711, 9.9980402], [78.3353519, 9.9979504], [78.3352178, 9.997475], [78.3345741, 9.9975067], [78.3346385, 9.9972901], [78.3346385, 9.9968674], [78.3343434, 9.9969308], [78.3342361, 9.9975384], [78.3337748, 9.9974908], [78.3336852, 9.9970299], [78.3336085, 9.996635], [78.3335763, 9.9961912], [78.333866, 9.9961384], [78.333748, 9.995795], [78.3336782, 9.9955308], [78.333689, 9.9949972], [78.3344346, 9.9948176], [78.3348477, 9.9951399], [78.335588, 9.9950448], [78.3364999, 9.9949655], [78.3369935, 9.9950237], [78.3370739, 9.9953459], [78.3372885, 9.9953248], [78.337369, 9.9950078], [78.3376318, 9.9949814], [78.3376801, 9.9952086], [78.3380127, 9.9951663], [78.3381736, 9.995478], [78.3385116, 9.9954569], [78.338694, 9.9957369], [78.3391714, 9.9959218], [78.3395952, 9.9959165], [78.3396542, 9.9962652], [78.3393109, 9.9963919], [78.339048, 9.9963444], [78.3384258, 9.9961542], [78.3383775, 9.9965821], [78.3382004, 9.9968516], [78.3377498, 9.997047], [78.3374172, 9.9971738], [78.3374011, 9.9974433], [78.337487, 9.9976387], [78.3380181, 9.9976757], [78.3381522, 9.9981195], [78.3382702, 9.9983097], [78.3388495, 9.9984523], [78.3387852, 9.9988749], [78.3384901, 9.9993081], [78.3379859, 9.9993821], [78.3368003, 9.9995195], [78.3367038, 9.999324], [78.3360761, 9.9994191], [78.3355504, 9.9994191], [78.3352715, 9.9997255], [78.3349389, 9.9998523], [78.3345902, 9.9997096]]]}, "properties": {"kind": "landuse", "name": "", "osm_id": 685743323, "tag": "residential"}}, {"type": "Feature", "geometry": {"type": "Polygon", "coordinates": [[[78.2789183, 9.905734], [78.280136, 9.9054909], [78.2802433, 9.9056283], [78.2803613, 9.9059454], [78.2807636, 9.9059137], [78.2807422, 9.905512], [78.2810479, 9.9054433], [78.2811177, 9.9053535], [78.2811069, 9.9051686], [78.2808709, 9.9050153], [78.2808173, 9.9047035], [78.2818204, 9.9046401], [78.2820135, 9.9038104], [78.2819062, 9.9025527], [78.281284, 9.9024999], [78.2805812, 9.9023519], [78.2802272, 9.9022991], [78.2797551, 9.9024471], [78.2799751, 9.9032609], [78.2801467, 9.9037048], [78.2804149, 9.9038157], [78.2805115, 9.9041804], [78.2805383, 9.904471], [78.280372, 9.9044604], [78.2800341, 9.9041804], [78.2795244, 9.9043442], [78.2793367, 9.9046401], [78.279283, 9.9050682], [78.2788646, 9.9051421], [78.2788861, 9.9053429], [78.2786393, 9.9053694], [78.278532, 9.9055226], [78.2785696, 9.905771], [78.2789183, 9.905734]]]}, "properties": {"kind": "landuse", "name": "", "osm_id": 686727698, "tag": "residential"}}, {"type": "Feature", "geometry": {"type": "Polygon", "coordinates": [[[78.2806671, 9.9116155], [78.28049, 9.9114094], [78.2804418, 9.9110237], [78.2804418, 9.9105692], [78.280431, 9.9103526], [78.2804364, 9.9100302], [78.2802969, 9.90984], [78.2802808, 9.9096814], [78.2805222, 9.909692], [78.2806027, 9.9099404], [78.2807583, 9.909951], [78.2809567, 9.9099932], [78.2812786, 9.9099351], [78.2813805, 9.9097184], [78.2818901, 9.9095969], [78.282035, 9.9098558], [78.282432, 9.9101465], [78.282491, 9.9104477], [78.2825392, 9.9110554], [78.2820082, 9.9111558], [78.2814503, 9.9112245], [78.281461, 9.9116314], [78.2814074, 9.9119115], [78.2811928, 9.9119537], [78.2811928, 9.9117265], [78.2808602, 9.9116895], [78.2806671, 9.9116155]]]}, "properties": {"kind": "landuse", "name": "", "osm_id": 686727699, "tag": "residential"}}, {"type": "Feature", "geometry": {"type": "Polygon", "coordinates": [[[78.2789129, 9.9107489], [78.2793474, 9.9107489], [78.2793367, 9.9103631], [78.2788861, 9.9103896], [78.2789129, 9.9107489]]]}, "properties": {"kind": "landuse", "name": "", "osm_id": 686727700, "tag": "industrial"}}, {"type": "Feature", "geometry": {"type": "Polygon", "coordinates": [[[78.2799214, 9.9088359], [78.2799107, 9.9087303], [78.2794762, 9.9088095], [78.2794493, 9.9080908], [78.2791007, 9.9079323], [78.2789236, 9.9073775], [78.2789504, 9.9072401], [78.2796049, 9.9072031], [78.2803559, 9.9072718], [78.2802701, 9.9080433], [78.2802647, 9.9086827], [78.2802862, 9.9088359], [78.2799214, 9.9088359]]]}, "properties": {"kind": "landuse", "name": "", "osm_id": 686727701, "tag": "industrial"}}, {"type": "Feature", "geometry": {"type": "Polygon", "coordinates": [[[78.2736129, 9.9102733], [78.2735056, 9.9097449], [78.2734787, 9.9091002], [78.274734, 9.9090526], [78.2748681, 9.9097924], [78.2752168, 9.9098241], [78.2752544, 9.9093063], [78.2756352, 9.9092693], [78.2758337, 9.9094965], [78.2759678, 9.9093961], [78.2758874, 9.9090949], [78.2756406, 9.909005], [78.2756942, 9.907927], [78.2756674, 9.9073722], [78.2758337, 9.9072453], [78.2759732, 9.9070604], [78.2761395, 9.9071449], [78.276279, 9.9072453], [78.2761717, 9.9073563], [78.2761449, 9.9083656], [78.276161, 9.9088095], [78.2761717, 9.9090209], [78.2760644, 9.9090579], [78.2760644, 9.9096973], [78.2760376, 9.9101359], [78.2761288, 9.9102574], [78.2763863, 9.9102627], [78.2763809, 9.9107753], [78.2756996, 9.910807], [78.2756245, 9.9110237], [78.2755387, 9.9110607], [78.2751417, 9.9110607], [78.2750237, 9.9108546], [78.2748252, 9.9104583], [78.2753617, 9.9103261], [78.2753295, 9.9102469], [78.2752705, 9.9101623], [78.273806, 9.9102892], [78.2736129, 9.9102733]]]}, "properties": {"kind": "landuse", "name": "", "osm_id": 686727702, "tag": "industrial"}}, {"type": "Feature", "geometry": {"type": "Polygon", "coordinates": [[[78.2719177, 9.9111875], [78.2727438, 9.9111664], [78.2727009, 9.9103578], [78.2718533, 9.9103631], [78.2719177, 9.9111875]]]}, "properties": {"kind": "landuse", "name": "", "osm_id": 686727703, "tag": "industrial"}}, {"type": "Feature", "geometry": {"type": "Polygon", "coordinates": [[[78.2744772, 9.9120944], [78.2742679, 9.912105], [78.2743055, 9.9123797], [78.2740963, 9.9124432], [78.2738388, 9.9120944], [78.2738442, 9.911566], [78.2737047, 9.910879], [78.2736618, 9.9104087], [78.2742036, 9.9103505], [78.2753355, 9.9102396], [78.2753677, 9.9103188], [78.2748312, 9.910451], [78.2749278, 9.9107416], [78.2750297, 9.9108473], [78.2751477, 9.9110534], [78.2755447, 9.9110534], [78.2756037, 9.911233], [78.2757485, 9.911566], [78.2757753, 9.9118355], [78.2755715, 9.911883], [78.2755983, 9.9120098], [78.2763654, 9.9121367], [78.276557, 9.9121778], [78.2766015, 9.9126862], [78.2765639, 9.9131143], [78.2765907, 9.9133204], [78.2763601, 9.9134102], [78.2762796, 9.913183], [78.276124, 9.9131143], [78.2754052, 9.9132094], [78.2753301, 9.9127496], [78.2752067, 9.9120415], [78.2747776, 9.9120363], [78.2744772, 9.9120944]]]}, "properties": {"kind": "landuse", "name": "", "osm_id": 686727704, "tag": "residential"}}, {"type": "Feature", "geometry": {"type": "Polygon", "coordinates": [[[78.2803291, 9.941233], [78.2797229, 9.9411379], [78.2792616, 9.9415711], [78.2791114, 9.941159], [78.2787412, 9.9409054], [78.2786339, 9.9403347], [78.2784891, 9.9401234], [78.2784945, 9.939912], [78.2782306, 9.9398661], [78.2777039, 9.9400073], [78.277722, 9.9398962], [78.2771373, 9.9399331], [78.2770622, 9.9395527], [78.2773036, 9.9392462], [78.2774162, 9.938776], [78.2776415, 9.9384167], [78.2778615, 9.9380626], [78.2779366, 9.9377773], [78.2777005, 9.9373493], [78.2781136, 9.9370111], [78.2786232, 9.9370376], [78.2789129, 9.9369107], [78.2792187, 9.9365356], [78.2800609, 9.9365937], [78.2803774, 9.9365092], [78.2805216, 9.9365593], [78.2807422, 9.936636], [78.2809514, 9.9368156], [78.2810909, 9.9371379], [78.281756, 9.9373018], [78.2815736, 9.9377192], [78.2819384, 9.938163], [78.2822281, 9.9385012], [78.2818526, 9.9399754], [78.2817346, 9.94034], [78.2829094, 9.9406623], [78.2831883, 9.9401339], [78.2834619, 9.9401762], [78.2833122, 9.9409039], [78.2827377, 9.9408208], [78.2825983, 9.9411326], [78.2820618, 9.9410375], [78.2821584, 9.9407416], [78.2816702, 9.9405619], [78.2815897, 9.9407257], [78.281005, 9.9405672], [78.2807368, 9.9407574], [78.2807743, 9.9412541], [78.2803291, 9.941233]]]}, "properties": {"kind": "landuse", "name": "", "osm_id": 686727706, "tag": "residential"}}, {"type": "Feature", "geometry": {"type": "Polygon", "coordinates": [[[78.2782102, 9.9442184], [78.278929, 9.9445354], [78.2792508, 9.9446411], [78.2795298, 9.9445777], [78.2797015, 9.9446516], [78.2800126, 9.9447256], [78.2801735, 9.9442712], [78.2802808, 9.9438908], [78.2801413, 9.9437428], [78.2799375, 9.943616], [78.280077, 9.9433412], [78.2806349, 9.9434152], [78.2805169, 9.9430665], [78.2808709, 9.9428657], [78.2808602, 9.9424747], [78.2811284, 9.9422845], [78.2811391, 9.9419622], [78.2791489, 9.9420044], [78.2784998, 9.9420097], [78.2779795, 9.9417666], [78.2777005, 9.941439], [78.2771534, 9.9405619], [78.2768369, 9.9405619], [78.276574, 9.9409318], [78.2765579, 9.941476], [78.2762682, 9.9416451], [78.2760483, 9.9423584], [78.2764506, 9.9425011], [78.2767993, 9.9427442], [78.2770622, 9.9430612], [78.2772607, 9.9434892], [78.2775664, 9.9435632], [78.2777435, 9.9437322], [78.2778293, 9.9439225], [78.2780278, 9.9440651], [78.2782102, 9.9442184]]]}, "properties": {"kind": "landuse", "name": "", "osm_id": 686727707, "tag": "residential"}}, {"type": "Feature", "geometry": {"type": "Polygon", "coordinates": [[[78.2587856, 9.8585088], [78.2587856, 9.8578006], [78.2589519, 9.8578006], [78.2589841, 9.8575575], [78.2604968, 9.8572985], [78.2603574, 9.8581917], [78.2599229, 9.8583661], [78.2597405, 9.8584718], [78.2593864, 9.8587308], [78.2589948, 9.8588365], [78.2588339, 9.8588365], [78.2587856, 9.8585088]]]}, "properties": {"kind": "landuse", "name": "", "osm_id": 686728902, "tag": "industrial"}}, {"type": "Feature", "geometry": {"type": "Polygon", "coordinates": [[[78.2620311, 9.8560459], [78.2621008, 9.8555385], [78.2620096, 9.8552214], [78.2617468, 9.8544286], [78.2614893, 9.8539212], [78.2613927, 9.8534032], [78.2616556, 9.8533028], [78.261795, 9.8534191], [78.2622403, 9.8533874], [78.2629001, 9.8534825], [78.2630771, 9.8540375], [78.2632112, 9.8545132], [78.2632273, 9.8552478], [78.2631469, 9.8554592], [78.2623744, 9.8555015], [78.2624656, 9.8560882], [78.2620311, 9.8560459]]]}, "properties": {"kind": "landuse", "name": "", "osm_id": 686728903, "tag": "residential"}}, {"type": "Feature", "geometry": {"type": "Polygon", "coordinates": [[[78.1120486, 9.9170274], [78.1119716, 9.9170291], [78.1119816, 9.9174747], [78.1120587, 9.917473], [78.1120486, 9.9170274]]]}, "properties": {"kind": "landuse", "name": "", "osm_id": 705965253, "tag": "retail"}}, {"type": "Feature", "geometry": {"type": "Polygon", "coordinates": [[[78.1134847, 9.9183737], [78.1137649, 9.917669], [78.1137969, 9.9176816], [78.1135164, 9.918386], [78.1134847, 9.9183737]]]}, "properties": {"kind": "landuse", "name": "", "osm_id": 705965255, "tag": "retail"}}, {"type": "Feature", "geometry": {"type": "Polygon", "coordinates": [[[78.2832956, 10.0390756], [78.2828182, 10.0379188], [78.2827699, 10.0376388], [78.2830435, 10.0374275], [78.2837141, 10.0371159], [78.2836443, 10.0368359], [78.2835048, 10.0364556], [78.2835853, 10.036408], [78.2837892, 10.0364714], [78.2840949, 10.0365243], [78.2841271, 10.0363658], [78.2839876, 10.0359009], [78.2840896, 10.0358006], [78.2843471, 10.0356897], [78.2846099, 10.0358059], [78.2848674, 10.0359168], [78.2850391, 10.0358745], [78.2852322, 10.0357636], [78.285436, 10.0358587], [78.2857364, 10.0360383], [78.2861602, 10.036107], [78.2865465, 10.0360277], [78.2867181, 10.036033], [78.2868791, 10.0371687], [78.286525, 10.0373166], [78.2864016, 10.0373536], [78.2862461, 10.037623], [78.2864445, 10.038109], [78.2867718, 10.039176], [78.2864633, 10.0392895], [78.2859376, 10.0379927], [78.285715, 10.0380165], [78.2853556, 10.0382225], [78.2851973, 10.0384312], [78.2849345, 10.038484], [78.2847226, 10.038727], [78.2846045, 10.0390783], [78.2844838, 10.0391284], [78.2841486, 10.0390571], [78.2837918, 10.0389119], [78.2835451, 10.0389224], [78.2832956, 10.0390756]]]}, "properties": {"kind": "landuse", "name": "", "osm_id": 722755699, "tag": "residential"}}, {"type": "Feature", "geometry": {"type": "Polygon", "coordinates": [[[78.2073677, 9.837103], [78.2079256, 9.8381178], [78.2076627, 9.8382975], [78.2072657, 9.8385301], [78.2067668, 9.8389741], [78.2059139, 9.8390798], [78.2052755, 9.8389582], [78.2052273, 9.8388631], [78.2049, 9.8388948], [78.2048947, 9.83862], [78.2058924, 9.8381548], [78.2061338, 9.8380703], [78.2069385, 9.8375153], [78.2073677, 9.837103]]]}, "properties": {"kind": "landuse", "name": "", "osm_id": 726539280, "tag": "industrial"}}, {"type": "Feature", "geometry": {"type": "Polygon", "coordinates": [[[78.197009, 9.8466222], [78.1970036, 9.8471877], [78.1961185, 9.8475312], [78.1963974, 9.8482923], [78.1970304, 9.8478325], [78.1975615, 9.8471983], [78.1979907, 9.8469974], [78.1981409, 9.8469446], [78.1982589, 9.8466856], [78.1982642, 9.846268], [78.1978512, 9.8462786], [78.1978083, 9.8466539], [78.197009, 9.8466222]]]}, "properties": {"kind": "landuse", "name": "", "osm_id": 726539281, "tag": "industrial"}}, {"type": "Feature", "geometry": {"type": "Polygon", "coordinates": [[[78.1900942, 9.8570078], [78.1897348, 9.8585352], [78.1896007, 9.8596187], [78.1896275, 9.8597825], [78.1897294, 9.8599569], [78.1898582, 9.8600679], [78.1900996, 9.8599252], [78.1903195, 9.8598618], [78.1901586, 9.8593808], [78.1901425, 9.8591272], [78.1904751, 9.8590267], [78.1908399, 9.858995], [78.1909472, 9.8587202], [78.1912315, 9.8584137], [78.1914782, 9.8582551], [78.1914031, 9.8578481], [78.190695, 9.8578957], [78.190695, 9.8576579], [78.1903571, 9.8575046], [78.1905609, 9.8571346], [78.1900942, 9.8570078]]]}, "properties": {"kind": "landuse", "name": "", "osm_id": 726539282, "tag": "industrial"}}, {"type": "Feature", "geometry": {"type": "Polygon", "coordinates": [[[78.2038647, 9.8454805], [78.2048142, 9.8452744], [78.2047498, 9.8449361], [78.2053184, 9.8448304], [78.2056135, 9.8464477], [78.2040363, 9.8466961], [78.2038647, 9.8454805]]]}, "properties": {"kind": "landuse", "name": "", "osm_id": 726539283, "tag": "industrial"}}, {"type": "Feature", "geometry": {"type": "Polygon", "coordinates": [[[78.2085961, 9.8462575], [78.2102483, 9.8458981], [78.2105166, 9.8457501], [78.2110316, 9.8456761], [78.2116699, 9.8453642], [78.2114285, 9.844804], [78.2108277, 9.8449942], [78.2105648, 9.8442226], [78.2102805, 9.8437839], [78.209905, 9.8440059], [78.2099104, 9.8443494], [78.2095939, 9.8445767], [78.2097226, 9.8449784], [78.2082421, 9.8454646], [78.2083815, 9.8460143], [78.2085961, 9.8462575]]]}, "properties": {"kind": "landuse", "name": "", "osm_id": 726539284, "tag": "quarry"}}, {"type": "Feature", "geometry": {"type": "Polygon", "coordinates": [[[78.2101679, 9.8462786], [78.2103664, 9.8461412], [78.2121742, 9.8458241], [78.2125872, 9.8455704], [78.2123941, 9.8450154], [78.2116699, 9.8453642], [78.2114285, 9.844804], [78.2127535, 9.844286], [78.2122761, 9.8427585], [78.2134348, 9.8423568], [78.2137352, 9.8439319], [78.2131129, 9.8441644], [78.2132792, 9.8447247], [78.2125819, 9.8449625], [78.2127267, 9.8454276], [78.2147276, 9.8446718], [78.2149959, 9.8459245], [78.2131505, 9.8462997], [78.2115197, 9.8466591], [78.2112139, 9.8467913], [78.2105434, 9.8469551], [78.2101357, 9.8469868], [78.2102483, 9.8465534], [78.2101679, 9.8462786]]]}, "properties": {"kind": "landuse", "name": "", "osm_id": 726539285, "tag": "industrial"}}, {"type": "Feature", "geometry": {"type": "Polygon", "coordinates": [[[78.2004529, 9.8473515], [78.2004315, 9.8454699], [78.1997985, 9.8454435], [78.1997234, 9.8448515], [78.2002383, 9.8446718], [78.2013971, 9.844434], [78.2013971, 9.8440693], [78.2024753, 9.8440164], [78.2025182, 9.8452955], [78.2022232, 9.8453167], [78.202309, 9.8466591], [78.2022393, 9.8476158], [78.201558, 9.8474784], [78.2004529, 9.8473515]]]}, "properties": {"kind": "landuse", "name": "", "osm_id": 726539286, "tag": "industrial"}}, {"type": "Feature", "geometry": {"type": "Polygon", "coordinates": [[[78.1991923, 9.8502268], [78.1991547, 9.8495238], [78.1989348, 9.8489424], [78.1992674, 9.848916], [78.1992406, 9.8485672], [78.1998897, 9.8484932], [78.1998199, 9.8477955], [78.1987256, 9.8479065], [78.1984413, 9.8474467], [78.1997555, 9.8474467], [78.2010537, 9.8475365], [78.2016385, 9.8475841], [78.2020193, 9.8477004], [78.2020891, 9.8477744], [78.2021266, 9.8482131], [78.2022071, 9.8483029], [78.203001, 9.8484245], [78.2030922, 9.8484456], [78.2031512, 9.8489741], [78.2038432, 9.8489107], [78.2039022, 9.8495872], [78.2029152, 9.8497775], [78.2030386, 9.8511464], [78.2027167, 9.8512151], [78.2024968, 9.8494287], [78.2013434, 9.849582], [78.2013702, 9.8499414], [78.2003027, 9.8500894], [78.1991923, 9.8502268]]]}, "properties": {"kind": "landuse", "name": "", "osm_id": 726539287, "tag": "industrial"}}, {"type": "Feature", "geometry": {"type": "Polygon", "coordinates": [[[78.1993318, 9.8516855], [78.2004046, 9.8515111], [78.2003027, 9.8500894], [78.1991923, 9.8502268], [78.1993318, 9.8516855]]]}, "properties": {"kind": "landuse", "name": "", "osm_id": 726539288, "tag": "industrial"}}, {"type": "Feature", "geometry": {"type": "Polygon", "coordinates": [[[78.1987309, 9.8421982], [78.1987148, 9.8411094], [78.1977546, 9.841157], [78.197583, 9.8413314], [78.1973898, 9.8414319], [78.1972235, 9.8414213], [78.1970465, 9.8414266], [78.1970143, 9.842156], [78.1980658, 9.8421771], [78.1987309, 9.8421982]]]}, "properties": {"kind": "landuse", "name": "", "osm_id": 726539296, "tag": "industrial"}}, {"type": "Feature", "geometry": {"type": "Polygon", "coordinates": [[[78.1934953, 9.8500576], [78.1942946, 9.8500894], [78.1940371, 9.8492543], [78.1939352, 9.8489689], [78.1936669, 9.8479858], [78.193211, 9.8480281], [78.193168, 9.8481549], [78.1913817, 9.8481443], [78.1913549, 9.848287], [78.191371, 9.8492067], [78.1914353, 9.8496612], [78.1921542, 9.8494075], [78.1920576, 9.8490481], [78.192932, 9.8488314], [78.1930286, 9.8492437], [78.1934255, 9.8499942], [78.1934953, 9.8500576]]]}, "properties": {"kind": "landuse", "name": "", "osm_id": 726539298, "tag": "industrial"}}, {"type": "Feature", "geometry": {"type": "Polygon", "coordinates": [[[78.195802, 9.8516274], [78.1928086, 9.8521136], [78.192755, 9.8513261], [78.1925619, 9.8504065], [78.1934953, 9.8501739], [78.1942302, 9.8501951], [78.1943375, 9.8508399], [78.1946969, 9.8508822], [78.1948954, 9.8511517], [78.194949, 9.8513367], [78.1956196, 9.8511993], [78.195802, 9.8516274]]]}, "properties": {"kind": "landuse", "name": "", "osm_id": 726539299, "tag": "industrial"}}, {"type": "Feature", "geometry": {"type": "Polygon", "coordinates": [[[78.2143924, 9.8648959], [78.2145721, 9.8649937], [78.2146579, 9.8652949], [78.2149744, 9.8658895], [78.215779, 9.8668223], [78.2148027, 9.8674433], [78.2142931, 9.8665343], [78.2133114, 9.8669967], [78.2130861, 9.8666109], [78.2134026, 9.8663572], [78.2130861, 9.865612], [78.2136762, 9.8653319], [78.2143924, 9.8648959]]]}, "properties": {"kind": "landuse", "name": "", "osm_id": 726550280, "tag": "industrial"}}, {"type": "Feature", "geometry": {"type": "Polygon", "coordinates": [[[78.1785071, 9.8851082], [78.1774771, 9.8830154], [78.1764364, 9.883565], [78.1761789, 9.8828674], [78.1755137, 9.8831105], [78.1751704, 9.8832902], [78.1750524, 9.8836601], [78.1752348, 9.8852561], [78.1754172, 9.8858692], [78.1760073, 9.8868733], [78.1761575, 9.8870318], [78.1766617, 9.8870741], [78.1766724, 9.8861968], [78.1768012, 9.8858586], [78.1770265, 9.8856578], [78.1774235, 9.8854464], [78.1782067, 9.8852456], [78.1785071, 9.8851082]]]}, "properties": {"kind": "landuse", "name": "", "osm_id": 726550283, "tag": "industrial"}}, {"type": "Feature", "geometry": {"type": "Polygon", "coordinates": [[[78.1790972, 9.8859114], [78.1793225, 9.8861968], [78.1796229, 9.8869155], [78.1801164, 9.8876131], [78.1803846, 9.8879196], [78.1810927, 9.8869261], [78.1814897, 9.8863448], [78.1816506, 9.8858269], [78.1797731, 9.8853724], [78.1796443, 9.8849813], [78.1788719, 9.8851821], [78.1790006, 9.8857423], [78.1790972, 9.8859114]]]}, "properties": {"kind": "landuse", "name": "", "osm_id": 726550284, "tag": "industrial"}}, {"type": "Feature", "geometry": {"type": "Polygon", "coordinates": [[[78.1820798, 9.8799079], [78.1813609, 9.8814616], [78.1812751, 9.8817682], [78.1809533, 9.8822227], [78.1805777, 9.882878], [78.1803417, 9.8833853], [78.1809962, 9.8835016], [78.180685, 9.8852139], [78.1817686, 9.8855415], [78.1822622, 9.8839138], [78.1826591, 9.8826772], [78.1828952, 9.8822332], [78.1823265, 9.8814616], [78.1832278, 9.8807218], [78.1836569, 9.8811604], [78.183791, 9.8810019], [78.1836301, 9.8807323], [78.1839412, 9.8804152], [78.1836677, 9.8796384], [78.1838715, 9.8794851], [78.1838715, 9.8791627], [78.1838608, 9.8790095], [78.1836516, 9.8788456], [78.1831634, 9.8793794], [78.1830186, 9.880225], [78.1829166, 9.8803043], [78.1825089, 9.8800453], [78.1823802, 9.880077], [78.1820798, 9.8799079]]]}, "properties": {"kind": "landuse", "name": "", "osm_id": 726550285, "tag": "industrial"}}, {"type": "Feature", "geometry": {"type": "Polygon", "coordinates": [[[78.1812644, 9.8791152], [78.1803203, 9.8799819], [78.1799018, 9.8801721], [78.180331, 9.8825186], [78.1810284, 9.881599], [78.1812, 9.8811974], [78.1818116, 9.8798656], [78.1815755, 9.8799185], [78.1814361, 9.8793583], [78.1812644, 9.8791152]]]}, "properties": {"kind": "landuse", "name": "", "osm_id": 726550286, "tag": "industrial"}}, {"type": "Feature", "geometry": {"type": "Polygon", "coordinates": [[[78.2067025, 9.8688571], [78.2074052, 9.8685294], [78.2090682, 9.8672293], [78.2097548, 9.869079], [78.2089502, 9.8697925], [78.2081294, 9.8705113], [78.2077271, 9.8696498], [78.2071316, 9.8699616], [78.2067025, 9.8688571]]]}, "properties": {"kind": "landuse", "name": "", "osm_id": 726550287, "tag": "industrial"}}, {"type": "Feature", "geometry": {"type": "Polygon", "coordinates": [[[78.2042777, 9.8700779], [78.2047015, 9.8713357], [78.2051361, 9.871193], [78.2056403, 9.8723399], [78.2066435, 9.8719646], [78.2071906, 9.8716211], [78.2065737, 9.8703686], [78.2062465, 9.8704743], [78.205753, 9.8693486], [78.2042777, 9.8700779]]]}, "properties": {"kind": "landuse", "name": "", "osm_id": 726550288, "tag": "industrial"}}, {"type": "Feature", "geometry": {"type": "Polygon", "coordinates": [[[78.2015204, 9.870247], [78.2004744, 9.870284], [78.1995732, 9.8704901], [78.1993049, 9.8694014], [78.1992727, 9.8688623], [78.1999487, 9.8687989], [78.2015312, 9.8687778], [78.2015204, 9.870247]]]}, "properties": {"kind": "landuse", "name": "", "osm_id": 726550290, "tag": "industrial"}}, {"type": "Feature", "geometry": {"type": "Polygon", "coordinates": [[[78.3212006, 9.776081], [78.3208787, 9.7758854], [78.3207554, 9.7755365], [78.3206105, 9.7751665], [78.3205891, 9.7750396], [78.3206963, 9.7749709], [78.3209002, 9.7749444], [78.321206, 9.7748176], [78.3213401, 9.7748017], [78.3214313, 9.7749339], [78.3216727, 9.7752828], [78.3217746, 9.775214], [78.3215654, 9.7748334], [78.3215225, 9.7745321], [78.3215225, 9.774199], [78.3216083, 9.7737655], [78.3217049, 9.7733109], [78.3219516, 9.7730888], [78.3221447, 9.7729514], [78.3222789, 9.7730043], [78.3226275, 9.7734853], [78.3230245, 9.7732527], [78.3232284, 9.7733585], [78.3232605, 9.7735964], [78.3228046, 9.773903], [78.3225203, 9.7742678], [78.3227777, 9.7746484], [78.3222413, 9.774992], [78.3225149, 9.7754889], [78.322885, 9.7754308], [78.3232176, 9.7761022], [78.3237004, 9.776155], [78.3244032, 9.7759964], [78.3246607, 9.7763506], [78.3246821, 9.7767947], [78.3239579, 9.7769322], [78.3236146, 9.7771278], [78.3232605, 9.7774185], [78.323164, 9.7776987], [78.3236414, 9.7776511], [78.3237648, 9.7780899], [78.323636, 9.7782855], [78.3232284, 9.7785075], [78.3232605, 9.7787507], [78.3234322, 9.7789727], [78.3243442, 9.7787771], [78.3247626, 9.7791366], [78.3243227, 9.7793322], [78.3239686, 9.7796441], [78.3239955, 9.7797657], [78.3243924, 9.7796653], [78.3245641, 9.7800036], [78.3248591, 9.7809499], [78.3246821, 9.7811508], [78.3246767, 9.7814891], [78.3246982, 9.7817957], [78.324827, 9.78206], [78.3241886, 9.7824671], [78.3241886, 9.7829323], [78.3238667, 9.7830327], [78.3234805, 9.7832336], [78.3227831, 9.7832125], [78.3226383, 9.782816], [78.3223486, 9.7826944], [78.32237, 9.7829376], [78.3222198, 9.7830222], [78.3216029, 9.7835402], [78.3215493, 9.7832653], [78.3214688, 9.7830274], [78.321206, 9.7832019], [78.3209002, 9.78289], [78.3210611, 9.7825781], [78.3215439, 9.7825517], [78.3218175, 9.7824882], [78.322134, 9.7823349], [78.3226222, 9.7822345], [78.3230513, 9.7817587], [78.323105, 9.7812882], [78.323046, 9.7808071], [78.3227616, 9.7802891], [78.3226222, 9.7801728], [78.3224666, 9.7795014], [78.3221555, 9.778682], [78.3223057, 9.7785815], [78.3224666, 9.7786238], [78.3227777, 9.7785445], [78.3225793, 9.7776353], [78.3223808, 9.7767894], [78.3222467, 9.7763506], [78.3222091, 9.7769374], [78.3221126, 9.7769903], [78.3217156, 9.7764194], [78.321501, 9.7761656], [78.3212006, 9.776081]]]}, "properties": {"kind": "landuse", "name": "", "osm_id": 727321850, "tag": "residential"}}, {"type": "Feature", "geometry": {"type": "Polygon", "coordinates": [[[78.3392787, 9.7793534], [78.3393109, 9.7789093], [78.3391231, 9.7788247], [78.3389085, 9.7788406], [78.3388013, 9.7787296], [78.3386974, 9.7785438], [78.3383667, 9.7780635], [78.339386, 9.7772388], [78.3401799, 9.7766678], [78.3415961, 9.7757586], [78.3427066, 9.7750079], [78.3438975, 9.774236], [78.3451635, 9.7736122], [78.3458877, 9.773073], [78.3465475, 9.7726659], [78.3468908, 9.7726342], [78.3473843, 9.7735276], [78.3483177, 9.7730571], [78.3477545, 9.772095], [78.3486021, 9.7715399], [78.3491009, 9.771984], [78.349632, 9.7716139], [78.3499621, 9.7713005], [78.3503616, 9.7710694], [78.3506781, 9.7712174], [78.350898, 9.7715769], [78.3507317, 9.7720685], [78.3504957, 9.7722906], [78.3509946, 9.7727029], [78.351075, 9.7732845], [78.3507532, 9.7732633], [78.3507317, 9.7729831], [78.3502167, 9.7729408], [78.3493692, 9.7733479], [78.3495247, 9.7738237], [78.3496696, 9.774088], [78.3495891, 9.77431], [78.3492404, 9.7744263], [78.3491385, 9.7744792], [78.3491063, 9.7745691], [78.3486825, 9.7747435], [78.3486986, 9.7749709], [78.3478725, 9.7752986], [78.3477116, 9.7750554], [78.3470732, 9.7752722], [78.3467406, 9.7753198], [78.346746, 9.7754889], [78.3467352, 9.7756264], [78.3465314, 9.7756793], [78.3464134, 9.7752986], [78.3457589, 9.7755524], [78.3449221, 9.7757427], [78.3451742, 9.7760916], [78.3452064, 9.7765938], [78.3454639, 9.7770326], [78.345421, 9.7777357], [78.3454263, 9.7778784], [78.3464348, 9.7780846], [78.3461237, 9.7784547], [78.34607, 9.7786291], [78.3458984, 9.7788089], [78.3466548, 9.7790732], [78.346746, 9.7796864], [78.3455872, 9.779697], [78.3450025, 9.7799137], [78.3450186, 9.7804371], [78.3445358, 9.7803895], [78.3445626, 9.78086], [78.3449811, 9.7810186], [78.3456302, 9.7811508], [78.3456248, 9.7813992], [78.3453137, 9.7814468], [78.3452547, 9.7816794], [78.3449703, 9.7818486], [78.344965, 9.7822028], [78.3449811, 9.7824195], [78.3447879, 9.7826785], [78.3453029, 9.7826468], [78.3454156, 9.7830116], [78.3451742, 9.7831808], [78.3447665, 9.7830645], [78.3446001, 9.7829053], [78.3445519, 9.7825041], [78.3444822, 9.7819755], [78.3440638, 9.7819279], [78.3442032, 9.781616], [78.3433771, 9.781542], [78.3433771, 9.7813146], [78.3435756, 9.780934], [78.3437848, 9.7805058], [78.3438706, 9.7802626], [78.3436722, 9.7798292], [78.343361, 9.7794591], [78.3430874, 9.7792106], [78.3428836, 9.7787507], [78.3426797, 9.7784177], [78.3424437, 9.7783542], [78.3422881, 9.7783859], [78.3421218, 9.777963], [78.341344, 9.7781745], [78.341108, 9.7778467], [78.3408827, 9.7777886], [78.3402604, 9.7782326], [78.3402711, 9.7784071], [78.340019, 9.7785498], [78.3396059, 9.7789093], [78.339799, 9.7791683], [78.3392787, 9.7793534]]]}, "properties": {"kind": "landuse", "name": "", "osm_id": 727324542, "tag": "residential"}}, {"type": "Feature", "geometry": {"type": "Polygon", "coordinates": [[[78.3296925, 9.7953234], [78.329891, 9.795334], [78.3300626, 9.795371], [78.3302933, 9.7952547], [78.3305722, 9.7951067], [78.330996, 9.7948688], [78.3313072, 9.7947419], [78.3313984, 9.7948899], [78.3315003, 9.7953181], [78.3317846, 9.7957516], [78.3322835, 9.7955877], [78.3327824, 9.7955772], [78.3327448, 9.7958467], [78.332938, 9.7964229], [78.3332598, 9.7963807], [78.3336782, 9.7962696], [78.3336353, 9.7959683], [78.3338016, 9.795778], [78.3340698, 9.7957675], [78.3346277, 9.7956776], [78.3348316, 9.7956564], [78.3350086, 9.7958838], [78.3352071, 9.7958097], [78.3350354, 9.7954767], [78.3350033, 9.7951595], [78.3349711, 9.7948159], [78.3349711, 9.7946415], [78.335427, 9.7946309], [78.3354968, 9.7947842], [78.3356631, 9.7946944], [78.3357221, 9.7945886], [78.3361888, 9.7945569], [78.3364087, 9.7945358], [78.336398, 9.7947208], [78.3367091, 9.7947102], [78.3370417, 9.7946679], [78.3373475, 9.7946521], [78.3380341, 9.7946203], [78.3381146, 9.7945146], [78.3380985, 9.7942609], [78.3379483, 9.7942662], [78.3370578, 9.7942979], [78.3370793, 9.7938961], [78.3366501, 9.7938433], [78.3366448, 9.794097], [78.3363497, 9.7940494], [78.3362532, 9.7941869], [78.3359742, 9.7941869], [78.3356738, 9.7941182], [78.3354163, 9.7941657], [78.3349818, 9.794097], [78.3347404, 9.794097], [78.3344293, 9.7940124], [78.3341181, 9.793949], [78.3339679, 9.7940759], [78.3335012, 9.7940811], [78.3334154, 9.7939596], [78.3332866, 9.7937745], [78.3331311, 9.7936688], [78.3328897, 9.7937693], [78.3326214, 9.793949], [78.3325303, 9.7941657], [78.3321547, 9.7942609], [78.3317524, 9.7942556], [78.3315271, 9.794134], [78.3311999, 9.7941182], [78.33076, 9.7943032], [78.3308083, 9.7945252], [78.330642, 9.7946679], [78.3303094, 9.7949957], [78.3299285, 9.7950168], [78.3296978, 9.7951067], [78.3296925, 9.7953234]]]}, "properties": {"kind": "landuse", "name": "", "osm_id": 727325127, "tag": "residential"}}, {"type": "Feature", "geometry": {"type": "Polygon", "coordinates": [[[78.3301324, 9.7863737], [78.3302182, 9.7861517], [78.3305937, 9.7857235], [78.331157, 9.7852689], [78.331747, 9.7845817], [78.3320421, 9.7840689], [78.3322674, 9.7836354], [78.3326751, 9.7832548], [78.333056, 9.7829957], [78.3327717, 9.7828477], [78.3320689, 9.7832019], [78.3317256, 9.7830856], [78.3314949, 9.7833393], [78.3312696, 9.7839896], [78.3312482, 9.7842962], [78.3306903, 9.7849147], [78.3304167, 9.7848037], [78.3300465, 9.7850786], [78.330068, 9.7854909], [78.3297783, 9.785898], [78.3294564, 9.7855649], [78.3293009, 9.7855808], [78.329038, 9.7859455], [78.3286303, 9.7863684], [78.3282548, 9.7866751], [78.3282441, 9.7869447], [78.3282977, 9.7872301], [78.3279222, 9.787542], [78.3275574, 9.7878328], [78.3274555, 9.7879755], [78.3275682, 9.7885147], [78.3271712, 9.7888795], [78.327198, 9.7890803], [78.3272409, 9.7891491], [78.3267742, 9.7895085], [78.3268118, 9.7899737], [78.3271605, 9.7899684], [78.3272248, 9.790238], [78.3273643, 9.7906715], [78.3273053, 9.7910098], [78.3274394, 9.791549], [78.3276486, 9.7920512], [78.3278847, 9.7932195], [78.3278149, 9.7935578], [78.3277988, 9.7940864], [78.3276272, 9.7943878], [78.3275628, 9.7946679], [78.3274877, 9.7949798], [78.3272248, 9.795186], [78.3262646, 9.7953763], [78.32627, 9.7957146], [78.3266509, 9.7957357], [78.3272517, 9.7957357], [78.327992, 9.7958996], [78.3283514, 9.7959208], [78.3282977, 9.7956829], [78.3283675, 9.7955137], [78.3283889, 9.79526], [78.3281851, 9.7950115], [78.3284211, 9.7944988], [78.3285606, 9.7937428], [78.3289361, 9.7936741], [78.3292472, 9.793579], [78.3291346, 9.792971], [78.3286947, 9.7928442], [78.3283567, 9.792527], [78.3286571, 9.7922997], [78.3286786, 9.7919296], [78.3285552, 9.7916442], [78.3283943, 9.7911103], [78.32811, 9.7906662], [78.3278525, 9.7903596], [78.3277023, 9.7899261], [78.3276433, 9.789609], [78.3277774, 9.7894768], [78.3283192, 9.7893182], [78.3285552, 9.7889323], [78.3287966, 9.788557], [78.3287859, 9.7880336], [78.3292365, 9.7874733], [78.3295584, 9.7868019], [78.3301324, 9.7863737]]]}, "properties": {"kind": "landuse", "name": "", "osm_id": 727325128, "tag": "residential"}}, {"type": "Feature", "geometry": {"type": "Polygon", "coordinates": [[[78.2214063, 9.8543335], [78.2220983, 9.854381], [78.2226562, 9.8543546], [78.2227689, 9.8540533], [78.2241476, 9.8544339], [78.2242149, 9.8542539], [78.2243031, 9.8540956], [78.2231069, 9.8537996], [78.2231551, 9.853472], [78.2218516, 9.8530861], [78.2212561, 9.8535988], [78.2212937, 9.8543123], [78.2214063, 9.8543335]]]}, "properties": {"kind": "landuse", "name": "", "osm_id": 728870750, "tag": "residential"}}, {"type": "Feature", "geometry": {"type": "Polygon", "coordinates": [[[78.2735968, 9.8737668], [78.2741439, 9.8738514], [78.2746965, 9.8738937], [78.2748789, 9.8740945], [78.2749084, 9.8741447], [78.2742968, 9.8747498], [78.2738435, 9.8752043], [78.2734278, 9.8756086], [78.2736021, 9.8756958], [78.273637, 9.8759019], [78.2736558, 9.876663], [78.2736987, 9.8768532], [78.2735056, 9.8769484], [78.273055, 9.8770382], [78.2730067, 9.8775508], [78.2728082, 9.8788985], [78.2726419, 9.8800876], [78.2732427, 9.8802197], [78.2733768, 9.8803307], [78.2733232, 9.8806161], [78.2732052, 9.8808539], [78.273071, 9.8809067], [78.2725319, 9.880986], [78.272481, 9.8811393], [78.2723415, 9.8813665], [78.2722798, 9.8819214], [78.2722154, 9.8823944], [78.2717836, 9.8824235], [78.2717782, 9.8821196], [78.2707939, 9.8822068], [78.2707643, 9.881895], [78.2704103, 9.8819188], [78.2700026, 9.8819531], [78.2699919, 9.8815673], [78.269611, 9.8816307], [78.2695627, 9.8813454], [78.2692462, 9.8813718], [78.2691711, 9.8810811], [78.269214, 9.8808644], [78.2695359, 9.8807905], [78.2699543, 9.8807482], [78.2704854, 9.8808486], [78.2713008, 9.880912], [78.2713437, 9.8807535], [78.2716173, 9.8807588], [78.2717675, 9.8809754], [78.2721108, 9.8811763], [78.2723308, 9.8811815], [78.2724863, 9.8800136], [78.2720733, 9.8799819], [78.2716334, 9.8798445], [78.2713222, 9.8800083], [78.2709843, 9.8799079], [78.2710111, 9.8796648], [78.2709145, 9.8795327], [78.2709414, 9.879427], [78.2701153, 9.8789672], [78.270185, 9.8775403], [78.2706302, 9.8775455], [78.2710969, 9.8775825], [78.2708663, 9.8773553], [78.2690102, 9.8757487], [78.26886, 9.8754422], [78.2686561, 9.8744063], [78.26886, 9.8741949], [78.2695413, 9.8740839], [78.2699329, 9.8743006], [78.2700348, 9.874734], [78.2703352, 9.8752466], [78.2704854, 9.8757328], [78.2709843, 9.8756535], [78.2710326, 9.8752043], [78.2711667, 9.8750352], [78.2713062, 9.8750141], [78.2715529, 9.8752096], [78.2717353, 9.8754157], [78.2721001, 9.8754844], [78.272084, 9.8748872], [78.2729584, 9.8748767], [78.2727975, 9.8745279], [78.2722664, 9.8740364], [78.2719928, 9.8740046], [78.271805, 9.8723399], [78.2724005, 9.8724931], [78.2729638, 9.8726041], [78.2729745, 9.8729794], [78.2734197, 9.8730692], [78.2734412, 9.8734656], [78.2734412, 9.8736823], [78.2735968, 9.8737668]]]}, "properties": {"kind": "landuse", "name": "", "osm_id": 731118758, "tag": "industrial"}}, {"type": "Feature", "geometry": {"type": "Polygon", "coordinates": [[[78.2760429, 9.8725222], [78.2772285, 9.8725037], [78.2772285, 9.8726728], [78.277325, 9.8733757], [78.2768476, 9.8733969], [78.2768583, 9.8738197], [78.2767671, 9.8741843], [78.276456, 9.8741632], [78.2762951, 9.8738514], [78.2762521, 9.8736347], [78.2760912, 9.8736241], [78.2759732, 9.8733335], [78.275933, 9.8732753], [78.2760107, 9.8730692], [78.2760349, 9.8728446], [78.2760429, 9.8725222]]]}, "properties": {"kind": "landuse", "name": "", "osm_id": 731118759, "tag": "industrial"}}, {"type": "Feature", "geometry": {"type": "Polygon", "coordinates": [[[78.2758659, 9.8712512], [78.2759312, 9.8712623], [78.276118, 9.8712617], [78.2770085, 9.87123], [78.2795083, 9.8713674], [78.2795727, 9.8719065], [78.280195, 9.8719594], [78.2802486, 9.8716528], [78.2822442, 9.8716211], [78.282491, 9.8710503], [78.2827485, 9.8714097], [78.2834566, 9.8713252], [78.2835209, 9.8705007], [78.2834244, 9.8697714], [78.283993, 9.8698031], [78.285141, 9.8699405], [78.2851839, 9.8683444], [78.2844543, 9.8683867], [78.2833922, 9.8682599], [78.2832205, 9.8676574], [78.2820189, 9.8678053], [78.2819974, 9.867002], [78.2814288, 9.8670866], [78.2812893, 9.8675517], [78.2800984, 9.8675517], [78.2800662, 9.8695071], [78.2789612, 9.8695705], [78.2788324, 9.8686404], [78.2784247, 9.8686404], [78.2784033, 9.8690526], [78.2779741, 9.8689469], [78.2781565, 9.8677419], [78.2762629, 9.8674354], [78.2760483, 9.8687725], [78.2758498, 9.8698136], [78.2758444, 9.8707332], [78.2758659, 9.8712512]]]}, "properties": {"kind": "landuse", "name": "", "osm_id": 731118760, "tag": "industrial"}}, {"type": "Feature", "geometry": {"type": "Polygon", "coordinates": [[[78.2985896, 9.8639525], [78.2989436, 9.8637887], [78.2993352, 9.8638468], [78.2996142, 9.8638468], [78.2997546, 9.8638318], [78.2998127, 9.8638257], [78.3000433, 9.8638309], [78.3001667, 9.8639789], [78.3001882, 9.8642062], [78.3005851, 9.8642855], [78.3007568, 9.8647083], [78.3007514, 9.8651047], [78.3008158, 9.8653213], [78.3009714, 9.8655592], [78.3013093, 9.8653953], [78.3018243, 9.8652315], [78.3018488, 9.8653072], [78.3018619, 9.8653478], [78.3014274, 9.8655962], [78.3014595, 9.8658551], [78.3015615, 9.8660243], [78.3019423, 9.8660084], [78.3021837, 9.8661617], [78.3026612, 9.866204], [78.3027202, 9.8662727], [78.3027899, 9.8667483], [78.3022535, 9.867039], [78.3017707, 9.8670073], [78.3017009, 9.8672293], [78.3017224, 9.8677525], [78.3016849, 9.868466], [78.3013469, 9.8685082], [78.3012825, 9.8681489], [78.3012396, 9.8679639], [78.300966, 9.867911], [78.3011055, 9.8676574], [78.3011645, 9.8673878], [78.3011109, 9.866965], [78.3013952, 9.866928], [78.3014327, 9.8667378], [78.3015454, 9.8666215], [78.3015025, 9.8664048], [78.3013415, 9.8662621], [78.3012557, 9.8665951], [78.3010143, 9.8666849], [78.3005583, 9.8666373], [78.3002472, 9.8667695], [78.3004993, 9.8668804], [78.30073, 9.8670337], [78.3007568, 9.8674195], [78.3007085, 9.8675781], [78.3001989, 9.8675305], [78.3000513, 9.8675267], [78.2999951, 9.8675252], [78.2998556, 9.8673033], [78.2997107, 9.866928], [78.2993674, 9.866965], [78.2992709, 9.8672927], [78.2993782, 9.8676045], [78.2996249, 9.8675728], [78.2995766, 9.8678159], [78.2991958, 9.8677366], [78.2990402, 9.8676045], [78.2990456, 9.8679375], [78.2990026, 9.8682916], [78.2988042, 9.8684924], [78.2988203, 9.8686774], [78.2985252, 9.8687514], [78.2984555, 9.8685664], [78.2986432, 9.8683444], [78.298713, 9.8680802], [78.2988524, 9.8678053], [78.2988149, 9.8674565], [78.2988203, 9.8670866], [78.2986647, 9.8667853], [78.2987451, 9.8666268], [78.2986808, 9.8662462], [78.2986218, 9.8659767], [78.2984394, 9.8656913], [78.2982087, 9.865649], [78.2979995, 9.86613], [78.2977957, 9.8660613], [78.2977527, 9.8656464], [78.2976669, 9.8655301], [78.2978761, 9.8654376], [78.2984957, 9.8653821], [78.298493, 9.8651443], [78.2985494, 9.8648615], [78.2985172, 9.8645259], [78.2985654, 9.8643647], [78.2985896, 9.8639525]]]}, "properties": {"kind": "landuse", "name": "", "osm_id": 731118764, "tag": "residential"}}, {"type": "Feature", "geometry": {"type": "Polygon", "coordinates": [[[78.3026451, 9.8654693], [78.3028758, 9.8654693], [78.3029079, 9.8652579], [78.3031654, 9.8652262], [78.3034766, 9.8652315], [78.3038896, 9.8652844], [78.3039969, 9.8653583], [78.3041578, 9.8655592], [78.3045387, 9.8657336], [78.3047855, 9.865575], [78.3049786, 9.8654006], [78.3050537, 9.8651681], [78.3050162, 9.8649355], [78.3051664, 9.864777], [78.3054399, 9.8647928], [78.3057833, 9.8648298], [78.305912, 9.864518], [78.3062714, 9.8645286], [78.306545, 9.8644704], [78.3067596, 9.8643753], [78.306781, 9.8641946], [78.3067971, 9.8640582], [78.306148, 9.8641639], [78.3058637, 9.8641111], [78.3054399, 9.8640899], [78.3050162, 9.8640899], [78.304705, 9.8640582], [78.3046101, 9.8640395], [78.3045441, 9.8640265], [78.3042759, 9.8646871], [78.3039325, 9.8646924], [78.3039701, 9.8644916], [78.303777, 9.864481], [78.3037448, 9.8646766], [78.303321, 9.8646396], [78.3029455, 9.8646026], [78.3028007, 9.8644599], [78.3026075, 9.8646131], [78.3026129, 9.8647558], [78.3028918, 9.8648193], [78.3029187, 9.8650307], [78.302688, 9.865036], [78.302629, 9.8651734], [78.3026451, 9.8654693]]]}, "properties": {"kind": "landuse", "name": "", "osm_id": 731118765, "tag": "residential"}}, {"type": "Feature", "geometry": {"type": "Polygon", "coordinates": [[[78.3084923, 9.8656385], [78.3065772, 9.865464], [78.3065289, 9.8652156], [78.3057243, 9.8651311], [78.3057833, 9.8648298], [78.305912, 9.864518], [78.3062714, 9.8645286], [78.306545, 9.8644704], [78.3067596, 9.8643753], [78.306781, 9.8641946], [78.3067971, 9.8640582], [78.3070546, 9.8640952], [78.3076608, 9.864222], [78.3083904, 9.8644229], [78.3087927, 9.864555], [78.3092648, 9.8646924], [78.3095705, 9.8648193], [78.3095008, 9.8650888], [78.309415, 9.8654218], [78.3092809, 9.8656755], [78.3090341, 9.8657124], [78.3084923, 9.8656385]]]}, "properties": {"kind": "landuse", "name": "", "osm_id": 731118766, "tag": "quarry"}}, {"type": "Feature", "geometry": {"type": "Polygon", "coordinates": [[[78.3024439, 9.8626973], [78.3035704, 9.8626814], [78.3039218, 9.8626946], [78.3038977, 9.8630963], [78.3042222, 9.8631571], [78.3045119, 9.8631862], [78.3047801, 9.8631677], [78.3048794, 9.8631662], [78.3049598, 9.863165], [78.3049893, 9.8629404], [78.3050805, 9.8628136], [78.3050188, 9.8627422], [78.304882, 9.8627105], [78.3048467, 9.8626827], [78.304815, 9.8626576], [78.3044395, 9.8626101], [78.3044583, 9.8621503], [78.3046165, 9.8620763], [78.3046058, 9.8619336], [78.3046794, 9.8618215], [78.3047238, 9.8617539], [78.3046782, 9.8615425], [78.3047077, 9.8613998], [78.3045682, 9.861376], [78.304469, 9.8615002], [78.3042785, 9.8615531], [78.304182, 9.8616535], [78.3037984, 9.8617037], [78.3036751, 9.8615425], [78.3035088, 9.861561], [78.3033988, 9.8617592], [78.3032674, 9.8618966], [78.3030072, 9.8619019], [78.302924, 9.8619389], [78.3025485, 9.861886], [78.3024091, 9.8619045], [78.3024091, 9.8620314], [78.302401, 9.8622454], [78.3023983, 9.8624145], [78.3024439, 9.8626973]]]}, "properties": {"kind": "landuse", "name": "", "osm_id": 731118767, "tag": "residential"}}, {"type": "Feature", "geometry": {"type": "Polygon", "coordinates": [[[78.0176451, 9.9424425], [78.0205983, 9.9423967], [78.0203592, 9.9404488], [78.0176206, 9.9404783], [78.0176255, 9.9414972], [78.0176451, 9.9424425]]]}, "properties": {"kind": "landuse", "name": "Staff Quarters", "osm_id": 740643221, "tag": "residential"}}, {"type": "Feature", "geometry": {"type": "Polygon", "coordinates": [[[78.349793, 9.8302634], [78.3497447, 9.8300097], [78.3498627, 9.8296133], [78.3498198, 9.8293437], [78.3500183, 9.8293279], [78.3503616, 9.8291746], [78.3506834, 9.8288786], [78.3509999, 9.8286407], [78.3508068, 9.8284716], [78.3507532, 9.8280329], [78.3508122, 9.8275995], [78.3506191, 9.8275942], [78.3505923, 9.8274409], [78.3507532, 9.8273933], [78.3507264, 9.8271925], [78.3506566, 9.8269599], [78.3508873, 9.8269493], [78.3510268, 9.8269493], [78.3513379, 9.8269335], [78.3515149, 9.8270339], [78.3517027, 9.8271238], [78.3521157, 9.8270445], [78.3524162, 9.8271396], [78.3525932, 9.8273669], [78.3527434, 9.827684], [78.3523303, 9.827906], [78.3521318, 9.8281069], [78.351987, 9.8282337], [78.3520406, 9.8283447], [78.3521962, 9.8283659], [78.3523571, 9.8286672], [78.3519387, 9.8288469], [78.3512038, 9.8292539], [78.3510429, 9.829423], [78.3511501, 9.8296239], [78.3509463, 9.8297719], [78.3507425, 9.8300097], [78.3502543, 9.830237], [78.3498841, 9.8303269], [78.349793, 9.8302634]]]}, "properties": {"kind": "landuse", "name": "", "osm_id": 741330957, "tag": "residential"}}, {"type": "Feature", "geometry": {"type": "Polygon", "coordinates": [[[77.9635388, 9.7594228], [77.96422, 9.7592642], [77.9643595, 9.7589946], [77.9647458, 9.7589047], [77.965132, 9.75891], [77.9655182, 9.7589523], [77.9656416, 9.7588835], [77.9659742, 9.758836], [77.9664248, 9.7592589], [77.9670203, 9.7591585], [77.9670954, 9.7589628], [77.9676479, 9.7587725], [77.9676157, 9.7583231], [77.967149, 9.7582544], [77.9671366, 9.7583364], [77.9670954, 9.7586086], [77.9664302, 9.7586721], [77.9662746, 9.758302], [77.9661405, 9.7579636], [77.9663497, 9.7579478], [77.9662961, 9.7576094], [77.966736, 9.7573557], [77.9668143, 9.7573225], [77.9676855, 9.7569539], [77.9686189, 9.7567371], [77.9682809, 9.7560498], [77.9679912, 9.7561503], [77.9680985, 9.7567741], [77.9674655, 9.7568957], [77.9673153, 9.7565838], [77.9668379, 9.7567265], [77.9658025, 9.7570649], [77.9656953, 9.7568164], [77.965191, 9.7568481], [77.964955, 9.7568005], [77.9644829, 9.7569856], [77.9644192, 9.7568807], [77.9640162, 9.7569274], [77.9640484, 9.757012], [77.9643166, 9.7570279], [77.9642147, 9.7576359], [77.9640323, 9.757731], [77.9640323, 9.7578526], [77.9639035, 9.7578738], [77.9638284, 9.7580429], [77.9632705, 9.7580165], [77.9631525, 9.757768], [77.962997, 9.7578315], [77.9629755, 9.7579583], [77.9626107, 9.7579372], [77.9624391, 9.757842], [77.9624176, 9.7579161], [77.9625034, 9.758117], [77.9627716, 9.7583073], [77.9630291, 9.7583126], [77.9630989, 9.758524], [77.9630345, 9.7587937], [77.9629594, 9.7589787], [77.9632062, 9.7590739], [77.9632169, 9.7592748], [77.9635388, 9.7594228]]]}, "properties": {"kind": "landuse", "name": "", "osm_id": 751147203, "tag": "residential"}}, {"type": "Feature", "geometry": {"type": "Polygon", "coordinates": [[[77.9919165, 9.7563194], [77.9917556, 9.7560498], [77.9915893, 9.7560815], [77.9913425, 9.7555264], [77.9906344, 9.7558172], [77.9904413, 9.7558542], [77.9903823, 9.7556321], [77.9906291, 9.7555158], [77.9904628, 9.7550876], [77.9907042, 9.7547492], [77.9908597, 9.7543844], [77.9911816, 9.7542523], [77.9913264, 9.7541994], [77.9911655, 9.7540778], [77.9912996, 9.7539033], [77.9915088, 9.7539668], [77.9915893, 9.7541941], [77.9918414, 9.754247], [77.9920453, 9.7545008], [77.9924315, 9.7545748], [77.9924959, 9.7548814], [77.9925603, 9.7551986], [77.9923457, 9.7554101], [77.9923618, 9.7557432], [77.992174, 9.7558965], [77.9922223, 9.7561291], [77.9921257, 9.7562401], [77.9919165, 9.7563194]]]}, "properties": {"kind": "landuse", "name": "", "osm_id": 751147204, "tag": "residential"}}, {"type": "Feature", "geometry": {"type": "Polygon", "coordinates": [[[78.3124405, 9.9983678], [78.3123761, 9.9982146], [78.3120811, 9.9982885], [78.3119953, 9.9980455], [78.3121508, 9.9979134], [78.3122206, 9.9977285], [78.3124083, 9.9976757], [78.3126497, 9.9978606], [78.312977, 9.9978606], [78.3134276, 9.9977127], [78.3134007, 9.9974697], [78.3134812, 9.9971897], [78.3138782, 9.9971527], [78.3140337, 9.997364], [78.3141518, 9.9971633], [78.3140927, 9.9969467], [78.3136797, 9.9968727], [78.3136421, 9.9966984], [78.3140176, 9.9966455], [78.3142805, 9.9966825], [78.3143663, 9.996281], [78.314656, 9.9961595], [78.3148974, 9.9962335], [78.3149725, 9.9964712], [78.3149296, 9.9966984], [78.3150262, 9.9970787], [78.3154124, 9.9970946], [78.3154848, 9.997241], [78.3155143, 9.9973006], [78.3152139, 9.9975278], [78.3149135, 9.9977708], [78.3145434, 9.997998], [78.3142269, 9.9980931], [78.3137762, 9.9980508], [78.3134946, 9.9980645], [78.3128536, 9.9983519], [78.3124405, 9.9983678]]]}, "properties": {"kind": "landuse", "name": "", "osm_id": 755755092, "tag": "residential"}}, {"type": "Feature", "geometry": {"type": "Polygon", "coordinates": [[[78.301363, 9.9886787], [78.301363, 9.9883247], [78.3012664, 9.9883247], [78.3012396, 9.9885202], [78.3011377, 9.9885202], [78.301127, 9.9882402], [78.3013523, 9.9882032], [78.301304, 9.9878651], [78.3012074, 9.9878651], [78.3011645, 9.98749], [78.3013308, 9.98749], [78.3013576, 9.9877066], [78.3015507, 9.9876855], [78.3016044, 9.9880764], [78.3017385, 9.9879021], [78.3018994, 9.9878123], [78.3019048, 9.9875534], [78.30176, 9.9875217], [78.3017546, 9.9873262], [78.3019584, 9.9870674], [78.3023554, 9.9868085], [78.302511, 9.9867134], [78.3023018, 9.9861587], [78.302799, 9.9859954], [78.302865, 9.9859737], [78.3029669, 9.9862432], [78.3029938, 9.9865179], [78.3029777, 9.9869141], [78.303203, 9.9869987], [78.3034927, 9.9870621], [78.3036858, 9.9872576], [78.3037394, 9.9873579], [78.3042973, 9.9871625], [78.3045012, 9.9869617], [78.3046621, 9.9868349], [78.3048316, 9.9867653], [78.3050015, 9.9867068], [78.3051664, 9.98665], [78.3052576, 9.9867609], [78.3052415, 9.9870779], [78.305279, 9.9873632], [78.3052897, 9.9875534], [78.3052307, 9.987601], [78.3050483, 9.9876221], [78.3046031, 9.9877806], [78.3039647, 9.9880342], [78.3040881, 9.9885202], [78.3035034, 9.9885942], [78.3034605, 9.9888002], [78.3031708, 9.9888795], [78.3028597, 9.9889112], [78.3027416, 9.9887263], [78.3026397, 9.9884515], [78.3020711, 9.9884991], [78.3020443, 9.9883195], [78.3018243, 9.9883195], [78.3018297, 9.9886153], [78.301363, 9.9886787]]]}, "properties": {"kind": "landuse", "name": "", "osm_id": 755755101, "tag": "residential"}}, {"type": "Feature", "geometry": {"type": "Polygon", "coordinates": [[[78.3290166, 9.9313097], [78.3285284, 9.9312252], [78.3285338, 9.9310032], [78.3279651, 9.9308024], [78.327831, 9.9310085], [78.3275843, 9.9309345], [78.3276755, 9.9306598], [78.3277398, 9.9304801], [78.3275843, 9.9304061], [78.3276004, 9.9302846], [78.3278578, 9.9301842], [78.3278578, 9.9299623], [78.3276755, 9.9298196], [78.3276325, 9.9295554], [78.3276379, 9.9292912], [78.3278847, 9.9292225], [78.3280188, 9.9291802], [78.3280671, 9.9289002], [78.3281529, 9.9284405], [78.3287001, 9.9283718], [78.3286947, 9.9287364], [78.3287698, 9.9291961], [78.3293116, 9.9293916], [78.3297622, 9.9294656], [78.329789, 9.929138], [78.3294779, 9.929101], [78.3295101, 9.9288315], [78.3299124, 9.9289477], [78.330009, 9.9292542], [78.3300465, 9.9296981], [78.3298373, 9.9298513], [78.3298534, 9.9299411], [78.3301055, 9.9300785], [78.330127, 9.9302635], [78.3301592, 9.9307338], [78.3301002, 9.9310191], [78.3299446, 9.9309768], [78.3292741, 9.9308289], [78.3292794, 9.9310244], [78.329156, 9.9310614], [78.3290166, 9.9313097]]]}, "properties": {"kind": "landuse", "name": "", "osm_id": 755755124, "tag": "residential"}}, {"type": "Feature", "geometry": {"type": "Polygon", "coordinates": [[[78.3241671, 9.9375554], [78.3241779, 9.9373018], [78.3243656, 9.9372859], [78.3242959, 9.9370587], [78.3239794, 9.9368209], [78.3239472, 9.9365726], [78.3236736, 9.9363823], [78.3237487, 9.9361393], [78.323915, 9.9359755], [78.3238882, 9.935706], [78.3235985, 9.9355686], [78.3233303, 9.9354207], [78.3228636, 9.9353361], [78.3228271, 9.9352067], [78.3228099, 9.9351459], [78.3226275, 9.9345171], [78.3225524, 9.9341736], [78.3227724, 9.9339676], [78.3231479, 9.9339464], [78.3232713, 9.9342582], [78.3238614, 9.9345647], [78.3242798, 9.9343057], [78.3245534, 9.9343216], [78.3250469, 9.9341208], [78.3252776, 9.9342635], [78.3254707, 9.9344537], [78.3257174, 9.9347443], [78.3258945, 9.9349715], [78.3264899, 9.9348606], [78.3268279, 9.9348289], [78.3269727, 9.9350666], [78.3270425, 9.9353203], [78.3269298, 9.935595], [78.3268815, 9.9359702], [78.3264148, 9.936171], [78.3263451, 9.936414], [78.325991, 9.9365409], [78.3259427, 9.9369636], [78.3256531, 9.9369794], [78.3255833, 9.9373757], [78.325417, 9.9374021], [78.3252239, 9.9376611], [78.3248484, 9.9376135], [78.324312, 9.9375448], [78.3241671, 9.9375554]]]}, "properties": {"kind": "landuse", "name": "", "osm_id": 755755127, "tag": "residential"}}, {"type": "Feature", "geometry": {"type": "Polygon", "coordinates": [[[78.1079369, 9.9141187], [78.1079786, 9.9141072], [78.1076901, 9.9134264], [78.1073468, 9.9127765], [78.1069262, 9.9120662], [78.1062921, 9.9110781], [78.10576, 9.9103478], [78.1053437, 9.9097918], [78.1045508, 9.9088409], [78.1043159, 9.908512], [78.1037097, 9.9083852], [78.1032055, 9.9082742], [78.1027549, 9.9081844], [78.1027074, 9.9081735], [78.1019717, 9.9080047], [78.1013547, 9.907899], [78.1012206, 9.9078884], [78.1012153, 9.9080311], [78.1000941, 9.9081685], [78.1000783, 9.9078918], [78.1000736, 9.9078096], [78.1000566, 9.9075132], [78.0994879, 9.9074075], [78.0994933, 9.9070006], [78.0994075, 9.9068421], [78.0992573, 9.9068421], [78.0991875, 9.9066043], [78.0989998, 9.9066043], [78.0990159, 9.906525], [78.0988281, 9.9064986], [78.0987584, 9.9071063], [78.0986994, 9.9075555], [78.0986779, 9.9076348], [78.0985049, 9.9075977], [78.0984311, 9.9075819], [78.0983185, 9.9079941], [78.09812, 9.9087392], [78.0979001, 9.9092412], [78.0977552, 9.9094949], [78.099445, 9.910018], [78.1009095, 9.9104883], [78.1031572, 9.9112651], [78.1032269, 9.911281], [78.1037205, 9.9114184], [78.1037365, 9.9114554], [78.1041925, 9.9116351], [78.1048094, 9.911857], [78.1054961, 9.9121793], [78.1061452, 9.9125651], [78.1067728, 9.9130195], [78.1072878, 9.9134846], [78.1079369, 9.9141187]]]}, "properties": {"kind": "landuse", "name": "Agrini", "osm_id": 757324437, "tag": "residential"}}, {"type": "Feature", "geometry": {"type": "Polygon", "coordinates": [[[78.1075183, 9.9188176], [78.1075572, 9.9188506], [78.1076752, 9.9187317], [78.1078201, 9.918733], [78.1079663, 9.9187092], [78.1080816, 9.9185067], [78.1081701, 9.9183512], [78.1082097, 9.9180086], [78.1081467, 9.9178868], [78.1081212, 9.9178923], [78.1080875, 9.917852], [78.107912, 9.9179214], [78.1078745, 9.9177021], [78.10744, 9.9177364], [78.1075183, 9.9188176]]]}, "properties": {"kind": "landuse", "name": "", "osm_id": 757974350, "tag": "industrial"}}, {"type": "Feature", "geometry": {"type": "Polygon", "coordinates": [[[78.1087013, 9.9183388], [78.108303, 9.9183401], [78.1081701, 9.9183512], [78.1082097, 9.9180086], [78.1081467, 9.9178868], [78.1081212, 9.9178923], [78.1080875, 9.917852], [78.107912, 9.9179214], [78.1078745, 9.9177021], [78.10744, 9.9177364], [78.1073008, 9.9177394], [78.1072851, 9.9175299], [78.1072556, 9.9172154], [78.1070293, 9.9172614], [78.1070397, 9.9175827], [78.1067393, 9.9175972], [78.1067191, 9.9173792], [78.1064509, 9.917407], [78.1059628, 9.9174149], [78.1058702, 9.9174387], [78.1054598, 9.9174022], [78.105427, 9.9172432], [78.1055919, 9.9171824], [78.1056147, 9.917049], [78.1087583, 9.9170719], [78.1087365, 9.9179716], [78.1087013, 9.9183388]]]}, "properties": {"kind": "landuse", "name": "", "osm_id": 757974352, "tag": "commercial"}}, {"type": "Feature", "geometry": {"type": "Polygon", "coordinates": [[[78.1024214, 9.9170626], [78.1020291, 9.9170269], [78.1020211, 9.9176927], [78.1019996, 9.9177244], [78.1010555, 9.9177138], [78.1010018, 9.9177614], [78.1009884, 9.9185065], [78.1001945, 9.9186386], [78.1000389, 9.9179807], [78.0999638, 9.9179992], [78.0998628, 9.917587], [78.0996321, 9.9178618], [78.0990903, 9.9180362], [78.0986128, 9.9179781], [78.0976312, 9.9177931], [78.0973683, 9.9178142], [78.0973576, 9.9170533], [78.0963638, 9.917081], [78.0962686, 9.9158009], [78.0962592, 9.9157243], [78.0960124, 9.9157639], [78.0957871, 9.9159753], [78.0953902, 9.9161233], [78.095156, 9.9162382], [78.0950353, 9.9165117], [78.0947966, 9.9171854], [78.0947577, 9.9172752], [78.0943225, 9.9183916], [78.0944755, 9.9184424], [78.094466, 9.9184939], [78.094401, 9.9186637], [78.0943594, 9.9188843], [78.0943286, 9.9191485], [78.0942849, 9.9193693], [78.094199, 9.9197136], [78.0941073, 9.920118], [78.0940727, 9.9203287], [78.0938203, 9.9203467], [78.0937868, 9.9204854], [78.0937935, 9.9206004], [78.0938739, 9.9210376], [78.0938766, 9.9210839], [78.094055, 9.9213784], [78.0939933, 9.9214326], [78.0940671, 9.9217814], [78.0940309, 9.9218738], [78.0940402, 9.9219399], [78.0941596, 9.9225502], [78.0942374, 9.9229558], [78.0947343, 9.9253799], [78.0949918, 9.9265213], [78.0950776, 9.927187], [78.0952001, 9.9277598], [78.0953679, 9.9285692], [78.0955322, 9.92849], [78.0956107, 9.9286677], [78.0958125, 9.9286032], [78.0958831, 9.9286882], [78.0960045, 9.9290473], [78.0961197, 9.9292013], [78.0957343, 9.9294973], [78.095834, 9.929808], [78.0969551, 9.9288674], [78.0977759, 9.9282174], [78.0980884, 9.9280589], [78.0979248, 9.927734], [78.0978738, 9.9276256], [78.0981045, 9.9274909], [78.0984102, 9.9273931], [78.0985014, 9.9274143], [78.0984236, 9.9276098], [78.0984907, 9.9276203], [78.0986677, 9.9275147], [78.0989574, 9.9273244], [78.098834, 9.9270814], [78.0987536, 9.9270206], [78.0988743, 9.9267802], [78.0991639, 9.926656], [78.099239, 9.9266692], [78.0994268, 9.9264076], [78.0993892, 9.9260721], [78.0994214, 9.9259876], [78.099467, 9.9259189], [78.0995529, 9.9258687], [78.0997245, 9.9257894], [78.0999606, 9.9256811], [78.1002207, 9.9255014], [78.1002663, 9.9254591], [78.1002851, 9.9254063], [78.1002905, 9.925335], [78.1003022, 9.9252763], [78.1001116, 9.9251617], [78.1003815, 9.9249415], [78.1001331, 9.924237], [78.0996021, 9.9240625], [78.0992802, 9.9242459], [78.0992492, 9.9241617], [78.0993158, 9.9241391], [78.0993153, 9.9240573], [78.0992928, 9.9239464], [78.0992215, 9.9235177], [78.0991716, 9.9233768], [78.0991243, 9.9231428], [78.0990379, 9.9229191], [78.0990434, 9.9228046], [78.0995161, 9.9227594], [78.0995114, 9.9226152], [78.0994565, 9.921958], [78.0995624, 9.9219434], [78.099557, 9.9219024], [78.1000301, 9.9217034], [78.1005877, 9.9217105], [78.1006081, 9.9216787], [78.1011147, 9.9215633], [78.1012541, 9.9216076], [78.101413, 9.9215943], [78.1015652, 9.9220851], [78.1022319, 9.9220243], [78.1022673, 9.9218066], [78.1022726, 9.921405], [78.1023102, 9.9212015], [78.1022914, 9.9208924], [78.1023021, 9.920718], [78.1024738, 9.9200337], [78.1025408, 9.9199016], [78.1025784, 9.9197325], [78.1025891, 9.9195026], [78.1024604, 9.9191803], [78.1023745, 9.9190403], [78.1023745, 9.9189821], [78.1023316, 9.9185753], [78.1022485, 9.9181869], [78.1022753, 9.9179491], [78.1023772, 9.917883], [78.1024711, 9.9177694], [78.1024952, 9.9175607], [78.1024523, 9.9173031], [78.1024214, 9.9170626]]]}, "properties": {"kind": "landuse", "name": "S S Colony", "osm_id": 757974353, "tag": "residential"}}, {"type": "Feature", "geometry": {"type": "Polygon", "coordinates": [[[78.1025622, 9.9239726], [78.1027501, 9.9239527], [78.1029452, 9.9238265], [78.1030377, 9.9237757], [78.1033864, 9.9236389], [78.1034924, 9.9235861], [78.1034468, 9.9234804], [78.1035406, 9.92345], [78.1035085, 9.9233747], [78.1038263, 9.9233245], [78.1036131, 9.9231514], [78.1035594, 9.923096], [78.1034213, 9.9228701], [78.103367, 9.9227221], [78.1035192, 9.9226329], [78.1038595, 9.9223878], [78.1040133, 9.9222627], [78.1041508, 9.9221342], [78.1042085, 9.9220272], [78.104698, 9.9216098], [78.1046189, 9.9214314], [78.1045398, 9.9212399], [78.1044217, 9.9210563], [78.1044833, 9.9210224], [78.1049661, 9.9209917], [78.1049868, 9.9209687], [78.10514, 9.9209483], [78.1052256, 9.9209764], [78.1053122, 9.92094], [78.1053914, 9.9209493], [78.1056502, 9.9207749], [78.1057803, 9.9206586], [78.1059211, 9.9208039], [78.1060673, 9.9206652], [78.1065742, 9.9201936], [78.106703, 9.9200985], [78.106601, 9.9199756], [78.1067499, 9.9198396], [78.1067352, 9.9198184], [78.1069283, 9.9196493], [78.1069698, 9.9196718], [78.1071321, 9.9195001], [78.1072542, 9.919397], [78.1072327, 9.9193561], [78.1074526, 9.9191117], [78.1073802, 9.9190245], [78.1072669, 9.9189809], [78.1065642, 9.9190073], [78.1063952, 9.9190126], [78.1063925, 9.9189175], [78.1063583, 9.9187682], [78.1061759, 9.9185476], [78.1061226, 9.9182738], [78.1061323, 9.9182464], [78.1066379, 9.9181559], [78.1073266, 9.9180931], [78.1073008, 9.9177394], [78.1072851, 9.9175299], [78.1072556, 9.9172154], [78.1070293, 9.9172614], [78.1070397, 9.9175827], [78.1067393, 9.9175972], [78.1067191, 9.9173792], [78.1064509, 9.917407], [78.1059628, 9.9174149], [78.1058702, 9.9174387], [78.1054598, 9.9174022], [78.1053593, 9.917769], [78.104336, 9.9177135], [78.1042515, 9.917407], [78.104057, 9.9173872], [78.1034763, 9.9174088], [78.1034186, 9.9171274], [78.1032805, 9.9171314], [78.1032356, 9.9172998], [78.1030565, 9.9173012], [78.1025442, 9.9172583], [78.1025509, 9.9178131], [78.1023404, 9.9180126], [78.1023444, 9.9181909], [78.1023739, 9.9182596], [78.1024798, 9.9183732], [78.1024986, 9.9185938], [78.1024383, 9.9189003], [78.1026689, 9.9194618], [78.1026542, 9.9198026], [78.1024771, 9.9202953], [78.1023699, 9.9207458], [78.1023605, 9.921088], [78.1023779, 9.9217379], [78.1023564, 9.9218317], [78.1021888, 9.9223192], [78.1020949, 9.9227604], [78.1020822, 9.9227954], [78.1020953, 9.9228674], [78.1021097, 9.9229113], [78.1021573, 9.9230009], [78.102272, 9.9231653], [78.1024194, 9.9233793], [78.1024061, 9.9234804], [78.1023605, 9.923594], [78.1022206, 9.9237682], [78.102294, 9.923864], [78.1025622, 9.9239726]]]}, "properties": {"kind": "landuse", "name": "Mahaboobpalayam", "osm_id": 757974355, "tag": "residential"}}, {"type": "Feature", "geometry": {"type": "Polygon", "coordinates": [[[78.1074406, 9.915311], [78.1074513, 9.9145421], [78.107741, 9.9143836], [78.1074379, 9.9139423], [78.106542, 9.9131708], [78.1060163, 9.9127745], [78.1052975, 9.9123359], [78.1043721, 9.9119396], [78.1035621, 9.9116621], [78.0976217, 9.9095867], [78.0976394, 9.9098437], [78.0994186, 9.9105323], [78.0992773, 9.9107664], [78.0991146, 9.9117604], [78.0969457, 9.9114491], [78.0961268, 9.9135216], [78.0954421, 9.9152198], [78.0972967, 9.9153899], [78.0989884, 9.9154781], [78.0990781, 9.915599], [78.1001958, 9.9156752], [78.102525, 9.9157134], [78.1035286, 9.9158276], [78.1043498, 9.9157991], [78.1051262, 9.9157139], [78.1064926, 9.9156181], [78.1071812, 9.9154593], [78.1074406, 9.915311]]]}, "properties": {"kind": "landuse", "name": "", "osm_id": 757974358, "tag": "residential"}}, {"type": "Feature", "geometry": {"type": "Polygon", "coordinates": [[[78.0731822, 9.8726399], [78.0731769, 9.8727588], [78.073091, 9.8727482], [78.0730857, 9.8728117], [78.0731726, 9.8729902], [78.0732862, 9.8734066], [78.0733174, 9.8734636], [78.0734478, 9.8735075], [78.0738643, 9.873706], [78.0739086, 9.8736963], [78.0739972, 9.8737138], [78.0740886, 9.8736642], [78.0741749, 9.8735704], [78.0742939, 9.8734884], [78.0743977, 9.8734617], [78.074439, 9.8734138], [78.0742551, 9.8731251], [78.0740137, 9.8729374], [78.0731822, 9.8726399]]]}, "properties": {"kind": "landuse", "name": "", "osm_id": 758133417, "tag": "farmland"}}, {"type": "Feature", "geometry": {"type": "Polygon", "coordinates": [[[78.277908, 9.9926477], [78.2785753, 9.992706], [78.2785897, 9.9930416], [78.279214, 9.9930399], [78.2792175, 9.9932413], [78.2807316, 9.9932978], [78.2807298, 9.9931052], [78.2813415, 9.9930328], [78.281538, 9.9934692], [78.2816608, 9.993463], [78.2813433, 9.9962552], [78.2811979, 9.9971605], [78.2811336, 9.9978901], [78.281146, 10.0008768], [78.2810814, 10.0013184], [78.2797557, 10.0045584], [78.2787093, 10.0040756], [78.2775582, 10.0038129], [78.2772963, 10.0034808], [78.27655, 10.0034702], [78.2741354, 10.0033748], [78.2742431, 10.0027918], [78.2745409, 10.0027529], [78.2745552, 10.0018943], [78.2750073, 10.0022512], [78.2763204, 10.0022229], [78.2768299, 10.0020533], [78.275488, 10.0001948], [78.2753983, 9.9997178], [78.2755454, 9.9996436], [78.2754629, 9.999156], [78.2756244, 9.9990854], [78.2753661, 9.9979123], [78.274957, 9.9977498], [78.2745983, 9.9961174], [78.273974, 9.9954602], [78.2738735, 9.9949373], [78.2751042, 9.994485], [78.2746987, 9.9931282], [78.2742825, 9.993425], [78.2738018, 9.9933543], [78.2731703, 9.9929021], [78.2741247, 9.9924569], [78.2737946, 9.9917502], [78.2749857, 9.9913827], [78.2752512, 9.9926618], [78.2762271, 9.9923579], [78.2763419, 9.9928738], [78.2768083, 9.992789], [78.2768801, 9.9931565], [78.2772102, 9.99316], [78.27763, 9.993531], [78.2776694, 9.9928985], [78.2778273, 9.9927113], [78.277908, 9.9926477]]]}, "properties": {"kind": "landuse", "name": "", "osm_id": 773664994, "tag": "industrial"}}, {"type": "Feature", "geometry": {"type": "Polygon", "coordinates": [[[78.2726142, 10.0032758], [78.2741354, 10.0033748], [78.2742431, 10.0027918], [78.2745409, 10.0027529], [78.2745552, 10.0018943], [78.2744189, 10.0012866], [78.2739058, 10.0008485], [78.273217, 10.0005058], [78.2727147, 10.0004952], [78.272686, 10.0007142], [78.2724617, 10.0007496], [78.2725138, 10.001057], [78.2721604, 10.0012089], [78.2723093, 10.0022229], [78.2726106, 10.0021699], [78.2726178, 10.0029419], [78.2725855, 10.0029843], [78.2726142, 10.0032758]]]}, "properties": {"kind": "landuse", "name": "", "osm_id": 773664995, "tag": "industrial"}}, {"type": "Feature", "geometry": {"type": "Polygon", "coordinates": [[[78.2431261, 9.9970624], [78.2424773, 9.9973975], [78.2422084, 9.9968925], [78.2427935, 9.9965903], [78.2425656, 9.9961623], [78.2435926, 9.9956318], [78.2440895, 9.9965648], [78.2431261, 9.9970624]]]}, "properties": {"kind": "landuse", "name": "", "osm_id": 773664996, "tag": "industrial"}}, {"type": "Feature", "geometry": {"type": "Polygon", "coordinates": [[[78.244297, 10.0007004], [78.2459894, 10.0007647], [78.2461635, 10.0007004], [78.2467403, 10.0006789], [78.2471076, 10.0006173], [78.2473661, 10.0005342], [78.247611, 10.0004485], [78.24813, 10.0002247], [78.248121, 10.000143], [78.2480096, 9.9998737], [78.2480871, 9.999851], [78.2479674, 9.9997116], [78.248011, 9.999445], [78.2480586, 9.99937], [78.2480899, 9.9992119], [78.2484504, 9.999098], [78.2490326, 9.9991449], [78.2489796, 9.9989882], [78.2505223, 9.9985219], [78.2500203, 9.9966663], [78.2492, 9.9969732], [78.2487184, 9.9973402], [78.2483703, 9.9974893], [78.2481225, 9.9970375], [78.2473253, 9.9970643], [78.2472328, 9.9969705], [78.2470614, 9.9969383], [78.2466859, 9.9964667], [78.2457649, 9.9967025], [78.2454751, 9.9967427], [78.2449772, 9.996933], [78.2446453, 9.9962443], [78.2440895, 9.9965648], [78.2431261, 9.9970624], [78.2436766, 9.9976055], [78.2434617, 9.9977181], [78.2436712, 9.998128], [78.2434753, 9.998195], [78.2424632, 9.9984255], [78.2439079, 10.0000975], [78.244297, 10.0007004]]]}, "properties": {"kind": "landuse", "name": "", "osm_id": 773664997, "tag": "industrial"}}, {"type": "Feature", "geometry": {"type": "Polygon", "coordinates": [[[78.1265829, 9.9298627], [78.1266097, 9.9299076], [78.1276128, 9.9295404], [78.1280313, 9.92944], [78.1286213, 9.9293581], [78.1287099, 9.9293184], [78.1287152, 9.929255], [78.1283451, 9.9290912], [78.1281734, 9.929049], [78.1279883, 9.929078], [78.1275699, 9.929263], [78.1270737, 9.9295377], [78.1267411, 9.9297385], [78.1265829, 9.9298627]]]}, "properties": {"kind": "landuse", "name": "", "osm_id": 781364728, "tag": "commercial"}}, {"type": "Feature", "geometry": {"type": "Polygon", "coordinates": [[[78.1271408, 9.9293766], [78.1272776, 9.9290305], [78.1272427, 9.9288297], [78.1271005, 9.9284651], [78.1287689, 9.9289538], [78.1287796, 9.9290199], [78.1287715, 9.9290886], [78.1284041, 9.9289988], [78.1280178, 9.9289433], [78.1279159, 9.9289776], [78.1272025, 9.9293369], [78.1271408, 9.9293766]]]}, "properties": {"kind": "landuse", "name": "", "osm_id": 781364729, "tag": "commercial"}}, {"type": "Feature", "geometry": {"type": "Polygon", "coordinates": [[[78.1271488, 9.9281295], [78.1286562, 9.9287346], [78.128683, 9.9286923], [78.1277335, 9.9280001], [78.1272346, 9.9274822], [78.1269279, 9.9270013], [78.1268767, 9.927024], [78.1269664, 9.9272233], [78.1271381, 9.9278997], [78.1271595, 9.9280371], [78.1271488, 9.9281295]]]}, "properties": {"kind": "landuse", "name": "", "osm_id": 781364730, "tag": "commercial"}}, {"type": "Feature", "geometry": {"type": "Polygon", "coordinates": [[[78.1323088, 9.9306202], [78.1324289, 9.9308159], [78.1335366, 9.9306151], [78.1341401, 9.93052], [78.1338623, 9.9296663], [78.1323088, 9.9306202]]]}, "properties": {"kind": "landuse", "name": "", "osm_id": 781364733, "tag": "commercial"}}, {"type": "Feature", "geometry": {"type": "Polygon", "coordinates": [[[78.0958357, 9.9154075], [78.0960824, 9.9154577], [78.096466, 9.9156083], [78.0972572, 9.915492], [78.0972465, 9.9154339], [78.0958598, 9.9152939], [78.0958357, 9.9154075]]]}, "properties": {"kind": "landuse", "name": "", "osm_id": 782481273, "tag": "commercial"}}, {"type": "Feature", "geometry": {"type": "Polygon", "coordinates": [[[78.0966175, 9.9156775], [78.0986507, 9.9167661], [78.0989886, 9.9167872], [78.102395, 9.9168506], [78.1023521, 9.9162905], [78.1024648, 9.9158519], [78.0972398, 9.9155824], [78.0966175, 9.9156775]]]}, "properties": {"kind": "landuse", "name": "", "osm_id": 782481274, "tag": "commercial"}}, {"type": "Feature", "geometry": {"type": "Polygon", "coordinates": [[[78.1024916, 9.9168559], [78.1073048, 9.9168078], [78.1079807, 9.9167893], [78.1077876, 9.9164194], [78.1076991, 9.9159703], [78.1075784, 9.9154365], [78.1064653, 9.9157113], [78.1035309, 9.9159148], [78.1026002, 9.9158329], [78.1024473, 9.9162715], [78.1024916, 9.9168559]]]}, "properties": {"kind": "landuse", "name": "", "osm_id": 782481275, "tag": "commercial"}}, {"type": "Feature", "geometry": {"type": "Polygon", "coordinates": [[[78.1009192, 9.9444144], [78.1009792, 9.9443943], [78.1008846, 9.9441721], [78.1008155, 9.9441851], [78.1009192, 9.9444144]]]}, "properties": {"kind": "landuse", "name": "Hetika", "osm_id": 798278847, "tag": "residential"}}, {"type": "Feature", "geometry": {"type": "Polygon", "coordinates": [[[78.1284322, 9.9377999], [78.1286395, 9.9378263], [78.1287799, 9.9377078], [78.1286127, 9.9367529], [78.1281581, 9.9368846], [78.1282383, 9.9374312], [78.1284322, 9.9377999]]]}, "properties": {"kind": "landuse", "name": "", "osm_id": 798377266, "tag": "industrial"}}, {"type": "Feature", "geometry": {"type": "Polygon", "coordinates": [[[78.1414757, 9.9244857], [78.141709, 9.9250458], [78.1419263, 9.9255108], [78.1423233, 9.9264329], [78.1429026, 9.9264408], [78.1431494, 9.9263959], [78.1434712, 9.926248], [78.1438119, 9.9260128], [78.1441445, 9.9259336], [78.1446434, 9.9258437], [78.1449857, 9.9258252], [78.1453156, 9.9259309], [78.1460881, 9.9263695], [78.1465146, 9.9264726], [78.1470322, 9.926491], [78.1474587, 9.9265729], [78.1480461, 9.9267262], [78.148604, 9.9268345], [78.1486296, 9.9255273], [78.1479013, 9.9252096], [78.1475928, 9.9251145], [78.1469571, 9.9246125], [78.1465548, 9.9241502], [78.1464234, 9.9240313], [78.1449206, 9.9238147], [78.1425388, 9.9242718], [78.1414757, 9.9244857]]]}, "properties": {"kind": "landuse", "name": "\u0b86\u0bb5\u0bbf\u0ba9\u0bcd \u0baa\u0bbe\u0bb2\u0bcd", "osm_id": 807794475, "tag": "industrial"}}, {"type": "Feature", "geometry": {"type": "Polygon", "coordinates": [[[78.095022, 9.9291504], [78.0944158, 9.9295203], [78.0947136, 9.9303472], [78.0938971, 9.9309212], [78.0939277, 9.930998], [78.0941382, 9.9308592], [78.0943743, 9.9312965], [78.0947181, 9.9309285], [78.0948576, 9.9307699], [78.0953833, 9.9302785], [78.0954262, 9.9301015], [78.095022, 9.9291504]]]}, "properties": {"kind": "landuse", "name": "", "osm_id": 818850684, "tag": "commercial"}}, {"type": "Feature", "geometry": {"type": "Polygon", "coordinates": [[[78.0963083, 9.9296337], [78.0959288, 9.9300353], [78.0963472, 9.9307724], [78.0966449, 9.9305241], [78.096197, 9.9298504], [78.0963579, 9.9297051], [78.0963083, 9.9296337]]]}, "properties": {"kind": "landuse", "name": "", "osm_id": 818850687, "tag": "commercial"}}, {"type": "Feature", "geometry": {"type": "Polygon", "coordinates": [[[78.0963579, 9.9297051], [78.096197, 9.9298504], [78.0966449, 9.9305241], [78.0967187, 9.9305933], [78.0969409, 9.9303909], [78.0972091, 9.9303301], [78.0973432, 9.9302852], [78.0970777, 9.9296379], [78.0965895, 9.9299285], [78.0965171, 9.9299893], [78.0963579, 9.9297051]]]}, "properties": {"kind": "landuse", "name": "\u0baa\u0bbe\u0ba3\u0bcd\u0b9f\u0bbf\u0baf\u0ba9\u0bcd \u0ba8\u0b95\u0bb0\u0bcd", "osm_id": 818850688, "tag": "residential"}}, {"type": "Feature", "geometry": {"type": "Polygon", "coordinates": [[[78.0963749, 9.9296062], [78.0965895, 9.9299285], [78.0970777, 9.9296379], [78.0973432, 9.9302852], [78.0977697, 9.9301716], [78.0976624, 9.9297674], [78.0976785, 9.9294186], [78.0977562, 9.9291703], [78.0980324, 9.9286269], [78.098368, 9.928259], [78.0983181, 9.9281584], [78.0982018, 9.9282078], [78.097778, 9.9284232], [78.0973207, 9.9287785], [78.0968541, 9.9291635], [78.0963749, 9.9296062]]]}, "properties": {"kind": "landuse", "name": "", "osm_id": 818850689, "tag": "commercial"}}, {"type": "Feature", "geometry": {"type": "Polygon", "coordinates": [[[78.0978367, 9.929368], [78.0986494, 9.9290139], [78.0990705, 9.9289373], [78.0999744, 9.9288105], [78.0998, 9.9279254], [78.0997464, 9.9277167], [78.0995828, 9.927685], [78.0994031, 9.9276718], [78.0988076, 9.927936], [78.0987164, 9.9279915], [78.0983919, 9.9283613], [78.0982122, 9.9285859], [78.0980271, 9.9289214], [78.0978367, 9.929368]]]}, "properties": {"kind": "landuse", "name": "", "osm_id": 818850691, "tag": "commercial"}}, {"type": "Feature", "geometry": {"type": "Polygon", "coordinates": [[[78.09677, 9.9324086], [78.0975666, 9.9319462], [78.097505, 9.9316239], [78.0971643, 9.9310321], [78.0973601, 9.9309132], [78.0972126, 9.9305962], [78.0970222, 9.9305803], [78.0969336, 9.9305275], [78.0967271, 9.9306781], [78.0966037, 9.9307837], [78.0963838, 9.9310321], [78.0966306, 9.9316427], [78.09677, 9.9324086]]]}, "properties": {"kind": "landuse", "name": "", "osm_id": 818850693, "tag": "commercial"}}, {"type": "Feature", "geometry": {"type": "Polygon", "coordinates": [[[78.1333284, 10.0049896], [78.1330172, 10.0052012], [78.1325432, 10.0054957], [78.1320289, 10.0056856], [78.1312413, 10.0058676], [78.1307109, 10.0060576], [78.1305305, 10.0053167], [78.1310503, 10.0050525], [78.1305132, 10.0029205], [78.1303818, 10.0029567], [78.1302806, 10.002309], [78.1305743, 10.0022351], [78.1306148, 10.0023145], [78.1310248, 10.0022749], [78.1315634, 10.0029623], [78.1319707, 10.0036012], [78.1322389, 10.0035077], [78.1326827, 10.0041364], [78.1327658, 10.0043336], [78.1329809, 10.0046184], [78.1333284, 10.0049896]]]}, "properties": {"kind": "landuse", "name": "Madurai Chettikulam Flyover Project Site", "osm_id": 823715565, "tag": "industrial"}}, {"type": "Feature", "geometry": {"type": "Polygon", "coordinates": [[[78.0879135, 9.9358779], [78.0895979, 9.9343983], [78.0877794, 9.9326546], [78.0865831, 9.9334631], [78.0879135, 9.9358779]]]}, "properties": {"kind": "landuse", "name": "JK Fenner", "osm_id": 850010015, "tag": "industrial"}}, {"type": "Feature", "geometry": {"type": "Polygon", "coordinates": [[[78.0847609, 9.9323884], [78.0854439, 9.9321922], [78.0876229, 9.9321761], [78.0874319, 9.9310949], [78.0851802, 9.9314108], [78.0847609, 9.9323884]]]}, "properties": {"kind": "landuse", "name": "TVS Tyre industries", "osm_id": 850010016, "tag": "industrial"}}, {"type": "Feature", "geometry": {"type": "Polygon", "coordinates": [[[78.0488493, 9.9306727], [78.0483486, 9.9282106], [78.0482611, 9.9278578], [78.0493657, 9.9276363], [78.0494134, 9.9278232], [78.0496596, 9.9280209], [78.0497808, 9.9284557], [78.0498713, 9.9288206], [78.0499299, 9.9291509], [78.05058, 9.9291252], [78.0505765, 9.9297175], [78.0496989, 9.929758], [78.0491578, 9.9298134], [78.0493094, 9.9306824], [78.0488493, 9.9306727]]]}, "properties": {"kind": "landuse", "name": "Venkatraman Nagar", "osm_id": 877725510, "tag": "residential"}}, {"type": "Feature", "geometry": {"type": "Polygon", "coordinates": [[[78.0378796, 9.9267509], [78.0381156, 9.9270116], [78.0384399, 9.9270233], [78.0385424, 9.9270374], [78.0387093, 9.926873], [78.0390026, 9.926873], [78.0395802, 9.9268454], [78.0397393, 9.9268378], [78.039995, 9.9267955], [78.0398784, 9.9265794], [78.0399323, 9.9264425], [78.0397083, 9.9264006], [78.0397025, 9.9263075], [78.039798, 9.9262027], [78.0397168, 9.9260124], [78.039552, 9.9260126], [78.0388643, 9.9260135], [78.0384947, 9.9261967], [78.0378796, 9.9267509]]]}, "properties": {"kind": "landuse", "name": "", "osm_id": 884208594, "tag": "quarry"}}, {"type": "Feature", "geometry": {"type": "Polygon", "coordinates": [[[78.1694173, 9.9803216], [78.1694031, 9.9804277], [78.1696857, 9.9811043], [78.1697792, 9.9811444], [78.1703036, 9.9808741], [78.1706776, 9.9806979], [78.1703463, 9.9799492], [78.1699276, 9.9801414], [78.1697223, 9.9802155], [78.1694173, 9.9803216]]]}, "properties": {"kind": "landuse", "name": "", "osm_id": 910592132, "tag": "orchard"}}, {"type": "Feature", "geometry": {"type": "Polygon", "coordinates": [[[78.1693219, 9.980366], [78.1679385, 9.9809304], [78.1681326, 9.9813157], [78.1682867, 9.9812702], [78.1684592, 9.981695], [78.1687304, 9.9817497], [78.1691062, 9.9816404], [78.1693527, 9.981604], [78.1696331, 9.9815403], [78.1696608, 9.9814189], [78.1696547, 9.9812186], [78.1696454, 9.9811246], [78.1693219, 9.980366]]]}, "properties": {"kind": "landuse", "name": "", "osm_id": 910592133, "tag": "orchard"}}, {"type": "Feature", "geometry": {"type": "Polygon", "coordinates": [[[78.1677167, 9.9806118], [78.1678769, 9.9809122], [78.1704403, 9.9798683], [78.1700521, 9.9791067], [78.1693065, 9.9794192], [78.1685486, 9.9798076], [78.1680895, 9.9801202], [78.1680094, 9.9801718], [78.1680494, 9.9802507], [78.1678615, 9.9803751], [78.1679293, 9.9804934], [78.1677167, 9.9806118]]]}, "properties": {"kind": "landuse", "name": "", "osm_id": 910592134, "tag": "orchard"}}, {"type": "Feature", "geometry": {"type": "Polygon", "coordinates": [[[78.1878959, 9.8661181], [78.188471, 9.8658758], [78.1885896, 9.8663692], [78.1887152, 9.8663273], [78.1887718, 9.8664476], [78.1886214, 9.8664825], [78.1887506, 9.8669079], [78.1885294, 9.8670177], [78.1883489, 9.866948], [78.1882728, 9.8669916], [78.1881189, 9.8669916], [78.1878959, 9.8661181]]]}, "properties": {"kind": "landuse", "name": "", "osm_id": 912725530, "tag": "orchard"}}, {"type": "Feature", "geometry": {"type": "Polygon", "coordinates": [[[78.0180968, 9.8952817], [78.0179975, 9.8950465], [78.0180834, 9.8949039], [78.018145, 9.8944097], [78.0190114, 9.894304], [78.0187405, 9.8952236], [78.018601, 9.8953583], [78.0184535, 9.8954244], [78.0184669, 9.8953319], [78.0180968, 9.8952817]]]}, "properties": {"kind": "landuse", "name": "", "osm_id": 912985587, "tag": "orchard"}}, {"type": "Feature", "geometry": {"type": "Polygon", "coordinates": [[[77.9937925, 9.8232488], [77.9943809, 9.8230808], [77.9943249, 9.8229014], [77.9946238, 9.8228163], [77.9947172, 9.82312], [77.9950231, 9.8230578], [77.9950978, 9.8232028], [77.9949927, 9.8232166], [77.9950838, 9.8234858], [77.9947359, 9.8235847], [77.9948269, 9.8237941], [77.9948666, 9.8237987], [77.994981, 9.8241875], [77.9945724, 9.8242818], [77.994054, 9.8243647], [77.9937925, 9.8232488]]]}, "properties": {"kind": "landuse", "name": "", "osm_id": 916550067, "tag": "orchard"}}, {"type": "Feature", "geometry": {"type": "Polygon", "coordinates": [[[77.9971031, 9.8212381], [77.9971615, 9.821551], [77.9972502, 9.8218823], [77.9974721, 9.8225702], [77.9978386, 9.8224828], [77.9976635, 9.8217489], [77.9985321, 9.8215855], [77.9984247, 9.8209413], [77.9971031, 9.8212381]]]}, "properties": {"kind": "landuse", "name": "", "osm_id": 916550071, "tag": "farmland"}}, {"type": "Feature", "geometry": {"type": "Polygon", "coordinates": [[[78.0456754, 9.8350592], [78.0457612, 9.8356511], [78.0450745, 9.8363277], [78.0450574, 9.8377654], [78.0489884, 9.8378499], [78.0483361, 9.8365137], [78.0481988, 9.8355327], [78.0482503, 9.8351606], [78.0456754, 9.8350592]]]}, "properties": {"kind": "landuse", "name": "", "osm_id": 921413078, "tag": "quarry"}}, {"type": "Feature", "geometry": {"type": "Polygon", "coordinates": [[[78.0744459, 9.935421], [78.074432, 9.9347295], [78.0741542, 9.9347456], [78.0741466, 9.935018], [78.0738385, 9.9350603], [78.0738549, 9.9353253], [78.0739837, 9.9354036], [78.0744459, 9.935421]]]}, "properties": {"kind": "landuse", "name": "", "osm_id": 954483497, "tag": "orchard"}}, {"type": "Feature", "geometry": {"type": "Polygon", "coordinates": [[[78.2634982, 10.0798259], [78.2633963, 10.0791577], [78.2640347, 10.0790442], [78.264083, 10.0788276], [78.2643914, 10.0785873], [78.2646248, 10.0787167], [78.2646596, 10.0789914], [78.264783, 10.0791287], [78.2651961, 10.0792264], [78.2652631, 10.0794509], [78.2651076, 10.0796199], [78.2649118, 10.079913], [78.2648474, 10.0801164], [78.2646838, 10.0802906], [78.2647482, 10.0806287], [78.2645711, 10.0808426], [78.2645711, 10.0812361], [78.2643968, 10.0815477], [78.2640427, 10.0816322], [78.2638496, 10.081516], [78.2638174, 10.0813232], [78.2636565, 10.0813206], [78.2636753, 10.0811648], [78.2636967, 10.0805072], [78.2637423, 10.0800239], [78.2634982, 10.0798259]]]}, "properties": {"kind": "landuse", "name": "", "osm_id": 968352937, "tag": "residential"}}, {"type": "Feature", "geometry": {"type": "Polygon", "coordinates": [[[77.9701349, 10.0152743], [77.9700629, 10.0143609], [77.9712173, 10.0142138], [77.9712625, 10.0151432], [77.9701349, 10.0152743]]]}, "properties": {"kind": "landuse", "name": "", "osm_id": 972358906, "tag": "farmland"}}, {"type": "Feature", "geometry": {"type": "Polygon", "coordinates": [[[78.1387694, 9.9281355], [78.1392371, 9.9284612], [78.1396169, 9.9297278], [78.1399255, 9.9297216], [78.1405982, 9.9295866], [78.141204, 9.9282097], [78.1411224, 9.9279284], [78.1403335, 9.9269978], [78.1397769, 9.9263702], [78.1389912, 9.9262053], [78.1388092, 9.9266556], [78.1384189, 9.9270885], [78.1382107, 9.9273843], [78.1381103, 9.9276069], [78.1380883, 9.9278954], [78.1381082, 9.9281232], [78.1387694, 9.9281355]]]}, "properties": {"kind": "landuse", "name": "", "osm_id": 972548961, "tag": "commercial"}}, {"type": "Feature", "geometry": {"type": "Polygon", "coordinates": [[[77.976832, 9.8060818], [77.9767683, 9.806026], [77.9766763, 9.8056494], [77.9764994, 9.8055238], [77.9764073, 9.8057331], [77.9763012, 9.8057958], [77.9762162, 9.8056912], [77.9762587, 9.8053425], [77.9766622, 9.8053006], [77.976825, 9.8053215], [77.9766976, 9.8047008], [77.9763861, 9.8038428], [77.9760039, 9.8039335], [77.9758411, 9.8030546], [77.9762728, 9.8029221], [77.9762587, 9.8023571], [77.9760251, 9.8023223], [77.9760039, 9.802127], [77.9762658, 9.8019038], [77.9759826, 9.8017224], [77.9760605, 9.8015411], [77.9763366, 9.8016317], [77.9763366, 9.8013318], [77.9762091, 9.8010249], [77.9762091, 9.8005576], [77.9764427, 9.7999856], [77.9771506, 9.8003065], [77.9770302, 9.8005366], [77.9765701, 9.8005994], [77.9766268, 9.800997], [77.976832, 9.8012132], [77.977915, 9.8008505], [77.9779433, 9.800446], [77.9796988, 9.8000065], [77.9801023, 9.800439], [77.9803854, 9.8004669], [77.9803854, 9.8009831], [77.9800739, 9.801004], [77.9798333, 9.8008575], [77.9789131, 9.8010668], [77.9789343, 9.8014085], [77.9787715, 9.8014853], [77.978906, 9.8019665], [77.978637, 9.8020363], [77.9787432, 9.8028733], [77.978276, 9.8029221], [77.9777947, 9.8030895], [77.9775611, 9.8026571], [77.9773204, 9.8025873], [77.977101, 9.8026152], [77.9768816, 9.8029361], [77.976648, 9.8035638], [77.9765631, 9.8036824], [77.9766976, 9.8042404], [77.9775186, 9.8041497], [77.9777664, 9.8050425], [77.9776177, 9.8050914], [77.9777381, 9.8054471], [77.9772567, 9.8055099], [77.977101, 9.8053983], [77.976832, 9.8055447], [77.976917, 9.806026], [77.976832, 9.8060818]]]}, "properties": {"kind": "landuse", "name": "", "osm_id": 972953135, "tag": "residential"}}, {"type": "Feature", "geometry": {"type": "Polygon", "coordinates": [[[77.9859996, 9.792527], [77.9858387, 9.7922521], [77.9857314, 9.7921886], [77.9857206, 9.7919455], [77.9859781, 9.7918609], [77.9857421, 9.7908459], [77.9869437, 9.7905816], [77.9871368, 9.7913111], [77.987566, 9.7912583], [77.9874051, 9.7907825], [77.9884672, 9.7905605], [77.988317, 9.7902539], [77.9879844, 9.790275], [77.9879951, 9.7900847], [77.9882097, 9.7899578], [77.9881454, 9.7896724], [77.989347, 9.7889429], [77.989347, 9.7886151], [77.9897439, 9.7884142], [77.9906452, 9.7881816], [77.9914606, 9.7884777], [77.9915786, 9.7890063], [77.9915786, 9.7898098], [77.9920185, 9.7902856], [77.9924476, 9.7904124], [77.9928446, 9.789979], [77.9936385, 9.7900636], [77.9939926, 9.7886045], [77.9942715, 9.78852], [77.9944754, 9.7888688], [77.9955161, 9.7886045], [77.9957628, 9.7891649], [77.9957199, 9.7895561], [77.9957521, 9.7899367], [77.9965031, 9.7902856], [77.9959774, 9.7909199], [77.9954731, 9.7912371], [77.9943788, 9.7911842], [77.9936922, 9.7910785], [77.993027, 9.7912371], [77.9929519, 9.7916283], [77.9924476, 9.7916917], [77.9924369, 9.7913746], [77.9916751, 9.7910785], [77.9912996, 9.7913217], [77.9904842, 9.7913851], [77.9899156, 9.7920829], [77.989347, 9.7917975], [77.9901195, 9.791216], [77.9884887, 9.7915543], [77.9884243, 9.7918609], [77.98792, 9.7919349], [77.9881024, 9.7925587], [77.987802, 9.7926538], [77.9875016, 9.79166], [77.9865682, 9.7917763], [77.986654, 9.7924424], [77.9859996, 9.792527]]]}, "properties": {"kind": "landuse", "name": "", "osm_id": 972953289, "tag": "residential"}}, {"type": "Feature", "geometry": {"type": "Polygon", "coordinates": [[[78.1867763, 9.8734577], [78.1846949, 9.8747366], [78.1844187, 9.8749031], [78.1843328, 9.8740152], [78.1846373, 9.8736757], [78.1847848, 9.8736426], [78.184758, 9.8730679], [78.185104, 9.872982], [78.1854983, 9.8729278], [78.1854701, 9.8726173], [78.1853333, 9.8726279], [78.1852448, 9.8719488], [78.1851831, 9.8719594], [78.1850651, 9.8712036], [78.1854379, 9.8711613], [78.1860951, 9.87123], [78.1865564, 9.8712274], [78.1864518, 9.8708944], [78.1871599, 9.8707597], [78.187345, 9.8710107], [78.1874603, 9.8714176], [78.1874844, 9.8714916], [78.1878492, 9.8713727], [78.1879565, 9.8716317], [78.1881791, 9.8719395], [78.1882301, 9.8720505], [78.1884259, 9.87211], [78.1885385, 9.8723861], [78.1879377, 9.872731], [78.1872082, 9.873196], [78.1867763, 9.8734577]]]}, "properties": {"kind": "landuse", "name": "", "osm_id": 973035410, "tag": "residential"}}, {"type": "Feature", "geometry": {"type": "Polygon", "coordinates": [[[78.1945427, 9.8725856], [78.1935556, 9.8728512], [78.1931466, 9.8729371], [78.192586, 9.873089], [78.192189, 9.8732304], [78.1918605, 9.8733546], [78.1913334, 9.87357], [78.1908627, 9.8737496], [78.1905328, 9.8738989], [78.1906441, 9.8741434], [78.190459, 9.8743006], [78.1901345, 9.8744407], [78.1899413, 9.8745133], [78.1898971, 9.8743997], [78.1897429, 9.8744512], [78.1897013, 9.8743601], [78.1895363, 9.8743799], [78.189366, 9.8744684], [78.1896262, 9.8748357], [78.1894103, 9.8749559], [78.1891407, 9.8746283], [78.189079, 9.8745622], [78.1888725, 9.8747855], [78.1886391, 9.8750088], [78.1884487, 9.8752004], [78.1882542, 9.8753721], [78.1880504, 9.8755571], [78.1880464, 9.8755862], [78.1882864, 9.8757817], [78.1878184, 9.8763036], [78.1875153, 9.8760948], [78.1872685, 9.8763921], [78.1872524, 9.8764569], [78.1870432, 9.8766405], [78.1868595, 9.8767924], [78.1866127, 9.8764727], [78.1867093, 9.876408], [78.1868461, 9.8763102], [78.1867817, 9.8762322], [78.1867817, 9.8759878], [78.1867656, 9.8756879], [78.186767, 9.8754157], [78.1868702, 9.8752717], [78.1869829, 9.8752136], [78.1871317, 9.8750907], [78.1872283, 9.8749533], [78.187286, 9.8748529], [78.1874201, 9.874623], [78.1876038, 9.8744367], [78.1876776, 9.8744235], [78.1878009, 9.8742002], [78.1879753, 9.8738487], [78.1882247, 9.8733837], [78.1883669, 9.8732278], [78.1885412, 9.8730771], [78.1887612, 9.8729265], [78.1889328, 9.8728393], [78.1892171, 9.8728208], [78.1895283, 9.8727944], [78.1896839, 9.8727389], [78.1899548, 9.872657], [78.1903222, 9.8725328], [78.1905583, 9.8723927], [78.1907165, 9.8722421], [78.1908399, 9.8720888], [78.1910223, 9.8719382], [78.191328, 9.871777], [78.1916499, 9.8716449], [78.1918216, 9.8715868], [78.1919208, 9.8717823], [78.1924546, 9.8717823], [78.1924707, 9.8719964], [78.192535, 9.8720571], [78.1930447, 9.8719541], [78.192822, 9.8712829], [78.194029, 9.8708337], [78.1942597, 9.8716423], [78.1944743, 9.8722104], [78.1945427, 9.8725856]]]}, "properties": {"kind": "landuse", "name": "", "osm_id": 973035411, "tag": "residential"}}, {"type": "Feature", "geometry": {"type": "Polygon", "coordinates": [[[78.3013415, 10.0322614], [78.301422, 10.0317965], [78.3013147, 10.0314373], [78.3015186, 10.0312419], [78.3024627, 10.0309619], [78.3026558, 10.0303016], [78.3028328, 10.0297787], [78.3035034, 10.0294036], [78.3041578, 10.0292187], [78.3048177, 10.0296836], [78.3051932, 10.0297628], [78.3058852, 10.0298368], [78.3058423, 10.0307506], [78.3063573, 10.0312736], [78.3063894, 10.0316592], [78.3060783, 10.0321663], [78.3057672, 10.0332281], [78.3052522, 10.0331964], [78.3046192, 10.0332439], [78.3040076, 10.0332915], [78.3034122, 10.0333232], [78.3032352, 10.0326946], [78.3025056, 10.0326312], [78.3017224, 10.0323353], [78.3013415, 10.0322614]]]}, "properties": {"kind": "landuse", "name": "", "osm_id": 973213677, "tag": "residential"}}, {"type": "Feature", "geometry": {"type": "Polygon", "coordinates": [[[78.300451, 10.0337088], [78.3001935, 10.0320818], [78.3004564, 10.0318652], [78.3008051, 10.03158], [78.3003223, 10.0312313], [78.2996571, 10.0311257], [78.2990992, 10.0312894], [78.2987666, 10.0317279], [78.2989222, 10.0325942], [78.2994533, 10.03317], [78.2998341, 10.033825], [78.2996893, 10.0340204], [78.2997805, 10.0343427], [78.3001399, 10.0345751], [78.3002472, 10.0340574], [78.300451, 10.0337088]]]}, "properties": {"kind": "landuse", "name": "", "osm_id": 973213678, "tag": "residential"}}, {"type": "Feature", "geometry": {"type": "Polygon", "coordinates": [[[78.3125746, 10.0310834], [78.3140927, 10.0311204], [78.3142161, 10.0305763], [78.3141732, 10.0301009], [78.3138353, 10.0296255], [78.313095, 10.0295198], [78.3132613, 10.0288859], [78.3139586, 10.0287169], [78.3144361, 10.0286641], [78.315525, 10.0287908], [78.3162492, 10.0287961], [78.3165282, 10.0282309], [78.3171934, 10.0283366], [78.3167481, 10.0292768], [78.3173865, 10.0295568], [78.317644, 10.0302805], [78.3176815, 10.0306767], [78.3169895, 10.0308668], [78.3164424, 10.0310412], [78.3161902, 10.0315324], [78.3160078, 10.0318388], [78.3152085, 10.0320659], [78.3136368, 10.0321082], [78.3130896, 10.0319761], [78.3124888, 10.0315588], [78.3125746, 10.0310834]]]}, "properties": {"kind": "landuse", "name": "", "osm_id": 973213679, "tag": "residential"}}, {"type": "Feature", "geometry": {"type": "Polygon", "coordinates": [[[78.3202404, 10.0410882], [78.3209217, 10.0409244], [78.3207178, 10.0397042], [78.3210504, 10.0396355], [78.3208895, 10.039065], [78.3213884, 10.0390281], [78.3211523, 10.0384523], [78.3209217, 10.0382516], [78.3206481, 10.037211], [78.3198863, 10.0372162], [78.3200043, 10.0379294], [78.3191246, 10.0382463], [78.3196717, 10.040655], [78.3200902, 10.040618], [78.3202404, 10.0410882]]]}, "properties": {"kind": "landuse", "name": "", "osm_id": 973213680, "tag": "residential"}}, {"type": "Feature", "geometry": {"type": "Polygon", "coordinates": [[[78.3183038, 10.0474691], [78.3181751, 10.0461802], [78.3185399, 10.0461063], [78.3183038, 10.0453932], [78.3188242, 10.0452664], [78.3189744, 10.0457735], [78.3195966, 10.0456467], [78.3195376, 10.044622], [78.3204603, 10.0444318], [78.3205837, 10.0450921], [78.321206, 10.0454354], [78.3209163, 10.0477701], [78.3204174, 10.0478124], [78.3203691, 10.0475113], [78.3200687, 10.0474638], [78.3200043, 10.0471204], [78.3192587, 10.0470993], [78.3190602, 10.0473212], [78.3183038, 10.0474691]]]}, "properties": {"kind": "landuse", "name": "", "osm_id": 973213681, "tag": "residential"}}, {"type": "Feature", "geometry": {"type": "Polygon", "coordinates": [[[78.2613283, 10.0665054], [78.2606041, 10.0658187], [78.2602447, 10.0655757], [78.2601482, 10.0647412], [78.2615536, 10.0642077], [78.2614678, 10.0629348], [78.2619023, 10.0623749], [78.2618648, 10.0619471], [78.2616663, 10.06172], [78.261162, 10.0616988], [78.2598424, 10.0617992], [78.2593864, 10.0619418], [78.2591879, 10.0621848], [78.258909, 10.0628028], [78.258909, 10.063125], [78.2580775, 10.0633679], [78.257128, 10.0635422], [78.2570636, 10.0640466], [78.2564601, 10.0641761], [78.2563931, 10.0646725], [78.2563743, 10.0653988], [78.2557225, 10.0657184], [78.2562187, 10.0665714], [78.2574472, 10.0663997], [78.2580587, 10.0663522], [78.2581848, 10.0660353], [78.2585871, 10.0661198], [78.2588205, 10.0665423], [78.2589787, 10.0670864], [78.2592684, 10.0674376], [78.2603493, 10.0672078], [78.2605344, 10.0669675], [78.2608107, 10.0666163], [78.2613283, 10.0665054]]]}, "properties": {"kind": "landuse", "name": "", "osm_id": 973213682, "tag": "residential"}}, {"type": "Feature", "geometry": {"type": "Polygon", "coordinates": [[[78.2701394, 10.0629665], [78.2698095, 10.0620897], [78.2695627, 10.0617358], [78.2692194, 10.0617385], [78.2690746, 10.0610465], [78.2695681, 10.0609831], [78.2698631, 10.0608643], [78.26978, 10.0605078], [78.2701635, 10.0602859], [78.2702735, 10.0598819], [78.2704934, 10.0598132], [78.270582, 10.060006], [78.2707965, 10.0599162], [78.270877, 10.0602569], [78.2711238, 10.0601776], [78.2713222, 10.0602225], [78.2721323, 10.0598502], [78.2722315, 10.0600879], [78.2718158, 10.0602727], [78.2720572, 10.0608432], [78.2714751, 10.0610201], [78.2715958, 10.0614453], [78.2711747, 10.0615113], [78.270987, 10.0623644], [78.2707939, 10.0624383], [78.2707858, 10.0628714], [78.2701394, 10.0629665]]]}, "properties": {"kind": "landuse", "name": "", "osm_id": 973213683, "tag": "residential"}}, {"type": "Feature", "geometry": {"type": "Polygon", "coordinates": [[[78.3264846, 10.0632649], [78.3264148, 10.0622534], [78.3260661, 10.062058], [78.3262365, 10.0613568], [78.3268306, 10.0613384], [78.3278646, 10.0612697], [78.327831, 10.0616764], [78.3280081, 10.0616764], [78.3282065, 10.0621821], [78.328236, 10.0627843], [78.3282736, 10.0629982], [78.3274448, 10.0630563], [78.3270505, 10.0631434], [78.3270183, 10.0632517], [78.3264846, 10.0632649]]]}, "properties": {"kind": "landuse", "name": "", "osm_id": 973213684, "tag": "residential"}}, {"type": "Feature", "geometry": {"type": "Polygon", "coordinates": [[[78.3209324, 10.0680054], [78.3214393, 10.068177], [78.3220106, 10.0681559], [78.3230594, 10.0674455], [78.3237004, 10.0672316], [78.3236334, 10.0667615], [78.3235502, 10.0664578], [78.3231774, 10.066434], [78.3223754, 10.064934], [78.3223888, 10.0646514], [78.3217102, 10.0647016], [78.3216378, 10.0645035], [78.3209753, 10.0644137], [78.3201304, 10.0648865], [78.3204147, 10.0654595], [78.3205596, 10.0660564], [78.3207607, 10.0679235], [78.3209324, 10.0680054]]]}, "properties": {"kind": "landuse", "name": "", "osm_id": 973213685, "tag": "residential"}}, {"type": "Feature", "geometry": {"type": "Polygon", "coordinates": [[[78.311491, 10.0649419], [78.3114132, 10.0641259], [78.3112603, 10.0639965], [78.311255, 10.0637139], [78.311727, 10.0635977], [78.3119068, 10.0637429], [78.3124888, 10.0636056], [78.3124834, 10.0639938], [78.3127516, 10.0646171], [78.3125263, 10.0647227], [78.3125505, 10.0651347], [78.312124, 10.0653143], [78.3120382, 10.0648733], [78.311491, 10.0649419]]]}, "properties": {"kind": "landuse", "name": "", "osm_id": 973213686, "tag": "residential"}}, {"type": "Feature", "geometry": {"type": "Polygon", "coordinates": [[[78.3137387, 10.0622429], [78.3138835, 10.0617649], [78.3140203, 10.0614876], [78.3139908, 10.0612472], [78.3139238, 10.0608352], [78.3139533, 10.0607032], [78.3143154, 10.0605923], [78.3153185, 10.0602912], [78.3155599, 10.0606504], [78.3162144, 10.0605157], [78.3163619, 10.0607639], [78.3163378, 10.0611178], [78.3156431, 10.0612499], [78.3157074, 10.0615589], [78.3159971, 10.0618916], [78.3161822, 10.0621399], [78.3161741, 10.0625255], [78.31615, 10.062845], [78.3163539, 10.0630088], [78.3164236, 10.0632966], [78.3164692, 10.063397], [78.3170137, 10.0633996], [78.3169788, 10.0641549], [78.3174857, 10.0642368], [78.3178988, 10.064279], [78.3183065, 10.0647676], [78.318336, 10.065074], [78.3179632, 10.0651004], [78.3180061, 10.0647333], [78.3177513, 10.0645722], [78.3171236, 10.064559], [78.3168018, 10.0652536], [78.3164638, 10.0652192], [78.3162412, 10.0648072], [78.3162975, 10.0644745], [78.3151603, 10.0645616], [78.3151093, 10.0641628], [78.3146855, 10.0641417], [78.3146051, 10.0636294], [78.3143932, 10.0634973], [78.3137602, 10.0634868], [78.313677, 10.063051], [78.3141571, 10.0629929], [78.3140713, 10.0626892], [78.3139238, 10.0626892], [78.3138111, 10.0622851], [78.3137387, 10.0622429]]]}, "properties": {"kind": "landuse", "name": "", "osm_id": 973213688, "tag": "residential"}}, {"type": "Feature", "geometry": {"type": "Polygon", "coordinates": [[[78.3054131, 10.050015], [78.3050269, 10.04861], [78.3060247, 10.0486153], [78.3059066, 10.0482455], [78.3052415, 10.0481029], [78.3050644, 10.0476011], [78.3049518, 10.0468141], [78.3047265, 10.0465922], [78.3042008, 10.0466028], [78.3041686, 10.0465288], [78.3032459, 10.0474426], [78.3028436, 10.0479603], [78.3026826, 10.0482878], [78.302747, 10.0496453], [78.3030313, 10.0498724], [78.3036751, 10.0498619], [78.3042705, 10.0500256], [78.304925, 10.0501524], [78.3054131, 10.050015]]]}, "properties": {"kind": "landuse", "name": "", "osm_id": 973213689, "tag": "residential"}}, {"type": "Feature", "geometry": {"type": "Polygon", "coordinates": [[[78.2975677, 10.053039], [78.2986861, 10.0527802], [78.299177, 10.0532054], [78.2991743, 10.0536042], [78.2994774, 10.0534774], [78.2999092, 10.0543622], [78.2991743, 10.0546659], [78.2991958, 10.0550488], [78.2988256, 10.055136], [78.2987854, 10.0548825], [78.2981443, 10.0548877], [78.2975677, 10.053039]]]}, "properties": {"kind": "landuse", "name": "", "osm_id": 973213690, "tag": "residential"}}, {"type": "Feature", "geometry": {"type": "Polygon", "coordinates": [[[78.284626, 10.0654437], [78.2851678, 10.0649419], [78.2852322, 10.0645775], [78.2856265, 10.0642606], [78.2855219, 10.0635607], [78.2849103, 10.0631355], [78.2839823, 10.0634683], [78.2832795, 10.0633785], [78.2831401, 10.063125], [78.2833546, 10.0625387], [78.2835585, 10.0619841], [78.283934, 10.0613661], [78.2837248, 10.0610703], [78.2833654, 10.060933], [78.2834673, 10.0607006], [78.2839018, 10.0602146], [78.2840627, 10.0599717], [78.2845885, 10.0600614], [78.284964, 10.0600667], [78.2855219, 10.0600826], [78.2856935, 10.0597287], [78.2854736, 10.0577268], [78.2860798, 10.0575948], [78.2861978, 10.0567708], [78.2863748, 10.0565912], [78.2866752, 10.0566493], [78.2871044, 10.0556668], [78.2876623, 10.0552654], [78.2881772, 10.0545893], [78.2889873, 10.054172], [78.2893789, 10.054246], [78.2894808, 10.055033], [78.2888263, 10.0552707], [78.2886922, 10.0557302], [78.2890516, 10.0574046], [78.2886869, 10.0577321], [78.2886064, 10.0582075], [78.2893413, 10.0582867], [78.2892743, 10.0584135], [78.2889739, 10.0584372], [78.2889149, 10.0588519], [78.2882658, 10.0589179], [78.2880378, 10.0608749], [78.2875228, 10.0612552], [78.2874155, 10.0618573], [78.2881933, 10.063838], [78.2882202, 10.0642342], [78.2881129, 10.0643662], [78.2867771, 10.0647148], [78.286702, 10.0653117], [78.286761, 10.0655599], [78.2872975, 10.0655705], [78.2878339, 10.0660986], [78.2875228, 10.066537], [78.2871312, 10.0669966], [78.2865572, 10.0670758], [78.285774, 10.0665899], [78.2857418, 10.0662782], [78.2852805, 10.0663522], [78.284626, 10.0654437]]]}, "properties": {"kind": "landuse", "name": "", "osm_id": 973213691, "tag": "residential"}}, {"type": "Feature", "geometry": {"type": "Polygon", "coordinates": [[[78.0354837, 10.0444028], [78.0355132, 10.0447751], [78.0362695, 10.044725], [78.0363044, 10.0451502], [78.0361435, 10.045166], [78.0361435, 10.0454565], [78.0362239, 10.045858], [78.0349848, 10.0456784], [78.0348372, 10.0455596], [78.0347353, 10.045343], [78.0346468, 10.0449944], [78.0345744, 10.0446404], [78.0345502, 10.0445348], [78.0354837, 10.0444028]]]}, "properties": {"kind": "landuse", "name": "", "osm_id": 973257699, "tag": "residential"}}, {"type": "Feature", "geometry": {"type": "Polygon", "coordinates": [[[78.0375731, 10.0430584], [78.037608, 10.0425645], [78.0378292, 10.042616], [78.0377635, 10.0430611], [78.0375731, 10.0430584]]]}, "properties": {"kind": "landuse", "name": "", "osm_id": 973257700, "tag": "residential"}}, {"type": "Feature", "geometry": {"type": "Polygon", "coordinates": [[[78.0388638, 10.042834], [78.0388653, 10.0425204], [78.0391195, 10.0425215], [78.039118, 10.0428352], [78.0388638, 10.042834]]]}, "properties": {"kind": "landuse", "name": "", "osm_id": 973257701, "tag": "residential"}}, {"type": "Feature", "geometry": {"type": "Polygon", "coordinates": [[[78.0418137, 10.0450393], [78.041465, 10.045034], [78.0414703, 10.0448253], [78.0411646, 10.0447989], [78.0409956, 10.0443711], [78.0407703, 10.0443658], [78.0407676, 10.0442311], [78.0406925, 10.0431218], [78.0410787, 10.0431086], [78.0410694, 10.0435913], [78.0413785, 10.0436751], [78.0414013, 10.0435635], [78.0414623, 10.0435259], [78.0414677, 10.0434427], [78.0419491, 10.0434348], [78.0419531, 10.0436632], [78.0424091, 10.0436923], [78.0422415, 10.0439749], [78.0421557, 10.044239], [78.042043, 10.0445401], [78.0419438, 10.0447751], [78.0418137, 10.0450393]]]}, "properties": {"kind": "landuse", "name": "", "osm_id": 973257702, "tag": "residential"}}, {"type": "Feature", "geometry": {"type": "Polygon", "coordinates": [[[78.0435598, 10.0391654], [78.0435571, 10.0387983], [78.0437019, 10.0388141], [78.0440721, 10.0389171], [78.0440748, 10.0389805], [78.0442384, 10.0389858], [78.0442384, 10.0392156], [78.0447158, 10.0391971], [78.044984, 10.0391548], [78.0449867, 10.0389726], [78.045145, 10.0389673], [78.0451477, 10.0390624], [78.0452496, 10.0390624], [78.045676, 10.0391205], [78.045719, 10.0391192], [78.0457176, 10.0388709], [78.0459107, 10.0388656], [78.0459148, 10.038756], [78.0457216, 10.0387574], [78.0457163, 10.0384827], [78.0457042, 10.0381578], [78.0456962, 10.037833], [78.0449398, 10.0378475], [78.0449344, 10.0375517], [78.0445629, 10.0375503], [78.0445562, 10.0378884], [78.0444463, 10.0378118], [78.0441901, 10.0378237], [78.0440989, 10.037833], [78.0440935, 10.0380284], [78.0439474, 10.0380416], [78.0438361, 10.038101], [78.0434726, 10.038105], [78.0430958, 10.0381539], [78.0431293, 10.0391674], [78.0435598, 10.0391654]]]}, "properties": {"kind": "landuse", "name": "", "osm_id": 973257703, "tag": "residential"}}, {"type": "Feature", "geometry": {"type": "Polygon", "coordinates": [[[78.0389477, 10.0400172], [78.0396505, 10.0398983], [78.0397725, 10.0405877], [78.0393273, 10.040651], [78.0390497, 10.0404054], [78.0389477, 10.0400172]]]}, "properties": {"kind": "landuse", "name": "", "osm_id": 973257704, "tag": "residential"}}, {"type": "Feature", "geometry": {"type": "Polygon", "coordinates": [[[78.0446327, 10.0355919], [78.0446058, 10.0354665], [78.0448057, 10.0354189], [78.0448298, 10.0355536], [78.0446327, 10.0355919]]]}, "properties": {"kind": "landuse", "name": "", "osm_id": 973257735, "tag": "residential"}}, {"type": "Feature", "geometry": {"type": "Polygon", "coordinates": [[[78.046065, 10.0222656], [78.0470346, 10.0221917], [78.0472451, 10.0232944], [78.0473578, 10.0232838], [78.0474141, 10.0235506], [78.0471325, 10.0236087], [78.047221, 10.0239864], [78.0464914, 10.0241092], [78.0465531, 10.0244724], [78.0465719, 10.0246797], [78.0468167, 10.0250013], [78.0473618, 10.0249135], [78.0470105, 10.0255104], [78.0465209, 10.0257759], [78.0463627, 10.0259119], [78.0455352, 10.026242], [78.0452509, 10.0254959], [78.0451865, 10.0253018], [78.0450444, 10.0248541], [78.0450055, 10.0247326], [78.0451718, 10.0246811], [78.0450967, 10.0244235], [78.0453274, 10.0243562], [78.045208, 10.0241238], [78.0453113, 10.0237196], [78.044921, 10.0237117], [78.0447695, 10.0229273], [78.0450457, 10.0228243], [78.0450565, 10.0224333], [78.046006, 10.0222643], [78.046065, 10.0222656]]]}, "properties": {"kind": "landuse", "name": "", "osm_id": 973258214, "tag": "residential"}}, {"type": "Feature", "geometry": {"type": "Polygon", "coordinates": [[[78.0429241, 10.0204392], [78.0430931, 10.0203969], [78.0430502, 10.0201803], [78.043372, 10.0200879], [78.043423, 10.0202464], [78.0438066, 10.0201407], [78.0437187, 10.0198185], [78.0439635, 10.019693], [78.0435209, 10.0193985], [78.0431575, 10.0194857], [78.0432969, 10.0199743], [78.0428356, 10.0201169], [78.0429241, 10.0204392]]]}, "properties": {"kind": "landuse", "name": "", "osm_id": 973258215, "tag": "residential"}}, {"type": "Feature", "geometry": {"type": "Polygon", "coordinates": [[[78.0397242, 10.0216515], [78.0396143, 10.0210969], [78.0402768, 10.020978], [78.0403733, 10.0215115], [78.0397242, 10.0216515]]]}, "properties": {"kind": "landuse", "name": "", "osm_id": 973258408, "tag": "residential"}}, {"type": "Feature", "geometry": {"type": "Polygon", "coordinates": [[[78.0361515, 10.0225152], [78.0367134, 10.0225192], [78.0367202, 10.0228493], [78.0375838, 10.0228388], [78.0376066, 10.0224386], [78.0375946, 10.0218338], [78.0375691, 10.0214825], [78.0376241, 10.0211536], [78.0376388, 10.0206214], [78.0372606, 10.0206293], [78.0372606, 10.0207759], [78.0369803, 10.0208076], [78.0367845, 10.0209978], [78.0367309, 10.0211061], [78.0367295, 10.0211418], [78.036802, 10.021147], [78.0367966, 10.0212884], [78.0367751, 10.021361], [78.0367698, 10.0215763], [78.0365901, 10.0215829], [78.0366035, 10.0218668], [78.0361207, 10.021876], [78.0361247, 10.0217057], [78.0358042, 10.021711], [78.0360804, 10.0220939], [78.036126, 10.0222669], [78.0361515, 10.0225152]]]}, "properties": {"kind": "landuse", "name": "", "osm_id": 973258409, "tag": "residential"}}, {"type": "Feature", "geometry": {"type": "Polygon", "coordinates": [[[78.0258438, 10.017127], [78.0258572, 10.0168444], [78.0257204, 10.016773], [78.0257258, 10.0165749], [78.0262059, 10.0165406], [78.0264634, 10.0163055], [78.0266887, 10.0162738], [78.0270186, 10.0161972], [78.0270401, 10.0159806], [78.0272251, 10.0159252], [78.0271688, 10.0149954], [78.027032, 10.0150033], [78.0268738, 10.0151381], [78.0267718, 10.0151275], [78.026678, 10.0147577], [78.0266243, 10.0145041], [78.026627, 10.0143008], [78.0268738, 10.0142823], [78.0268684, 10.0141793], [78.0272385, 10.0141396], [78.0272198, 10.0138544], [78.0274504, 10.0138174], [78.0274665, 10.0140842], [78.0276704, 10.0140287], [78.0276731, 10.0136853], [78.0275148, 10.0131782], [78.0273217, 10.0126816], [78.0272144, 10.0122696], [78.02715, 10.012255], [78.0266833, 10.0123065], [78.0265599, 10.0124267], [78.0265345, 10.0124637], [78.0262595, 10.0125495], [78.0260624, 10.0125773], [78.0260637, 10.0131148], [78.0254924, 10.0131518], [78.0255032, 10.0135374], [78.0253047, 10.0135797], [78.0253221, 10.014236], [78.025074, 10.0143509], [78.0251022, 10.0146243], [78.0251048, 10.0147366], [78.0250297, 10.0150298], [78.0249815, 10.0152477], [78.0249748, 10.0153229], [78.024964, 10.0158274], [78.0249077, 10.0158935], [78.0248769, 10.0160718], [78.0249265, 10.0162897], [78.0249292, 10.0165208], [78.0249479, 10.0167598], [78.0249412, 10.0170636], [78.0252242, 10.0169843], [78.0254079, 10.0169738], [78.0255944, 10.0170226], [78.0258438, 10.017127]]]}, "properties": {"kind": "landuse", "name": "", "osm_id": 973258508, "tag": "residential"}}, {"type": "Feature", "geometry": {"type": "Polygon", "coordinates": [[[78.0162683, 10.0194302], [78.0162227, 10.0191819], [78.0162013, 10.0190551], [78.0161825, 10.0187936], [78.0161664, 10.0184397], [78.016161, 10.0182337], [78.0164373, 10.0181888], [78.0167082, 10.0181756], [78.017258, 10.0180858], [78.0167592, 10.0183341], [78.0167994, 10.0186616], [78.0168503, 10.0189416], [78.0168503, 10.0191898], [78.0168316, 10.0192347], [78.0166304, 10.0192427], [78.0166063, 10.0193959], [78.0162683, 10.0194302]]]}, "properties": {"kind": "landuse", "name": "", "osm_id": 973258580, "tag": "residential"}}, {"type": "Feature", "geometry": {"type": "Polygon", "coordinates": [[[78.0152839, 10.0317437], [78.0149862, 10.0317332], [78.0149862, 10.0315166], [78.0146912, 10.0315113], [78.0146992, 10.031234], [78.014431, 10.0312115], [78.0145651, 10.0307955], [78.0146737, 10.0304271], [78.0147395, 10.0302224], [78.0147837, 10.0300481], [78.014838, 10.0297714], [78.0149044, 10.0294789], [78.0149701, 10.0290814], [78.0150264, 10.0287248], [78.0150627, 10.0284897], [78.0151069, 10.0282045], [78.0151552, 10.0278651], [78.0151954, 10.0275851], [78.0152826, 10.0269763], [78.0153604, 10.0264005], [78.0154462, 10.0258023], [78.015516, 10.0253004], [78.0155723, 10.024928], [78.0161825, 10.0249109], [78.0161905, 10.0246679], [78.0164829, 10.0246652], [78.0167511, 10.0248501], [78.0171722, 10.0248554], [78.0171669, 10.0250324], [78.0175611, 10.0250218], [78.0175611, 10.0251908], [78.0173278, 10.0251935], [78.0173466, 10.0257296], [78.0174834, 10.0260043], [78.0174753, 10.0267809], [78.0175075, 10.0270582], [78.0177864, 10.0271084], [78.0180117, 10.0271084], [78.0180091, 10.0273329], [78.0174646, 10.0273408], [78.0174485, 10.0279615], [78.0179688, 10.0279747], [78.0179474, 10.0285769], [78.0174485, 10.0285716], [78.0165835, 10.0286007], [78.0161798, 10.0285677], [78.0161718, 10.0286799], [78.0162241, 10.0289348], [78.0162254, 10.0290695], [78.0162281, 10.0291157], [78.0161436, 10.0291236], [78.0161355, 10.029257], [78.0160443, 10.0292478], [78.0159827, 10.0294485], [78.0159746, 10.0296506], [78.0159773, 10.0297641], [78.0161262, 10.0297681], [78.0161208, 10.0299715], [78.0158445, 10.0301247], [78.0157828, 10.0301616], [78.0157936, 10.0306661], [78.0153993, 10.0306608], [78.0154127, 10.0310359], [78.0152893, 10.031057], [78.0152839, 10.0317437]]]}, "properties": {"kind": "landuse", "name": "", "osm_id": 973259274, "tag": "residential"}}, {"type": "Feature", "geometry": {"type": "Polygon", "coordinates": [[[78.0140555, 10.0242558], [78.0144471, 10.0242109], [78.0144659, 10.0246547], [78.015064, 10.0247894], [78.014895, 10.0259489], [78.0148199, 10.0264718], [78.0147502, 10.0269869], [78.0147046, 10.027457], [78.0146429, 10.0279773], [78.0145356, 10.0284792], [78.0145061, 10.0286614], [78.0144417, 10.0291976], [78.014372, 10.0296175], [78.0142593, 10.0300164], [78.014203, 10.0302118], [78.0139536, 10.0309989], [78.013798, 10.0315456], [78.0135673, 10.0323301], [78.0134976, 10.0326655], [78.0133823, 10.0331383], [78.0133045, 10.0338144], [78.0127814, 10.0337484], [78.0127761, 10.0339412], [78.0123711, 10.0339412], [78.0123925, 10.0338197], [78.0123281, 10.0335556], [78.0123845, 10.033413], [78.012473, 10.0332703], [78.0125052, 10.0331198], [78.0122235, 10.0330881], [78.0122182, 10.0327659], [78.0121914, 10.0325889], [78.0121323, 10.0324225], [78.0120224, 10.0323195], [78.0118936, 10.0322852], [78.0117461, 10.0322244], [78.0116388, 10.0320659], [78.0115557, 10.0320078], [78.011443, 10.0319973], [78.0113625, 10.0320395], [78.0113035, 10.032095], [78.0111775, 10.0320844], [78.0111641, 10.0317939], [78.0111292, 10.0317173], [78.0111614, 10.0316117], [78.0112499, 10.0315377], [78.0114752, 10.031506], [78.0120009, 10.0314558], [78.0119634, 10.0311072], [78.0119741, 10.0309461], [78.0117998, 10.0309329], [78.0117917, 10.0308325], [78.0117488, 10.0308325], [78.0117622, 10.0307269], [78.0116388, 10.030748], [78.0116442, 10.0308536], [78.0112928, 10.0308774], [78.0112043, 10.030262], [78.0109736, 10.0302805], [78.0110031, 10.0307321], [78.0103353, 10.0307057], [78.0103272, 10.0302937], [78.0103111, 10.0299873], [78.0101609, 10.0299979], [78.0101395, 10.0297549], [78.0103165, 10.0297496], [78.0102736, 10.0294115], [78.0103004, 10.0292451], [78.0103299, 10.0289123], [78.0103138, 10.0287644], [78.0106464, 10.0287565], [78.0106732, 10.0290893], [78.0109227, 10.0290629], [78.010928, 10.0287063], [78.01092, 10.0284765], [78.0109012, 10.0283366], [78.0109012, 10.0281622], [78.0116174, 10.0281596], [78.0120304, 10.0281913], [78.0124086, 10.028186], [78.0124354, 10.0280645], [78.0130202, 10.0280487], [78.0130202, 10.0277264], [78.0132616, 10.0277291], [78.0132589, 10.0270899], [78.0132535, 10.0267571], [78.0132401, 10.025727], [78.0136317, 10.0256636], [78.0137631, 10.0253652], [78.0137859, 10.0250957], [78.0138355, 10.0246943], [78.0137792, 10.0245754], [78.0137256, 10.0245675], [78.0137309, 10.024277], [78.0140555, 10.0242558]]]}, "properties": {"kind": "landuse", "name": "", "osm_id": 973259275, "tag": "residential"}}, {"type": "Feature", "geometry": {"type": "Polygon", "coordinates": [[[78.0217749, 10.0281147], [78.0218205, 10.0283933], [78.0221061, 10.0283418], [78.0221343, 10.0285241], [78.0222818, 10.0285095], [78.0222872, 10.0281979], [78.0222429, 10.0279905], [78.022593, 10.0278558], [78.0226546, 10.0286033], [78.0235371, 10.028532], [78.0235156, 10.0283669], [78.0238362, 10.0283616], [78.0238482, 10.0285346], [78.0240159, 10.0285346], [78.0240306, 10.0287142], [78.0243337, 10.0287063], [78.0243739, 10.028878], [78.0251893, 10.028804], [78.0251759, 10.0285188], [78.0262274, 10.0284554], [78.0265854, 10.0283867], [78.0266806, 10.0283815], [78.0266967, 10.0289071], [78.0271769, 10.0288886], [78.0271715, 10.028701], [78.0275497, 10.0286958], [78.0275282, 10.0283339], [78.0279171, 10.0283022], [78.0279198, 10.0282071], [78.0278528, 10.0278743], [78.0278434, 10.0277172], [78.0278353, 10.0275323], [78.0276838, 10.0273738], [78.0276851, 10.0271744], [78.0276811, 10.0268535], [78.0275738, 10.026868], [78.0273887, 10.026942], [78.0272546, 10.0269261], [78.0272707, 10.0267043], [78.026914, 10.0267069], [78.026922, 10.0265722], [78.0266538, 10.0265696], [78.0266324, 10.0264692], [78.0259833, 10.0264877], [78.0259672, 10.0262843], [78.0254978, 10.0262949], [78.0249667, 10.0263741], [78.0246556, 10.0262737], [78.0244464, 10.0262288], [78.024213, 10.0261971], [78.0240279, 10.0262262], [78.0238804, 10.02625], [78.0235398, 10.0263292], [78.0234888, 10.0264903], [78.0234915, 10.0265564], [78.0232072, 10.0265616], [78.0232152, 10.0267333], [78.0234835, 10.0267254], [78.0235666, 10.0273091], [78.0232125, 10.0273567], [78.0231723, 10.027354], [78.0231723, 10.0270186], [78.0230623, 10.0270186], [78.0230409, 10.0267703], [78.0228665, 10.0267967], [78.022534, 10.0267756], [78.0225098, 10.0273804], [78.0226493, 10.027391], [78.022652, 10.0277317], [78.0221423, 10.0279404], [78.0219305, 10.0279879], [78.0219224, 10.0278162], [78.0217722, 10.0278294], [78.0215281, 10.0280619], [78.0215013, 10.0280856], [78.0215335, 10.028355], [78.0216783, 10.0283339], [78.0216435, 10.0281411], [78.0217749, 10.0281147]]]}, "properties": {"kind": "landuse", "name": "", "osm_id": 973260086, "tag": "residential"}}, {"type": "Feature", "geometry": {"type": "Polygon", "coordinates": [[[78.0259994, 10.0325942], [78.0262247, 10.0326787], [78.0270937, 10.0324648], [78.0270106, 10.0316566], [78.0269301, 10.0313343], [78.0261388, 10.0316222], [78.0261576, 10.0320316], [78.0259806, 10.032095], [78.0259994, 10.0325942]]]}, "properties": {"kind": "landuse", "name": "", "osm_id": 973260161, "tag": "residential"}}, {"type": "Feature", "geometry": {"type": "Polygon", "coordinates": [[[78.0276731, 10.032544], [78.0280164, 10.0325229], [78.0280405, 10.032367], [78.0283302, 10.0323221], [78.0282229, 10.0318467], [78.0280915, 10.0315747], [78.0275765, 10.0316909], [78.0276409, 10.0319894], [78.0275497, 10.0319999], [78.0275926, 10.0322218], [78.0275202, 10.0322482], [78.027539, 10.0323644], [78.0276167, 10.032404], [78.0276731, 10.032544]]]}, "properties": {"kind": "landuse", "name": "", "osm_id": 973260162, "tag": "residential"}}, {"type": "Feature", "geometry": {"type": "Polygon", "coordinates": [[[78.0535269, 9.7749709], [78.0521107, 9.7751718], [78.0519926, 9.7742096], [78.0516171, 9.7741779], [78.0514079, 9.7735118], [78.0507427, 9.7735964], [78.0508608, 9.7741039], [78.0505174, 9.7741409], [78.0502063, 9.7730624], [78.0513328, 9.7727611], [78.051585, 9.7726712], [78.0514777, 9.7720738], [78.0521804, 9.7721637], [78.0520141, 9.7714817], [78.0524647, 9.7713178], [78.0527115, 9.772243], [78.0545461, 9.7714289], [78.0573142, 9.7701918], [78.0574644, 9.7705671], [78.0569386, 9.7707998], [78.0571049, 9.7712703], [78.0549377, 9.7721108], [78.0550504, 9.7725972], [78.0534947, 9.7732316], [78.0531138, 9.7730783], [78.052277, 9.7733109], [78.0521536, 9.7735805], [78.0525237, 9.7745109], [78.0535054, 9.7744686], [78.0535269, 9.7749709]]]}, "properties": {"kind": "landuse", "name": "", "osm_id": 974595480, "tag": "residential"}}, {"type": "Feature", "geometry": {"type": "Polygon", "coordinates": [[[78.0475724, 9.7763136], [78.0470145, 9.7754149], [78.047567, 9.7750396], [78.0479479, 9.7745744], [78.0481249, 9.7741039], [78.0488706, 9.7738395], [78.0491549, 9.7742202], [78.0491549, 9.7746378], [78.0489939, 9.7750713], [78.0491602, 9.7759859], [78.048715, 9.776155], [78.0485111, 9.7753409], [78.0480605, 9.7754519], [78.0481625, 9.7761815], [78.0475724, 9.7763136]]]}, "properties": {"kind": "landuse", "name": "", "osm_id": 974595481, "tag": "residential"}}, {"type": "Feature", "geometry": {"type": "Polygon", "coordinates": [[[78.1253779, 9.7517886], [78.1258661, 9.7518679], [78.1263757, 9.7519472], [78.1268263, 9.7517569], [78.1272876, 9.751207], [78.1272447, 9.7507682], [78.1270033, 9.7503823], [78.1267887, 9.7502342], [78.1268799, 9.749991], [78.126778, 9.749732], [78.1265151, 9.7496844], [78.1263703, 9.749235], [78.1261665, 9.7490182], [78.125909, 9.7491028], [78.1258714, 9.7493725], [78.1257266, 9.749695], [78.1253028, 9.7498483], [78.1250346, 9.7499382], [78.1248683, 9.7502131], [78.1250292, 9.7506202], [78.1250507, 9.7508317], [78.1238651, 9.7509057], [78.1236237, 9.7509638], [78.1238007, 9.7513022], [78.1241172, 9.751244], [78.1241977, 9.7515771], [78.1243908, 9.7515348], [78.1243533, 9.7512916], [78.1249916, 9.7511859], [78.1251472, 9.7513498], [78.1253779, 9.7517886]]]}, "properties": {"kind": "landuse", "name": "", "osm_id": 974595484, "tag": "residential"}}, {"type": "Feature", "geometry": {"type": "Polygon", "coordinates": [[[78.0064809, 9.7542734], [78.0063629, 9.7532742], [78.006438, 9.7526451], [78.0066043, 9.7523067], [78.0068403, 9.7519683], [78.0069101, 9.7516088], [78.0066794, 9.7509691], [78.0064917, 9.7503294], [78.0063897, 9.749954], [78.0064326, 9.7496527], [78.0067652, 9.749309], [78.0070871, 9.7490711], [78.0079025, 9.7488173], [78.0081707, 9.7488068], [78.0082995, 9.7490605], [78.0084765, 9.7494993], [78.0087233, 9.7502025], [78.0090451, 9.7505356], [78.0094743, 9.7506308], [78.0099142, 9.7510696], [78.010177, 9.7518785], [78.0100965, 9.7523596], [78.0099356, 9.7524917], [78.009603, 9.7525023], [78.0092329, 9.752809], [78.0083799, 9.7527931], [78.0078381, 9.753031], [78.007704, 9.7533958], [78.0075538, 9.7537817], [78.0073607, 9.7542417], [78.0064809, 9.7542734]]]}, "properties": {"kind": "landuse", "name": "", "osm_id": 974595496, "tag": "residential"}}, {"type": "Feature", "geometry": {"type": "Polygon", "coordinates": [[[78.0760038, 9.7644241], [78.0774468, 9.763943], [78.0775917, 9.764276], [78.0782086, 9.7644082], [78.0787611, 9.764017], [78.0792922, 9.7640064], [78.0795228, 9.7646355], [78.0801934, 9.7649157], [78.0801988, 9.7654232], [78.0770016, 9.766211], [78.0766529, 9.7656136], [78.0760038, 9.7644241]]]}, "properties": {"kind": "landuse", "name": "", "osm_id": 974595499, "tag": "residential"}}, {"type": "Feature", "geometry": {"type": "Polygon", "coordinates": [[[78.0719536, 9.761178], [78.0714709, 9.7608079], [78.0712831, 9.7605224], [78.0713582, 9.7603586], [78.0714709, 9.7599673], [78.0714762, 9.7592007], [78.0719054, 9.7590897], [78.0724311, 9.7590633], [78.072769, 9.7590051], [78.0728495, 9.7592483], [78.0730694, 9.7599938], [78.0735683, 9.7601735], [78.0745983, 9.7602475], [78.0749202, 9.7608608], [78.0751508, 9.7616591], [78.0751401, 9.7621878], [78.074947, 9.7624785], [78.0746788, 9.7626107], [78.0745125, 9.7624415], [78.074078, 9.7618071], [78.0737293, 9.7611516], [78.0735415, 9.7608555], [78.0732411, 9.7606335], [78.0728602, 9.7605965], [78.0727744, 9.7609348], [78.0726403, 9.761141], [78.0724633, 9.7612203], [78.0719536, 9.761178]]]}, "properties": {"kind": "landuse", "name": "", "osm_id": 974595500, "tag": "residential"}}, {"type": "Feature", "geometry": {"type": "Polygon", "coordinates": [[[78.0847371, 9.7645509], [78.0851823, 9.7657457], [78.0860084, 9.7655025], [78.0861211, 9.7652276], [78.0862552, 9.7652699], [78.0872101, 9.76564], [78.0876875, 9.7662004], [78.0886316, 9.7666286], [78.0893987, 9.7668401], [78.0898601, 9.7669247], [78.090198, 9.7674692], [78.0883527, 9.7678287], [78.0886209, 9.7686851], [78.0901658, 9.767945], [78.0906165, 9.7681776], [78.0910027, 9.7684948], [78.0910778, 9.7689494], [78.0910134, 9.7692772], [78.0900478, 9.7694887], [78.0901551, 9.7701971], [78.0907023, 9.7711275], [78.0913782, 9.771413], [78.0923867, 9.7712544], [78.0926013, 9.7724862], [78.0928588, 9.7724333], [78.0922204, 9.7701654], [78.0921936, 9.7689336], [78.0921936, 9.7681406], [78.0923545, 9.7662321], [78.0923116, 9.7657722], [78.0917054, 9.7657457], [78.0915177, 9.7654867], [78.0906004, 9.7655924], [78.089844, 9.765862], [78.0891734, 9.7658673], [78.0879986, 9.7651748], [78.086915, 9.7644082], [78.0862284, 9.7640328], [78.0857509, 9.7645139], [78.0847371, 9.7645509]]]}, "properties": {"kind": "landuse", "name": "", "osm_id": 974595504, "tag": "residential"}}, {"type": "Feature", "geometry": {"type": "Polygon", "coordinates": [[[78.0595082, 9.7515242], [78.0580866, 9.7500228], [78.0577058, 9.7496157], [78.0573785, 9.749272], [78.0570674, 9.7492403], [78.0566812, 9.7490605], [78.0562735, 9.7489442], [78.0557692, 9.7489125], [78.0557638, 9.7487116], [78.0561233, 9.7484049], [78.0566114, 9.7480137], [78.0568528, 9.7480243], [78.0567509, 9.7477176], [78.0569655, 9.7476225], [78.0571532, 9.7481036], [78.0574858, 9.7479661], [78.0574912, 9.7485794], [78.0575609, 9.7489548], [78.0578023, 9.7492509], [78.0580062, 9.7494782], [78.0583924, 9.7493619], [78.05843, 9.7495258], [78.0593312, 9.7491874], [78.0594867, 9.7493302], [78.0598623, 9.7492667], [78.0602753, 9.7501126], [78.0598247, 9.7504087], [78.0600285, 9.7505409], [78.0598623, 9.7507312], [78.0601305, 9.7510378], [78.0598247, 9.7512599], [78.0599213, 9.7513815], [78.0595082, 9.7515242]]]}, "properties": {"kind": "landuse", "name": "", "osm_id": 974595505, "tag": "residential"}}, {"type": "Feature", "geometry": {"type": "Polygon", "coordinates": [[[78.0667609, 10.1178196], [78.0665946, 10.1173971], [78.0665731, 10.1170538], [78.0667555, 10.1167317], [78.0667984, 10.1164835], [78.0669004, 10.1164201], [78.0671632, 10.116362], [78.0674368, 10.1163726], [78.0675173, 10.1165574], [78.0675065, 10.1171066], [78.067984, 10.1171225], [78.0679625, 10.1172862], [78.0673027, 10.1173549], [78.0674422, 10.1178037], [78.0674154, 10.117846], [78.0670828, 10.1179146], [78.0669916, 10.1177668], [78.0667609, 10.1178196]]]}, "properties": {"kind": "landuse", "name": "", "osm_id": 974815782, "tag": "residential"}}, {"type": "Feature", "geometry": {"type": "Polygon", "coordinates": [[[78.0966595, 10.1058605], [78.096689, 10.1062593], [78.096174, 10.1062223], [78.0962035, 10.1059398], [78.0963135, 10.1058632], [78.0963349, 10.1054037], [78.0964234, 10.1053377], [78.0964074, 10.1050208], [78.0965656, 10.1050023], [78.0967051, 10.1050261], [78.0967292, 10.1050578], [78.0967507, 10.1052558], [78.0974641, 10.105137], [78.0975044, 10.1057866], [78.0971906, 10.105887], [78.0971691, 10.1058737], [78.097153, 10.1058236], [78.0966595, 10.1058605]]]}, "properties": {"kind": "landuse", "name": "", "osm_id": 974815783, "tag": "residential"}}, {"type": "Feature", "geometry": {"type": "Polygon", "coordinates": [[[78.0933389, 10.1058843], [78.0931941, 10.1053694], [78.0931753, 10.1050314], [78.0931109, 10.1045482], [78.0940685, 10.1043237], [78.0940711, 10.1042366], [78.0944467, 10.1041626], [78.094511, 10.1047726], [78.0944923, 10.1048466], [78.094444, 10.1049337], [78.0941516, 10.1050842], [78.0940068, 10.1052189], [78.093996, 10.1057787], [78.0935347, 10.1058949], [78.0935776, 10.1060903], [78.093583, 10.106283], [78.093304, 10.1063464], [78.0932209, 10.106357], [78.0931646, 10.1060058], [78.0933496, 10.1059714], [78.0933389, 10.1058843]]]}, "properties": {"kind": "landuse", "name": "", "osm_id": 974815784, "tag": "residential"}}, {"type": "Feature", "geometry": {"type": "Polygon", "coordinates": [[[78.0777284, 10.086956], [78.0776882, 10.0871593], [78.0776802, 10.087463], [78.0774254, 10.087603], [78.0772483, 10.0876716], [78.0769238, 10.0877535], [78.0766448, 10.0878591], [78.0766609, 10.0881153], [78.076559, 10.0881892], [78.0763391, 10.0882711], [78.0763659, 10.0884982], [78.0761647, 10.0885378], [78.0761245, 10.0885246], [78.0760628, 10.0883397], [78.0761513, 10.0881998], [78.0761754, 10.0880255], [78.0761084, 10.0879146], [78.0759421, 10.0877482], [78.0758616, 10.0874894], [78.0757409, 10.0872148], [78.0761835, 10.0871593], [78.0761164, 10.0868741], [78.0763471, 10.0868451], [78.0765805, 10.086787], [78.0769131, 10.0867606], [78.0769399, 10.0869322], [78.0774039, 10.0868952], [78.0777284, 10.086956]]]}, "properties": {"kind": "landuse", "name": "", "osm_id": 974815785, "tag": "residential"}}, {"type": "Feature", "geometry": {"type": "Polygon", "coordinates": [[[78.0667448, 10.0595729], [78.0667314, 10.0597868], [78.0662969, 10.0598951], [78.0659616, 10.0596495], [78.0656853, 10.0595385], [78.0654815, 10.0594751], [78.065291, 10.0594989], [78.0651167, 10.0594857], [78.0651087, 10.0593695], [78.0655137, 10.0593484], [78.0654547, 10.0591609], [78.0654091, 10.0590922], [78.065106, 10.0590764], [78.0649048, 10.0588994], [78.0647305, 10.0586353], [78.0646768, 10.0583739], [78.0646715, 10.0582471], [78.0653581, 10.057909], [78.0655298, 10.0578694], [78.0656558, 10.057909], [78.0656853, 10.0579513], [78.0656987, 10.0581256], [78.0656907, 10.0583897], [78.0657256, 10.0585033], [78.0658302, 10.058667], [78.0658677, 10.0590737], [78.0659777, 10.0594963], [78.0663988, 10.0595517], [78.0665329, 10.0595438], [78.0667448, 10.0595729]]]}, "properties": {"kind": "landuse", "name": "", "osm_id": 974815786, "tag": "residential"}}, {"type": "Feature", "geometry": {"type": "Polygon", "coordinates": [[[78.0671874, 10.0597604], [78.0672088, 10.0595121], [78.0670318, 10.0593801], [78.0669701, 10.0592744], [78.0669513, 10.0584557], [78.0671766, 10.0582471], [78.0673858, 10.0581256], [78.0674636, 10.0581098], [78.0677962, 10.0581203], [78.0678204, 10.0578879], [78.0680752, 10.0578589], [78.0681127, 10.0575525], [78.068153, 10.0575208], [78.0683327, 10.0574865], [78.068499, 10.0574786], [78.068499, 10.0575868], [78.0684561, 10.0577585], [78.0688181, 10.0577638], [78.0690381, 10.0577955], [78.0693492, 10.0578853], [78.0693975, 10.0579909], [78.0693948, 10.0581335], [78.069081, 10.0582471], [78.0690595, 10.0582841], [78.0692258, 10.0586855], [78.0693036, 10.0589549], [78.069317, 10.0590737], [78.0694458, 10.0592269], [78.0695075, 10.0594276], [78.0694753, 10.0594725], [78.0692473, 10.0595781], [78.0691937, 10.0596996], [78.0690113, 10.0597657], [78.0688637, 10.0598502], [78.0687457, 10.0600271], [78.0685633, 10.0600826], [78.0683085, 10.0601116], [78.0682254, 10.0605395], [78.0683622, 10.0605844], [78.0684373, 10.0606319], [78.0684775, 10.0606926], [78.0684802, 10.0607639], [78.068448, 10.0608775], [78.0681878, 10.0609858], [78.0682147, 10.0618256], [78.068153, 10.063051], [78.0677506, 10.0630669], [78.0675414, 10.0631276], [78.0675468, 10.0634683], [78.0674207, 10.0634973], [78.0669406, 10.0635105], [78.0669057, 10.0632227], [78.067072, 10.0631778], [78.0670425, 10.0629929], [78.0667126, 10.0630299], [78.0666831, 10.0627922], [78.0675548, 10.0627341], [78.0675521, 10.0625175], [78.0676943, 10.0625043], [78.0676836, 10.0623749], [78.0679598, 10.062367], [78.0679625, 10.0623512], [78.0679545, 10.0620791], [78.0679277, 10.0619392], [78.0677399, 10.0617358], [78.0675575, 10.0613978], [78.0673107, 10.0614532], [78.0670184, 10.0614664], [78.067013, 10.0612604], [78.067292, 10.0612076], [78.067292, 10.060793], [78.0672464, 10.0601697], [78.0671579, 10.0601724], [78.0671149, 10.0600271], [78.0670238, 10.0600509], [78.0669621, 10.0600852], [78.0669728, 10.0601724], [78.0669191, 10.0601935], [78.0669245, 10.0602727], [78.0668172, 10.0602886], [78.0668038, 10.0602041], [78.0666617, 10.0601829], [78.066667, 10.0600165], [78.0666375, 10.0598792], [78.0671874, 10.0597604]]]}, "properties": {"kind": "landuse", "name": "", "osm_id": 974815787, "tag": "residential"}}, {"type": "Feature", "geometry": {"type": "Polygon", "coordinates": [[[78.0759421, 10.0542354], [78.0757651, 10.0541984], [78.0756497, 10.0539951], [78.0755988, 10.0538261], [78.0754888, 10.0537257], [78.0754727, 10.0535752], [78.0755907, 10.053488], [78.0754325, 10.0530073], [78.075175, 10.052532], [78.0751535, 10.0524395], [78.0751482, 10.0523814], [78.0751964, 10.0523233], [78.0752689, 10.0522599], [78.075352, 10.0522282], [78.0754083, 10.0522758], [78.0755398, 10.0525768], [78.0756015, 10.052635], [78.0758053, 10.0526429], [78.0763793, 10.0525663], [78.0763042, 10.0530998], [78.07639, 10.0536068], [78.0764893, 10.0540558], [78.0765724, 10.0542116], [78.0765831, 10.0542803], [78.0765027, 10.0542988], [78.0763981, 10.0541562], [78.0763069, 10.0541351], [78.0761459, 10.0541667], [78.0761272, 10.0542275], [78.0759421, 10.0542354]]]}, "properties": {"kind": "landuse", "name": "", "osm_id": 974815788, "tag": "residential"}}, {"type": "Feature", "geometry": {"type": "Polygon", "coordinates": [[[78.0710202, 10.0486179], [78.0710363, 10.048198], [78.0712858, 10.0481821], [78.0715996, 10.0482059], [78.0717552, 10.0482482], [78.0717954, 10.0485492], [78.0717927, 10.0486575], [78.0710202, 10.0486179]]]}, "properties": {"kind": "landuse", "name": "", "osm_id": 974815789, "tag": "residential"}}, {"type": "Feature", "geometry": {"type": "Polygon", "coordinates": [[[78.0710444, 10.0469461], [78.0708459, 10.0463677], [78.0706581, 10.045512], [78.0706581, 10.0453509], [78.0711275, 10.0453034], [78.0716076, 10.0453694], [78.0721065, 10.0453588], [78.0723131, 10.0452294], [78.0737293, 10.0449917], [78.0739278, 10.0458421], [78.0740297, 10.0459531], [78.0740833, 10.046513], [78.0735844, 10.0466767], [78.073402, 10.0466714], [78.0732948, 10.0464496], [78.0727208, 10.046476], [78.0724794, 10.0465447], [78.0724472, 10.0467718], [78.0723989, 10.0468035], [78.0716371, 10.0469039], [78.0715889, 10.0470201], [78.0720127, 10.047094], [78.0720127, 10.0472155], [78.0719268, 10.0474057], [78.0715728, 10.0476592], [78.071444, 10.0476117], [78.0713582, 10.0473212], [78.0711597, 10.0473053], [78.0711544, 10.0470412], [78.0710444, 10.0469461]]]}, "properties": {"kind": "landuse", "name": "", "osm_id": 974815790, "tag": "residential"}}, {"type": "Feature", "geometry": {"type": "Polygon", "coordinates": [[[78.0696362, 10.0488899], [78.0696201, 10.0484832], [78.069883, 10.0483353], [78.0697274, 10.0479286], [78.0695504, 10.0478071], [78.0692607, 10.0476909], [78.068853, 10.0475694], [78.0686653, 10.0475641], [78.068617, 10.0475905], [78.068617, 10.0482508], [78.0684024, 10.0482614], [78.0679411, 10.0481769], [78.0678767, 10.0480184], [78.0678123, 10.0471891], [78.0688959, 10.0472208], [78.0688262, 10.0467612], [78.0688959, 10.0465394], [78.0688477, 10.0460112], [78.0688584, 10.0456731], [78.0688852, 10.0455463], [78.0696309, 10.0454143], [78.0697113, 10.0450868], [78.0697221, 10.0448227], [78.0695343, 10.0441835], [78.0694592, 10.0437662], [78.0694592, 10.0435074], [78.0695182, 10.0434071], [78.069824, 10.0432803], [78.0705267, 10.0455992], [78.0708861, 10.0470333], [78.0709183, 10.0473872], [78.0708405, 10.0484304], [78.0708459, 10.0491831], [78.0713367, 10.0523497], [78.0714226, 10.0535382], [78.0713957, 10.0537231], [78.0710846, 10.0537442], [78.0710632, 10.053179], [78.0708915, 10.0531526], [78.0708057, 10.0527195], [78.0702692, 10.0527142], [78.0701888, 10.0522335], [78.0707467, 10.05198], [78.0706876, 10.0515046], [78.0706555, 10.0512775], [78.070237, 10.0511718], [78.0700761, 10.0509869], [78.0700439, 10.0508919], [78.0701137, 10.050839], [78.0707359, 10.0507123], [78.0706018, 10.049397], [78.0704623, 10.0491012], [78.0704194, 10.048816], [78.0696362, 10.0488899]]]}, "properties": {"kind": "landuse", "name": "", "osm_id": 974815791, "tag": "residential"}}, {"type": "Feature", "geometry": {"type": "Polygon", "coordinates": [[[78.3072317, 10.1235811], [78.3078539, 10.1234279], [78.307929, 10.1236233], [78.3090448, 10.1234332], [78.3087873, 10.1229104], [78.3093184, 10.1227837], [78.3091414, 10.122414], [78.309533, 10.1224034], [78.3094686, 10.12168], [78.3092755, 10.1215849], [78.3089858, 10.1212945], [78.3086318, 10.1214318], [78.3084011, 10.1214793], [78.3082348, 10.1212047], [78.3071834, 10.1214687], [78.3062071, 10.121474], [78.3058262, 10.1217116], [78.3064324, 10.1231745], [78.3056009, 10.123391], [78.3059871, 10.1242729], [78.3065611, 10.1240036], [78.306309, 10.1233593], [78.3068722, 10.123222], [78.3072317, 10.1235811]]]}, "properties": {"kind": "landuse", "name": "", "osm_id": 975556203, "tag": "residential"}}, {"type": "Feature", "geometry": {"type": "Polygon", "coordinates": [[[78.3121401, 10.1379395], [78.3119631, 10.1375752], [78.3118612, 10.137628], [78.3113623, 10.1364979], [78.3108795, 10.1367039], [78.3103752, 10.1363342], [78.3100104, 10.1365718], [78.3106273, 10.1373323], [78.3109117, 10.1379184], [78.3106327, 10.1380135], [78.3108419, 10.1384834], [78.3105791, 10.1386999], [78.3104557, 10.1392914], [78.3105951, 10.1397561], [78.3088517, 10.140094], [78.3088946, 10.1405112], [78.3081758, 10.1406379], [78.3082938, 10.1411713], [78.3090019, 10.1409653], [78.3097154, 10.1405799], [78.3110672, 10.1402208], [78.3113676, 10.140564], [78.314023, 10.1391752], [78.3135778, 10.1385046], [78.3128858, 10.1383461], [78.3125639, 10.1379131], [78.3121401, 10.1379395]]]}, "properties": {"kind": "landuse", "name": "", "osm_id": 975556204, "tag": "residential"}}, {"type": "Feature", "geometry": {"type": "Polygon", "coordinates": [[[78.3146667, 10.144271], [78.3152246, 10.1440703], [78.315568, 10.1446089], [78.3161634, 10.1443819], [78.3158469, 10.1438644], [78.3166784, 10.143199], [78.3165979, 10.1429139], [78.3171558, 10.1426499], [78.3167106, 10.1420954], [78.3163565, 10.1422432], [78.3164746, 10.1426604], [78.3158308, 10.1431093], [78.3157825, 10.1428558], [78.3152997, 10.1430565], [78.315348, 10.1433469], [78.3145702, 10.1435792], [78.3143449, 10.1438538], [78.3146667, 10.144271]]]}, "properties": {"kind": "landuse", "name": "", "osm_id": 975556205, "tag": "residential"}}, {"type": "Feature", "geometry": {"type": "Polygon", "coordinates": [[[78.318674, 10.1426657], [78.3197361, 10.1424545], [78.3205622, 10.1420109], [78.3203852, 10.1415779], [78.3199453, 10.1416043], [78.3198273, 10.1415462], [78.3196342, 10.1412716], [78.3194196, 10.1412505], [78.3194357, 10.1418842], [78.318615, 10.1421588], [78.3184701, 10.1423489], [78.318674, 10.1426657]]]}, "properties": {"kind": "landuse", "name": "", "osm_id": 975556206, "tag": "residential"}}, {"type": "Feature", "geometry": {"type": "Polygon", "coordinates": [[[78.3166891, 10.1508611], [78.3162144, 10.149702], [78.3167213, 10.1494221], [78.3166435, 10.1490103], [78.3170003, 10.1488888], [78.3169895, 10.1487832], [78.3172712, 10.1487462], [78.3171907, 10.1485746], [78.3173811, 10.1485244], [78.3174321, 10.1487357], [78.317695, 10.1487594], [78.3177674, 10.1494142], [78.3177915, 10.1496862], [78.3175179, 10.1498129], [78.3177996, 10.1505521], [78.3166891, 10.1508611]]]}, "properties": {"kind": "landuse", "name": "", "osm_id": 975556210, "tag": "residential"}}, {"type": "Feature", "geometry": {"type": "Polygon", "coordinates": [[[78.2979459, 10.1526881], [78.297506, 10.151962], [78.2979459, 10.1517825], [78.2975167, 10.1510776], [78.297801, 10.150964], [78.2974711, 10.1500663], [78.2978681, 10.1499555], [78.2979324, 10.1501799], [78.2983428, 10.1500743], [78.2985225, 10.1505601], [78.2988203, 10.1504835], [78.2988819, 10.1506789], [78.2991073, 10.1506076], [78.2991824, 10.1508347], [78.2994372, 10.1507607], [78.2994318, 10.1508954], [78.2997805, 10.1508531], [78.300097, 10.1508637], [78.3001238, 10.1510881], [78.2993567, 10.1514287], [78.299692, 10.1521944], [78.2994023, 10.15263], [78.2992065, 10.1529521], [78.2988283, 10.1530947], [78.2982865, 10.1525878], [78.2979459, 10.1526881]]]}, "properties": {"kind": "landuse", "name": "", "osm_id": 975556211, "tag": "residential"}}, {"type": "Feature", "geometry": {"type": "Polygon", "coordinates": [[[77.9668701, 9.8441539], [77.9679537, 9.8440429], [77.9678464, 9.8435143], [77.9686081, 9.8432976], [77.9685008, 9.8425365], [77.9668379, 9.8426845], [77.9668701, 9.8441539]]]}, "properties": {"kind": "landuse", "name": "", "osm_id": 976533751, "tag": "residential"}}, {"type": "Feature", "geometry": {"type": "Polygon", "coordinates": [[[77.9653788, 9.8665475], [77.9651535, 9.8653848], [77.9647243, 9.8648985], [77.9639357, 9.8644176], [77.9638016, 9.8645867], [77.9636139, 9.8644969], [77.963292, 9.8639525], [77.9632705, 9.8637675], [77.9639679, 9.8635825], [77.963984, 9.8633447], [77.964381, 9.8632073], [77.9642951, 9.8629536], [77.9640645, 9.862441], [77.9639572, 9.8621767], [77.9635763, 9.8620551], [77.9635978, 9.8616852], [77.9640484, 9.8615583], [77.9649711, 9.8612201], [77.9651642, 9.8611831], [77.9651695, 9.8619864], [77.9653573, 9.8619494], [77.9653519, 9.8615953], [77.9657489, 9.8615583], [77.9656684, 9.8611567], [77.9664624, 9.8610985], [77.9663497, 9.8627369], [77.9666448, 9.8637781], [77.9667574, 9.8653953], [77.9661137, 9.8655645], [77.9662317, 9.8663784], [77.9653788, 9.8665475]]]}, "properties": {"kind": "landuse", "name": "", "osm_id": 976533752, "tag": "residential"}}, {"type": "Feature", "geometry": {"type": "Polygon", "coordinates": [[[77.9719287, 9.8769114], [77.9714942, 9.8756324], [77.9719555, 9.8754633], [77.9720253, 9.8752043], [77.9721379, 9.875199], [77.972095, 9.8749137], [77.9727226, 9.8748027], [77.9728085, 9.8755531], [77.9727066, 9.8755796], [77.972728, 9.8761028], [77.9725993, 9.8762138], [77.9726475, 9.8764251], [77.9729372, 9.8763882], [77.9729587, 9.876515], [77.9727977, 9.8765467], [77.972846, 9.8769219], [77.972728, 9.8770541], [77.9725671, 9.8772232], [77.9723042, 9.8771809], [77.9721808, 9.8768691], [77.9719287, 9.8769114]]]}, "properties": {"kind": "landuse", "name": "", "osm_id": 976533753, "tag": "residential"}}, {"type": "Feature", "geometry": {"type": "Polygon", "coordinates": [[[77.9779583, 9.8854305], [77.9782587, 9.8855996], [77.9785055, 9.8859273], [77.9787362, 9.8860277], [77.97894, 9.8858427], [77.9792136, 9.8857], [77.9795247, 9.8856261], [77.9804635, 9.8854992], [77.9805118, 9.8845532], [77.9800183, 9.8845691], [77.9797393, 9.8843894], [77.9800612, 9.8831052], [77.9797339, 9.8830312], [77.9793853, 9.8843577], [77.9791278, 9.8842732], [77.9788756, 9.8836971], [77.9782051, 9.8839191], [77.9783606, 9.884622], [77.9780763, 9.8847435], [77.9782212, 9.8850817], [77.9778242, 9.8852191], [77.9779583, 9.8854305]]]}, "properties": {"kind": "landuse", "name": "", "osm_id": 976533754, "tag": "residential"}}, {"type": "Feature", "geometry": {"type": "Polygon", "coordinates": [[[77.9791599, 9.8987082], [77.9789829, 9.898304], [77.9788488, 9.8980899], [77.9787871, 9.8976962], [77.9789856, 9.8976408], [77.9791868, 9.8977597], [77.9795757, 9.8976751], [77.9795864, 9.8978759], [77.9798064, 9.897979], [77.9798278, 9.8981296], [77.9793745, 9.8982194], [77.9794121, 9.8986475], [77.9791599, 9.8987082]]]}, "properties": {"kind": "landuse", "name": "", "osm_id": 976533755, "tag": "residential"}}, {"type": "Feature", "geometry": {"type": "Polygon", "coordinates": [[[77.9690266, 9.8959523], [77.9688227, 9.8952812], [77.9691955, 9.8952706], [77.9691258, 9.8949271], [77.9695415, 9.8948954], [77.9696113, 9.8951596], [77.9697105, 9.8951729], [77.9698393, 9.8956538], [77.9708371, 9.8956564], [77.9711348, 9.896753], [77.9709658, 9.8968164], [77.9707941, 9.8962747], [77.9700726, 9.8963328], [77.9699734, 9.8960977], [77.9693484, 9.8962034], [77.9692948, 9.8960184], [77.9690266, 9.8959523]]]}, "properties": {"kind": "landuse", "name": "", "osm_id": 976533756, "tag": "residential"}}, {"type": "Feature", "geometry": {"type": "Polygon", "coordinates": [[[77.9735112, 9.8980688], [77.9741684, 9.8979684], [77.9740101, 9.897255], [77.9738545, 9.8972682], [77.973699, 9.8965284], [77.9725376, 9.8963592], [77.9726663, 9.896782], [77.9732457, 9.8968137], [77.9733315, 9.8971493], [77.9731116, 9.8972286], [77.9731867, 9.8976064], [77.9733261, 9.8975879], [77.9735112, 9.8980688]]]}, "properties": {"kind": "landuse", "name": "", "osm_id": 976533757, "tag": "residential"}}, {"type": "Feature", "geometry": {"type": "Polygon", "coordinates": [[[77.9759359, 9.8998365], [77.9757214, 9.8996595], [77.9754558, 9.8993952], [77.9753941, 9.8991891], [77.9754397, 9.8989593], [77.975665, 9.8986131], [77.9761183, 9.8984282], [77.976172, 9.8984836], [77.976172, 9.8997017], [77.9761264, 9.8998629], [77.9759359, 9.8998365]]]}, "properties": {"kind": "landuse", "name": "", "osm_id": 976533758, "tag": "residential"}}, {"type": "Feature", "geometry": {"type": "Polygon", "coordinates": [[[77.9738331, 9.932673], [77.9729909, 9.9316849], [77.9732698, 9.931352], [77.9732162, 9.9307073], [77.9724061, 9.9294761], [77.9733771, 9.9289742], [77.97445, 9.9311353], [77.9747987, 9.9310561], [77.9751205, 9.9310666], [77.977159, 9.9288315], [77.9775882, 9.9296241], [77.9774594, 9.9301789], [77.9771966, 9.9306175], [77.9769659, 9.9300732], [77.9765421, 9.9306281], [77.9763275, 9.9302371], [77.9760754, 9.9304431], [77.9761344, 9.9307179], [77.9758984, 9.9315898], [77.9751098, 9.9319332], [77.9750035, 9.9322333], [77.9738331, 9.932673]]]}, "properties": {"kind": "landuse", "name": "", "osm_id": 976533759, "tag": "residential"}}, {"type": "Feature", "geometry": {"type": "Polygon", "coordinates": [[[77.9785484, 9.9265752], [77.9789346, 9.9264589], [77.9785699, 9.9249213], [77.9796106, 9.9246253], [77.9798359, 9.9258618], [77.9790848, 9.9268764], [77.9791653, 9.9273361], [77.9793477, 9.9273361], [77.9795247, 9.9281921], [77.9789883, 9.9283771], [77.9785484, 9.9265752]]]}, "properties": {"kind": "landuse", "name": "", "osm_id": 976533760, "tag": "residential"}}, {"type": "Feature", "geometry": {"type": "Polygon", "coordinates": [[[77.9811716, 9.9259147], [77.9820138, 9.9244721], [77.9820728, 9.9238433], [77.9819602, 9.9227283], [77.9816866, 9.9222739], [77.9813701, 9.9218459], [77.9809946, 9.9218512], [77.9805815, 9.922015], [77.9803669, 9.9226966], [77.9805064, 9.9245302], [77.9806191, 9.9259517], [77.9811716, 9.9259147]]]}, "properties": {"kind": "landuse", "name": "", "osm_id": 976533761, "tag": "residential"}}, {"type": "Feature", "geometry": {"type": "Polygon", "coordinates": [[[78.0055797, 9.9240547], [78.0042386, 9.924303], [78.0031228, 9.924768], [78.002345, 9.9250798], [78.0020714, 9.9244034], [78.0011111, 9.924768], [78.0011594, 9.9237693], [78.000462, 9.9238486], [78.0003923, 9.9242079], [77.999813, 9.924266], [77.9998505, 9.9248367], [78.0000061, 9.925455], [78.0002743, 9.9261102], [78.0007249, 9.9260256], [78.0013204, 9.926274], [78.0021411, 9.9266492], [78.0025059, 9.9267865], [78.0037633, 9.9257379], [78.0042118, 9.925883], [78.0048233, 9.9259596], [78.0047268, 9.9256029], [78.0050808, 9.9254417], [78.0056763, 9.9268077], [78.0053356, 9.9269768], [78.0054751, 9.9271617], [78.0060196, 9.927019], [78.0065399, 9.9270613], [78.0066097, 9.9275369], [78.007586, 9.9275158], [78.0084443, 9.9278962], [78.008616, 9.928171], [78.0088842, 9.9285884], [78.0100965, 9.9283242], [78.0103111, 9.9274365], [78.0102038, 9.9266914], [78.0100697, 9.9259517], [78.0102092, 9.9259147], [78.0101824, 9.9254074], [78.0098605, 9.9252806], [78.0099463, 9.924414], [78.0078649, 9.9249952], [78.0077147, 9.9238222], [78.0075377, 9.923801], [78.0071461, 9.9226068], [78.0073661, 9.9222369], [78.0072534, 9.921756], [78.0067652, 9.9213069], [78.006041, 9.9215711], [78.0064756, 9.9227865], [78.0067384, 9.9237323], [78.0066687, 9.9241973], [78.0055797, 9.9240547]]]}, "properties": {"kind": "landuse", "name": "", "osm_id": 976533763, "tag": "residential"}}, {"type": "Feature", "geometry": {"type": "Polygon", "coordinates": [[[78.0311948, 9.9154942], [78.0310661, 9.9150081], [78.030991, 9.914617], [78.0307925, 9.9145272], [78.0301326, 9.9147174], [78.0301058, 9.9144691], [78.0306905, 9.9138244], [78.0309856, 9.9136341], [78.0312592, 9.9141309], [78.0316776, 9.9139142], [78.0318171, 9.9142418], [78.0326968, 9.9138244], [78.0329221, 9.914654], [78.0324823, 9.9148337], [78.0328685, 9.9157954], [78.0322516, 9.9159857], [78.0322087, 9.9164665], [78.0318439, 9.9165035], [78.0316937, 9.9158218], [78.0312753, 9.9158377], [78.0311948, 9.9154942]]]}, "properties": {"kind": "landuse", "name": "", "osm_id": 976533764, "tag": "residential"}}, {"type": "Feature", "geometry": {"type": "Polygon", "coordinates": [[[78.0260289, 9.9160913], [78.0255139, 9.915341], [78.0267745, 9.9142841], [78.0268013, 9.9136394], [78.0276811, 9.9132114], [78.0278313, 9.9133911], [78.0295908, 9.91207], [78.0299288, 9.9125244], [78.0293119, 9.9128521], [78.0295265, 9.9130846], [78.0289042, 9.913687], [78.0292368, 9.9144955], [78.0260289, 9.9160913]]]}, "properties": {"kind": "landuse", "name": "", "osm_id": 976533765, "tag": "residential"}}, {"type": "Feature", "geometry": {"type": "Polygon", "coordinates": [[[78.0234593, 9.9196424], [78.0255729, 9.9180095], [78.0250633, 9.9173913], [78.0245858, 9.9175022], [78.0241835, 9.9165458], [78.0217856, 9.9177136], [78.0213672, 9.918205], [78.0214477, 9.9186014], [78.0204713, 9.9190558], [78.0205625, 9.9194785], [78.0217588, 9.9189924], [78.0219573, 9.919357], [78.0225956, 9.9192143], [78.0227727, 9.9194363], [78.0231965, 9.9192091], [78.0234593, 9.9196424]]]}, "properties": {"kind": "landuse", "name": "", "osm_id": 976533766, "tag": "residential"}}, {"type": "Feature", "geometry": {"type": "Polygon", "coordinates": [[[78.0115691, 9.9161363], [78.0120894, 9.9154916], [78.0121458, 9.9152194], [78.0121028, 9.9149129], [78.01184, 9.9148231], [78.011781, 9.9145959], [78.0120653, 9.9144057], [78.012768, 9.914263], [78.0139267, 9.9139301], [78.0138731, 9.9144109], [78.0140823, 9.9145378], [78.0142379, 9.9146223], [78.013857, 9.9148284], [78.014093, 9.9151666], [78.0131704, 9.9156527], [78.0134815, 9.9163344], [78.0130899, 9.9164982], [78.0133206, 9.9168734], [78.0131006, 9.9169263], [78.012591, 9.9160808], [78.0121243, 9.916308], [78.0120063, 9.9161336], [78.0115691, 9.9161363]]]}, "properties": {"kind": "landuse", "name": "", "osm_id": 976533767, "tag": "residential"}}, {"type": "Feature", "geometry": {"type": "Polygon", "coordinates": [[[78.3336139, 10.0167361], [78.3307063, 10.0134397], [78.3312812, 10.0117976], [78.3313393, 10.0110625], [78.3312803, 10.0106768], [78.3297944, 10.0102542], [78.3304059, 10.0084211], [78.3337641, 10.0079351], [78.333807, 10.0062023], [78.3365106, 10.0060121], [78.3366716, 10.0126895], [78.335824, 10.0150932], [78.3350676, 10.0152411], [78.3351749, 10.0165406], [78.3336139, 10.0167361]]]}, "properties": {"kind": "landuse", "name": "", "osm_id": 977398511, "tag": "residential"}}, {"type": "Feature", "geometry": {"type": "Polygon", "coordinates": [[[78.2376015, 10.0660511], [78.2375801, 10.06528], [78.2378966, 10.0652324], [78.2381165, 10.0654067], [78.2382721, 10.0655282], [78.2389855, 10.0656022], [78.2399028, 10.0654279], [78.239994, 10.0662307], [78.2397419, 10.0665899], [78.2397473, 10.06678], [78.2399189, 10.0671286], [78.2397097, 10.0672871], [78.2394254, 10.0673504], [78.2392269, 10.0670811], [78.2390767, 10.0667166], [78.2387441, 10.0662994], [78.2376015, 10.0660511]]]}, "properties": {"kind": "landuse", "name": "", "osm_id": 977400853, "tag": "residential"}}, {"type": "Feature", "geometry": {"type": "Polygon", "coordinates": [[[78.233192, 10.0646092], [78.2344955, 10.0647254], [78.2345277, 10.0645616], [78.2352841, 10.0645722], [78.2355577, 10.0645088], [78.2359385, 10.0638274], [78.2362175, 10.0633626], [78.236255, 10.0630985], [78.2358205, 10.0629665], [78.2354397, 10.0631989], [78.2351446, 10.0633521], [78.2349515, 10.0631725], [78.2348281, 10.0630457], [78.2345706, 10.0631408], [78.2345706, 10.0633257], [78.2340449, 10.0636531], [78.2334709, 10.0638433], [78.2328165, 10.0640387], [78.233192, 10.0646092]]]}, "properties": {"kind": "landuse", "name": "", "osm_id": 977400854, "tag": "residential"}}, {"type": "Feature", "geometry": {"type": "Polygon", "coordinates": [[[78.2358366, 10.0627499], [78.2370865, 10.0622587], [78.2365125, 10.0603255], [78.2356328, 10.0604998], [78.235842, 10.0611601], [78.2354772, 10.0611812], [78.2358366, 10.0627499]]]}, "properties": {"kind": "landuse", "name": "", "osm_id": 977400855, "tag": "residential"}}, {"type": "Feature", "geometry": {"type": "Polygon", "coordinates": [[[78.2011074, 10.053422], [78.2012844, 10.0535329], [78.2016009, 10.0534801], [78.2018959, 10.0533375], [78.2020301, 10.05301], [78.2020247, 10.0525716], [78.2017136, 10.0518849], [78.2017404, 10.0515997], [78.2019174, 10.0510873], [78.2021373, 10.0506806], [78.2026845, 10.0503901], [78.2030922, 10.0501946], [78.2033604, 10.0501471], [78.2040203, 10.0504165], [78.2046586, 10.0510028], [78.2050824, 10.0511982], [78.2052809, 10.0511348], [78.2053775, 10.0505644], [78.2051468, 10.0501629], [78.2049376, 10.0494076], [78.204782, 10.0489903], [78.2045084, 10.0487843], [78.2038861, 10.0485466], [78.2035428, 10.0484621], [78.2031619, 10.0485519], [78.2028562, 10.0483829], [78.2025665, 10.047992], [78.2024485, 10.0476803], [78.2022554, 10.0477279], [78.2022768, 10.0479841], [78.2024002, 10.0489269], [78.2022715, 10.0490748], [78.201955, 10.0491541], [78.2016331, 10.0492122], [78.2010108, 10.049265], [78.2008177, 10.0494129], [78.2005119, 10.0496981], [78.2004368, 10.0499358], [78.2004261, 10.0504904], [78.2005066, 10.0512827], [78.2004315, 10.0517476], [78.2003081, 10.0520328], [78.2003832, 10.0524448], [78.2004958, 10.0528357], [78.2006514, 10.0531156], [78.2011074, 10.053422]]]}, "properties": {"kind": "landuse", "name": "", "osm_id": 977403190, "tag": "residential"}}, {"type": "Feature", "geometry": {"type": "Polygon", "coordinates": [[[78.2092506, 10.0524923], [78.2101142, 10.0520645], [78.2103717, 10.052017], [78.2108706, 10.0518162], [78.2114124, 10.0516947], [78.2118255, 10.0515574], [78.2125336, 10.0513356], [78.212893, 10.0512563], [78.2130217, 10.0512827], [78.2131934, 10.0515997], [78.2133007, 10.0517476], [78.2136333, 10.0517053], [78.214497, 10.0513725], [78.2148188, 10.051119], [78.2151085, 10.0509236], [78.2155591, 10.0508074], [78.2157791, 10.0510081], [78.215999, 10.0513884], [78.2162404, 10.0515416], [78.2171041, 10.0516683], [78.2172972, 10.0517476], [78.2173455, 10.0520064], [78.2172275, 10.0520751], [78.2166213, 10.0519958], [78.2158166, 10.0518955], [78.2151139, 10.0518479], [78.2144272, 10.0521015], [78.2138371, 10.0523867], [78.2135636, 10.0524554], [78.2128394, 10.0525821], [78.2120186, 10.0527829], [78.2118416, 10.0525557], [78.211627, 10.0525452], [78.2109457, 10.0525927], [78.2104576, 10.0525769], [78.209905, 10.0527829], [78.209728, 10.0528726], [78.2095617, 10.0528304], [78.2092506, 10.0524923]]]}, "properties": {"kind": "landuse", "name": "", "osm_id": 977403191, "tag": "residential"}}, {"type": "Feature", "geometry": {"type": "Polygon", "coordinates": [[[78.2158488, 10.0612763], [78.2158649, 10.0609541], [78.2159883, 10.0606002], [78.2161492, 10.0603784], [78.2161814, 10.0600298], [78.216176, 10.0598607], [78.2161063, 10.0588836], [78.2161009, 10.0583659], [78.2161868, 10.0579909], [78.2162511, 10.057637], [78.2162028, 10.0573254], [78.2159132, 10.057225], [78.2156396, 10.0572198], [78.2153714, 10.0570243], [78.2153284, 10.0567232], [78.2153553, 10.056607], [78.215763, 10.0562479], [78.2160687, 10.0562109], [78.2161921, 10.0560155], [78.2161117, 10.0557091], [78.2162565, 10.0556774], [78.2164496, 10.0560524], [78.2165354, 10.056232], [78.2167447, 10.056269], [78.217324, 10.0565542], [78.2174796, 10.0568183], [78.2175654, 10.05713], [78.217603, 10.0575314], [78.2176566, 10.0577744], [78.2176191, 10.0579223], [78.2174474, 10.058012], [78.2171094, 10.0581388], [78.2169914, 10.0584029], [78.2169753, 10.0588994], [78.2169807, 10.0593061], [78.216927, 10.0598449], [78.2168144, 10.0603678], [78.2166588, 10.0607745], [78.2165247, 10.0609224], [78.2161975, 10.061234], [78.2160661, 10.0612869], [78.2158488, 10.0612763]]]}, "properties": {"kind": "landuse", "name": "", "osm_id": 977403192, "tag": "residential"}}, {"type": "Feature", "geometry": {"type": "Polygon", "coordinates": [[[78.2149583, 10.0686128], [78.2149422, 10.0684913], [78.2149047, 10.0683381], [78.2149368, 10.0682114], [78.2149583, 10.0677941], [78.2149529, 10.0674878], [78.214969, 10.0672184], [78.2149583, 10.0667166], [78.2149422, 10.0662373], [78.2149972, 10.0662056], [78.2156181, 10.0661145], [78.2157576, 10.0661779], [78.2163262, 10.066368], [78.2167661, 10.066442], [78.2171631, 10.0667694], [78.2175064, 10.0670441], [78.2178873, 10.0671022], [78.2179356, 10.0673452], [78.2180428, 10.0676621], [78.2184452, 10.0677149], [78.2185793, 10.0678681], [78.2185149, 10.067942], [78.2181609, 10.0680952], [78.2178014, 10.0681533], [78.217383, 10.0682114], [78.2169861, 10.0683434], [78.2167017, 10.0684755], [78.2164764, 10.0685811], [78.2161117, 10.0686973], [78.2149583, 10.0686128]]]}, "properties": {"kind": "landuse", "name": "", "osm_id": 977403193, "tag": "residential"}}, {"type": "Feature", "geometry": {"type": "Polygon", "coordinates": [[[78.2436338, 10.0752282], [78.2436043, 10.0751384], [78.243548, 10.0750116], [78.2434916, 10.0748796], [78.2435104, 10.0748136], [78.2436123, 10.0747291], [78.2437223, 10.0746762], [78.2438108, 10.0745521], [78.2438081, 10.0743567], [78.2437491, 10.0741111], [78.243776, 10.0740715], [78.2439235, 10.0740068], [78.2444438, 10.0739051], [78.2449749, 10.0737916], [78.2450715, 10.0738048], [78.2451385, 10.073847], [78.2455114, 10.0742775], [78.2456401, 10.0744993], [78.245683, 10.074597], [78.2456186, 10.0746974], [78.245227, 10.0749113], [78.2451466, 10.0749799], [78.2451466, 10.0751014], [78.2451519, 10.0751806], [78.2450822, 10.0752361], [78.2449186, 10.075149], [78.2447657, 10.0749641], [78.2447147, 10.0749192], [78.2445618, 10.074935], [78.2443741, 10.0749852], [78.244417, 10.0751516], [78.2444599, 10.0753206], [78.2439154, 10.0753972], [78.2438135, 10.075318], [78.2436338, 10.0752282]]]}, "properties": {"kind": "landuse", "name": "", "osm_id": 977403194, "tag": "residential"}}, {"type": "Feature", "geometry": {"type": "Polygon", "coordinates": [[[78.3434737, 9.9746412], [78.3443534, 9.9745461], [78.3446967, 9.9743559], [78.3450186, 9.9740495], [78.3454263, 9.9734789], [78.3454263, 9.9729822], [78.3453405, 9.9722954], [78.3452976, 9.9717037], [78.345319, 9.9711331], [78.3457696, 9.9709428], [78.3458769, 9.9703828], [78.3460164, 9.9702983], [78.3461612, 9.9700341], [78.3464402, 9.9699126], [78.3467835, 9.9698597], [78.3469123, 9.970013], [78.3468854, 9.9703511], [78.3468854, 9.9708636], [78.3469766, 9.9710062], [78.3472609, 9.9711542], [78.347851, 9.9712546], [78.3482748, 9.9714395], [78.3485001, 9.9716984], [78.3485913, 9.9728501], [78.3485484, 9.9731037], [78.348543, 9.9732939], [78.3486074, 9.9734577], [78.3488113, 9.9736902], [78.3490741, 9.9738223], [78.3496106, 9.9736268], [78.3509678, 9.9731407], [78.3514827, 9.9729822], [78.3516759, 9.9730139], [78.352105, 9.9732305], [78.3523732, 9.9734472], [78.3527756, 9.97378], [78.3530921, 9.9740178], [78.3532745, 9.9741868], [78.3533442, 9.9745831], [78.3534032, 9.9749212], [78.3532852, 9.9752012], [78.3531833, 9.9754495], [78.3530438, 9.9756609], [78.352325, 9.9760994], [78.3520567, 9.9763847], [78.3520031, 9.9765643], [78.3518743, 9.976744], [78.351649, 9.9768179], [78.3513379, 9.9768602], [78.3508766, 9.9771138], [78.3504528, 9.9772776], [78.3501041, 9.9773568], [78.3499378, 9.9773885], [78.3496481, 9.9775259], [78.3487791, 9.9773727], [78.3480817, 9.977193], [78.3475453, 9.9768179], [78.3471858, 9.9764481], [78.3468103, 9.9762843], [78.3456409, 9.9761522], [78.3448523, 9.9760201], [78.344686, 9.9758722], [78.3445412, 9.9756186], [78.3443803, 9.9753386], [78.3442086, 9.9752224], [78.3439028, 9.9750956], [78.3436239, 9.9750269], [78.3435166, 9.9749846], [78.3434737, 9.9746412]]]}, "properties": {"kind": "landuse", "name": "", "osm_id": 978022500, "tag": "residential"}}, {"type": "Feature", "geometry": {"type": "Polygon", "coordinates": [[[78.3290595, 10.0404173], [78.3287054, 10.0404332], [78.3284801, 10.0401638], [78.328464, 10.0400159], [78.3283782, 10.0396831], [78.3283782, 10.039419], [78.3283889, 10.0390598], [78.3283353, 10.0388273], [78.3280778, 10.0386689], [78.3278847, 10.0384417], [78.3275092, 10.0383519], [78.3273643, 10.0380825], [78.3273965, 10.0378765], [78.3275306, 10.0377233], [78.3275574, 10.0373589], [78.3275896, 10.0372215], [78.328861, 10.0370208], [78.3294028, 10.0369468], [78.3299929, 10.036894], [78.330068, 10.0370155], [78.3302879, 10.0378343], [78.330363, 10.0383414], [78.3303523, 10.0389858], [78.3302557, 10.0394031], [78.3300251, 10.0395457], [78.3295423, 10.0396461], [78.3293277, 10.0397729], [78.3291936, 10.0399049], [78.3291399, 10.0400581], [78.3290595, 10.0404173]]]}, "properties": {"kind": "landuse", "name": "", "osm_id": 978022501, "tag": "residential"}}, {"type": "Feature", "geometry": {"type": "Polygon", "coordinates": [[[78.3492672, 10.0484463], [78.3492833, 10.047823], [78.3504635, 10.0477015], [78.350383, 10.0464971], [78.3515471, 10.0465817], [78.351987, 10.0467929], [78.3531135, 10.0466345], [78.3541167, 10.0463862], [78.3550984, 10.0461855], [78.3553666, 10.0464443], [78.3553666, 10.046719], [78.355785, 10.046851], [78.3558655, 10.0471099], [78.355785, 10.0472895], [78.3554524, 10.0475272], [78.3557206, 10.0482033], [78.3557635, 10.0485149], [78.3550769, 10.0489111], [78.3543205, 10.0491065], [78.3540308, 10.0493389], [78.3540308, 10.0495132], [78.3538806, 10.0496928], [78.3536071, 10.0495766], [78.3535427, 10.0491699], [78.3530706, 10.0489903], [78.3527756, 10.0490009], [78.3522499, 10.0491224], [78.3520299, 10.0493178], [78.351987, 10.0494921], [78.3517724, 10.0495766], [78.3514559, 10.0492755], [78.3511877, 10.0488002], [78.3508927, 10.0487156], [78.3503938, 10.0487051], [78.3501202, 10.0486575], [78.350029, 10.0484832], [78.3492672, 10.0484463]]]}, "properties": {"kind": "landuse", "name": "", "osm_id": 978022503, "tag": "residential"}}, {"type": "Feature", "geometry": {"type": "Polygon", "coordinates": [[[78.2715261, 9.8662145], [78.2718641, 9.8661141], [78.2721001, 9.865982], [78.2724434, 9.8656332], [78.2724702, 9.865464], [78.2723093, 9.8653531], [78.2718104, 9.8652051], [78.2713115, 9.8650412], [78.2710057, 9.8650412], [78.270818, 9.8651311], [78.2706249, 9.8653478], [78.270539, 9.8656966], [78.2707214, 9.8659291], [78.270877, 9.8661035], [78.2710969, 9.8661511], [78.2715261, 9.8662145]]]}, "properties": {"kind": "landuse", "name": "", "osm_id": 981898961, "tag": "residential"}}, {"type": "Feature", "geometry": {"type": "Polygon", "coordinates": [[[78.2723254, 9.8834487], [78.2725185, 9.883454], [78.2730013, 9.8835439], [78.2734841, 9.883676], [78.2739294, 9.8837235], [78.2743263, 9.883676], [78.2747716, 9.8836443], [78.2753724, 9.8837605], [78.2755548, 9.8835914], [78.2756138, 9.8831898], [78.2756567, 9.8830365], [78.2756942, 9.8829678], [78.2757533, 9.8810864], [78.2759088, 9.8808275], [78.2760268, 9.8808592], [78.27622, 9.8811974], [78.2760376, 9.8819426], [78.2759464, 9.8826349], [78.2761931, 9.8828093], [78.2764238, 9.8828833], [78.2767349, 9.8830207], [78.2767242, 9.8832849], [78.2766867, 9.8834064], [78.2762521, 9.8835016], [78.2758284, 9.8835544], [78.2756567, 9.8836707], [78.2755226, 9.8839983], [78.2755601, 9.8846589], [78.2755333, 9.8848968], [78.275485, 9.8849549], [78.2751524, 9.8849126], [78.2741171, 9.8848016], [78.2729316, 9.8846008], [78.2724327, 9.8844793], [78.2722449, 9.8843894], [78.2721215, 9.8842362], [78.2721457, 9.8838662], [78.2721618, 9.8836152], [78.2721993, 9.8834751], [78.2723254, 9.8834487]]]}, "properties": {"kind": "landuse", "name": "", "osm_id": 981898962, "tag": "residential"}}, {"type": "Feature", "geometry": {"type": "Polygon", "coordinates": [[[78.2774135, 9.8802118], [78.2773679, 9.8799872], [78.2773277, 9.8798048], [78.2773465, 9.8795908], [78.2773814, 9.8794296], [78.2774752, 9.8792631], [78.2775557, 9.8791812], [78.2776898, 9.8791178], [78.2778883, 9.8790967], [78.2781056, 9.8792288], [78.2782719, 9.8794375], [78.278347, 9.8797361], [78.2784435, 9.8798207], [78.2786447, 9.8798656], [78.2788163, 9.8799105], [78.2788995, 9.8800321], [78.2789129, 9.8801325], [78.2788646, 9.8802065], [78.2786876, 9.8803043], [78.2784381, 9.8803862], [78.2782665, 9.8804496], [78.278178, 9.88055], [78.2781324, 9.8807535], [78.278076, 9.8808644], [78.2779741, 9.8809199], [78.2776871, 9.8809305], [78.2776228, 9.8808459], [78.2776737, 9.8806293], [78.277722, 9.8804998], [78.2776657, 9.8804179], [78.2774135, 9.8802118]]]}, "properties": {"kind": "landuse", "name": "", "osm_id": 981898963, "tag": "residential"}}, {"type": "Feature", "geometry": {"type": "Polygon", "coordinates": [[[78.2884508, 9.876774], [78.2884401, 9.8766207], [78.2886225, 9.8764569], [78.2887834, 9.8763459], [78.288939, 9.8762243], [78.2890731, 9.8761186], [78.2891214, 9.8760288], [78.2890087, 9.875791], [78.2890838, 9.8754316], [78.289293, 9.875236], [78.2897007, 9.8750246], [78.2901192, 9.8748397], [78.290779, 9.8746758], [78.2911652, 9.8746388], [78.2912028, 9.8747657], [78.2910848, 9.8752625], [78.291074, 9.8758597], [78.2910848, 9.8762032], [78.2911169, 9.8765837], [78.2913101, 9.8768427], [78.2914066, 9.8769325], [78.2916909, 9.8771175], [78.291868, 9.8772496], [78.2922167, 9.8776724], [78.2925063, 9.878185], [78.2925975, 9.878481], [78.292678, 9.8788562], [78.2927531, 9.8791257], [78.2924795, 9.8791574], [78.292281, 9.8792843], [78.2921737, 9.8794058], [78.2921416, 9.8798075], [78.2921255, 9.8800612], [78.292104, 9.8801668], [78.2920289, 9.8801774], [78.291868, 9.8800189], [78.2917982, 9.8797176], [78.2916319, 9.8794428], [78.2915354, 9.8792261], [78.2913852, 9.8790465], [78.291074, 9.8792314], [78.2909185, 9.8792579], [78.2906127, 9.8791522], [78.2904196, 9.8790095], [78.2901406, 9.8787822], [78.289926, 9.8786025], [78.2893413, 9.8781057], [78.2889444, 9.8780159], [78.2887191, 9.8777834], [78.2885259, 9.8774134], [78.2883918, 9.8771862], [78.2884508, 9.876774]]]}, "properties": {"kind": "landuse", "name": "", "osm_id": 981898964, "tag": "residential"}}, {"type": "Feature", "geometry": {"type": "Polygon", "coordinates": [[[78.2553524, 9.9088042], [78.2558405, 9.908799], [78.2564092, 9.9087672], [78.2571065, 9.9087831], [78.2575625, 9.9088571], [78.2578629, 9.9089945], [78.2580668, 9.9093697], [78.2580346, 9.909877], [78.2580453, 9.9103896], [78.258099, 9.9106009], [78.2582653, 9.9106432], [78.2587105, 9.9106062], [78.2590967, 9.9106432], [78.2591397, 9.9109233], [78.2590645, 9.9112403], [78.2588822, 9.9115098], [78.258732, 9.9117424], [78.2585764, 9.91207], [78.2584369, 9.9123448], [78.2586193, 9.9127464], [78.258732, 9.9127728], [78.2588285, 9.9129842], [78.2588071, 9.9131321], [78.2585549, 9.913259], [78.2578951, 9.9132008], [78.2576001, 9.9131533], [78.2571548, 9.9131533], [78.2567364, 9.9131163], [78.2565325, 9.9131057], [78.2561839, 9.9131955], [78.255685, 9.9131586], [78.2553416, 9.9131268], [78.2551968, 9.9128573], [78.2551539, 9.9124716], [78.2549715, 9.9120911], [78.2548481, 9.9117846], [78.2546765, 9.9115257], [78.2546925, 9.911383], [78.2547033, 9.9108916], [78.2546443, 9.9103737], [78.2544994, 9.9100725], [78.2544619, 9.909766], [78.2544941, 9.909264], [78.2547891, 9.909116], [78.2553524, 9.9088042]]]}, "properties": {"kind": "landuse", "name": "", "osm_id": 981898965, "tag": "residential"}}, {"type": "Feature", "geometry": {"type": "Polygon", "coordinates": [[[78.2728457, 10.0346886], [78.2731193, 10.0343823], [78.2731676, 10.0342238], [78.2731193, 10.0341234], [78.2729986, 10.033957], [78.2730174, 10.0338804], [78.2731354, 10.0337616], [78.2732373, 10.033722], [78.2733071, 10.0337563], [78.2734358, 10.033825], [78.2734519, 10.0339095], [78.2734251, 10.0339782], [78.2733205, 10.0341314], [78.2733205, 10.0342581], [78.2733983, 10.0343691], [78.2733634, 10.0345117], [78.2732615, 10.0347019], [78.2731408, 10.0348973], [78.2728457, 10.0346886]]]}, "properties": {"kind": "landuse", "name": "", "osm_id": 982374817, "tag": "residential"}}, {"type": "Feature", "geometry": {"type": "Polygon", "coordinates": [[[78.2771534, 10.0382727], [78.2766598, 10.0379241], [78.2764453, 10.0376917], [78.2760804, 10.0372965], [78.2754981, 10.0366657], [78.2750559, 10.0360436], [78.2748681, 10.0358164], [78.2745784, 10.0353146], [78.2744282, 10.0351139], [78.2745302, 10.0349448], [78.2746857, 10.0348762], [78.2748198, 10.034892], [78.2749808, 10.0348867], [78.2750452, 10.0348128], [78.2750827, 10.0345962], [78.2750452, 10.0344536], [78.2747126, 10.0340204], [78.2745999, 10.0336137], [78.274852, 10.0336929], [78.275131, 10.0340733], [78.2754314, 10.0344747], [78.2755762, 10.0347335], [78.2756191, 10.0350822], [78.2754743, 10.0354361], [78.2754475, 10.0357002], [78.2756728, 10.0359591], [78.2758927, 10.0361281], [78.2760644, 10.0361122], [78.2763433, 10.0359326], [78.2765257, 10.0360541], [78.2766277, 10.0364028], [78.2766008, 10.0365824], [78.2768422, 10.0367197], [78.2772553, 10.0366458], [78.2773948, 10.0369416], [78.2772607, 10.0371898], [78.2772446, 10.0373589], [78.2773089, 10.0376019], [78.2773948, 10.0378924], [78.2774323, 10.0380931], [78.2773894, 10.0382674], [78.2771534, 10.0382727]]]}, "properties": {"kind": "landuse", "name": "", "osm_id": 982374818, "tag": "residential"}}, {"type": "Feature", "geometry": {"type": "Polygon", "coordinates": [[[78.0894921, 9.796148], [78.0895757, 9.7964138], [78.0891172, 9.7965307], [78.0891954, 9.7970836], [78.0895461, 9.7970836], [78.0894975, 9.7968018], [78.0899911, 9.7967939], [78.0899371, 9.7972032], [78.0899668, 9.7973812], [78.0900342, 9.7974078], [78.0898805, 9.7977985], [78.0896701, 9.7979341], [78.0890579, 9.7980669], [78.0884321, 9.7981972], [78.0879979, 9.7981945], [78.0879925, 9.7983168], [78.0878577, 9.7983566], [78.0878469, 9.7985905], [78.0875987, 9.7986171], [78.087623, 9.7989227], [78.087445, 9.7989254], [78.0874045, 9.7984603], [78.0871591, 9.7984523], [78.0872589, 9.7982424], [78.0872481, 9.7981095], [78.0870647, 9.7981148], [78.0870566, 9.798059], [78.0869703, 9.7980643], [78.0869622, 9.7980005], [78.0865091, 9.7980111], [78.0864767, 9.797865], [78.0862852, 9.7977959], [78.0862394, 9.797554], [78.0857647, 9.7976736], [78.0854356, 9.7976364], [78.0854464, 9.7974902], [78.0856029, 9.7974503], [78.085611, 9.7972297], [78.0860101, 9.7971819], [78.0860668, 9.797251], [78.0866089, 9.7971819], [78.0866925, 9.796863], [78.0862691, 9.7968869], [78.0863284, 9.7967088], [78.0861639, 9.7967141], [78.0861477, 9.7962862], [78.0861908, 9.7960763], [78.0859562, 9.7961082], [78.0859319, 9.7958264], [78.0863419, 9.795744], [78.0861288, 9.7953161], [78.0858699, 9.7954915], [78.0857027, 9.795069], [78.085789, 9.7950078], [78.0856352, 9.7948749], [78.0856056, 9.7945108], [78.0858132, 9.7944922], [78.0857566, 9.7941254], [78.0855975, 9.7941175], [78.0855624, 9.7939447], [78.0856649, 9.7939394], [78.0856487, 9.793841], [78.0856056, 9.7938596], [78.0855354, 9.7936098], [78.0858213, 9.7935699], [78.0858186, 9.7934796], [78.0859508, 9.7934503], [78.0859751, 9.7936072], [78.0860991, 9.7936072], [78.08618, 9.7939394], [78.0861126, 9.7941945], [78.0861342, 9.7943593], [78.0863823, 9.7943195], [78.0865334, 9.7945826], [78.086822, 9.7944736], [78.0869298, 9.7948271], [78.0870108, 9.7947952], [78.0871402, 9.795247], [78.0872805, 9.7952098], [78.0873344, 9.7954012], [78.0875718, 9.7953533], [78.0875852, 9.7952311], [78.0879224, 9.7951886], [78.087979, 9.7953427], [78.0882137, 9.7953135], [78.0883243, 9.7956829], [78.0880195, 9.7957786], [78.0879763, 9.7955633], [78.0876257, 9.7955899], [78.0874774, 9.7955846], [78.0875394, 9.7957228], [78.0876823, 9.7957175], [78.0878145, 9.7963474], [78.0876068, 9.7965307], [78.0876068, 9.7970224], [78.0882946, 9.7970171], [78.0882892, 9.7969826], [78.0884106, 9.7969746], [78.0885238, 9.7970198], [78.0885427, 9.7970464], [78.0887234, 9.7970384], [78.0887423, 9.7969268], [78.0890768, 9.7968842], [78.0889527, 9.7963181], [78.0894921, 9.796148]]]}, "properties": {"kind": "landuse", "name": "", "osm_id": 983027582, "tag": "residential"}}, {"type": "Feature", "geometry": {"type": "Polygon", "coordinates": [[[78.0862232, 9.7982613], [78.0862583, 9.7985215], [78.0860296, 9.7985839], [78.0860859, 9.7987573], [78.0860331, 9.7988024], [78.085389, 9.7989446], [78.0854876, 9.7991492], [78.0857445, 9.7990486], [78.0858114, 9.7993296], [78.0853045, 9.7994128], [78.0852975, 9.7993157], [78.0847801, 9.799392], [78.084678, 9.7992082], [78.0848963, 9.7991631], [78.0848857, 9.7990695], [78.0850934, 9.7989758], [78.0850722, 9.7988406], [78.0849068, 9.7988787], [78.0848857, 9.7987608], [78.0850089, 9.7986879], [78.0849279, 9.7983342], [78.0846323, 9.7984244], [78.0845513, 9.7982822], [78.0844352, 9.798303], [78.0843472, 9.7979111], [78.0844739, 9.7978694], [78.0844317, 9.7977376], [78.0846992, 9.7976856], [78.0847695, 9.7977793], [78.0849174, 9.7980255], [78.0850546, 9.798133], [78.0852377, 9.798414], [78.0856811, 9.7983446], [78.0862232, 9.7982613]]]}, "properties": {"kind": "landuse", "name": "", "osm_id": 983027583, "tag": "residential"}}, {"type": "Feature", "geometry": {"type": "Polygon", "coordinates": [[[78.0939777, 9.7970501], [78.0936645, 9.797091], [78.0930667, 9.7971123], [78.0918497, 9.797094], [78.0918713, 9.7969058], [78.0921763, 9.7969088], [78.0921948, 9.7968208], [78.0923827, 9.7968238], [78.0923673, 9.7966963], [78.0921024, 9.7967085], [78.0920777, 9.7964686], [78.0924136, 9.7964352], [78.0923643, 9.7961619], [78.0922934, 9.7961589], [78.0921609, 9.795828], [78.0921424, 9.7955365], [78.0920253, 9.7955517], [78.0920069, 9.7953847], [78.0919113, 9.7950204], [78.0920438, 9.7949779], [78.0920253, 9.7948625], [78.092355, 9.7947957], [78.0923161, 9.7946774], [78.0919997, 9.7946958], [78.0919791, 9.7941277], [78.092315, 9.7941217], [78.0923673, 9.7943312], [78.0927771, 9.794316], [78.092774, 9.7944951], [78.0927093, 9.7945407], [78.0927401, 9.7947805], [78.0927802, 9.7948837], [78.0929589, 9.7948807], [78.092999, 9.7949202], [78.0931807, 9.794908], [78.0931838, 9.7946378], [78.0933348, 9.7946378], [78.0933841, 9.7949536], [78.0936398, 9.7950386], [78.09376, 9.7951813], [78.0937661, 9.7956094], [78.0939017, 9.79625], [78.0939818, 9.796842], [78.0939777, 9.7970501]]]}, "properties": {"kind": "landuse", "name": "", "osm_id": 983027584, "tag": "residential"}}, {"type": "Feature", "geometry": {"type": "Polygon", "coordinates": [[[78.0944613, 9.7963931], [78.0944291, 9.7958305], [78.0941839, 9.7958067], [78.0942562, 9.7950223], [78.0945899, 9.7949747], [78.0945779, 9.7952045], [78.095583, 9.7951055], [78.0955951, 9.7952679], [78.0955348, 9.7953392], [78.0950644, 9.7953511], [78.0950563, 9.7963575], [78.0944613, 9.7963931]]]}, "properties": {"kind": "landuse", "name": "", "osm_id": 983027585, "tag": "residential"}}, {"type": "Feature", "geometry": {"type": "Polygon", "coordinates": [[[78.0769835, 9.7928029], [78.0769312, 9.7916381], [78.0771322, 9.7916222], [78.0772046, 9.7918837], [78.0773293, 9.7918797], [78.0772488, 9.7915033], [78.0773333, 9.7914994], [78.0774418, 9.7912339], [78.0782821, 9.7911903], [78.0784631, 9.7914201], [78.078455, 9.7915271], [78.0782701, 9.7915192], [78.078258, 9.7914281], [78.0781696, 9.791436], [78.0781052, 9.7916975], [78.0781495, 9.7917609], [78.0785354, 9.791749], [78.0785515, 9.7920184], [78.0783947, 9.7920303], [78.0784269, 9.7922086], [78.0792873, 9.7920818], [78.0793074, 9.7922839], [78.0794562, 9.7922958], [78.0794522, 9.7925367], [78.0792107, 9.7924841], [78.0787495, 9.7924554], [78.0785698, 9.7924279], [78.0785444, 9.7926862], [78.0784254, 9.7926898], [78.0784436, 9.7928597], [78.0781705, 9.7928752], [78.0781499, 9.7926516], [78.0778635, 9.7926324], [78.0778525, 9.7927688], [78.0774326, 9.7927795], [78.0774435, 9.7926922], [78.077327, 9.792703], [78.0772166, 9.7927102], [78.0771947, 9.7927915], [78.0769835, 9.7928029]]]}, "properties": {"kind": "landuse", "name": "", "osm_id": 983027586, "tag": "residential"}}, {"type": "Feature", "geometry": {"type": "Polygon", "coordinates": [[[78.0704185, 9.7978574], [78.0709148, 9.7977617], [78.0707017, 9.7966933], [78.0711791, 9.796587], [78.0711764, 9.7964328], [78.0704617, 9.7965338], [78.0702135, 9.7969139], [78.0702432, 9.7971345], [78.070316, 9.7977059], [78.0704185, 9.7978574]]]}, "properties": {"kind": "landuse", "name": "", "osm_id": 983027587, "tag": "residential"}}, {"type": "Feature", "geometry": {"type": "Polygon", "coordinates": [[[78.0667064, 9.7995669], [78.0664907, 9.7996641], [78.0663059, 9.7993513], [78.0660162, 9.7994424], [78.0658807, 9.7991813], [78.0654986, 9.7993453], [78.0654616, 9.7992371], [78.065646, 9.7991182], [78.0655559, 9.7988709], [78.0663675, 9.7984166], [78.0660854, 9.7978075], [78.0666379, 9.7975515], [78.0671078, 9.7974189], [78.0671267, 9.7977121], [78.0669449, 9.7977982], [78.0670204, 9.7981146], [78.0674531, 9.7978154], [78.067604, 9.7984489], [78.0678127, 9.7984244], [78.0679574, 9.7989275], [78.0678499, 9.7992065], [78.0679512, 9.7993755], [78.0683655, 9.7991622], [78.0691996, 9.7988501], [78.069553, 9.7988745], [78.069799, 9.7987992], [78.0698816, 9.7991597], [78.0694931, 9.7992411], [78.0694579, 9.7990843], [78.0686167, 9.7993735], [78.0687697, 9.7997014], [78.0685713, 9.7997544], [78.0684576, 9.7994346], [78.0680132, 9.799569], [78.0682116, 9.800011], [78.068594, 9.7999336], [78.0687779, 9.8002513], [78.0685733, 9.8003572], [78.06847, 9.8001556], [78.0678644, 9.8004081], [78.0675006, 9.7998134], [78.0673126, 9.7998542], [78.0670955, 9.7994916], [78.0668785, 9.7995466], [78.0667064, 9.7995669]]]}, "properties": {"kind": "landuse", "name": "", "osm_id": 983027588, "tag": "residential"}}, {"type": "Feature", "geometry": {"type": "Polygon", "coordinates": [[[78.0598971, 9.7950417], [78.0598029, 9.7949093], [78.0598112, 9.7947505], [78.0597409, 9.7945081], [78.059898, 9.7944694], [78.0599972, 9.794502], [78.0604271, 9.7944287], [78.06064, 9.7943818], [78.0606503, 9.7942005], [78.060733, 9.7941863], [78.0607392, 9.7941394], [78.0608219, 9.7941415], [78.0608963, 9.7945183], [78.0608467, 9.794669], [78.0605408, 9.7947912], [78.0605511, 9.7949073], [78.0600634, 9.795056], [78.0598971, 9.7950417]]]}, "properties": {"kind": "landuse", "name": "", "osm_id": 983027685, "tag": "residential"}}, {"type": "Feature", "geometry": {"type": "Polygon", "coordinates": [[[78.0935937, 9.9126724], [78.0934596, 9.9144849], [78.0921882, 9.9145113], [78.0921829, 9.9153146], [78.0933791, 9.9152776], [78.0933684, 9.9160068], [78.0944896, 9.9160808], [78.0940363, 9.9177295], [78.0939934, 9.9177559], [78.0937842, 9.9176845], [78.0937359, 9.9176026], [78.0930117, 9.9178484], [78.0928749, 9.9176291], [78.0927381, 9.9176238], [78.0926013, 9.9176872], [78.0924806, 9.9178748], [78.0925342, 9.9180967], [78.0929527, 9.9181522], [78.0930063, 9.9184455], [78.0929875, 9.9185274], [78.0929205, 9.9185644], [78.0925316, 9.9185617], [78.0922553, 9.918493], [78.0920166, 9.9177744], [78.0917108, 9.9179038], [78.0912977, 9.918353], [78.0906916, 9.9188075], [78.0903804, 9.9188339], [78.0899996, 9.9187546], [78.0894846, 9.9187493], [78.0890474, 9.9187837], [78.0887014, 9.9188365], [78.0878451, 9.9188445], [78.0877787, 9.9195103], [78.0875319, 9.9209159], [78.0874407, 9.9212065], [78.0873817, 9.9212488], [78.0872798, 9.9212329], [78.087135, 9.9211484], [78.0868882, 9.9210797], [78.0866843, 9.9211589], [78.086518, 9.9213333], [78.0867112, 9.9216926], [78.0867004, 9.9217666], [78.0862606, 9.9219357], [78.0857241, 9.9222158], [78.0852789, 9.9221629], [78.0850804, 9.9220731], [78.0849516, 9.9219621], [78.0846995, 9.9216028], [78.084206, 9.9213439], [78.0836749, 9.921328], [78.0834764, 9.9212012], [78.0833852, 9.920826], [78.0833638, 9.9205988], [78.083396, 9.920398], [78.0838627, 9.9201285], [78.0837983, 9.9197216], [78.0837768, 9.9196476], [78.0836964, 9.9196107], [78.0834228, 9.9196212], [78.0833691, 9.9200545], [78.0824196, 9.9201866], [78.0823016, 9.9197639], [78.0822051, 9.9196529], [78.0816901, 9.9197745], [78.0814755, 9.9195789], [78.0812985, 9.9196318], [78.0811429, 9.9196107], [78.0810785, 9.9195472], [78.0810893, 9.9192408], [78.0810571, 9.9191879], [78.0807687, 9.9192249], [78.0803181, 9.9189197], [78.0801183, 9.9188722], [78.079952, 9.918781], [78.0797696, 9.918752], [78.079653, 9.9187374], [78.0795899, 9.9187731], [78.0795067, 9.9189079], [78.0793941, 9.9189977], [78.0787611, 9.9191192], [78.0783856, 9.9190717], [78.078407, 9.9187018], [78.0782032, 9.9184058], [78.0783588, 9.9180624], [78.0783534, 9.9176608], [78.0783749, 9.9175498], [78.07845, 9.9174494], [78.078804, 9.917349], [78.0792868, 9.9173014], [78.0798554, 9.9172962], [78.0802202, 9.917386], [78.0803597, 9.9172539], [78.0805045, 9.9169897], [78.0808532, 9.916921], [78.0809471, 9.9167876], [78.0809658, 9.9161918], [78.081218, 9.9162076], [78.0812502, 9.9160068], [78.0812609, 9.9159064], [78.0812206, 9.9158588], [78.0810034, 9.9158535], [78.0803919, 9.9159064], [78.0798233, 9.9159487], [78.0799037, 9.9165828], [78.079834, 9.916662], [78.0797052, 9.9167149], [78.0796945, 9.916884], [78.0796395, 9.9169989], [78.0794517, 9.9170478], [78.0794397, 9.9167361], [78.078627, 9.91681], [78.078289, 9.9168153], [78.07823, 9.9167889], [78.0782032, 9.9165405], [78.0782461, 9.9156633], [78.0781871, 9.9151349], [78.0787826, 9.9151137], [78.079024, 9.9150451], [78.0789784, 9.9147201], [78.07814, 9.9145835], [78.078178, 9.9143169], [78.0786442, 9.9143391], [78.0786935, 9.9141417], [78.0788306, 9.9141309], [78.0788591, 9.9143493], [78.0790186, 9.9143475], [78.0791795, 9.9143422], [78.0798984, 9.9144162], [78.0799574, 9.9139671], [78.0801224, 9.9139389], [78.0801488, 9.9135187], [78.0802282, 9.9135529], [78.0803765, 9.9136693], [78.0803847, 9.9140599], [78.0802068, 9.9139844], [78.0800968, 9.9144743], [78.0801022, 9.9146434], [78.0801612, 9.9147438], [78.0804348, 9.9146276], [78.081041, 9.9144743], [78.081159, 9.9143845], [78.0814648, 9.9142841], [78.0816525, 9.9140727], [78.0816579, 9.913724], [78.0815506, 9.9136394], [78.0811912, 9.9135919], [78.0811107, 9.9135232], [78.0810517, 9.9133118], [78.0818456, 9.9131057], [78.0820709, 9.9141097], [78.0826664, 9.9140463], [78.0827522, 9.912609], [78.083058, 9.9118005], [78.0831331, 9.9117001], [78.083632, 9.9117106], [78.0835462, 9.91272], [78.0835891, 9.9127992], [78.0836964, 9.9128098], [78.0837285, 9.9128521], [78.0837553, 9.9134168], [78.0847478, 9.9134016], [78.0848926, 9.9138085], [78.0850321, 9.9140093], [78.0849838, 9.9148443], [78.0844581, 9.914876], [78.0835891, 9.9148548], [78.0833423, 9.9149499], [78.0831546, 9.9151032], [78.0831546, 9.9164665], [78.0825859, 9.9164401], [78.082146, 9.9165722], [78.0821836, 9.9175287], [78.0823874, 9.9174811], [78.0824518, 9.917312], [78.0825859, 9.9172909], [78.0826503, 9.917312], [78.0826557, 9.9174547], [78.0827147, 9.9175445], [78.0828005, 9.9176026], [78.0829883, 9.9176343], [78.0830151, 9.917851], [78.0828649, 9.9178827], [78.0828273, 9.9179303], [78.08294, 9.918316], [78.0834013, 9.9190452], [78.0835032, 9.9190769], [78.0840075, 9.9189818], [78.0838358, 9.9181046], [78.0837929, 9.9177665], [78.0838251, 9.9176396], [78.0841201, 9.9176185], [78.0841577, 9.9182843], [78.0843455, 9.9183319], [78.084383, 9.9188444], [78.0854076, 9.9189079], [78.0854505, 9.9188233], [78.0856919, 9.9187757], [78.0856329, 9.9181099], [78.0861586, 9.9179197], [78.0861103, 9.9174758], [78.0860835, 9.9174177], [78.0859923, 9.9174071], [78.0851608, 9.9174864], [78.0852038, 9.9172803], [78.085708, 9.917238], [78.0855739, 9.9168153], [78.0855578, 9.916662], [78.0854881, 9.9165141], [78.0851179, 9.9164877], [78.0851072, 9.916456], [78.0851662, 9.9156158], [78.0857992, 9.9155523], [78.0862069, 9.9155629], [78.0862498, 9.9152406], [78.0864483, 9.9152036], [78.086459, 9.9150609], [78.0866361, 9.9150398], [78.0866361, 9.9149869], [78.0867058, 9.9149605], [78.0868614, 9.9149711], [78.0869204, 9.9152987], [78.0875319, 9.9152511], [78.0875158, 9.9149922], [78.0872315, 9.9148918], [78.0870652, 9.914543], [78.0871242, 9.9139459], [78.0873442, 9.9138561], [78.087312, 9.9134598], [78.0876768, 9.9134175], [78.0877465, 9.9136024], [78.0880201, 9.913613], [78.0881059, 9.9138455], [78.0881756, 9.9138931], [78.0883044, 9.9138772], [78.0883259, 9.9134756], [78.0882186, 9.9128891], [78.088417, 9.9128098], [78.0889374, 9.9127675], [78.0891305, 9.9124452], [78.0894685, 9.9122259], [78.0897421, 9.9121942], [78.0906486, 9.91221], [78.0906728, 9.9120554], [78.090705, 9.9120171], [78.0908377, 9.9120224], [78.09089, 9.9121677], [78.0909169, 9.91221], [78.0911596, 9.9122655], [78.0913259, 9.9123302], [78.0913889, 9.9123738], [78.0915901, 9.912461], [78.0918154, 9.9124901], [78.0920595, 9.912494], [78.0921708, 9.9124703], [78.0923411, 9.9124042], [78.0926456, 9.9123382], [78.0930117, 9.9122932], [78.0931002, 9.9123712], [78.0931163, 9.912683], [78.0932879, 9.9126777], [78.0933684, 9.9125244], [78.0935562, 9.912535], [78.0935937, 9.9126724]]]}, "properties": {"kind": "landuse", "name": "", "osm_id": 983267618, "tag": "residential"}}, {"type": "Feature", "geometry": {"type": "Polygon", "coordinates": [[[78.0840249, 9.943682], [78.084788, 9.943291], [78.0851091, 9.9428687], [78.0856528, 9.942579], [78.0859615, 9.9424205], [78.0862449, 9.9421994], [78.0866811, 9.9419566], [78.0870127, 9.9416446], [78.087146, 9.9415643], [78.0873287, 9.9414774], [78.0874739, 9.9414256], [78.0876749, 9.9414058], [78.0879244, 9.9414028], [78.0880978, 9.9414091], [78.0882261, 9.9413706], [78.0884154, 9.9413355], [78.0885177, 9.9412564], [78.0885431, 9.9411729], [78.0887596, 9.9410858], [78.0888173, 9.9410403], [78.0889877, 9.9409576], [78.0891775, 9.9408717], [78.0891956, 9.94091], [78.0892616, 9.9408808], [78.0894074, 9.9408236], [78.0893991, 9.9407214], [78.0895697, 9.9406953], [78.0895913, 9.9406107], [78.0895686, 9.9405138], [78.0895552, 9.9404204], [78.0895221, 9.9403442], [78.0895083, 9.9403163], [78.0895624, 9.940307], [78.0895897, 9.9402393], [78.0896341, 9.9402231], [78.0897633, 9.9401902], [78.0898638, 9.9402062], [78.0900523, 9.9402246], [78.0901201, 9.9402388], [78.090188, 9.9402298], [78.0902645, 9.9401835], [78.090315, 9.9400056], [78.0903729, 9.9398524], [78.0906256, 9.9395763], [78.0907314, 9.9394475], [78.0909393, 9.9392759], [78.0914606, 9.9389362], [78.0916557, 9.938825], [78.0917776, 9.9386952], [78.0918808, 9.9385509], [78.0920113, 9.9384254], [78.092269, 9.9383312], [78.0925528, 9.9382491], [78.0927721, 9.9382278], [78.0929158, 9.9382889], [78.092976, 9.9383921], [78.0929965, 9.9383993], [78.0930142, 9.9383937], [78.0930381, 9.9383745], [78.0930491, 9.9383184], [78.0930971, 9.9381452], [78.0931814, 9.9376303], [78.0933439, 9.9373048], [78.0933957, 9.9372187], [78.093633, 9.9370254], [78.0938545, 9.936931], [78.0939912, 9.936843], [78.0940636, 9.9367902], [78.0940555, 9.9367692], [78.09394, 9.9366769], [78.0938966, 9.9365613], [78.0939474, 9.9363469], [78.0939446, 9.9363162], [78.0938731, 9.9361548], [78.0938731, 9.9360672], [78.0939373, 9.9358058], [78.0940855, 9.9355753], [78.094219, 9.9354618], [78.0942804, 9.935341], [78.0943729, 9.9351565], [78.0944024, 9.9350759], [78.0944909, 9.9349623], [78.0945204, 9.9348698], [78.0945164, 9.9348209], [78.0945231, 9.9345792], [78.0944855, 9.9344722], [78.0944185, 9.9343929], [78.0943555, 9.934282], [78.0943514, 9.9341842], [78.0943796, 9.9340759], [78.0944373, 9.9340032], [78.0945231, 9.9339253], [78.0946344, 9.9339077], [78.0946921, 9.933883], [78.0946916, 9.9338238], [78.0946477, 9.933693], [78.0947291, 9.9334209], [78.094761, 9.9332651], [78.0947483, 9.9331054], [78.0947456, 9.9329461], [78.0947316, 9.9328188], [78.0946829, 9.9325809], [78.0946688, 9.9324722], [78.0947502, 9.9323893], [78.0948619, 9.9323599], [78.0949994, 9.9323509], [78.0950419, 9.9323386], [78.0950796, 9.9323102], [78.0951548, 9.9322179], [78.0952437, 9.9321437], [78.0953369, 9.9320801], [78.095431, 9.9320677], [78.0955067, 9.9320665], [78.0955309, 9.9320596], [78.0955525, 9.9320377], [78.0955744, 9.9319828], [78.0955919, 9.9319051], [78.0955959, 9.9318577], [78.0955187, 9.9316653], [78.0954118, 9.9316938], [78.0951308, 9.9318253], [78.0951575, 9.9319114], [78.0950746, 9.9319431], [78.0949212, 9.9320066], [78.0948341, 9.9318018], [78.0943999, 9.9319938], [78.0944983, 9.9323106], [78.0940274, 9.9324706], [78.0941125, 9.9328284], [78.0936407, 9.9330317], [78.0930796, 9.9333317], [78.0926595, 9.9335976], [78.0926051, 9.9338209], [78.0920392, 9.9340812], [78.091084, 9.9344721], [78.0910895, 9.9347524], [78.090258, 9.9349408], [78.0898517, 9.9349158], [78.0891726, 9.9353749], [78.0890443, 9.9356376], [78.0888969, 9.9361302], [78.0888372, 9.936519], [78.0878305, 9.9367947], [78.0873153, 9.9369935], [78.0874725, 9.937405], [78.0875817, 9.9384476], [78.0869082, 9.9385108], [78.0867726, 9.9379117], [78.0866884, 9.9376122], [78.0865883, 9.9373411], [78.0861358, 9.9376736], [78.0856315, 9.938083], [78.0858088, 9.9384996], [78.085761, 9.9385494], [78.0854083, 9.9385408], [78.0850402, 9.9385712], [78.0848873, 9.9386412], [78.0847451, 9.9389186], [78.0841738, 9.9400705], [78.0835569, 9.9407865], [78.0828863, 9.9414866], [78.0824223, 9.9420467], [78.0819905, 9.9424535], [78.0821809, 9.943402], [78.0820155, 9.9434535], [78.0822855, 9.9444843], [78.0835971, 9.9438643], [78.083695, 9.9438141], [78.0840249, 9.943682]]]}, "properties": {"kind": "landuse", "name": "", "osm_id": 983267619, "tag": "residential"}}, {"type": "Feature", "geometry": {"type": "Polygon", "coordinates": [[[78.0937779, 9.9230982], [78.0939546, 9.9241803], [78.0943549, 9.9260109], [78.0944413, 9.9268502], [78.0942535, 9.9279214], [78.0940965, 9.9279533], [78.0941033, 9.928085], [78.0938489, 9.9283307], [78.0939241, 9.9288516], [78.0934083, 9.9290828], [78.0929669, 9.9291002], [78.092547, 9.9292285], [78.0927771, 9.930191], [78.0930924, 9.9301556], [78.0931759, 9.9303119], [78.0938472, 9.9299218], [78.0944158, 9.9295203], [78.0947136, 9.9303472], [78.0938971, 9.9309212], [78.0939277, 9.930998], [78.0941382, 9.9308592], [78.0943743, 9.9312965], [78.0935165, 9.9320179], [78.0923782, 9.9329], [78.0918088, 9.9332984], [78.0917269, 9.9331538], [78.0917859, 9.9330746], [78.0911985, 9.9317219], [78.0909972, 9.9311359], [78.0909544, 9.9310112], [78.0900934, 9.9313018], [78.0901532, 9.9314422], [78.0904958, 9.9322476], [78.0907989, 9.933204], [78.0909035, 9.9332093], [78.0910617, 9.9337753], [78.0907157, 9.9338857], [78.0903858, 9.9326888], [78.0901578, 9.9318857], [78.0897367, 9.9320812], [78.0894712, 9.9315422], [78.088232, 9.9319966], [78.0876902, 9.932171], [78.0876043, 9.9314999], [78.0875051, 9.93099], [78.0858931, 9.9312252], [78.0851501, 9.9313923], [78.0850636, 9.9316215], [78.084961, 9.9318711], [78.0847269, 9.9323903], [78.0842426, 9.9326244], [78.0834905, 9.9331767], [78.0833491, 9.9328842], [78.0838014, 9.9326031], [78.0835996, 9.9323336], [78.0828975, 9.9323486], [78.0828876, 9.9327137], [78.0831626, 9.9334709], [78.0820736, 9.9340019], [78.0815452, 9.9344537], [78.0811831, 9.9345752], [78.0811724, 9.9340125], [78.0806279, 9.93406], [78.0806226, 9.934636], [78.0796489, 9.934673], [78.0793726, 9.9346677], [78.0793257, 9.9346743], [78.0792332, 9.934274], [78.0791795, 9.9339279], [78.0791742, 9.9337589], [78.0791795, 9.9337298], [78.0792037, 9.9336849], [78.0792305, 9.9336611], [78.0796033, 9.9335448], [78.0799144, 9.9333256], [78.0800486, 9.9330931], [78.0800613, 9.9324411], [78.0800868, 9.9322589], [78.0801552, 9.9321149], [78.0801719, 9.9318751], [78.0801451, 9.9318275], [78.0799949, 9.9316585], [78.0799842, 9.9316347], [78.0801453, 9.9311792], [78.0802431, 9.9312277], [78.0802254, 9.9315965], [78.0808944, 9.9316534], [78.08089, 9.9315665], [78.0812452, 9.9315898], [78.0812872, 9.931207], [78.0805651, 9.9311883], [78.0805759, 9.9309709], [78.080644, 9.9307602], [78.0813333, 9.9307443], [78.081336, 9.930533], [78.081277, 9.9305224], [78.0811939, 9.9305541], [78.0811617, 9.9305567], [78.0811805, 9.9303929], [78.0811805, 9.9301182], [78.0811885, 9.9300812], [78.0814004, 9.9300838], [78.0813897, 9.9298909], [78.081395, 9.9297668], [78.0816659, 9.9297377], [78.0822802, 9.9297483], [78.0822828, 9.9295158], [78.0822936, 9.9293916], [78.0830795, 9.929418], [78.0830875, 9.9292384], [78.0831385, 9.9288236], [78.0831787, 9.9282582], [78.0840236, 9.9281921], [78.0840772, 9.9282344], [78.0840129, 9.929175], [78.0844903, 9.9291723], [78.0846459, 9.9291934], [78.084721, 9.9291882], [78.084729, 9.9287866], [78.0847612, 9.9286677], [78.0858099, 9.9288183], [78.0862418, 9.9280679], [78.0870491, 9.9269424], [78.0864644, 9.9268869], [78.0864054, 9.926842], [78.0863464, 9.9267813], [78.0862391, 9.9266386], [78.0861238, 9.9264114], [78.0860299, 9.9261498], [78.0860031, 9.9260336], [78.086172, 9.9259041], [78.0861398, 9.9255712], [78.0860299, 9.9251722], [78.0868936, 9.9250983], [78.0868265, 9.9243928], [78.086282, 9.9243902], [78.086282, 9.9244932], [78.0863035, 9.9245963], [78.0863169, 9.924768], [78.0857885, 9.9247891], [78.0857536, 9.9245884], [78.0855739, 9.9246068], [78.0855685, 9.9248182], [78.0853674, 9.9248156], [78.0853513, 9.9244642], [78.0851877, 9.9237138], [78.0851716, 9.9235157], [78.0851608, 9.9234575], [78.0851743, 9.9234073], [78.0852038, 9.9233888], [78.0854773, 9.923336], [78.0854827, 9.9233228], [78.0853808, 9.9230057], [78.0853674, 9.9230005], [78.0852199, 9.9230322], [78.0852494, 9.9228446], [78.0852641, 9.9223214], [78.0857992, 9.922369], [78.0860782, 9.9223162], [78.086746, 9.9221471], [78.0874568, 9.9220731], [78.0877224, 9.9220335], [78.0876955, 9.921764], [78.0876607, 9.9215896], [78.0876473, 9.9214099], [78.0876714, 9.9213729], [78.0878189, 9.9213676], [78.0880147, 9.9213359], [78.0879986, 9.9211087], [78.0880094, 9.920974], [78.0880657, 9.9208604], [78.0881488, 9.9208155], [78.0881193, 9.9205275], [78.0880576, 9.9205195], [78.0878967, 9.9205724], [78.0878136, 9.9205935], [78.0878109, 9.9205777], [78.0878296, 9.9203108], [78.0878565, 9.9201496], [78.0878618, 9.9199885], [78.087945, 9.9195525], [78.0879664, 9.9194944], [78.0879772, 9.9194891], [78.0882534, 9.9195182], [78.0882749, 9.9195393], [78.088291, 9.9196001], [78.0882937, 9.9196846], [78.0883098, 9.9196899], [78.0885377, 9.9196582], [78.0886826, 9.9196529], [78.0887711, 9.9196424], [78.0887791, 9.9196344], [78.0887684, 9.9195076], [78.0888945, 9.9194785], [78.0889803, 9.9194759], [78.0890313, 9.9196001], [78.0892539, 9.9195287], [78.0893478, 9.9194785], [78.0893987, 9.9194019], [78.0894926, 9.9193147], [78.089616, 9.9192619], [78.0896321, 9.9190109], [78.0896535, 9.9189316], [78.0904233, 9.9189898], [78.0904046, 9.9192011], [78.090359, 9.9192328], [78.0902114, 9.9192857], [78.0902436, 9.9199383], [78.0903536, 9.9199462], [78.0903643, 9.9199805], [78.0903617, 9.9202131], [78.090426, 9.9202157], [78.090485, 9.9202051], [78.0904958, 9.9200651], [78.0904931, 9.9198986], [78.0906299, 9.9198643], [78.0908713, 9.9198379], [78.0908766, 9.9196661], [78.0908874, 9.9196133], [78.0909544, 9.9195922], [78.091118, 9.919571], [78.0911207, 9.9195605], [78.0911046, 9.9194997], [78.090992, 9.9192566], [78.0908954, 9.9189607], [78.0909115, 9.9189105], [78.0909491, 9.9188814], [78.0909759, 9.9188444], [78.091059, 9.9187757], [78.0911864, 9.9186278], [78.0912964, 9.9185974], [78.0920702, 9.918538], [78.0922794, 9.918645], [78.0925611, 9.9187123], [78.0926841, 9.9191559], [78.0927524, 9.9195144], [78.093043, 9.9195971], [78.0930385, 9.9201538], [78.0927239, 9.9202937], [78.092749, 9.9208857], [78.0931756, 9.9208582], [78.0934317, 9.9218281], [78.0937779, 9.9230982]]]}, "properties": {"kind": "landuse", "name": "", "osm_id": 983267620, "tag": "residential"}}, {"type": "Feature", "geometry": {"type": "Polygon", "coordinates": [[[77.9776231, 9.9153131], [77.9777383, 9.9156914], [77.9776653, 9.915907], [77.9771239, 9.9161566], [77.9769665, 9.9160545], [77.9768705, 9.9159221], [77.9766708, 9.9153698], [77.976617, 9.9153245], [77.9765172, 9.915298], [77.9764519, 9.9150332], [77.9762254, 9.9150143], [77.9761371, 9.9147949], [77.9758183, 9.9147987], [77.9756456, 9.9144885], [77.9754036, 9.9146171], [77.9752308, 9.9146171], [77.9752001, 9.9145226], [77.9752308, 9.9141784], [77.9752961, 9.913906], [77.9753691, 9.9137434], [77.9754536, 9.9137282], [77.9758337, 9.9139174], [77.9759758, 9.9139098], [77.9766017, 9.9137661], [77.976763, 9.9137509], [77.9768206, 9.9140762], [77.976571, 9.9141632], [77.9765671, 9.9141859], [77.9767092, 9.9145339], [77.9765287, 9.914636], [77.9766785, 9.9149878], [77.9769357, 9.9149538], [77.9770279, 9.9149689], [77.977266, 9.9151958], [77.9773505, 9.9151996], [77.9778573, 9.9150445], [77.9777997, 9.9149008], [77.9779725, 9.9147987], [77.9781952, 9.9149802], [77.9783411, 9.9152564], [77.9782298, 9.915332], [77.9778573, 9.9154379], [77.9778036, 9.9152261], [77.9776231, 9.9153131]]]}, "properties": {"kind": "landuse", "name": "", "osm_id": 983918861, "tag": "residential"}}, {"type": "Feature", "geometry": {"type": "Polygon", "coordinates": [[[78.0302705, 9.779855], [78.0301631, 9.7795713], [78.0301439, 9.7794313], [78.0301515, 9.7789472], [78.030094, 9.778584], [78.0301208, 9.7781982], [78.0307503, 9.778149], [78.0307964, 9.7779864], [78.0308616, 9.7779183], [78.0315794, 9.7778275], [78.0316024, 9.7780129], [78.0314642, 9.7780772], [78.0313222, 9.7781906], [78.0313414, 9.7784289], [78.031541, 9.7786332], [78.0316523, 9.7790228], [78.0316485, 9.7791363], [78.0315333, 9.7793821], [78.0314834, 9.7796658], [78.0313453, 9.7798852], [78.0313951, 9.7802294], [78.0313951, 9.7804753], [78.0313568, 9.7804904], [78.0312301, 9.7804488], [78.0310382, 9.7803051], [78.0308117, 9.7798587], [78.0307004, 9.7798512], [78.0306927, 9.7798285], [78.0302705, 9.779855]]]}, "properties": {"kind": "landuse", "name": "", "osm_id": 983918862, "tag": "residential"}}, {"type": "Feature", "geometry": {"type": "Polygon", "coordinates": [[[78.3357443, 10.1239523], [78.3364551, 10.1239183], [78.3365243, 10.123854], [78.3363399, 10.1232072], [78.3362938, 10.1228932], [78.3362938, 10.1227268], [78.3367971, 10.1224809], [78.3368586, 10.1224696], [78.3369662, 10.1225868], [78.3370123, 10.1228062], [78.3370392, 10.1228327], [78.3371352, 10.1228214], [78.337458, 10.1227041], [78.3373927, 10.122375], [78.338019, 10.1222729], [78.3380728, 10.1222691], [78.3380805, 10.1222918], [78.3380343, 10.1224582], [78.3380343, 10.1226587], [78.3383225, 10.122636], [78.3383571, 10.1226474], [78.3384032, 10.1227079], [78.3381919, 10.1227835], [78.338238, 10.1232715], [78.3382149, 10.1232866], [78.3379152, 10.1233925], [78.337873, 10.1231202], [78.3378807, 10.1230672], [78.3379537, 10.1229764], [78.3378691, 10.1228668], [78.3378038, 10.1228894], [78.3377577, 10.1229311], [78.3376962, 10.1230067], [78.3376463, 10.1231315], [78.3373543, 10.123211], [78.3371583, 10.1233055], [78.3370661, 10.1233244], [78.3371583, 10.1235892], [78.3372236, 10.1236724], [78.3375425, 10.1236876], [78.3379268, 10.1237367], [78.3379806, 10.1240999], [78.3379806, 10.1241717], [78.3379613, 10.124236], [78.3379229, 10.1242776], [78.3376347, 10.1242474], [78.3375348, 10.1242852], [78.3373389, 10.1244176], [78.3373312, 10.1244365], [78.3373312, 10.1245008], [78.3373581, 10.1246029], [78.3371583, 10.124758], [78.3370776, 10.1248715], [78.3371276, 10.1250795], [78.3373581, 10.1255864], [78.3374695, 10.1258928], [78.3372044, 10.1259268], [78.3369508, 10.1260214], [78.3368432, 10.1260441], [78.3367241, 10.1260138], [78.3367587, 10.1259608], [78.3366972, 10.1258663], [78.3366242, 10.125836], [78.3365089, 10.1257036], [78.3364052, 10.1256772], [78.336167, 10.1256847], [78.336108, 10.1257127], [78.3361132, 10.1254767], [78.336044, 10.1252157], [78.3360479, 10.1251136], [78.335752, 10.124584], [78.3357251, 10.1242701], [78.3357443, 10.1239523]]]}, "properties": {"kind": "landuse", "name": "", "osm_id": 983918865, "tag": "orchard"}}, {"type": "Feature", "geometry": {"type": "Polygon", "coordinates": [[[78.3357251, 10.1242701], [78.335752, 10.124584], [78.3360479, 10.1251136], [78.336044, 10.1252157], [78.3359403, 10.125333], [78.3359403, 10.1255032], [78.3358404, 10.1255713], [78.3358557, 10.1258322], [78.336108, 10.1257127], [78.336167, 10.1256847], [78.3364052, 10.1256772], [78.3365089, 10.1257036], [78.3366242, 10.125836], [78.3366972, 10.1258663], [78.3367587, 10.1259608], [78.3367241, 10.1260138], [78.3364782, 10.1260554], [78.3357059, 10.125976], [78.3352794, 10.1260327], [78.3350796, 10.1258549], [78.3348452, 10.1257944], [78.334753, 10.1255788], [78.3343495, 10.1256923], [78.3342881, 10.1256129], [78.3342535, 10.1255259], [78.3345609, 10.1253859], [78.3345224, 10.125106], [78.3347107, 10.1249963], [78.3347261, 10.1247504], [78.334753, 10.1246861], [78.3350565, 10.1244743], [78.3350873, 10.1242474], [78.3351334, 10.1241339], [78.3353063, 10.1241112], [78.3353678, 10.1242398], [78.3357251, 10.1242701]]]}, "properties": {"kind": "landuse", "name": "", "osm_id": 983918866, "tag": "residential"}}, {"type": "Feature", "geometry": {"type": "Polygon", "coordinates": [[[78.3484098, 10.1395816], [78.3485885, 10.1396459], [78.3486788, 10.1396497], [78.3488786, 10.1395229], [78.3489631, 10.1395021], [78.3490131, 10.1395021], [78.3490458, 10.1395192], [78.3490727, 10.1395551], [78.349088, 10.1396099], [78.3491629, 10.1397688], [78.3492532, 10.1398804], [78.349284, 10.1398974], [78.3493916, 10.1399201], [78.3495453, 10.1399031], [78.3496529, 10.1399958], [78.3497047, 10.1400203], [78.3497701, 10.1400355], [78.3498335, 10.1400374], [78.3500794, 10.1398993], [78.3501524, 10.1398709], [78.3502792, 10.139835], [78.3503926, 10.1398312], [78.3504444, 10.139852], [78.3504905, 10.1398861], [78.350504, 10.1399069], [78.3505232, 10.1400033], [78.3505155, 10.1400203], [78.3503791, 10.1400922], [78.35026, 10.1402549], [78.3502293, 10.1402643], [78.3501831, 10.1402605], [78.3500448, 10.1401887], [78.3499929, 10.1401849], [78.3499084, 10.1402], [78.3498392, 10.1402189], [78.3495875, 10.1403192], [78.349234, 10.1404969], [78.3491764, 10.1405385], [78.3491956, 10.1407768], [78.3492744, 10.1410492], [78.3492763, 10.141104], [78.3492725, 10.1411305], [78.3492417, 10.1411835], [78.3490688, 10.1412345], [78.3490727, 10.1413556], [78.3490592, 10.1413783], [78.3489555, 10.1414218], [78.3487845, 10.1414596], [78.3487268, 10.1414634], [78.3487018, 10.1414236], [78.3486481, 10.1412667], [78.3484617, 10.1413329], [78.34826, 10.141382], [78.3482388, 10.1413196], [78.3482369, 10.1412062], [78.3482215, 10.1411078], [78.3480044, 10.1409962], [78.3479756, 10.1409735], [78.3479487, 10.1409262], [78.3479353, 10.1408525], [78.3479333, 10.1407579], [78.3479526, 10.1405896], [78.3479698, 10.1402095], [78.3479526, 10.1401508], [78.3478988, 10.1400298], [78.3478507, 10.1399655], [78.34782, 10.1399428], [78.3477758, 10.1399296], [78.3475721, 10.1399485], [78.3474204, 10.1399939], [78.347307, 10.1400771], [78.3472955, 10.1402719], [78.3474069, 10.1407296], [78.3473915, 10.1407579], [78.3473358, 10.1407825], [78.3472455, 10.1407863], [78.3471533, 10.1407731], [78.34704, 10.140705], [78.3470073, 10.1406596], [78.3469938, 10.1406142], [78.34699, 10.1402794], [78.346965, 10.14013], [78.3468824, 10.139956], [78.3468747, 10.1398804], [78.3469035, 10.1398236], [78.3470015, 10.1397215], [78.3470515, 10.139644], [78.3471091, 10.1395929], [78.3471514, 10.1395664], [78.3473685, 10.1394984], [78.3472705, 10.13933], [78.3472129, 10.1392109], [78.3471783, 10.1391106], [78.3471725, 10.1390653], [78.3471879, 10.1390577], [78.3472551, 10.1390369], [78.3474876, 10.1389991], [78.3475779, 10.1392393], [78.3476836, 10.1392676], [78.3476989, 10.139313], [78.3478853, 10.1393735], [78.3479602, 10.1393603], [78.3479237, 10.1392393], [78.3478315, 10.1390142], [78.3477989, 10.138861], [78.3479891, 10.1388459], [78.348283, 10.1388478], [78.3483445, 10.1391579], [78.348356, 10.1393149], [78.3484098, 10.1395816]]]}, "properties": {"kind": "landuse", "name": "", "osm_id": 983918875, "tag": "residential"}}, {"type": "Feature", "geometry": {"type": "Polygon", "coordinates": [[[78.0644441, 9.7610795], [78.0643693, 9.7609036], [78.0643059, 9.7606975], [78.0642349, 9.7603665], [78.0642426, 9.7602171], [78.0643174, 9.7601736], [78.0646111, 9.7600847], [78.0646897, 9.7600526], [78.0646955, 9.7599221], [78.0647377, 9.7599013], [78.0649066, 9.7598483], [78.0649028, 9.7597386], [78.0649699, 9.7597102], [78.065016, 9.7597027], [78.0650659, 9.759714], [78.0653979, 9.7598597], [78.0654669, 9.7599448], [78.0654957, 9.7600828], [78.0654823, 9.7601036], [78.0652079, 9.7602455], [78.0652731, 9.7605254], [78.065275, 9.7606218], [78.065206, 9.7606824], [78.0651465, 9.7607069], [78.0650198, 9.7607845], [78.0648989, 9.7608091], [78.0648164, 9.7608488], [78.064801, 9.7608715], [78.0648337, 9.7609339], [78.0648413, 9.761019], [78.0644441, 9.7610795]]]}, "properties": {"kind": "landuse", "name": "", "osm_id": 983918876, "tag": "residential"}}, {"type": "Feature", "geometry": {"type": "Polygon", "coordinates": [[[77.9898911, 9.8721492], [77.9899679, 9.8723742], [77.989989, 9.8726617], [77.9896339, 9.8726617], [77.989559, 9.8726712], [77.989488, 9.8727147], [77.9894323, 9.8730418], [77.9893997, 9.8730853], [77.989273, 9.8731686], [77.9892365, 9.8734258], [77.9891501, 9.8734938], [77.9891252, 9.8736981], [77.9890407, 9.8737076], [77.9889908, 9.8736962], [77.9889735, 9.8734277], [77.9888929, 9.8729946], [77.9888142, 9.8729965], [77.9888353, 9.8728054], [77.9888238, 9.8722986], [77.9886568, 9.8723156], [77.9883938, 9.8723799], [77.9882651, 9.8723875], [77.9882402, 9.8722626], [77.9882344, 9.8720962], [77.988388, 9.8719827], [77.9885358, 9.8719279], [77.9885608, 9.8719033], [77.9885492, 9.8717482], [77.9884763, 9.8716991], [77.988363, 9.8716556], [77.9883381, 9.8715213], [77.9886203, 9.871404], [77.9885953, 9.8711392], [77.9887681, 9.8710938], [77.988818, 9.8712943], [77.9887527, 9.8713303], [77.9887796, 9.8713983], [77.9887873, 9.871474], [77.988603, 9.8715875], [77.9888353, 9.8718258], [77.9889217, 9.8718277], [77.9890791, 9.8717898], [77.9891847, 9.87196], [77.9893459, 9.8719033], [77.9895283, 9.871892], [77.9896377, 9.8719336], [77.9898258, 9.8720395], [77.9898911, 9.8721492]]]}, "properties": {"kind": "landuse", "name": "", "osm_id": 983918877, "tag": "residential"}}, {"type": "Feature", "geometry": {"type": "Polygon", "coordinates": [[[78.0632079, 9.9262026], [78.0634202, 9.9261747], [78.0634415, 9.9262793], [78.0637458, 9.9262444], [78.0636326, 9.9257808], [78.0637635, 9.925725], [78.0638343, 9.9259516], [78.0640467, 9.9258679], [78.0640537, 9.925596], [78.064167, 9.9255193], [78.0642095, 9.9254008], [78.0645032, 9.9252404], [78.0655721, 9.9249964], [78.0659083, 9.9247454], [78.0660534, 9.9245048], [78.0661773, 9.9242817], [78.066202, 9.9240481], [78.0662056, 9.9238424], [78.0664073, 9.9236855], [78.0668143, 9.9234241], [78.0669063, 9.9232184], [78.0666267, 9.9232184], [78.0663684, 9.9232428], [78.065795, 9.9234101], [78.065795, 9.92318], [78.065388, 9.9232114], [78.064889, 9.9232811], [78.064889, 9.923445], [78.0642307, 9.9235321], [78.0635795, 9.9236786], [78.0635335, 9.9241562], [78.0636007, 9.9246791], [78.063537, 9.9249476], [78.0635866, 9.9251149], [78.0638697, 9.9250591], [78.0639369, 9.925331], [78.0637564, 9.9254008], [78.0638095, 9.9255472], [78.0633742, 9.9258156], [78.0632574, 9.9253903], [78.0630026, 9.9254461], [78.0630274, 9.9257598], [78.0632079, 9.9262026]]]}, "properties": {"kind": "landuse", "name": "", "osm_id": 983931164, "tag": "residential"}}, {"type": "Feature", "geometry": {"type": "Polygon", "coordinates": [[[77.9570824, 9.7571844], [77.9570287, 9.7564601], [77.9572218, 9.7563755], [77.9571253, 9.7561534], [77.9572487, 9.75609], [77.9572326, 9.7559631], [77.9567605, 9.7559631], [77.9565781, 9.7555719], [77.956047, 9.755408], [77.9562401, 9.755223], [77.9564118, 9.7551172], [77.9563743, 9.7548846], [77.9565674, 9.7548212], [77.956798, 9.7546573], [77.9567498, 9.7543295], [77.9570663, 9.7542079], [77.9570931, 9.7539118], [77.9574257, 9.7538907], [77.9578924, 9.7538166], [77.9584825, 9.7536951], [77.9588312, 9.7540493], [77.9574096, 9.7541814], [77.9573452, 9.7543136], [77.9577529, 9.7542819], [77.9579729, 9.7544987], [77.9576564, 9.7547577], [77.9574579, 9.7550643], [77.9575008, 9.7551965], [77.9581231, 9.7551066], [77.9582625, 9.7554344], [77.958461, 9.755371], [77.9587239, 9.7551859], [77.9587239, 9.7550221], [77.958917, 9.754837], [77.9591208, 9.7548634], [77.9591477, 9.7552441], [77.9593193, 9.7553868], [77.9593193, 9.7555719], [77.9595875, 9.755482], [77.9594963, 9.7552494], [77.9597109, 9.7551859], [77.9597377, 9.7549903], [77.9593998, 9.754985], [77.9592496, 9.7548423], [77.9594588, 9.7546837], [77.9596305, 9.7545832], [77.9597324, 9.7543136], [77.9594856, 9.7542079], [77.9595178, 9.7540387], [77.9598611, 9.754081], [77.9599899, 9.7543242], [77.959904, 9.754652], [77.9600274, 9.7549903], [77.9603868, 9.754726], [77.9602688, 9.7545885], [77.9605907, 9.7544352], [77.9605049, 9.754081], [77.9607731, 9.7537691], [77.9606819, 9.7534254], [77.9608696, 9.7533144], [77.9610198, 9.7536157], [77.9614544, 9.7537691], [77.9613471, 9.7541867], [77.9608589, 9.7543876], [77.9610467, 9.7547524], [77.960124, 9.7553816], [77.9597485, 9.7556618], [77.9598719, 9.7558257], [77.9597324, 9.7559948], [77.9598343, 9.7561482], [77.9593301, 9.7564706], [77.959491, 9.756809], [77.9593569, 9.7571104], [77.9586595, 9.7572214], [77.9585576, 9.756735], [77.9579943, 9.7570046], [77.9570824, 9.7571844]]]}, "properties": {"kind": "landuse", "name": "", "osm_id": 983934429, "tag": "residential"}}, {"type": "Feature", "geometry": {"type": "Polygon", "coordinates": [[[77.9533657, 9.7560174], [77.9536677, 9.7559142], [77.9537847, 9.756236], [77.9544995, 9.7563089], [77.9546844, 9.757068], [77.9544626, 9.7572684], [77.954555, 9.757566], [77.954173, 9.7576389], [77.9539265, 9.7577603], [77.9541421, 9.758234], [77.9528481, 9.7588535], [77.9525708, 9.7594], [77.9519792, 9.7593697], [77.9518622, 9.758811], [77.9517328, 9.7583798], [77.9518252, 9.7580518], [77.9517821, 9.7578211], [77.9520039, 9.7574749], [77.9519731, 9.7572988], [77.9522257, 9.757068], [77.9529837, 9.7571834], [77.9532055, 9.7570923], [77.9533411, 9.756813], [77.9535691, 9.7566915], [77.9533657, 9.7560174]]]}, "properties": {"kind": "landuse", "name": "", "osm_id": 983935190, "tag": "residential"}}, {"type": "Feature", "geometry": {"type": "Polygon", "coordinates": [[[78.2861817, 9.822319], [78.286702, 9.8234396], [78.2873672, 9.8231489], [78.2873511, 9.8236246], [78.2876301, 9.8236035], [78.2877374, 9.824206], [78.2881397, 9.823947], [78.2881772, 9.8237779], [78.288644, 9.8238043], [78.2885528, 9.823984], [78.2894003, 9.8238519], [78.2894593, 9.8241902], [78.2891053, 9.8242853], [78.2892823, 9.8247452], [78.2889068, 9.8248667], [78.289116, 9.8256808], [78.2883596, 9.825908], [78.2883167, 9.8264419], [78.2883757, 9.8264472], [78.2886654, 9.827499], [78.2890677, 9.82724], [78.2890677, 9.8270075], [78.2897544, 9.8268383], [78.2901353, 9.8277739], [78.2907253, 9.8275202], [78.2909882, 9.8282232], [78.2923722, 9.8278268], [78.2921791, 9.8267432], [78.2911867, 9.826426], [78.2907736, 9.825427], [78.2897061, 9.8246817], [78.2897812, 9.8239153], [78.290028, 9.8239047], [78.2893681, 9.8220336], [78.2869166, 9.822171], [78.2861817, 9.822319]]]}, "properties": {"kind": "landuse", "name": "", "osm_id": 986279206, "tag": "industrial"}}, {"type": "Feature", "geometry": {"type": "Polygon", "coordinates": [[[77.9831994, 9.9486145], [77.9844814, 9.9478959], [77.9866219, 9.9465961], [77.987228, 9.9461522], [77.986756, 9.9450743], [77.9882204, 9.9441074], [77.989803, 9.9432673], [77.9901141, 9.9443187], [77.9907632, 9.9442342], [77.9911925, 9.9436173], [77.9919863, 9.9433412], [77.9923921, 9.9430986], [77.9935527, 9.9427759], [77.9953551, 9.942089], [77.995559, 9.9423743], [77.9925066, 9.9440546], [77.9919541, 9.9445512], [77.9914713, 9.9448313], [77.9916751, 9.9453491], [77.987861, 9.9469976], [77.9857314, 9.9484718], [77.9838914, 9.949481], [77.9834837, 9.9495972], [77.9831994, 9.9486145]]]}, "properties": {"kind": "landuse", "name": "", "osm_id": 990626331, "tag": "quarry"}}, {"type": "Feature", "geometry": {"type": "Polygon", "coordinates": [[[77.9779208, 9.9521598], [77.978366, 9.9517424], [77.978484, 9.9514624], [77.9782963, 9.9510555], [77.9792619, 9.9504691], [77.9802006, 9.9502947], [77.9803133, 9.9508336], [77.9806298, 9.9507227], [77.9808176, 9.9510555], [77.9794121, 9.9519062], [77.9781514, 9.9524187], [77.9779047, 9.9524663], [77.9777974, 9.9522972], [77.9779208, 9.9521598]]]}, "properties": {"kind": "landuse", "name": "", "osm_id": 990626332, "tag": "quarry"}}, {"type": "Feature", "geometry": {"type": "Polygon", "coordinates": [[[77.9599285, 9.9866764], [77.9616237, 9.9855617], [77.9618919, 9.9859737], [77.9631525, 9.9846371], [77.9660493, 9.9825027], [77.9676104, 9.9812717], [77.9680395, 9.9821012], [77.9702979, 9.9811502], [77.9702175, 9.9814936], [77.9682809, 9.9824023], [77.9687637, 9.9832635], [77.9687583, 9.9845367], [77.9686993, 9.9851918], [77.9673475, 9.985979], [77.9666394, 9.9848273], [77.9657167, 9.9851654], [77.9656309, 9.9848854], [77.9654163, 9.9850333], [77.9649818, 9.9842356], [77.9642898, 9.9846054], [77.9646707, 9.9854666], [77.9635656, 9.9858998], [77.9634744, 9.985773], [77.9627073, 9.986127], [77.9631042, 9.9870726], [77.9619616, 9.9876696], [77.9616129, 9.9869723], [77.9603684, 9.9878017], [77.9599285, 9.9866764]]]}, "properties": {"kind": "landuse", "name": "", "osm_id": 990626338, "tag": "quarry"}}, {"type": "Feature", "geometry": {"type": "Polygon", "coordinates": [[[78.0980086, 9.824095], [78.0988884, 9.8239787], [78.098824, 9.8234449], [78.098765, 9.823392], [78.0987596, 9.8228793], [78.0988777, 9.8228529], [78.0988669, 9.82206], [78.0994463, 9.8222292], [78.0994624, 9.8229956], [78.1005567, 9.8228264], [78.1007123, 9.8243752], [78.1010985, 9.8243805], [78.1010127, 9.8259979], [78.1011093, 9.8259979], [78.1011146, 9.8260666], [78.1015706, 9.82613], [78.1016564, 9.8259873], [78.1017154, 9.8260138], [78.1016457, 9.82613], [78.1015384, 9.8268225], [78.1013185, 9.826796], [78.1012058, 9.8271819], [78.1010771, 9.8271978], [78.1007713, 9.8288733], [78.1005031, 9.8288363], [78.1004012, 9.8298829], [78.0974829, 9.8295552], [78.095482, 9.8293067], [78.0950743, 9.8290583], [78.0947202, 9.8285509], [78.0945647, 9.828017], [78.0941302, 9.8259556], [78.0940014, 9.8255486], [78.0983412, 9.8252526], [78.0982876, 9.8249355], [78.0982071, 9.8249407], [78.0980086, 9.824095]]]}, "properties": {"kind": "landuse", "name": "", "osm_id": 990635810, "tag": "industrial"}}, {"type": "Feature", "geometry": {"type": "Polygon", "coordinates": [[[77.9597783, 9.7887632], [77.962954, 9.789609], [77.9633403, 9.789905], [77.9661727, 9.7896513], [77.9664302, 9.7905394], [77.9671597, 9.7904759], [77.9675674, 9.7928653], [77.9663229, 9.7927596], [77.9657864, 9.7916389], [77.9649925, 9.7916601], [77.9643488, 9.7922733], [77.9627502, 9.7922733], [77.9625678, 9.7919138], [77.961806, 9.7919138], [77.9615486, 9.7915755], [77.9612589, 9.7911526], [77.9607868, 9.7909623], [77.9602826, 9.7917446], [77.9602075, 9.7922627], [77.9592633, 9.7930768], [77.9590058, 9.7927279], [77.9585552, 9.792971], [77.9580402, 9.7941023], [77.9574287, 9.794208], [77.9572892, 9.7915015], [77.9576647, 9.7905288], [77.9596281, 9.7902222], [77.9597783, 9.7887632]]]}, "properties": {"kind": "landuse", "name": "", "osm_id": 990641677, "tag": "quarry"}}, {"type": "Feature", "geometry": {"type": "Polygon", "coordinates": [[[78.023808, 9.8696234], [78.0246609, 9.869153], [78.0226976, 9.8657759], [78.0205786, 9.8620446], [78.0196774, 9.8624198], [78.0201751, 9.8632546], [78.0207723, 9.8642595], [78.0218661, 9.865982], [78.023808, 9.8696234]]]}, "properties": {"kind": "landuse", "name": "", "osm_id": 990641679, "tag": "industrial"}}, {"type": "Feature", "geometry": {"type": "Polygon", "coordinates": [[[78.0163729, 9.8482765], [78.0157292, 9.8487046], [78.0161959, 9.8505386], [78.0163461, 9.8513895], [78.0171829, 9.8540111], [78.018111, 9.8563894], [78.0191463, 9.8582075], [78.0211472, 9.8618543], [78.0219787, 9.8632866], [78.0250633, 9.8685558], [78.0251813, 9.8685558], [78.0284965, 9.8642538], [78.0284429, 9.8641956], [78.0285931, 9.8639102], [78.0293065, 9.8626576], [78.0296874, 9.8615055], [78.0298322, 9.8609188], [78.0299342, 9.8604432], [78.0298161, 9.8594073], [78.0296928, 9.8586832], [78.029725, 9.8582498], [78.0297196, 9.8580331], [78.0293763, 9.8557235], [78.0293012, 9.855084], [78.0291831, 9.8536622], [78.0266458, 9.8530438], [78.0240172, 9.852584], [78.0239582, 9.8513737], [78.0229014, 9.8509879], [78.0202889, 9.8500894], [78.0187976, 9.8493705], [78.0179983, 9.8490587], [78.017022, 9.8487997], [78.016727, 9.8486253], [78.0163729, 9.8482765]]]}, "properties": {"kind": "landuse", "name": "", "osm_id": 990641680, "tag": "industrial"}}, {"type": "Feature", "geometry": {"type": "Polygon", "coordinates": [[[78.0321604, 9.8491327], [78.0330831, 9.8487944], [78.0335712, 9.8487522], [78.0334103, 9.8473727], [78.0342847, 9.8472458], [78.0345583, 9.848509], [78.0354005, 9.8483082], [78.0355561, 9.8489953], [78.03554, 9.8491116], [78.0357224, 9.8494974], [78.0360174, 9.8509244], [78.0355775, 9.8509086], [78.035481, 9.8512416], [78.035143, 9.8512468], [78.035025, 9.8516432], [78.0316186, 9.8503378], [78.0308783, 9.8503219], [78.0301702, 9.8500894], [78.0290115, 9.849249], [78.0299288, 9.848879], [78.0319619, 9.8484773], [78.0321604, 9.8491327]]]}, "properties": {"kind": "landuse", "name": "", "osm_id": 990641682, "tag": "industrial"}}, {"type": "Feature", "geometry": {"type": "Polygon", "coordinates": [[[78.0338864, 9.8513076], [78.0317688, 9.850528], [78.0309749, 9.8504963], [78.0302077, 9.8503061], [78.0288666, 9.8493705], [78.02737, 9.8485407], [78.0256641, 9.8483558], [78.0248541, 9.8485407], [78.0250691, 9.8497731], [78.0264044, 9.8516221], [78.0263722, 9.8518018], [78.0266618, 9.8520766], [78.0329717, 9.8545229], [78.0338864, 9.8513076]]]}, "properties": {"kind": "landuse", "name": "", "osm_id": 990641684, "tag": "industrial"}}, {"type": "Feature", "geometry": {"type": "Polygon", "coordinates": [[[78.0909972, 9.9311359], [78.0901532, 9.9314422], [78.0904958, 9.9322476], [78.0907989, 9.933204], [78.0909035, 9.9332093], [78.0910617, 9.9337753], [78.0918088, 9.9332984], [78.0917269, 9.9331538], [78.0917859, 9.9330746], [78.0911985, 9.9317219], [78.0909972, 9.9311359]]]}, "properties": {"kind": "landuse", "name": "", "osm_id": 990848608, "tag": "orchard"}}, {"type": "Feature", "geometry": {"type": "Polygon", "coordinates": [[[78.0806226, 9.934636], [78.0806279, 9.93406], [78.0811724, 9.9340125], [78.0811831, 9.9345752], [78.0806226, 9.934636]]]}, "properties": {"kind": "landuse", "name": "", "osm_id": 990848636, "tag": "orchard"}}, {"type": "Feature", "geometry": {"type": "Polygon", "coordinates": [[[78.0426553, 9.9632218], [78.0427186, 9.9638506], [78.0440059, 9.9638558], [78.0452352, 9.9638454], [78.0452352, 9.9633933], [78.0450084, 9.9631179], [78.0442961, 9.9632946], [78.0439637, 9.9633153], [78.0426553, 9.9632218]]]}, "properties": {"kind": "landuse", "name": "", "osm_id": 990848644, "tag": "industrial"}}, {"type": "Feature", "geometry": {"type": "Polygon", "coordinates": [[[78.0452352, 9.9638454], [78.0466228, 9.9638194], [78.0467758, 9.9640376], [78.0474406, 9.9639753], [78.0474669, 9.9636687], [78.0500258, 9.9633153], [78.0536503, 9.9626762], [78.0533021, 9.9619903], [78.0521467, 9.9624683], [78.0509701, 9.9627386], [78.0488123, 9.9630295], [78.0470554, 9.9627074], [78.0461849, 9.9627957], [78.0450084, 9.9631179], [78.0452352, 9.9633933], [78.0452352, 9.9638454]]]}, "properties": {"kind": "landuse", "name": "", "osm_id": 990848645, "tag": "orchard"}}, {"type": "Feature", "geometry": {"type": "Polygon", "coordinates": [[[78.0536239, 9.9620994], [78.0537769, 9.9625151], [78.0540354, 9.9624216], [78.0540724, 9.9625723], [78.0556077, 9.9622293], [78.0567103, 9.9616473], [78.0563885, 9.9609562], [78.0559717, 9.9611069], [78.0557818, 9.9613719], [78.055022, 9.9617253], [78.0549648, 9.9616325], [78.0548585, 9.9614602], [78.0546949, 9.9615538], [78.054658, 9.9614758], [78.0544575, 9.9615798], [78.0544153, 9.961533], [78.054199, 9.9616785], [78.0540513, 9.9615382], [78.0537294, 9.9617357], [78.0538191, 9.9619279], [78.0536239, 9.9620994]]]}, "properties": {"kind": "landuse", "name": "", "osm_id": 990848646, "tag": "orchard"}}, {"type": "Feature", "geometry": {"type": "Polygon", "coordinates": [[[78.0568792, 9.9615798], [78.0586783, 9.9607379], [78.0603085, 9.9596311], [78.0610999, 9.9588724], [78.0619652, 9.9578383], [78.0618069, 9.9576669], [78.0618807, 9.9575837], [78.0617383, 9.957433], [78.0610788, 9.9579007], [78.0611685, 9.9582021], [78.0609838, 9.9584048], [78.0599181, 9.9590699], [78.059037, 9.9594752], [78.0588787, 9.9596779], [78.0583142, 9.9599325], [78.0581718, 9.9595843], [78.0573382, 9.9599325], [78.057354, 9.9600832], [78.0570849, 9.9601923], [78.0570111, 9.960078], [78.0564096, 9.9603586], [78.0565099, 9.9608782], [78.0568792, 9.9615798]]]}, "properties": {"kind": "landuse", "name": "", "osm_id": 990848647, "tag": "orchard"}}, {"type": "Feature", "geometry": {"type": "Polygon", "coordinates": [[[78.0540513, 9.9615382], [78.054199, 9.9616785], [78.0544153, 9.961533], [78.0544575, 9.9615798], [78.054658, 9.9614758], [78.0546949, 9.9615538], [78.0548585, 9.9614602], [78.0549648, 9.9616325], [78.0555848, 9.9613485], [78.055842, 9.9611105], [78.0559473, 9.9608969], [78.0563067, 9.9606192], [78.0562912, 9.9604087], [78.0556871, 9.9606894], [78.0551046, 9.9608481], [78.0547266, 9.9610678], [78.0540513, 9.9615382]]]}, "properties": {"kind": "landuse", "name": "", "osm_id": 990848648, "tag": "residential"}}, {"type": "Feature", "geometry": {"type": "Polygon", "coordinates": [[[78.0581718, 9.9595843], [78.0583142, 9.9599325], [78.0588787, 9.9596779], [78.059037, 9.9594752], [78.0599181, 9.9590699], [78.0609838, 9.9584048], [78.0611685, 9.9582021], [78.0610788, 9.9579007], [78.0607501, 9.9580942], [78.0593521, 9.9590633], [78.059122, 9.9591818], [78.0587079, 9.9592969], [78.0583646, 9.9594677], [78.0581718, 9.9595843]]]}, "properties": {"kind": "landuse", "name": "", "osm_id": 990848652, "tag": "commercial"}}, {"type": "Feature", "geometry": {"type": "Polygon", "coordinates": [[[78.067704, 9.9511568], [78.0678775, 9.9513033], [78.0683918, 9.9507906], [78.0680975, 9.9505953], [78.067704, 9.9511568]]]}, "properties": {"kind": "landuse", "name": "", "osm_id": 990848661, "tag": "orchard"}}, {"type": "Feature", "geometry": {"type": "Polygon", "coordinates": [[[78.0681037, 9.9505678], [78.0684135, 9.9507723], [78.0692407, 9.9499392], [78.0687946, 9.9495883], [78.0685158, 9.9499392], [78.0681037, 9.9505678]]]}, "properties": {"kind": "landuse", "name": "", "osm_id": 990848662, "tag": "commercial"}}, {"type": "Feature", "geometry": {"type": "Polygon", "coordinates": [[[78.0699873, 9.9484248], [78.0702461, 9.9487991], [78.0706261, 9.9486359], [78.0703916, 9.9481421], [78.0699873, 9.9484248]]]}, "properties": {"kind": "landuse", "name": "", "osm_id": 990848663, "tag": "commercial"}}, {"type": "Feature", "geometry": {"type": "Polygon", "coordinates": [[[78.0706432, 9.9486569], [78.0702348, 9.9488276], [78.0702467, 9.949169], [78.0702894, 9.9492439], [78.0721532, 9.9479601], [78.0717139, 9.9471884], [78.0709495, 9.9478057], [78.070401, 9.9481284], [78.0706432, 9.9486569]]]}, "properties": {"kind": "landuse", "name": "", "osm_id": 990848664, "tag": "orchard"}}, {"type": "Feature", "geometry": {"type": "Polygon", "coordinates": [[[78.0721582, 9.9478543], [78.0725592, 9.9476152], [78.0730973, 9.9471631], [78.0732662, 9.947106], [78.0731659, 9.9469293], [78.0734139, 9.946763], [78.073377, 9.9466539], [78.0737305, 9.9465344], [78.0738149, 9.946737], [78.0739837, 9.9466903], [78.0740839, 9.947002], [78.07573, 9.9466487], [78.076073, 9.9465188], [78.0758408, 9.9458484], [78.0757089, 9.9453807], [78.0765056, 9.9449546], [78.0764106, 9.9446168], [78.0753343, 9.9449234], [78.0746379, 9.945282], [78.0733348, 9.9460511], [78.0717836, 9.9471735], [78.0721582, 9.9478543]]]}, "properties": {"kind": "landuse", "name": "", "osm_id": 990848667, "tag": "commercial"}}, {"type": "Feature", "geometry": {"type": "Polygon", "coordinates": [[[78.076958, 9.9462289], [78.0778074, 9.9458908], [78.0777579, 9.9455387], [78.0775845, 9.9455561], [78.0773792, 9.9445382], [78.0766855, 9.9448206], [78.0768271, 9.9455805], [78.076958, 9.9462289]]]}, "properties": {"kind": "landuse", "name": "", "osm_id": 990848671, "tag": "residential"}}, {"type": "Feature", "geometry": {"type": "Polygon", "coordinates": [[[78.0766784, 9.9456259], [78.0767952, 9.9456119], [78.0766466, 9.9448241], [78.077404, 9.9445103], [78.0775845, 9.9453505], [78.0779526, 9.9451831], [78.0789541, 9.944831], [78.0794921, 9.9444859], [78.0791984, 9.9437852], [78.0773403, 9.9443918], [78.0764413, 9.9446289], [78.0766784, 9.9456259]]]}, "properties": {"kind": "landuse", "name": "", "osm_id": 990848672, "tag": "commercial"}}, {"type": "Feature", "geometry": {"type": "Polygon", "coordinates": [[[78.0811683, 9.944511], [78.0816414, 9.9444433], [78.0822236, 9.9443876], [78.081981, 9.9434398], [78.0820902, 9.9434039], [78.0819284, 9.9426792], [78.0812371, 9.9430216], [78.0806953, 9.9432566], [78.0811683, 9.944511]]]}, "properties": {"kind": "landuse", "name": "", "osm_id": 990848673, "tag": "commercial"}}, {"type": "Feature", "geometry": {"type": "Polygon", "coordinates": [[[78.1535909, 9.9425708], [78.1539144, 9.9431053], [78.1542797, 9.9433623], [78.1546136, 9.9434907], [78.1553232, 9.9423961], [78.1553806, 9.9423036], [78.1550884, 9.9421083], [78.1550414, 9.9411883], [78.1535596, 9.9409776], [78.1534292, 9.9417588], [78.1538153, 9.9418513], [78.1535909, 9.9425708]]]}, "properties": {"kind": "landuse", "name": "", "osm_id": 991924192, "tag": "industrial"}}, {"type": "Feature", "geometry": {"type": "Polygon", "coordinates": [[[78.0330917, 9.8543125], [78.0339211, 9.8513804], [78.0359701, 9.8521735], [78.0359864, 9.8524459], [78.0361409, 9.8533111], [78.0349049, 9.8550815], [78.0330917, 9.8543125]]]}, "properties": {"kind": "landuse", "name": "", "osm_id": 993454836, "tag": "industrial"}}, {"type": "Feature", "geometry": {"type": "Polygon", "coordinates": [[[78.0447905, 10.050912], [78.0452527, 10.0504994], [78.0455362, 10.0500019], [78.0454622, 10.0494255], [78.0458011, 10.049116], [78.0454437, 10.0485881], [78.0454684, 10.0485093], [78.0462078, 10.0486428], [78.0461339, 10.0482726], [78.0462201, 10.0481452], [78.0465714, 10.0482362], [78.0466268, 10.0479207], [78.0458011, 10.0476234], [78.0459305, 10.0473018], [78.0455854, 10.0471137], [78.045228, 10.0468467], [78.045111, 10.0474474], [78.044809, 10.0473322], [78.0447351, 10.0475445], [78.0445379, 10.0474838], [78.0444948, 10.0477326], [78.0438785, 10.0476962], [78.0438847, 10.0475324], [78.043096, 10.0473564], [78.0429912, 10.0475809], [78.0428187, 10.0489583], [78.042757, 10.0498684], [78.0419067, 10.0504752], [78.0420114, 10.0508331], [78.0424613, 10.0507664], [78.0427509, 10.0502871], [78.0440141, 10.0502507], [78.044125, 10.0510273], [78.0444393, 10.0510455], [78.0446673, 10.052083], [78.0449816, 10.051986], [78.0447721, 10.0513003], [78.0447905, 10.050912]]]}, "properties": {"kind": "landuse", "name": "", "osm_id": 996118901, "tag": "residential"}}, {"type": "Feature", "geometry": {"type": "Polygon", "coordinates": [[[78.0363751, 10.0476186], [78.037239, 10.0481704], [78.0375893, 10.0481061], [78.0374025, 10.047053], [78.0371409, 10.047053], [78.0367673, 10.0472324], [78.0365058, 10.0472508], [78.0363751, 10.0476186]]]}, "properties": {"kind": "landuse", "name": "", "osm_id": 996118902, "tag": "residential"}}, {"type": "Feature", "geometry": {"type": "Polygon", "coordinates": [[[78.0393545, 10.0463127], [78.039149, 10.0467955], [78.0391304, 10.0470898], [78.0396254, 10.0470806], [78.040013, 10.047545], [78.0408443, 10.0474945], [78.0408116, 10.0481244], [78.0404333, 10.0481934], [78.0404426, 10.0484371], [78.0410918, 10.0488234], [78.0420538, 10.0486671], [78.0421612, 10.0483866], [78.0424788, 10.0479359], [78.0423947, 10.0473059], [78.0422639, 10.0472416], [78.042376, 10.0468277], [78.0427823, 10.0468369], [78.0427683, 10.0463081], [78.0421425, 10.0463265], [78.0421005, 10.046092], [78.041839, 10.046069], [78.0417596, 10.0456183], [78.0414467, 10.0455999], [78.041428, 10.0460322], [78.040947, 10.0460966], [78.040975, 10.0466576], [78.0399476, 10.0467403], [78.0399009, 10.0463219], [78.0393545, 10.0463127]]]}, "properties": {"kind": "landuse", "name": "", "osm_id": 996118903, "tag": "residential"}}, {"type": "Feature", "geometry": {"type": "Polygon", "coordinates": [[[78.0445526, 10.0434901], [78.0445634, 10.0437648], [78.0456577, 10.0441504], [78.0460868, 10.0443353], [78.0466018, 10.0442138], [78.0466394, 10.0437701], [78.0463175, 10.0436909], [78.0462263, 10.0432894], [78.0456631, 10.0433264], [78.0453627, 10.0431574], [78.044912, 10.0431151], [78.0445526, 10.0434901]]]}, "properties": {"kind": "landuse", "name": "", "osm_id": 996118904, "tag": "residential"}}, {"type": "Feature", "geometry": {"type": "Polygon", "coordinates": [[[78.0529215, 9.9152658], [78.0536959, 9.9152247], [78.0536288, 9.9146804], [78.0531433, 9.9146751], [78.0529153, 9.9140675], [78.0521107, 9.914358], [78.0524686, 9.9146847], [78.0529215, 9.9152658]]]}, "properties": {"kind": "landuse", "name": "", "osm_id": 1001156092, "tag": "residential"}}, {"type": "Feature", "geometry": {"type": "Polygon", "coordinates": [[[78.0535537, 9.9189924], [78.05453, 9.9190188], [78.0545783, 9.9184587], [78.0546266, 9.9181892], [78.0549806, 9.9183847], [78.0553669, 9.9183636], [78.0553293, 9.9181311], [78.0557209, 9.9181152], [78.055973, 9.9180201], [78.0559087, 9.9178299], [78.0566382, 9.9175762], [78.0565739, 9.917349], [78.0570084, 9.9172063], [78.0570781, 9.9176766], [78.0574644, 9.9176079], [78.0573624, 9.9173622], [78.0570728, 9.9171693], [78.0571103, 9.9166924], [78.057113, 9.9165167], [78.0570218, 9.9163767], [78.056885, 9.9162525], [78.0557397, 9.9167704], [78.0555332, 9.9160808], [78.0539963, 9.9166013], [78.0538997, 9.9160676], [78.0534738, 9.9161496], [78.0535921, 9.9169537], [78.0536402, 9.9172105], [78.0536749, 9.9178717], [78.0536652, 9.9182358], [78.053588, 9.9187294], [78.0535537, 9.9189924]]]}, "properties": {"kind": "landuse", "name": "", "osm_id": 1001156093, "tag": "residential"}}, {"type": "Feature", "geometry": {"type": "Polygon", "coordinates": [[[78.3238479, 10.133546], [78.3238775, 10.1336041], [78.3239713, 10.1336595], [78.3243281, 10.1337229], [78.324379, 10.1337678], [78.3243844, 10.1338285], [78.3243093, 10.13395], [78.3242691, 10.1341084], [78.3242503, 10.1344068], [78.3242208, 10.134478], [78.3241752, 10.1345229], [78.3240518, 10.1345652], [78.3237407, 10.1345837], [78.3233839, 10.1348213], [78.3232069, 10.1348477], [78.323172, 10.1347949], [78.3230701, 10.1344701], [78.3227161, 10.1339949], [78.3226785, 10.1339156], [78.3224666, 10.1333981], [78.3224291, 10.1332476], [78.3224291, 10.1331235], [78.32248, 10.1330628], [78.3225819, 10.1330126], [78.3228958, 10.1329123], [78.3229575, 10.1329387], [78.3230111, 10.1330126], [78.323054, 10.1333453], [78.3230808, 10.1334562], [78.3231264, 10.1335037], [78.3233491, 10.1335988], [78.3234349, 10.1335882], [78.3236977, 10.1333084], [78.3237755, 10.1332582], [78.3238184, 10.1333585], [78.3238479, 10.133546]]]}, "properties": {"kind": "landuse", "name": "", "osm_id": 1001884710, "tag": "residential"}}, {"type": "Feature", "geometry": {"type": "Polygon", "coordinates": [[[78.330127, 10.1312568], [78.3299607, 10.1311036], [78.3298668, 10.1309215], [78.3298883, 10.1308396], [78.3301216, 10.1304541], [78.3302128, 10.1303723], [78.330363, 10.1303432], [78.330422, 10.1303591], [78.3306152, 10.1305756], [78.3308458, 10.1306838], [78.3310202, 10.1307366], [78.3313769, 10.1309901], [78.3315217, 10.1311432], [78.3315754, 10.1312753], [78.3315808, 10.1313545], [78.3315513, 10.1314654], [78.3315191, 10.1314971], [78.3314788, 10.1314971], [78.331342, 10.1314707], [78.3312482, 10.1313809], [78.3310819, 10.131307], [78.3309236, 10.131307], [78.3306849, 10.1313703], [78.3304784, 10.1313862], [78.3303469, 10.1313413], [78.3302101, 10.1312462], [78.330127, 10.1312568]]]}, "properties": {"kind": "landuse", "name": "", "osm_id": 1001884711, "tag": "residential"}}, {"type": "Feature", "geometry": {"type": "Polygon", "coordinates": [[[78.3429104, 10.1382009], [78.34272, 10.1382669], [78.3424947, 10.1382696], [78.3423096, 10.1381904], [78.3421835, 10.1380372], [78.3421487, 10.1376808], [78.3421299, 10.1376465], [78.3419609, 10.1375039], [78.3417892, 10.1374009], [78.3416229, 10.1371237], [78.341639, 10.1370603], [78.3420414, 10.1369837], [78.3423847, 10.1369441], [78.3424866, 10.1372794], [78.3430177, 10.1372927], [78.3430392, 10.137393], [78.3429426, 10.1375224], [78.342905, 10.137657], [78.3429104, 10.1382009]]]}, "properties": {"kind": "landuse", "name": "", "osm_id": 1001884712, "tag": "residential"}}, {"type": "Feature", "geometry": {"type": "Polygon", "coordinates": [[[78.3417329, 10.1361916], [78.3414298, 10.1363316], [78.3411509, 10.1365639], [78.3409899, 10.1365745], [78.3404481, 10.1364557], [78.3404347, 10.1364372], [78.3404455, 10.136284], [78.3406064, 10.1362075], [78.3406574, 10.1361415], [78.340652, 10.1358352], [78.3406654, 10.1357956], [78.3407244, 10.1357375], [78.3407351, 10.1354206], [78.3408156, 10.1353203], [78.34088, 10.1352939], [78.3411536, 10.1352913], [78.3414245, 10.135352], [78.3415854, 10.1354154], [78.341698, 10.1354206], [78.3418751, 10.1353599], [78.3421674, 10.1352041], [78.3422399, 10.1352015], [78.3423096, 10.1352517], [78.3423579, 10.1353124], [78.3424035, 10.1355368], [78.3425027, 10.1357639], [78.3425376, 10.1357771], [78.3426931, 10.135719], [78.3427602, 10.1357296], [78.3427629, 10.1358853], [78.3427066, 10.1362999], [78.34261, 10.1363949], [78.342551, 10.1364187], [78.3422023, 10.1364477], [78.3420011, 10.1364425], [78.3419555, 10.1364372], [78.3419368, 10.1364081], [78.3419019, 10.136189], [78.3417329, 10.1361916]]]}, "properties": {"kind": "landuse", "name": "", "osm_id": 1001884713, "tag": "residential"}}, {"type": "Feature", "geometry": {"type": "Polygon", "coordinates": [[[78.3496857, 10.1257938], [78.349514, 10.1267707], [78.349463, 10.1268843], [78.3485591, 10.127077], [78.3484626, 10.126446], [78.3485994, 10.1263298], [78.3486047, 10.1261951], [78.3486798, 10.1261502], [78.3491465, 10.1260367], [78.3491197, 10.1259205], [78.3491144, 10.1257621], [78.3494174, 10.125704], [78.3494282, 10.1254875], [78.349463, 10.1254452], [78.3497608, 10.1254769], [78.3496857, 10.1257938]]]}, "properties": {"kind": "landuse", "name": "", "osm_id": 1001884714, "tag": "residential"}}, {"type": "Feature", "geometry": {"type": "Polygon", "coordinates": [[[78.3501604, 10.1287933], [78.3500987, 10.1288118], [78.3500397, 10.128788], [78.3499297, 10.128693], [78.3499083, 10.1286428], [78.3498949, 10.1282045], [78.3498144, 10.1278559], [78.3498144, 10.1276368], [78.3498359, 10.1275101], [78.3498815, 10.127444], [78.3499727, 10.127415], [78.3502784, 10.127378], [78.3503267, 10.1274018], [78.3503348, 10.1274916], [78.3502248, 10.1276315], [78.3501899, 10.1277635], [78.3502007, 10.1281939], [78.3501604, 10.1287933]]]}, "properties": {"kind": "landuse", "name": "", "osm_id": 1001884715, "tag": "residential"}}, {"type": "Feature", "geometry": {"type": "Polygon", "coordinates": [[[78.3494604, 10.1281966], [78.3496535, 10.1289596], [78.3496535, 10.129089], [78.3495381, 10.1291101], [78.3493799, 10.1290943], [78.3492941, 10.1290362], [78.3490473, 10.1286666], [78.3490312, 10.1285504], [78.3490366, 10.1282547], [78.3489615, 10.1278322], [78.3489588, 10.1277477], [78.3489883, 10.1276632], [78.3490205, 10.1276342], [78.34916, 10.1276342], [78.3492056, 10.1276711], [78.3492726, 10.1278401], [78.3493155, 10.1278876], [78.349455, 10.1279325], [78.3494604, 10.1281966]]]}, "properties": {"kind": "landuse", "name": "", "osm_id": 1001884716, "tag": "residential"}}, {"type": "Feature", "geometry": {"type": "Polygon", "coordinates": [[[78.3427682, 10.1178196], [78.3422103, 10.1177958], [78.3420306, 10.1177588], [78.3419609, 10.1175819], [78.3419421, 10.1172704], [78.3420011, 10.1171066], [78.3421433, 10.1169799], [78.3422103, 10.1169429], [78.3425027, 10.1168848], [78.3428863, 10.11684], [78.3429721, 10.1168822], [78.3429909, 10.1169297], [78.3429936, 10.1174869], [78.3430579, 10.1175133], [78.3432564, 10.1174948], [78.3436051, 10.1173971], [78.3436158, 10.1175846], [78.3437499, 10.1176691], [78.3438036, 10.1177536], [78.3437714, 10.1179701], [78.3435595, 10.1182368], [78.3433852, 10.1183582], [78.3432591, 10.1183926], [78.3431894, 10.1183899], [78.3429855, 10.1182209], [78.3429614, 10.1181285], [78.3428916, 10.1180836], [78.3427307, 10.1180493], [78.3427682, 10.1178196]]]}, "properties": {"kind": "landuse", "name": "", "osm_id": 1001884717, "tag": "residential"}}, {"type": "Feature", "geometry": {"type": "Polygon", "coordinates": [[[78.3429909, 10.1217037], [78.3428165, 10.121849], [78.3425, 10.1219361], [78.3420092, 10.1219968], [78.3418697, 10.1219678], [78.3418778, 10.1218014], [78.3425215, 10.1217248], [78.3425161, 10.121577], [78.3423498, 10.1213129], [78.3422479, 10.1210806], [78.3421755, 10.1210093], [78.3415827, 10.1209829], [78.3413815, 10.1209961], [78.3414003, 10.1207716], [78.3418402, 10.1207162], [78.341867, 10.120505], [78.341867, 10.1204601], [78.3418617, 10.1204178], [78.3418456, 10.1204046], [78.3416498, 10.120365], [78.3416042, 10.1202541], [78.3414996, 10.1201934], [78.3414566, 10.1200376], [78.3412421, 10.1198184], [78.3411562, 10.1196679], [78.3411536, 10.119557], [78.3411911, 10.1195227], [78.3413815, 10.1194672], [78.3414513, 10.119425], [78.3414003, 10.1193722], [78.341293, 10.1191108], [78.3412957, 10.1190685], [78.3413681, 10.1190078], [78.3413923, 10.1189207], [78.3413628, 10.118617], [78.3413976, 10.118588], [78.3414862, 10.1185695], [78.3415505, 10.1185668], [78.341741, 10.118588], [78.3418563, 10.1186989], [78.3419555, 10.1187173], [78.3419958, 10.1187041], [78.342095, 10.1185721], [78.3421326, 10.1184163], [78.3422157, 10.1183846], [78.342331, 10.1184005], [78.3424571, 10.1185616], [78.3425081, 10.1186012], [78.3428273, 10.1186672], [78.3428863, 10.1187015], [78.3428594, 10.1187807], [78.3427897, 10.1188071], [78.342779, 10.1188441], [78.3428246, 10.1192111], [78.3431813, 10.1193009], [78.3433047, 10.119462], [78.3437178, 10.1196521], [78.3437848, 10.1197102], [78.3437929, 10.1197234], [78.343825, 10.1198528], [78.3438277, 10.1199505], [78.3436024, 10.1199769], [78.3434737, 10.1200508], [78.3434388, 10.1204389], [78.343302, 10.1208271], [78.343192, 10.1211598], [78.3432242, 10.121437], [78.3432135, 10.1215928], [78.3429909, 10.1217037]]]}, "properties": {"kind": "landuse", "name": "", "osm_id": 1001884718, "tag": "residential"}}, {"type": "Feature", "geometry": {"type": "Polygon", "coordinates": [[[78.336972, 10.1130455], [78.336634, 10.1126917], [78.3364141, 10.112623], [78.3362907, 10.1126072], [78.3359313, 10.1128501], [78.335765, 10.1127973], [78.3355343, 10.1123907], [78.335427, 10.1118362], [78.3353198, 10.1116408], [78.3351695, 10.111477], [78.3351642, 10.1113661], [78.3356953, 10.1107324], [78.3359367, 10.1107007], [78.3360708, 10.1107958], [78.3361566, 10.1109331], [78.3363658, 10.1110915], [78.3366501, 10.1111074], [78.3367467, 10.1110123], [78.3367789, 10.1103997], [78.337031, 10.1103099], [78.337208, 10.1103152], [78.3373529, 10.1108697], [78.3374011, 10.1108697], [78.3377767, 10.1106479], [78.3382326, 10.1102624], [78.3383185, 10.110236], [78.3384901, 10.1102941], [78.3387047, 10.1105264], [78.3388549, 10.1105898], [78.3389622, 10.1107218], [78.3389997, 10.1108327], [78.3388495, 10.1109912], [78.3385491, 10.1110915], [78.3383346, 10.1112605], [78.3383721, 10.1112658], [78.3385438, 10.111514], [78.3391339, 10.1115879], [78.3392197, 10.1116196], [78.339225, 10.1116619], [78.3392197, 10.1118309], [78.3388656, 10.1119312], [78.3387423, 10.1120263], [78.3386779, 10.1121372], [78.3386671, 10.1125069], [78.3387369, 10.1127234], [78.3387369, 10.1128765], [78.338576, 10.1130772], [78.3383453, 10.113167], [78.3380878, 10.1128079], [78.3379644, 10.1127445], [78.3378571, 10.1127392], [78.3375674, 10.112866], [78.336972, 10.1130455]]]}, "properties": {"kind": "landuse", "name": "", "osm_id": 1001884719, "tag": "residential"}}, {"type": "Feature", "geometry": {"type": "Polygon", "coordinates": [[[78.1296077, 10.013025], [78.1297284, 10.0130303], [78.1297901, 10.0131121], [78.1297928, 10.0131438], [78.1296882, 10.0132865], [78.1296694, 10.0133631], [78.1296614, 10.013437], [78.1296962, 10.0135849], [78.1298572, 10.0136431], [78.1298947, 10.01382], [78.1299537, 10.0138676], [78.1300449, 10.0138808], [78.1301281, 10.0139759], [78.1301925, 10.0141581], [78.1301898, 10.014203], [78.1301442, 10.0142585], [78.1298491, 10.0142981], [78.1296855, 10.0144883], [78.1294468, 10.0145807], [78.1293449, 10.0145411], [78.1293234, 10.01438], [78.1292751, 10.0143457], [78.1292, 10.0143324], [78.1288111, 10.0144619], [78.1286287, 10.0144698], [78.1284651, 10.0144434], [78.1283846, 10.0144038], [78.1283525, 10.0143404], [78.1283364, 10.0141], [78.1283873, 10.013997], [78.1286019, 10.0138887], [78.1288889, 10.0138464], [78.1290311, 10.0137804], [78.1290552, 10.0137487], [78.1290928, 10.0136114], [78.1290472, 10.0132601], [78.1292054, 10.0130355], [78.1293851, 10.0130039], [78.1296077, 10.013025]]]}, "properties": {"kind": "landuse", "name": "", "osm_id": 1001887271, "tag": "residential"}}, {"type": "Feature", "geometry": {"type": "Polygon", "coordinates": [[[78.1196997, 10.0165749], [78.1197131, 10.016361], [78.1196862, 10.0155078], [78.1199625, 10.0154629], [78.1199867, 10.0154418], [78.1201288, 10.0148264], [78.1208906, 10.0147894], [78.1208825, 10.0151328], [78.1208262, 10.0156584], [78.1207752, 10.0156848], [78.120397, 10.015735], [78.1202897, 10.016287], [78.1201959, 10.0165195], [78.1201288, 10.0166331], [78.1196997, 10.0165749]]]}, "properties": {"kind": "landuse", "name": "", "osm_id": 1001887277, "tag": "residential"}}, {"type": "Feature", "geometry": {"type": "Polygon", "coordinates": [[[78.121419, 10.0119183], [78.1215584, 10.0119816], [78.1216335, 10.0120556], [78.1216764, 10.0121507], [78.1216979, 10.0124994], [78.1217623, 10.0129854], [78.1218132, 10.013157], [78.1219125, 10.0131861], [78.12206, 10.0131887], [78.1220949, 10.0132125], [78.1220922, 10.0134238], [78.1220761, 10.0134502], [78.1217247, 10.0136932], [78.1215584, 10.0137593], [78.1215048, 10.0137064], [78.121435, 10.0134978], [78.1213626, 10.0134476], [78.1212097, 10.0133974], [78.1208262, 10.0134053], [78.1206787, 10.0133552], [78.1206331, 10.0133076], [78.1205687, 10.0131491], [78.1204721, 10.0128295], [78.1204587, 10.0127344], [78.1204909, 10.012531], [78.1205955, 10.0124201], [78.1207725, 10.0122933], [78.1208128, 10.0122431], [78.1208423, 10.0120028], [78.1209442, 10.0119632], [78.1212473, 10.0118998], [78.121419, 10.0119183]]]}, "properties": {"kind": "landuse", "name": "", "osm_id": 1001887278, "tag": "residential"}}, {"type": "Feature", "geometry": {"type": "Polygon", "coordinates": [[[78.1124443, 10.0156452], [78.1123343, 10.0156742], [78.1123263, 10.0156399], [78.1121948, 10.0156373], [78.111814, 10.0156795], [78.1117684, 10.0162236], [78.1113768, 10.0162236], [78.1112829, 10.0158961], [78.1112292, 10.0158142], [78.1111273, 10.0157376], [78.1109503, 10.0156875], [78.1108752, 10.0155527], [78.1104889, 10.0155527], [78.1104541, 10.0155448], [78.1104192, 10.015529], [78.1103682, 10.0154128], [78.1102663, 10.0150773], [78.1102475, 10.0150033], [78.110218, 10.014829], [78.1102341, 10.0147603], [78.1102717, 10.0146573], [78.11032, 10.0145622], [78.1105131, 10.0142506], [78.1107733, 10.0136642], [78.1108725, 10.0133921], [78.1114465, 10.0123726], [78.1120312, 10.0113953], [78.1122673, 10.0109991], [78.1126642, 10.010587], [78.1131765, 10.0100429], [78.1138283, 10.0095172], [78.113949, 10.0096889], [78.1140268, 10.0098844], [78.1140509, 10.0101221], [78.1134447, 10.0102436], [78.113426, 10.0102885], [78.1134394, 10.0104576], [78.1134957, 10.0106742], [78.1135547, 10.0107719], [78.1136835, 10.010793], [78.1137237, 10.0108221], [78.1137666, 10.0110651], [78.1141072, 10.0110783], [78.1141368, 10.0110941], [78.1141797, 10.0111998], [78.1142253, 10.01181], [78.1145391, 10.0118152], [78.1145793, 10.0116858], [78.1146035, 10.0113821], [78.1148261, 10.0113662], [78.114979, 10.0109674], [78.1149763, 10.0108696], [78.1149977, 10.0108379], [78.1155556, 10.0106821], [78.1156415, 10.0109304], [78.1158453, 10.0112421], [78.1159928, 10.0116462], [78.1158587, 10.011773], [78.115223, 10.0121613], [78.1149736, 10.0122299], [78.1147885, 10.0123092], [78.1147617, 10.0123409], [78.1147537, 10.0124254], [78.1147081, 10.0125363], [78.114413, 10.0128295], [78.1144211, 10.0129537], [78.1144398, 10.0129722], [78.1146839, 10.0128665], [78.1150514, 10.0128137], [78.1150889, 10.0128401], [78.1151453, 10.0130857], [78.1151426, 10.0132046], [78.1149548, 10.0132733], [78.1149521, 10.0133684], [78.1150272, 10.0135665], [78.1152096, 10.0138808], [78.1151882, 10.013931], [78.1150943, 10.0139785], [78.1144479, 10.0140974], [78.1142709, 10.0140155], [78.1142387, 10.0139864], [78.1142253, 10.013931], [78.1141663, 10.013437], [78.1140617, 10.0132759], [78.1140026, 10.0132495], [78.113898, 10.0132416], [78.1136969, 10.0132627], [78.1134957, 10.0133604], [78.113198, 10.0135453], [78.1128922, 10.0138385], [78.1128144, 10.0138861], [78.1124067, 10.0140023], [78.1124175, 10.0141608], [78.1124416, 10.0142664], [78.1124054, 10.0144685], [78.1123853, 10.01452], [78.112117, 10.0148766], [78.1121144, 10.0149452], [78.1122243, 10.0151645], [78.112278, 10.0153811], [78.1124148, 10.0154973], [78.1124443, 10.0156452]]]}, "properties": {"kind": "landuse", "name": "", "osm_id": 1001887279, "tag": "residential"}}, {"type": "Feature", "geometry": {"type": "Polygon", "coordinates": [[[78.1006801, 10.0178375], [78.1005889, 10.017613], [78.1003851, 10.0171983], [78.1003797, 10.0171032], [78.1004602, 10.0167598], [78.1004575, 10.0165168], [78.1007203, 10.0163399], [78.1007096, 10.016044], [78.1006774, 10.0158882], [78.100377, 10.0155818], [78.1003422, 10.0154867], [78.1003073, 10.0150166], [78.1007954, 10.0148528], [78.1009456, 10.0148132], [78.1010798, 10.0148052], [78.1012005, 10.0149954], [78.1015143, 10.015735], [78.1016135, 10.016287], [78.1016457, 10.0165089], [78.1016457, 10.0171217], [78.1016108, 10.0174387], [78.1015894, 10.01751], [78.1014445, 10.0175205], [78.1013212, 10.0175628], [78.1012997, 10.0178533], [78.1013051, 10.0179114], [78.1013346, 10.0179379], [78.1016377, 10.0179854], [78.1016162, 10.0183261], [78.1015465, 10.0186589], [78.1013775, 10.0188306], [78.1012729, 10.0190261], [78.1011227, 10.0190604], [78.1009805, 10.0190472], [78.1009617, 10.0189416], [78.1009564, 10.0185744], [78.1007686, 10.018371], [78.1008115, 10.0180065], [78.1008035, 10.0178243], [78.1006801, 10.0178375]]]}, "properties": {"kind": "landuse", "name": "", "osm_id": 1001887280, "tag": "residential"}}, {"type": "Feature", "geometry": {"type": "Polygon", "coordinates": [[[78.1027454, 10.0086746], [78.1025818, 10.0087037], [78.1022224, 10.0088278], [78.10215, 10.0088331], [78.1021124, 10.0087592], [78.1021017, 10.0086878], [78.1021714, 10.0086482], [78.1022331, 10.0085663], [78.1022787, 10.0079456], [78.1024718, 10.0077554], [78.1024799, 10.0074041], [78.1023967, 10.0073777], [78.1023538, 10.0072747], [78.1023484, 10.0068177], [78.1028849, 10.0067966], [78.1028634, 10.0073883], [78.1029171, 10.0074068], [78.1034508, 10.007383], [78.1034803, 10.0075098], [78.1035984, 10.0078109], [78.1035957, 10.0082309], [78.1035447, 10.0082679], [78.1031102, 10.0083762], [78.1029654, 10.0084396], [78.1028849, 10.0085003], [78.1028661, 10.0086112], [78.1027454, 10.0086746]]]}, "properties": {"kind": "landuse", "name": "", "osm_id": 1001887281, "tag": "residential"}}, {"type": "Feature", "geometry": {"type": "Polygon", "coordinates": [[[78.1007177, 10.009644], [78.1006613, 10.0090735], [78.1011039, 10.0090259], [78.1013104, 10.0090207], [78.1013399, 10.0090444], [78.1013963, 10.0092082], [78.1014338, 10.0095754], [78.1007177, 10.009644]]]}, "properties": {"kind": "landuse", "name": "", "osm_id": 1001887282, "tag": "residential"}}, {"type": "Feature", "geometry": {"type": "Polygon", "coordinates": [[[78.0981722, 10.0081358], [78.0980596, 10.008112], [78.0977565, 10.0081041], [78.0977029, 10.0080883], [78.0976868, 10.0080592], [78.0976894, 10.0078505], [78.0977565, 10.0075864], [78.0977941, 10.0072906], [78.0977914, 10.0068362], [78.0978101, 10.0067438], [78.0978611, 10.0066883], [78.0981776, 10.0066223], [78.0983815, 10.0066566], [78.098529, 10.0067834], [78.0986202, 10.0068257], [78.0991003, 10.0068732], [78.0991593, 10.0069868], [78.0993202, 10.0075785], [78.0994114, 10.0083075], [78.0993712, 10.009195], [78.0993229, 10.0093905], [78.0990225, 10.0093112], [78.0989769, 10.0092003], [78.0989125, 10.0091686], [78.0984941, 10.0091448], [78.0982688, 10.0091052], [78.0982152, 10.0090708], [78.098183, 10.0089995], [78.0981883, 10.0089176], [78.0984431, 10.0087618], [78.0984592, 10.0087169], [78.0984217, 10.008598], [78.0982956, 10.0084396], [78.0982661, 10.0082652], [78.0981722, 10.0081358]]]}, "properties": {"kind": "landuse", "name": "", "osm_id": 1001887283, "tag": "residential"}}, {"type": "Feature", "geometry": {"type": "Polygon", "coordinates": [[[78.0948222, 10.0023379], [78.0951279, 10.0014213], [78.0948597, 10.0013658], [78.0948839, 10.0011836], [78.0951896, 10.0011598], [78.0952755, 10.0010251], [78.0953291, 10.000967], [78.0954123, 10.0009247], [78.0954471, 10.0009379], [78.0955115, 10.0010409], [78.0955437, 10.0014028], [78.095592, 10.0017119], [78.095659, 10.0018017], [78.0958173, 10.0018387], [78.0959219, 10.0018915], [78.096056, 10.0020605], [78.0961445, 10.0023009], [78.0962598, 10.0024911], [78.0963832, 10.0026998], [78.0963644, 10.0027288], [78.0963027, 10.0027526], [78.0960345, 10.0027684], [78.0956429, 10.0025518], [78.0952352, 10.0024884], [78.0948222, 10.0023379]]]}, "properties": {"kind": "landuse", "name": "", "osm_id": 1001887284, "tag": "residential"}}, {"type": "Feature", "geometry": {"type": "Polygon", "coordinates": [[[78.0946934, 10.0027367], [78.0947337, 10.0027526], [78.0948973, 10.0029058], [78.0950475, 10.0029824], [78.0950877, 10.0030299], [78.0951145, 10.0033258], [78.0951816, 10.0036031], [78.0952969, 10.004459], [78.0950072, 10.0045118], [78.0949214, 10.0040654], [78.0947444, 10.0036058], [78.0946425, 10.0035397], [78.0944574, 10.0035292], [78.0943555, 10.0034843], [78.0946934, 10.0027367]]]}, "properties": {"kind": "landuse", "name": "", "osm_id": 1001887285, "tag": "residential"}}, {"type": "Feature", "geometry": {"type": "Polygon", "coordinates": [[[78.0923009, 10.0090682], [78.0922607, 10.0082071], [78.092258, 10.0075415], [78.0922472, 10.0064083], [78.0923626, 10.0063793], [78.0923572, 10.0062261], [78.0924457, 10.0061812], [78.0924726, 10.0061785], [78.0925503, 10.0064849], [78.0928346, 10.0064585], [78.092899, 10.0064638], [78.0929124, 10.0064796], [78.0929366, 10.0065272], [78.093017, 10.0070185], [78.0933014, 10.0069762], [78.0933228, 10.0072087], [78.0935025, 10.0072139], [78.0936232, 10.007729], [78.0934435, 10.0077898], [78.0934596, 10.0078901], [78.0934918, 10.0079747], [78.093524, 10.0080143], [78.0935696, 10.0080196], [78.0939424, 10.0079615], [78.093996, 10.0079694], [78.0940068, 10.0080988], [78.0938753, 10.0081358], [78.0938914, 10.0083075], [78.0938753, 10.0083286], [78.0935883, 10.0084316], [78.0936313, 10.0087565], [78.09376, 10.0090603], [78.0936527, 10.0090893], [78.0935508, 10.0091527], [78.0936071, 10.0092874], [78.0937922, 10.009541], [78.0940282, 10.0101221], [78.0943716, 10.0099742], [78.0947229, 10.0098633], [78.0949643, 10.0104021], [78.0953988, 10.0101116], [78.0954525, 10.0102304], [78.0955705, 10.0103678], [78.0958495, 10.0106213], [78.0956939, 10.010624], [78.0951038, 10.0107481], [78.0949724, 10.0107798], [78.0948436, 10.0108511], [78.0947685, 10.0109832], [78.0947819, 10.0111047], [78.0948517, 10.0112262], [78.0948865, 10.0113477], [78.0948892, 10.0114507], [78.0944788, 10.0114983], [78.0944413, 10.0113028], [78.0943099, 10.0110677], [78.0941033, 10.0108036], [78.0937493, 10.0107983], [78.0937037, 10.0107059], [78.094047, 10.0105553], [78.0939558, 10.0103176], [78.0934784, 10.0104893], [78.0934033, 10.0104998], [78.0932075, 10.010204], [78.0930921, 10.0099029], [78.0930063, 10.0095938], [78.0929688, 10.0095199], [78.0923787, 10.0096203], [78.0923009, 10.0090682]]]}, "properties": {"kind": "landuse", "name": "", "osm_id": 1001887286, "tag": "residential"}}, {"type": "Feature", "geometry": {"type": "Polygon", "coordinates": [[[78.0807982, 10.0058404], [78.0807754, 10.0056555], [78.0807835, 10.0056542], [78.0810826, 10.0056555], [78.0815117, 10.0056265], [78.0825323, 10.0054904], [78.0825631, 10.0056859], [78.0825672, 10.0057665], [78.0824129, 10.0057982], [78.0814768, 10.005814], [78.0807982, 10.0058404]]]}, "properties": {"kind": "landuse", "name": "", "osm_id": 1001887287, "tag": "residential"}}, {"type": "Feature", "geometry": {"type": "Polygon", "coordinates": [[[78.077884, 10.0052382], [78.0778277, 10.0051563], [78.0777687, 10.0049186], [78.0777124, 10.0043242], [78.0776292, 10.0042925], [78.0773047, 10.0043269], [78.0769962, 10.0044114], [78.0767333, 10.0045197], [78.0767092, 10.0042424], [78.0768648, 10.0041684], [78.0771679, 10.0040812], [78.0771625, 10.003965], [78.0771974, 10.0038726], [78.0775461, 10.003685], [78.0778465, 10.003413], [78.0780476, 10.0033575], [78.0781522, 10.0033496], [78.0788228, 10.0033892], [78.0791634, 10.0033443], [78.0793726, 10.0033443], [78.0794156, 10.0033733], [78.079437, 10.003442], [78.0794558, 10.0037458], [78.0794397, 10.0038699], [78.0793646, 10.0039756], [78.0790615, 10.0042027], [78.0789784, 10.0043242], [78.0789676, 10.0043586], [78.0789542, 10.0046967], [78.0789596, 10.0047786], [78.0790105, 10.0050057], [78.0791782, 10.0053465], [78.079488, 10.0058325], [78.0803356, 10.0056925], [78.0804214, 10.0059831], [78.0804831, 10.0063766], [78.0802712, 10.0064638], [78.0800539, 10.006514], [78.0796838, 10.0061442], [78.0795604, 10.0060729], [78.0793217, 10.0060491], [78.0789623, 10.0061257], [78.0786806, 10.0061574], [78.078061, 10.0063159], [78.0778572, 10.0063449], [78.0778331, 10.0062208], [78.0778196, 10.0056238], [78.0777928, 10.0055684], [78.0775434, 10.0055763], [78.0775461, 10.0053016], [78.0777848, 10.005328], [78.077884, 10.0052382]]]}, "properties": {"kind": "landuse", "name": "", "osm_id": 1001887288, "tag": "residential"}}, {"type": "Feature", "geometry": {"type": "Polygon", "coordinates": [[[78.0519149, 10.0178771], [78.0519336, 10.0183948], [78.0518129, 10.0184608], [78.0513382, 10.0185163], [78.051298, 10.0183816], [78.05107, 10.018342], [78.0508849, 10.0179379], [78.0508473, 10.0177662], [78.0506971, 10.0176605], [78.0507025, 10.0173383], [78.0507427, 10.0171402], [78.0507401, 10.017024], [78.0507052, 10.0168813], [78.0506435, 10.0167889], [78.0504236, 10.0167413], [78.0504048, 10.0164534], [78.0503833, 10.01639], [78.0503458, 10.0163399], [78.0501473, 10.0163029], [78.0500749, 10.0161021], [78.0500749, 10.0160837], [78.0501875, 10.0160308], [78.0505791, 10.015941], [78.0505952, 10.0155924], [78.0505711, 10.0153863], [78.0506355, 10.0153256], [78.0512738, 10.0152516], [78.0514428, 10.0152648], [78.0514991, 10.0157614], [78.0515608, 10.016155], [78.0516493, 10.0164772], [78.051711, 10.0166991], [78.0517539, 10.0170609], [78.0518424, 10.0171111], [78.0519122, 10.0172141], [78.0519336, 10.01751], [78.0519149, 10.0178771]]]}, "properties": {"kind": "landuse", "name": "", "osm_id": 1001887289, "tag": "residential"}}, {"type": "Feature", "geometry": {"type": "Polygon", "coordinates": [[[78.0516359, 10.0051721], [78.0515903, 10.0047548], [78.0515045, 10.0047337], [78.0512792, 10.0047522], [78.0512685, 10.0046491], [78.0509761, 10.0046306], [78.0509493, 10.0045118], [78.0509788, 10.0042741], [78.0510512, 10.0041526], [78.0512068, 10.0039993], [78.0512604, 10.0039729], [78.051888, 10.0038594], [78.0521804, 10.0038831], [78.0522689, 10.0039624], [78.052336, 10.0041261], [78.0524272, 10.0044484], [78.052454, 10.004702], [78.0524406, 10.0047442], [78.0521134, 10.0049688], [78.0520758, 10.0051933], [78.052057, 10.0052487], [78.0520114, 10.0052804], [78.0519283, 10.0052804], [78.0518934, 10.0052593], [78.0518666, 10.005151], [78.0516359, 10.0051721]]]}, "properties": {"kind": "landuse", "name": "", "osm_id": 1001887290, "tag": "residential"}}, {"type": "Feature", "geometry": {"type": "Polygon", "coordinates": [[[78.0603799, 10.0038594], [78.0601037, 10.0037405], [78.0600044, 10.0036718], [78.0598757, 10.0034975], [78.0597228, 10.0034869], [78.0596906, 10.0034658], [78.0596665, 10.0033892], [78.0597603, 10.003339], [78.0597255, 10.0030247], [78.059704, 10.002919], [78.0595565, 10.0026998], [78.0596128, 10.0025994], [78.0597255, 10.0024805], [78.060042, 10.0026628], [78.0603558, 10.0024673], [78.0605516, 10.0024092], [78.0606937, 10.0025334], [78.0607903, 10.0025334], [78.0608547, 10.0025571], [78.0608949, 10.0026311], [78.0609485, 10.0026575], [78.0612543, 10.0026443], [78.0613026, 10.0028292], [78.0613643, 10.0028767], [78.061493, 10.0028873], [78.0615306, 10.0029137], [78.0616003, 10.0030748], [78.0609271, 10.0033152], [78.0607662, 10.0035556], [78.0603799, 10.0038594]]]}, "properties": {"kind": "landuse", "name": "", "osm_id": 1001887291, "tag": "residential"}}, {"type": "Feature", "geometry": {"type": "Polygon", "coordinates": [[[78.0654117, 10.0116726], [78.0653876, 10.0117228], [78.0653071, 10.0117809], [78.0651006, 10.0118311], [78.0644193, 10.0118549], [78.0642503, 10.0118786], [78.0641672, 10.0118733], [78.0640894, 10.0118417], [78.0640304, 10.0117651], [78.0638105, 10.0112685], [78.0634484, 10.0108115], [78.0633303, 10.0106187], [78.0631667, 10.010447], [78.063207, 10.0104127], [78.0634832, 10.0103281], [78.0636039, 10.01027], [78.0636147, 10.0101459], [78.063553, 10.009895], [78.0635798, 10.0098448], [78.063781, 10.009747], [78.0640841, 10.0096361], [78.0643335, 10.0101142], [78.0644998, 10.0102568], [78.0645776, 10.0104655], [78.0646607, 10.0105817], [78.064701, 10.0106002], [78.0648968, 10.0105817], [78.0649397, 10.0104523], [78.0649826, 10.0104206], [78.065114, 10.0104259], [78.0651489, 10.0104761], [78.0652213, 10.0107191], [78.0652964, 10.011147], [78.065283, 10.0112104], [78.0651462, 10.0112579], [78.0651274, 10.0113055], [78.0651194, 10.0113741], [78.0651489, 10.0115485], [78.0651998, 10.0115775], [78.0653447, 10.0115907], [78.0654117, 10.0116726]]]}, "properties": {"kind": "landuse", "name": "", "osm_id": 1001887292, "tag": "residential"}}, {"type": "Feature", "geometry": {"type": "Polygon", "coordinates": [[[78.069022, 10.0146071], [78.0690113, 10.015809], [78.0689523, 10.0169289], [78.0688342, 10.0169368], [78.0687001, 10.0169896], [78.068617, 10.0170742], [78.0685875, 10.0171798], [78.0685499, 10.0172406], [78.0679759, 10.0173039], [78.0679089, 10.0169527], [78.0677533, 10.0168312], [78.0676165, 10.0167915], [78.0671471, 10.0167413], [78.0670157, 10.0166753], [78.0669352, 10.0165512], [78.0668843, 10.0161629], [78.0667475, 10.015809], [78.0662137, 10.0139706], [78.0663559, 10.01396], [78.0664551, 10.0140921], [78.0668816, 10.0139442], [78.067072, 10.0139019], [78.067174, 10.0143615], [78.0672356, 10.0145305], [78.0673563, 10.0147313], [78.0675146, 10.0148871], [78.0675173, 10.0151143], [78.0675709, 10.0152543], [78.0675897, 10.0152596], [78.0677104, 10.0152226], [78.0679786, 10.0150852], [78.068153, 10.015035], [78.0682978, 10.0150271], [78.0684024, 10.0150377], [78.0684373, 10.0152596], [78.0684802, 10.0153414], [78.0685124, 10.0153362], [78.0686143, 10.0152516], [78.0686492, 10.0151037], [78.0687484, 10.0149875], [78.0687323, 10.0145992], [78.069022, 10.0146071]]]}, "properties": {"kind": "landuse", "name": "", "osm_id": 1001887293, "tag": "residential"}}, {"type": "Feature", "geometry": {"type": "Polygon", "coordinates": [[[78.0641618, 10.0282177], [78.0639875, 10.0284052], [78.0634752, 10.0287407], [78.0631667, 10.0288938], [78.062987, 10.0289282], [78.0629763, 10.0289123], [78.0630165, 10.0284924], [78.0630058, 10.0284818], [78.0625659, 10.0285241], [78.0625525, 10.0283286], [78.0625579, 10.0283128], [78.0626973, 10.0282203], [78.0630863, 10.0280407], [78.0631238, 10.0278796], [78.0631238, 10.0274993], [78.0630997, 10.0274227], [78.0630809, 10.0273857], [78.0627671, 10.0271401], [78.0626142, 10.0268786], [78.0623782, 10.0267069], [78.062169, 10.026633], [78.0617559, 10.0258802], [78.0617452, 10.0258511], [78.0612946, 10.0238042], [78.0616915, 10.0237751], [78.0617398, 10.0240921], [78.061595, 10.0241739], [78.0616915, 10.0245781], [78.0620241, 10.0245939], [78.0620965, 10.0249346], [78.0627832, 10.0247128], [78.0632986, 10.0247287], [78.0634482, 10.0249795], [78.0635761, 10.0255125], [78.063814, 10.026146], [78.0639697, 10.0266771], [78.0640757, 10.0271095], [78.0641451, 10.0276298], [78.0642026, 10.0279851], [78.0641618, 10.0282177]]]}, "properties": {"kind": "landuse", "name": "", "osm_id": 1001887294, "tag": "residential"}}, {"type": "Feature", "geometry": {"type": "Polygon", "coordinates": [[[78.0653393, 10.0369442], [78.0653393, 10.0370287], [78.0655083, 10.0373879], [78.0655619, 10.0375675], [78.0656558, 10.0380641], [78.0656531, 10.038212], [78.065629, 10.0383361], [78.0655405, 10.0384602], [78.0653957, 10.0385606], [78.0652106, 10.0386108], [78.0651274, 10.0385289], [78.0650872, 10.0384312], [78.0649772, 10.0382833], [78.0646929, 10.0380376], [78.0646312, 10.0378739], [78.0645427, 10.0378079], [78.0643657, 10.0377841], [78.0643469, 10.0376969], [78.0643684, 10.0374751], [78.0644274, 10.0372611], [78.0644649, 10.0372004], [78.0645373, 10.0371423], [78.0647787, 10.0369812], [78.0650362, 10.0369416], [78.0651167, 10.036894], [78.0653393, 10.0369442]]]}, "properties": {"kind": "landuse", "name": "", "osm_id": 1001887296, "tag": "residential"}}, {"type": "Feature", "geometry": {"type": "Polygon", "coordinates": [[[78.0516145, 10.0439987], [78.0516332, 10.0444952], [78.0516762, 10.0446827], [78.0515447, 10.0447804], [78.0514857, 10.0447884], [78.0514723, 10.0447725], [78.0514187, 10.0445612], [78.0513704, 10.0444635], [78.0513275, 10.0444344], [78.0512148, 10.0444212], [78.0511907, 10.0442179], [78.050968, 10.0442337], [78.0509278, 10.044342], [78.0508044, 10.0444028], [78.0506086, 10.0444107], [78.0501714, 10.0443922], [78.0499756, 10.0442865], [78.0499005, 10.0441941], [78.0499488, 10.0440937], [78.050276, 10.043856], [78.0504155, 10.0437029], [78.0504772, 10.0436078], [78.0505228, 10.0435919], [78.0507293, 10.0436104], [78.0508366, 10.0436712], [78.0509278, 10.0437715], [78.0514133, 10.0438508], [78.051475, 10.0439221], [78.0514804, 10.0440356], [78.0516145, 10.0439987]]]}, "properties": {"kind": "landuse", "name": "", "osm_id": 1001887297, "tag": "residential"}}, {"type": "Feature", "geometry": {"type": "Polygon", "coordinates": [[[78.05107, 10.0466133], [78.0510592, 10.0463228], [78.0510861, 10.0461538], [78.0513865, 10.0460693], [78.0516413, 10.0460614], [78.051652, 10.0461406], [78.051601, 10.0465077], [78.05107, 10.0466133]]]}, "properties": {"kind": "landuse", "name": "", "osm_id": 1001887298, "tag": "residential"}}, {"type": "Feature", "geometry": {"type": "Polygon", "coordinates": [[[78.0513811, 10.0472314], [78.0514562, 10.0474321], [78.0514508, 10.0479603], [78.0515125, 10.0483855], [78.0512738, 10.0484621], [78.0512416, 10.0484251], [78.0511853, 10.0482402], [78.0510753, 10.0480237], [78.0507508, 10.0480448], [78.0505523, 10.0480923], [78.0504665, 10.0478388], [78.0505362, 10.0477886], [78.0507535, 10.0477358], [78.0506676, 10.0474611], [78.0506247, 10.0473819], [78.0506408, 10.0473713], [78.0508769, 10.0472604], [78.0510673, 10.0472155], [78.0512765, 10.0471865], [78.0513811, 10.0472314]]]}, "properties": {"kind": "landuse", "name": "", "osm_id": 1001887299, "tag": "residential"}}, {"type": "Feature", "geometry": {"type": "Polygon", "coordinates": [[[78.052218, 10.0488767], [78.0521482, 10.0488556], [78.0518264, 10.0484991], [78.0516037, 10.0479841], [78.0516064, 10.0476777], [78.0517432, 10.0472181], [78.0517191, 10.0468563], [78.0517164, 10.0467982], [78.0517298, 10.0465262], [78.0517593, 10.0464073], [78.0518237, 10.0463889], [78.0518505, 10.0464285], [78.0519631, 10.0468378], [78.0519953, 10.0468801], [78.0522555, 10.0468537], [78.0529636, 10.0466635], [78.0531326, 10.0466582], [78.0532157, 10.047028], [78.0532265, 10.0471072], [78.0532265, 10.0471706], [78.0531809, 10.047197], [78.0529073, 10.0472446], [78.052851, 10.047271], [78.0528295, 10.0473661], [78.0528912, 10.0475958], [78.0529046, 10.0477992], [78.0528858, 10.0478546], [78.0528188, 10.0479048], [78.0526525, 10.047955], [78.0524647, 10.0479524], [78.0524164, 10.0478414], [78.0523601, 10.0475615], [78.0521858, 10.0475615], [78.0521482, 10.0478414], [78.0521804, 10.0481135], [78.052226, 10.0482376], [78.0523333, 10.0483697], [78.0522796, 10.0486364], [78.0522743, 10.048816], [78.052218, 10.0488767]]]}, "properties": {"kind": "landuse", "name": "", "osm_id": 1001887300, "tag": "residential"}}, {"type": "Feature", "geometry": {"type": "Polygon", "coordinates": [[[78.0601506, 10.0461987], [78.0601935, 10.0459636], [78.0602083, 10.0457999], [78.0604805, 10.0456546], [78.0606776, 10.0457286], [78.0607688, 10.0457523], [78.061033, 10.0457814], [78.0610156, 10.0459663], [78.0608694, 10.045965], [78.0607527, 10.0459874], [78.0606857, 10.0460997], [78.0605167, 10.0461023], [78.0604577, 10.0461644], [78.0604121, 10.0462489], [78.0603746, 10.0462951], [78.0601506, 10.0461987]]]}, "properties": {"kind": "landuse", "name": "", "osm_id": 1001887301, "tag": "residential"}}, {"type": "Feature", "geometry": {"type": "Polygon", "coordinates": [[[78.0578372, 10.0459082], [78.0582771, 10.0457867], [78.0592078, 10.0456758], [78.0595994, 10.0456995], [78.0595967, 10.0459267], [78.059653, 10.0462119], [78.0598032, 10.046241], [78.0598327, 10.0462542], [78.0598435, 10.0462964], [78.0598703, 10.0468458], [78.0597094, 10.0468907], [78.0596477, 10.0467956], [78.0595994, 10.0465817], [78.0594626, 10.0465605], [78.0589664, 10.0466635], [78.0589288, 10.0467111], [78.0589128, 10.0468775], [78.0588376, 10.0469805], [78.0587035, 10.0470702], [78.0585614, 10.0470676], [78.0585131, 10.0470491], [78.0584434, 10.0469831], [78.0583414, 10.046682], [78.0580974, 10.0466239], [78.0578372, 10.0459082]]]}, "properties": {"kind": "landuse", "name": "", "osm_id": 1001887302, "tag": "residential"}}, {"type": "Feature", "geometry": {"type": "Polygon", "coordinates": [[[78.0622306, 10.0442337], [78.0622414, 10.0444397], [78.062574, 10.0444582], [78.062633, 10.0445348], [78.0626598, 10.0447699], [78.0626464, 10.0450023], [78.0625284, 10.0450551], [78.0621234, 10.0451396], [78.0620214, 10.0451872], [78.0617398, 10.0453905], [78.0617049, 10.0454671], [78.0617022, 10.0456229], [78.0616754, 10.0457286], [78.0614555, 10.0457761], [78.0613804, 10.0455041], [78.0613536, 10.0454618], [78.0612999, 10.045409], [78.0611443, 10.0453641], [78.0611202, 10.0453324], [78.0610961, 10.0450736], [78.0610666, 10.0449759], [78.060919, 10.0449495], [78.0608654, 10.0447408], [78.0608091, 10.0446827], [78.0607286, 10.044651], [78.0605409, 10.0446246], [78.0605596, 10.0440647], [78.0605757, 10.043996], [78.0606776, 10.0439458], [78.0608278, 10.0439115], [78.0615574, 10.0438772], [78.0615815, 10.0438957], [78.0615923, 10.0440726], [78.0616701, 10.0442179], [78.062126, 10.0442073], [78.0622306, 10.0442337]]]}, "properties": {"kind": "landuse", "name": "", "osm_id": 1001887303, "tag": "residential"}}, {"type": "Feature", "geometry": {"type": "Polygon", "coordinates": [[[78.0119634, 10.127283], [78.010559, 10.1261434], [78.0111695, 10.1257647], [78.0120829, 10.125788], [78.0121002, 10.125667], [78.012127, 10.1254584], [78.0121833, 10.1251416], [78.0122166, 10.1249787], [78.0134485, 10.1249233], [78.0136266, 10.1251311], [78.0134311, 10.1263587], [78.0132711, 10.1263421], [78.0132342, 10.1268836], [78.0142237, 10.1265849], [78.0150657, 10.1272241], [78.0149863, 10.1272966], [78.0143796, 10.1271348], [78.012843, 10.127065], [78.0127891, 10.1274473], [78.0125623, 10.1276567], [78.0124404, 10.1274306], [78.0119634, 10.127283]]]}, "properties": {"kind": "landuse", "name": "", "osm_id": 1001890321, "tag": "residential"}}, {"type": "Feature", "geometry": {"type": "Polygon", "coordinates": [[[78.0138202, 10.055958], [78.0164221, 10.0574437], [78.016277, 10.0585104], [78.0150389, 10.0579342], [78.0139701, 10.0580342], [78.014178, 10.0587628], [78.014976, 10.0589009], [78.0153387, 10.0594818], [78.0170653, 10.0597818], [78.0176988, 10.0590676], [78.018313, 10.0576295], [78.018197, 10.0570057], [78.017191, 10.0561961], [78.0165139, 10.0558104], [78.0167171, 10.055358], [78.0184871, 10.0553914], [78.0193577, 10.0554485], [78.0195463, 10.0552533], [78.0181438, 10.0542485], [78.0168912, 10.0540675], [78.0166881, 10.0534199], [78.016127, 10.0534723], [78.0160932, 10.0530532], [78.0153823, 10.0531913], [78.0155515, 10.0549056], [78.0138202, 10.055958]]]}, "properties": {"kind": "landuse", "name": "", "osm_id": 1016510804, "tag": "quarry"}}, {"type": "Feature", "geometry": {"type": "Polygon", "coordinates": [[[78.0078613, 10.0685651], [78.0082468, 10.0691636], [78.0081134, 10.0704871], [78.0071448, 10.0708179], [78.0071003, 10.0714699], [78.0063641, 10.0716611], [78.0058471, 10.0715269], [78.0054638, 10.0712838], [78.0049391, 10.0710153], [78.0046382, 10.0707064], [78.0042858, 10.0702353], [78.0043012, 10.069701], [78.0044581, 10.069197], [78.0051423, 10.0686677], [78.0058008, 10.0684271], [78.0066676, 10.0682271], [78.0076861, 10.068303], [78.0078613, 10.0685651]]]}, "properties": {"kind": "landuse", "name": "", "osm_id": 1016510814, "tag": "quarry"}}, {"type": "Feature", "geometry": {"type": "Polygon", "coordinates": [[[78.1175136, 10.0679315], [78.1194448, 10.0690089], [78.1217837, 10.0701076], [78.1229639, 10.0696005], [78.1235003, 10.0675089], [78.1229424, 10.0662413], [78.121891, 10.0648046], [78.1261611, 10.0652483], [78.12644, 10.0642764], [78.1229853, 10.0632412], [78.1228566, 10.0625862], [78.1194019, 10.0616566], [78.11908, 10.0622482], [78.1210756, 10.0631989], [78.1203031, 10.0648046], [78.1202173, 10.0657765], [78.1208181, 10.0684385], [78.1195307, 10.0680582], [78.1177282, 10.0672765], [78.1175136, 10.0679315]]]}, "properties": {"kind": "landuse", "name": "", "osm_id": 1025028595, "tag": "quarry"}}, {"type": "Feature", "geometry": {"type": "Polygon", "coordinates": [[[78.0370796, 9.7631552], [78.0389035, 9.7630389], [78.0391395, 9.7621825], [78.0387103, 9.7599832], [78.036586, 9.7604802], [78.0370796, 9.7631552]]]}, "properties": {"kind": "landuse", "name": "", "osm_id": 1025074545, "tag": "industrial"}}, {"type": "Feature", "geometry": {"type": "Polygon", "coordinates": [[[78.1380557, 9.9264588], [78.1382656, 9.9263719], [78.1384745, 9.9266989], [78.1387727, 9.9263672], [78.1389456, 9.9257377], [78.1389761, 9.9255648], [78.1389932, 9.9254157], [78.1389376, 9.9252549], [78.1387092, 9.9252041], [78.1384806, 9.9252166], [78.137807, 9.9254328], [78.1380557, 9.9264588]]]}, "properties": {"kind": "landuse", "name": "", "osm_id": 1027027581, "tag": "commercial"}}, {"type": "Feature", "geometry": {"type": "Polygon", "coordinates": [[[78.1330078, 9.9313744], [78.133203, 9.9315272], [78.1333453, 9.9317166], [78.1338722, 9.9319781], [78.1340646, 9.9320804], [78.1345992, 9.9327548], [78.1348877, 9.9326525], [78.134689, 9.9323353], [78.1344415, 9.9319402], [78.1344269, 9.9318995], [78.1343954, 9.9318114], [78.1330078, 9.9313744]]]}, "properties": {"kind": "landuse", "name": "", "osm_id": 1027027584, "tag": "commercial"}}, {"type": "Feature", "geometry": {"type": "Polygon", "coordinates": [[[78.1402507, 9.9356048], [78.1400203, 9.9348367], [78.1387791, 9.9347757], [78.1387823, 9.9350151], [78.1389178, 9.9350089], [78.1391509, 9.9352137], [78.1392202, 9.9354092], [78.1394659, 9.9354899], [78.1395174, 9.9355217], [78.1402507, 9.9356048]]]}, "properties": {"kind": "landuse", "name": "", "osm_id": 1027089040, "tag": "commercial"}}, {"type": "Feature", "geometry": {"type": "Polygon", "coordinates": [[[78.1363616, 9.9344451], [78.1366534, 9.9348632], [78.1367242, 9.9351912], [78.137069, 9.9351012], [78.1371722, 9.934959], [78.1372959, 9.9346629], [78.1372694, 9.934178], [78.1374698, 9.9341461], [78.1375936, 9.9340125], [78.1379039, 9.9339986], [78.137911, 9.9338791], [78.1377649, 9.9337561], [78.1375648, 9.9328437], [78.137487, 9.9319752], [78.1380613, 9.9319861], [78.1380983, 9.9315738], [78.1375018, 9.9315008], [78.1374425, 9.9311942], [78.1367878, 9.931174], [78.1363411, 9.931174], [78.1362055, 9.9312828], [78.1361842, 9.9313892], [78.1354841, 9.9315205], [78.1352898, 9.9315561], [78.1344269, 9.9318995], [78.1344415, 9.9319402], [78.134689, 9.9323353], [78.1347812, 9.9322687], [78.1348069, 9.9322557], [78.1354902, 9.9319088], [78.1355181, 9.9319623], [78.1355801, 9.9319308], [78.1356859, 9.9321329], [78.1357041, 9.9321677], [78.1352326, 9.9324071], [78.1352991, 9.932534], [78.1353808, 9.932667], [78.1354999, 9.932862], [78.1355767, 9.932842], [78.135658, 9.9330622], [78.1358567, 9.9333336], [78.136008, 9.9335027], [78.1362362, 9.9338942], [78.1365253, 9.9342836], [78.1363616, 9.9344451]]]}, "properties": {"kind": "landuse", "name": "", "osm_id": 1027089042, "tag": "residential"}}, {"type": "Feature", "geometry": {"type": "Polygon", "coordinates": [[[78.1363616, 9.9344451], [78.1361327, 9.9346539], [78.1364597, 9.9352903], [78.1367242, 9.9351912], [78.1366534, 9.9348632], [78.1363616, 9.9344451]]]}, "properties": {"kind": "landuse", "name": "", "osm_id": 1027089043, "tag": "commercial"}}, {"type": "Feature", "geometry": {"type": "Polygon", "coordinates": [[[78.1352991, 9.932534], [78.1349996, 9.9326861], [78.1352589, 9.9330526], [78.1353532, 9.9329888], [78.1354917, 9.933282], [78.1355801, 9.9333778], [78.1356951, 9.9334533], [78.13581, 9.9334155], [78.1358567, 9.9333336], [78.135658, 9.9330622], [78.1355767, 9.932842], [78.1354999, 9.932862], [78.1353808, 9.932667], [78.1352991, 9.932534]]]}, "properties": {"kind": "landuse", "name": "", "osm_id": 1027089045, "tag": "commercial"}}, {"type": "Feature", "geometry": {"type": "Polygon", "coordinates": [[[78.0589584, 9.9369774], [78.0590464, 9.9369674], [78.0595002, 9.9369159], [78.0597557, 9.9368869], [78.0597534, 9.9369499], [78.0597142, 9.9380254], [78.0594741, 9.9378678], [78.0592933, 9.9376663], [78.0589584, 9.9369774]]]}, "properties": {"kind": "landuse", "name": "", "osm_id": 1030099601, "tag": "commercial"}}, {"type": "Feature", "geometry": {"type": "Polygon", "coordinates": [[[78.0740041, 9.92907], [78.0740002, 9.9293876], [78.0743226, 9.9294573], [78.0742912, 9.9297246], [78.0747784, 9.9297701], [78.074773, 9.9290724], [78.0740041, 9.92907]]]}, "properties": {"kind": "landuse", "name": "", "osm_id": 1030099705, "tag": "orchard"}}, {"type": "Feature", "geometry": {"type": "Polygon", "coordinates": [[[78.0732362, 9.932725], [78.0724226, 9.9326103], [78.0724988, 9.9321448], [78.0730077, 9.9321209], [78.073122, 9.9309087], [78.0735393, 9.9308986], [78.0735305, 9.9302382], [78.0751883, 9.930381], [78.0739896, 9.9321459], [78.0735386, 9.9321735], [78.0732362, 9.932725]]]}, "properties": {"kind": "landuse", "name": "", "osm_id": 1030099706, "tag": "orchard"}}, {"type": "Feature", "geometry": {"type": "Polygon", "coordinates": [[[78.0654645, 9.925756], [78.0656147, 9.9263276], [78.066021, 9.9263243], [78.066021, 9.9260014], [78.0660824, 9.9259846], [78.0660073, 9.9255206], [78.0654645, 9.925756]]]}, "properties": {"kind": "landuse", "name": "", "osm_id": 1030099707, "tag": "orchard"}}, {"type": "Feature", "geometry": {"type": "Polygon", "coordinates": [[[78.0605257, 9.9295239], [78.0597602, 9.9297514], [78.0598055, 9.9301217], [78.060485, 9.930028], [78.061347, 9.9295208], [78.0618939, 9.9293491], [78.0614912, 9.9282835], [78.0608836, 9.9287966], [78.0604759, 9.9290955], [78.0605257, 9.9295239]]]}, "properties": {"kind": "landuse", "name": "", "osm_id": 1030099708, "tag": "orchard"}}, {"type": "Feature", "geometry": {"type": "Polygon", "coordinates": [[[78.0598871, 9.9284753], [78.0599142, 9.9292651], [78.0592257, 9.9294882], [78.0589449, 9.9289929], [78.058936, 9.9288143], [78.0598871, 9.9284753]]]}, "properties": {"kind": "landuse", "name": "", "osm_id": 1030099709, "tag": "orchard"}}, {"type": "Feature", "geometry": {"type": "Polygon", "coordinates": [[[78.0665695, 9.9370847], [78.0666061, 9.9377174], [78.0670648, 9.9378029], [78.0670566, 9.9372006], [78.0665695, 9.9370847]]]}, "properties": {"kind": "landuse", "name": "", "osm_id": 1030099721, "tag": "orchard"}}, {"type": "Feature", "geometry": {"type": "Polygon", "coordinates": [[[78.0685057, 9.9344698], [78.0691297, 9.9342203], [78.0701684, 9.9342491], [78.070237, 9.934737], [78.0697725, 9.9347442], [78.0698227, 9.9351504], [78.0692104, 9.9351258], [78.0691438, 9.934518], [78.0685057, 9.9344698]]]}, "properties": {"kind": "landuse", "name": "", "osm_id": 1030099722, "tag": "orchard"}}, {"type": "Feature", "geometry": {"type": "Polygon", "coordinates": [[[78.0712487, 9.9332684], [78.0713265, 9.9338477], [78.0706057, 9.9339436], [78.0705229, 9.93334], [78.0712487, 9.9332684]]]}, "properties": {"kind": "landuse", "name": "", "osm_id": 1030099723, "tag": "orchard"}}, {"type": "Feature", "geometry": {"type": "Polygon", "coordinates": [[[78.0688323, 9.9316966], [78.0688387, 9.9325764], [78.0696319, 9.9325708], [78.0696256, 9.9316911], [78.0688323, 9.9316966]]]}, "properties": {"kind": "landuse", "name": "", "osm_id": 1030099724, "tag": "orchard"}}, {"type": "Feature", "geometry": {"type": "Polygon", "coordinates": [[[78.070202, 9.9315153], [78.0702282, 9.9321892], [78.0711282, 9.9321552], [78.0711169, 9.931865], [78.0714011, 9.9318542], [78.0713861, 9.9314707], [78.070202, 9.9315153]]]}, "properties": {"kind": "landuse", "name": "", "osm_id": 1030099725, "tag": "orchard"}}, {"type": "Feature", "geometry": {"type": "Polygon", "coordinates": [[[78.0685243, 9.9285262], [78.068596, 9.9292254], [78.0690825, 9.9301915], [78.0696965, 9.9301994], [78.0701272, 9.930003], [78.069864, 9.9289426], [78.0700953, 9.928919], [78.0699437, 9.928487], [78.0695929, 9.928487], [78.0693935, 9.9277093], [78.069242, 9.927293], [78.0687794, 9.9272773], [78.0688273, 9.9275915], [78.0686279, 9.9276386], [78.0686997, 9.9279057], [78.067966, 9.9280549], [78.0680458, 9.9283691], [78.0685243, 9.9285262]]]}, "properties": {"kind": "landuse", "name": "", "osm_id": 1030099726, "tag": "orchard"}}, {"type": "Feature", "geometry": {"type": "Polygon", "coordinates": [[[78.0657981, 9.9325832], [78.0656942, 9.9321877], [78.0656596, 9.9314921], [78.0650642, 9.9315194], [78.0647111, 9.9317376], [78.0646834, 9.9319559], [78.0643165, 9.9319422], [78.0644342, 9.9326992], [78.0650504, 9.9327196], [78.0654519, 9.9326105], [78.0656042, 9.9326855], [78.0657981, 9.9325832]]]}, "properties": {"kind": "landuse", "name": "", "osm_id": 1030099727, "tag": "orchard"}}, {"type": "Feature", "geometry": {"type": "Polygon", "coordinates": [[[78.066571, 9.9322194], [78.0665757, 9.9326492], [78.0670912, 9.9326436], [78.0670864, 9.9322139], [78.066571, 9.9322194]]]}, "properties": {"kind": "landuse", "name": "", "osm_id": 1030099728, "tag": "orchard"}}, {"type": "Feature", "geometry": {"type": "Polygon", "coordinates": [[[78.0682582, 9.9350363], [78.0682999, 9.9359015], [78.0686889, 9.9358833], [78.0686474, 9.9350181], [78.0682582, 9.9350363]]]}, "properties": {"kind": "landuse", "name": "", "osm_id": 1030099729, "tag": "orchard"}}, {"type": "Feature", "geometry": {"type": "Polygon", "coordinates": [[[78.067664, 9.9357567], [78.0676469, 9.9363606], [78.0678931, 9.9363674], [78.0679103, 9.9357635], [78.067664, 9.9357567]]]}, "properties": {"kind": "landuse", "name": "", "osm_id": 1030099730, "tag": "orchard"}}, {"type": "Feature", "geometry": {"type": "Polygon", "coordinates": [[[78.068174, 9.9381594], [78.0681483, 9.9380859], [78.0675179, 9.9382278], [78.0670506, 9.9380673], [78.0670316, 9.9379867], [78.066828, 9.9379253], [78.0667743, 9.9378618], [78.0666474, 9.9378687], [78.0666379, 9.9379743], [78.0663331, 9.9379821], [78.0662566, 9.937842], [78.066097, 9.9378658], [78.0660391, 9.9379908], [78.0657551, 9.9379966], [78.0657122, 9.9377984], [78.0656001, 9.937806], [78.0655712, 9.9378436], [78.0654787, 9.938048], [78.0653171, 9.9380776], [78.0653084, 9.9384209], [78.0648369, 9.9384584], [78.0641186, 9.9384872], [78.0640217, 9.9385019], [78.0639453, 9.9385255], [78.0639482, 9.9386794], [78.0649732, 9.9386003], [78.0657631, 9.9385572], [78.0664913, 9.938499], [78.0670702, 9.9384026], [78.0675359, 9.9383292], [78.0680196, 9.9382075], [78.068174, 9.9381594]]]}, "properties": {"kind": "landuse", "name": "", "osm_id": 1030099735, "tag": "residential"}}, {"type": "Feature", "geometry": {"type": "Polygon", "coordinates": [[[78.0639972, 9.9375235], [78.0639938, 9.9384495], [78.0644917, 9.9384466], [78.0648325, 9.9383415], [78.0651555, 9.9383298], [78.0651486, 9.9382199], [78.0649282, 9.9380223], [78.0648203, 9.9380072], [78.064812, 9.9379051], [78.0644778, 9.9378861], [78.0644786, 9.9378088], [78.0641901, 9.9377889], [78.0641244, 9.9377585], [78.0641067, 9.9375206], [78.0639972, 9.9375235]]]}, "properties": {"kind": "landuse", "name": "", "osm_id": 1030099736, "tag": "residential"}}, {"type": "Feature", "geometry": {"type": "Polygon", "coordinates": [[[78.0575336, 9.9279797], [78.0573162, 9.928881], [78.0575699, 9.9289167], [78.058503, 9.928765], [78.0584396, 9.9283992], [78.0581406, 9.9284616], [78.0579232, 9.9279173], [78.0575336, 9.9279797]]]}, "properties": {"kind": "landuse", "name": "", "osm_id": 1030111160, "tag": "orchard"}}, {"type": "Feature", "geometry": {"type": "Polygon", "coordinates": [[[78.0604059, 9.9277619], [78.060498, 9.9283443], [78.0607935, 9.928299], [78.0607015, 9.9277166], [78.0604059, 9.9277619]]]}, "properties": {"kind": "landuse", "name": "", "osm_id": 1030111161, "tag": "orchard"}}, {"type": "Feature", "geometry": {"type": "Polygon", "coordinates": [[[78.0630055, 9.9268197], [78.0618912, 9.9269981], [78.061701, 9.9262307], [78.0630327, 9.9259451], [78.063078, 9.9260522], [78.063069, 9.9263735], [78.063078, 9.9265966], [78.0630055, 9.9268197]]]}, "properties": {"kind": "landuse", "name": "", "osm_id": 1030111162, "tag": "orchard"}}, {"type": "Feature", "geometry": {"type": "Polygon", "coordinates": [[[78.0649896, 9.9167356], [78.0659952, 9.9167891], [78.065977, 9.9166107], [78.0654425, 9.9164946], [78.0650077, 9.9165214], [78.0649896, 9.9167356]]]}, "properties": {"kind": "landuse", "name": "", "osm_id": 1030111163, "tag": "orchard"}}, {"type": "Feature", "geometry": {"type": "Polygon", "coordinates": [[[78.0641108, 9.9174495], [78.0644732, 9.9175388], [78.0642739, 9.9187614], [78.0638753, 9.9185472], [78.063984, 9.9181902], [78.0641108, 9.9174495]]]}, "properties": {"kind": "landuse", "name": "", "osm_id": 1030111164, "tag": "orchard"}}, {"type": "Feature", "geometry": {"type": "Polygon", "coordinates": [[[78.06161, 9.9210792], [78.0616725, 9.921308], [78.0629368, 9.9209164], [78.0628117, 9.9204939], [78.0625794, 9.9206391], [78.0624811, 9.9205203], [78.0622399, 9.9207139], [78.0619227, 9.9208108], [78.0617574, 9.921], [78.06161, 9.9210792]]]}, "properties": {"kind": "landuse", "name": "", "osm_id": 1030111165, "tag": "orchard"}}, {"type": "Feature", "geometry": {"type": "Polygon", "coordinates": [[[78.0610464, 9.9276024], [78.0611966, 9.9279992], [78.0611488, 9.9280934], [78.0612444, 9.9282952], [78.0614561, 9.9281539], [78.0619887, 9.9277168], [78.0623232, 9.9274948], [78.0629855, 9.9270308], [78.0630055, 9.9268197], [78.0618912, 9.9269981], [78.061701, 9.9262307], [78.0630327, 9.9259451], [78.0629582, 9.9253628], [78.0629036, 9.9250602], [78.0631221, 9.92504], [78.0629924, 9.9249324], [78.0629582, 9.9245826], [78.0632586, 9.9245356], [78.0631767, 9.9238092], [78.0635113, 9.9237487], [78.0635727, 9.9236343], [78.0642487, 9.9234796], [78.0648631, 9.9234104], [78.0648553, 9.9232653], [78.0654099, 9.9231736], [78.0658132, 9.9231545], [78.0658249, 9.9233111], [78.0659257, 9.9233035], [78.0663872, 9.9231583], [78.0667363, 9.9231201], [78.0667169, 9.9228756], [78.0669651, 9.9228107], [78.0671706, 9.9226082], [78.0673374, 9.9228221], [78.0674033, 9.9228221], [78.0674576, 9.9229176], [78.0676554, 9.9228183], [78.0675585, 9.9226349], [78.0678804, 9.9224668], [78.0679579, 9.9225318], [78.0682139, 9.9223369], [78.0681286, 9.9221918], [78.0679385, 9.9221115], [78.0676671, 9.9214468], [78.0676554, 9.9212558], [78.0678067, 9.9211832], [78.0681945, 9.9213169], [78.0683225, 9.9214124], [78.0686172, 9.9211488], [78.0688577, 9.9208738], [78.0690167, 9.9207744], [78.069199, 9.9207362], [78.0696838, 9.9207019], [78.0698389, 9.9206369], [78.0699074, 9.9205684], [78.0704814, 9.9197309], [78.070594, 9.9193663], [78.0706182, 9.9191602], [78.070586, 9.9190836], [78.070476, 9.9190466], [78.070417, 9.9188907], [78.0701783, 9.9187348], [78.0701407, 9.9186688], [78.0701434, 9.9186133], [78.0699718, 9.9185235], [78.069776, 9.9183649], [78.0697304, 9.9183094], [78.069725, 9.9182381], [78.0697867, 9.9181694], [78.0695238, 9.9179316], [78.0694058, 9.9177308], [78.0692342, 9.9175802], [78.0691483, 9.9175485], [78.0690169, 9.9175696], [78.0689585, 9.9175539], [78.0687956, 9.917531], [78.0685668, 9.9173667], [78.0684039, 9.9173094], [78.0680976, 9.9170229], [78.0676671, 9.9170267], [78.067446, 9.9169045], [78.0671939, 9.9169121], [78.0664066, 9.9165644], [78.065977, 9.9166107], [78.0659952, 9.9167891], [78.0649896, 9.9167356], [78.0649872, 9.9168013], [78.0645373, 9.9168128], [78.064514, 9.916977], [78.0642154, 9.917], [78.0641108, 9.9174495], [78.0644732, 9.9175388], [78.0642739, 9.9187614], [78.0638753, 9.9185472], [78.0632148, 9.9201135], [78.0629355, 9.9201899], [78.0628117, 9.9204939], [78.0629368, 9.9209164], [78.0616725, 9.921308], [78.06161, 9.9210792], [78.0611826, 9.9212252], [78.0608994, 9.9214965], [78.0594412, 9.9222185], [78.0595459, 9.9226273], [78.0588789, 9.9227572], [78.058809, 9.9224477], [78.0585337, 9.9224859], [78.0583747, 9.9227801], [78.0582894, 9.9233493], [78.0580489, 9.9240446], [78.0584484, 9.9244305], [78.0585647, 9.9246711], [78.0583669, 9.9248851], [78.0579791, 9.9251907], [78.0578705, 9.9252251], [78.0575292, 9.9258439], [78.0574672, 9.9262298], [78.0577192, 9.9274484], [78.058588, 9.9271887], [78.058557, 9.9274637], [78.0586733, 9.9279489], [78.0583708, 9.9279947], [78.0583786, 9.9278114], [78.0583747, 9.9276356], [78.0576223, 9.9277502], [78.0575336, 9.9279797], [78.0579232, 9.9279173], [78.0581406, 9.9284616], [78.0584396, 9.9283992], [78.058503, 9.928765], [78.0585201, 9.9288265], [78.0589366, 9.9286247], [78.0594282, 9.9284566], [78.0598652, 9.9283355], [78.0602407, 9.9283086], [78.060498, 9.9283443], [78.0604059, 9.9277619], [78.0607015, 9.9277166], [78.0610464, 9.9276024]]]}, "properties": {"kind": "landuse", "name": "", "osm_id": 1030111166, "tag": "farmland"}}, {"type": "Feature", "geometry": {"type": "Polygon", "coordinates": [[[78.0581091, 9.9214688], [78.0582875, 9.9216751], [78.0586986, 9.921805], [78.0588111, 9.9220801], [78.0591834, 9.9219769], [78.0592377, 9.9221374], [78.059451, 9.9219616], [78.0601259, 9.9216828], [78.0603198, 9.9216216], [78.0605176, 9.9214765], [78.0609636, 9.9212702], [78.0610683, 9.9210562], [78.0613592, 9.9210677], [78.0616461, 9.9209645], [78.0618827, 9.9207353], [78.0621814, 9.9206284], [78.062798, 9.9200935], [78.0631238, 9.9200515], [78.0634852, 9.9189885], [78.0635939, 9.9188725], [78.0637751, 9.9183549], [78.0638476, 9.9182121], [78.0640922, 9.9168468], [78.0638922, 9.9167722], [78.0642107, 9.916445], [78.0641385, 9.9162951], [78.0632425, 9.9168698], [78.0632533, 9.9170538], [78.062753, 9.9173795], [78.0627664, 9.918132], [78.062677, 9.9181892], [78.0626904, 9.9183784], [78.0623018, 9.9185104], [78.0624224, 9.9193597], [78.0623018, 9.9194742], [78.0623867, 9.9202266], [78.0619265, 9.9203719], [78.0615557, 9.9203191], [78.0604657, 9.9203851], [78.0602959, 9.9204555], [78.0602602, 9.9206931], [78.0599207, 9.9207459], [78.0589066, 9.9212036], [78.0582141, 9.9213444], [78.0581091, 9.9214688]]]}, "properties": {"kind": "landuse", "name": "", "osm_id": 1030111167, "tag": "farmland"}}, {"type": "Feature", "geometry": {"type": "Polygon", "coordinates": [[[78.0640922, 9.9168468], [78.0638922, 9.9167722], [78.0642107, 9.916445], [78.0642709, 9.9163791], [78.0648191, 9.9162282], [78.064874, 9.9163967], [78.0649054, 9.9164932], [78.0648851, 9.9167032], [78.0642203, 9.9166857], [78.0641543, 9.9167831], [78.0640922, 9.9168468]]]}, "properties": {"kind": "landuse", "name": "", "osm_id": 1030111168, "tag": "orchard"}}, {"type": "Feature", "geometry": {"type": "Polygon", "coordinates": [[[78.0655127, 9.9163971], [78.0657436, 9.9163913], [78.0660622, 9.9164115], [78.0662668, 9.9163884], [78.0664977, 9.9163999], [78.0668163, 9.916495], [78.06717, 9.916662], [78.067778, 9.9167743], [78.0682603, 9.9169355], [78.0689355, 9.9172119], [78.0692131, 9.9173731], [78.0691459, 9.9173904], [78.0690319, 9.9174912], [78.0688595, 9.9174739], [78.0686286, 9.9173213], [78.0684503, 9.9172465], [78.0681287, 9.9169614], [78.0676786, 9.9169384], [78.0674945, 9.916829], [78.0672665, 9.9168318], [78.0664364, 9.9164575], [78.0658313, 9.9164719], [78.0655127, 9.9163971]]]}, "properties": {"kind": "landuse", "name": "", "osm_id": 1030111169, "tag": "farmland"}}, {"type": "Feature", "geometry": {"type": "Polygon", "coordinates": [[[78.0664583, 9.9156382], [78.066466, 9.9163021], [78.0666309, 9.9163154], [78.0669171, 9.9164215], [78.0671764, 9.9165608], [78.0672404, 9.9165608], [78.0673077, 9.9164016], [78.0672404, 9.9156255], [78.0664583, 9.9156382]]]}, "properties": {"kind": "landuse", "name": "", "osm_id": 1030111170, "tag": "orchard"}}, {"type": "Feature", "geometry": {"type": "Polygon", "coordinates": [[[78.0577445, 9.9203207], [78.0581298, 9.9201747], [78.0585447, 9.9201514], [78.0587285, 9.9207411], [78.0585269, 9.9208345], [78.0585921, 9.9211031], [78.0588885, 9.9210973], [78.0599436, 9.9206126], [78.0601689, 9.9206126], [78.0602163, 9.9204024], [78.0603763, 9.9202973], [78.0616033, 9.9202273], [78.0619353, 9.920274], [78.0622968, 9.9201747], [78.062202, 9.9194157], [78.0623383, 9.9193222], [78.0622079, 9.9184289], [78.0625932, 9.9183121], [78.0625754, 9.9181837], [78.0626821, 9.9180844], [78.0626406, 9.9171969], [78.0593212, 9.9191179], [78.0576615, 9.9200579], [78.0577445, 9.9203207]]]}, "properties": {"kind": "landuse", "name": "", "osm_id": 1030111173, "tag": "farmland"}}, {"type": "Feature", "geometry": {"type": "Polygon", "coordinates": [[[78.0581738, 9.9226508], [78.0578537, 9.9228551], [78.0578833, 9.923042], [78.0575099, 9.9230244], [78.0571127, 9.9232405], [78.0573498, 9.9241572], [78.0571898, 9.9242681], [78.0573024, 9.9247411], [78.0576758, 9.9246535], [78.0577588, 9.9240813], [78.0579367, 9.9233514], [78.0581441, 9.9228726], [78.0581738, 9.9226508]]]}, "properties": {"kind": "landuse", "name": "", "osm_id": 1030111174, "tag": "orchard"}}, {"type": "Feature", "geometry": {"type": "Polygon", "coordinates": [[[78.0572846, 9.9266503], [78.0567571, 9.9267905], [78.0568341, 9.9271233], [78.0569527, 9.9272868], [78.057415, 9.9271174], [78.0572846, 9.9266503]]]}, "properties": {"kind": "landuse", "name": "", "osm_id": 1030111175, "tag": "orchard"}}, {"type": "Feature", "geometry": {"type": "Polygon", "coordinates": [[[78.0563837, 9.9301944], [78.0566326, 9.9296456], [78.0566978, 9.9291376], [78.0568993, 9.9288457], [78.0571898, 9.9285129], [78.0572254, 9.9277539], [78.0574565, 9.9274269], [78.057415, 9.9271174], [78.0569527, 9.9272868], [78.0568341, 9.9271233], [78.0567571, 9.9267905], [78.0572846, 9.9266503], [78.0571779, 9.9262066], [78.057338, 9.9255935], [78.0576758, 9.9246535], [78.0573024, 9.9247411], [78.0571898, 9.9242681], [78.0573498, 9.9241572], [78.0571127, 9.9232405], [78.0575099, 9.9230244], [78.0578833, 9.923042], [78.0578537, 9.9228551], [78.0581738, 9.9226508], [78.0581263, 9.9223705], [78.0579426, 9.9220377], [78.0577944, 9.9212786], [78.0573795, 9.9202685], [78.0536096, 9.9225165], [78.0563837, 9.9301944]]]}, "properties": {"kind": "landuse", "name": "", "osm_id": 1030111176, "tag": "farmland"}}, {"type": "Feature", "geometry": {"type": "Polygon", "coordinates": [[[78.0588119, 9.9337504], [78.0588624, 9.934427], [78.0592261, 9.9344104], [78.0594247, 9.9344137], [78.0594752, 9.9339527], [78.0592732, 9.9337239], [78.0588119, 9.9337504]]]}, "properties": {"kind": "landuse", "name": "", "osm_id": 1030111177, "tag": "farmland"}}, {"type": "Feature", "geometry": {"type": "Polygon", "coordinates": [[[78.0594752, 9.9339527], [78.0599163, 9.9339361], [78.0599129, 9.9337637], [78.0592732, 9.9337239], [78.0594752, 9.9339527]]]}, "properties": {"kind": "landuse", "name": "", "osm_id": 1030111178, "tag": "orchard"}}, {"type": "Feature", "geometry": {"type": "Polygon", "coordinates": [[[78.0594247, 9.9344137], [78.0594617, 9.9346558], [78.0594585, 9.9347205], [78.0594382, 9.9351333], [78.0594064, 9.9351315], [78.0592126, 9.9351201], [78.0592395, 9.9350538], [78.0592261, 9.9344104], [78.0594247, 9.9344137]]]}, "properties": {"kind": "landuse", "name": "", "osm_id": 1030111179, "tag": "orchard"}}, {"type": "Feature", "geometry": {"type": "Polygon", "coordinates": [[[78.0594382, 9.9351333], [78.0594585, 9.9347205], [78.0599179, 9.9348395], [78.0598674, 9.9355028], [78.0594567, 9.9355028], [78.0594064, 9.9351315], [78.0594382, 9.9351333]]]}, "properties": {"kind": "landuse", "name": "", "osm_id": 1030111180, "tag": "farmland"}}, {"type": "Feature", "geometry": {"type": "Polygon", "coordinates": [[[78.0789879, 9.9232435], [78.0790367, 9.9233452], [78.0793961, 9.9234191], [78.0793398, 9.9237626], [78.0796241, 9.9237732], [78.079675, 9.9237098], [78.079903, 9.9236781], [78.0798387, 9.9240506], [78.0799379, 9.9240559], [78.0799674, 9.9239502], [78.0800747, 9.9239291], [78.0800103, 9.923686], [78.0802034, 9.9235116], [78.0802437, 9.9232527], [78.0802705, 9.9232183], [78.0802839, 9.9225208], [78.080638, 9.9225684], [78.0806728, 9.9224865], [78.0806567, 9.9222619], [78.0807318, 9.9217943], [78.0802571, 9.9218392], [78.0801417, 9.9218814], [78.0800935, 9.9225314], [78.0799969, 9.922542], [78.0799728, 9.92232], [78.0798118, 9.9222883], [78.0798306, 9.9218233], [78.0794846, 9.9218048], [78.0794873, 9.9221721], [78.0791512, 9.9221723], [78.0791082, 9.9225951], [78.0789879, 9.9232435]]]}, "properties": {"kind": "landuse", "name": "", "osm_id": 1031692303, "tag": "residential"}}, {"type": "Feature", "geometry": {"type": "Polygon", "coordinates": [[[78.0796241, 9.9237732], [78.0793398, 9.9237626], [78.0790938, 9.9237086], [78.0790513, 9.9238585], [78.0787682, 9.9238481], [78.078754, 9.9236703], [78.0786762, 9.9236598], [78.0786691, 9.9238446], [78.0785417, 9.9239038], [78.0785806, 9.9241095], [78.078347, 9.9240224], [78.0780639, 9.923998], [78.0778374, 9.9240712], [78.0778409, 9.9245244], [78.0777241, 9.924758], [78.0779152, 9.9248312], [78.0778975, 9.9246081], [78.078117, 9.9246011], [78.078117, 9.924744], [78.0782408, 9.9247649], [78.0782762, 9.9245488], [78.0786514, 9.924636], [78.078931, 9.9245627], [78.0795751, 9.9246325], [78.0795857, 9.9245279], [78.0800883, 9.9242978], [78.0799786, 9.9241583], [78.0798441, 9.9241026], [78.0798387, 9.9240506], [78.0796176, 9.9240189], [78.0796241, 9.9237732]]]}, "properties": {"kind": "landuse", "name": "", "osm_id": 1031692304, "tag": "residential"}}, {"type": "Feature", "geometry": {"type": "Polygon", "coordinates": [[[78.0773488, 9.9252338], [78.0777985, 9.9252998], [78.0777046, 9.9259207], [78.0772548, 9.9258547], [78.0773488, 9.9252338]]]}, "properties": {"kind": "landuse", "name": "", "osm_id": 1031692305, "tag": "orchard"}}, {"type": "Feature", "geometry": {"type": "Polygon", "coordinates": [[[78.0794247, 9.9266997], [78.0796959, 9.9262384], [78.0805031, 9.9263112], [78.0807126, 9.9266754], [78.0806079, 9.9273127], [78.0798561, 9.9272884], [78.0796959, 9.9279986], [78.0767566, 9.9297771], [78.0764669, 9.9297103], [78.0763683, 9.929856], [78.0759678, 9.9296739], [78.0764669, 9.9285631], [78.0768182, 9.9285206], [78.0771386, 9.9286177], [78.0776501, 9.9278469], [78.0781738, 9.9270456], [78.0785128, 9.926991], [78.0789564, 9.9270639], [78.079357, 9.9271428], [78.0794247, 9.9266997]]]}, "properties": {"kind": "landuse", "name": "", "osm_id": 1031692306, "tag": "orchard"}}, {"type": "Feature", "geometry": {"type": "Polygon", "coordinates": [[[78.0770215, 9.9297892], [78.0777795, 9.9298135], [78.0778349, 9.92934], [78.0770215, 9.9297892]]]}, "properties": {"kind": "landuse", "name": "", "osm_id": 1031692307, "tag": "orchard"}}, {"type": "Feature", "geometry": {"type": "Polygon", "coordinates": [[[78.0779828, 9.9292247], [78.0794001, 9.9284356], [78.0793446, 9.9289212], [78.0796836, 9.9290062], [78.0799547, 9.9288605], [78.0799855, 9.9282535], [78.0804045, 9.9282293], [78.0804107, 9.9278772], [78.0808913, 9.927598], [78.0809037, 9.9280593], [78.0806818, 9.9280472], [78.080651, 9.9291883], [78.0799116, 9.9296071], [78.0797205, 9.9295282], [78.0796281, 9.9292854], [78.0794309, 9.9291883], [78.0794001, 9.9294796], [78.0792337, 9.9294554], [78.0792337, 9.9291822], [78.0779828, 9.9292247]]]}, "properties": {"kind": "landuse", "name": "", "osm_id": 1031692308, "tag": "orchard"}}, {"type": "Feature", "geometry": {"type": "Polygon", "coordinates": [[[78.076886, 9.9300988], [78.0766518, 9.9301109], [78.0764793, 9.9302748], [78.0764669, 9.9304751], [78.0762944, 9.9304994], [78.0761896, 9.9307543], [78.0762636, 9.9309971], [78.0756967, 9.9314341], [78.0752037, 9.9313127], [78.0746861, 9.9321139], [78.0751914, 9.9323506], [78.0751618, 9.9329002], [78.0751544, 9.9330365], [78.076128, 9.9329333], [78.077496, 9.9328908], [78.0774467, 9.9322899], [78.0771694, 9.9317922], [78.077496, 9.9316041], [78.0780075, 9.931689], [78.0779582, 9.9311974], [78.077459, 9.9311488], [78.0775197, 9.9304656], [78.0775576, 9.9300381], [78.0771817, 9.9300259], [78.0769229, 9.9299349], [78.076886, 9.9300988]]]}, "properties": {"kind": "landuse", "name": "", "osm_id": 1031692309, "tag": "orchard"}}, {"type": "Feature", "geometry": {"type": "Polygon", "coordinates": [[[78.0816046, 9.9267769], [78.0815061, 9.9271108], [78.0821716, 9.9272929], [78.0823314, 9.927215], [78.0827077, 9.9270319], [78.0816046, 9.9267769]]]}, "properties": {"kind": "landuse", "name": "", "osm_id": 1031692310, "tag": "orchard"}}, {"type": "Feature", "geometry": {"type": "Polygon", "coordinates": [[[78.0832831, 9.9238966], [78.0835073, 9.923984], [78.0842218, 9.9240254], [78.0842031, 9.9242692], [78.0841424, 9.92426], [78.0841284, 9.9245774], [78.0842825, 9.9246464], [78.0841844, 9.924927], [78.0839789, 9.925088], [78.0839322, 9.9253088], [78.0840163, 9.9255434], [78.0840163, 9.9257274], [78.0836147, 9.9262978], [78.0835493, 9.9264496], [78.0832504, 9.9266014], [78.0829142, 9.9267486], [78.0828441, 9.9268912], [78.0828021, 9.9270752], [78.082634, 9.9271856], [78.0823314, 9.927215], [78.0827077, 9.9270319], [78.0816046, 9.9267769], [78.0815061, 9.9271108], [78.0821716, 9.9272929], [78.0818354, 9.9278665], [78.0815879, 9.9282667], [78.0814758, 9.9286669], [78.080651, 9.9291883], [78.0806818, 9.9280472], [78.0809037, 9.9280593], [78.0808913, 9.927598], [78.0804107, 9.9278772], [78.0804045, 9.9282293], [78.0799855, 9.9282535], [78.0799547, 9.9288605], [78.0796836, 9.9290062], [78.0793446, 9.9289212], [78.0794001, 9.9284356], [78.0779828, 9.9292247], [78.0778349, 9.92934], [78.0770215, 9.9297892], [78.0777795, 9.9298135], [78.077735, 9.9304595], [78.0775197, 9.9304656], [78.0775576, 9.9300381], [78.0771817, 9.9300259], [78.0769229, 9.9299349], [78.076886, 9.9300988], [78.0766518, 9.9301109], [78.0764793, 9.9302748], [78.0764669, 9.9304751], [78.0762944, 9.9304994], [78.0761896, 9.9307543], [78.0762636, 9.9309971], [78.0756967, 9.9314341], [78.0752037, 9.9313127], [78.0759678, 9.9296739], [78.0763683, 9.929856], [78.0764669, 9.9297103], [78.0767566, 9.9297771], [78.0796959, 9.9279986], [78.0798561, 9.9272884], [78.0806079, 9.9273127], [78.0807126, 9.9266754], [78.0805031, 9.9263112], [78.0796959, 9.9262384], [78.0794247, 9.9266997], [78.079357, 9.9271428], [78.0789564, 9.9270639], [78.0785128, 9.926991], [78.0781738, 9.9270456], [78.0776501, 9.9278469], [78.0771386, 9.9286177], [78.0768182, 9.9285206], [78.0764669, 9.9285631], [78.0772548, 9.9258547], [78.0777046, 9.9259207], [78.0777985, 9.9252998], [78.0778754, 9.9249615], [78.0781517, 9.9249563], [78.0782643, 9.9247581], [78.0783045, 9.9245943], [78.0786452, 9.9246709], [78.0789375, 9.9245943], [78.079592, 9.9246603], [78.0796081, 9.9245415], [78.0801204, 9.9243169], [78.0800104, 9.9241478], [78.0808875, 9.9240474], [78.0808687, 9.9242746], [78.0813864, 9.9242535], [78.0815688, 9.9239576], [78.0819577, 9.9239047], [78.0825746, 9.9238704], [78.0829689, 9.9238519], [78.0831862, 9.9238836], [78.0831647, 9.9240368], [78.0832774, 9.9240606], [78.0832831, 9.9238966]]]}, "properties": {"kind": "landuse", "name": "", "osm_id": 1031692311, "tag": "farmland"}}, {"type": "Feature", "geometry": {"type": "Polygon", "coordinates": [[[78.0746861, 9.9321139], [78.0742917, 9.9328059], [78.0751618, 9.9329002], [78.0751914, 9.9323506], [78.0746861, 9.9321139]]]}, "properties": {"kind": "landuse", "name": "", "osm_id": 1031692312, "tag": "farmland"}}, {"type": "Feature", "geometry": {"type": "Polygon", "coordinates": [[[78.0759736, 9.9349206], [78.0768703, 9.9348654], [78.0768236, 9.9345342], [78.0760157, 9.934709], [78.0759736, 9.9349206]]]}, "properties": {"kind": "landuse", "name": "", "osm_id": 1031692313, "tag": "orchard"}}, {"type": "Feature", "geometry": {"type": "Polygon", "coordinates": [[[78.0769349, 9.9347896], [78.0769081, 9.9344514], [78.0765379, 9.9345148], [78.0765218, 9.9342876], [78.0770992, 9.9341766], [78.077311, 9.9341072], [78.0772943, 9.9340022], [78.077355, 9.9338837], [78.0774824, 9.9338573], [78.0779373, 9.9337672], [78.0782743, 9.9337688], [78.0785167, 9.9338134], [78.0785577, 9.9342638], [78.0786461, 9.9343239], [78.0786958, 9.9344606], [78.0790968, 9.9344038], [78.0792309, 9.9347156], [78.0783672, 9.9349217], [78.0782304, 9.934987], [78.0781486, 9.9346657], [78.0780659, 9.9346429], [78.0777609, 9.9347316], [78.0777519, 9.9351514], [78.0775201, 9.9352757], [78.0770518, 9.9356916], [78.0767313, 9.9359859], [78.0764695, 9.9361042], [78.0756212, 9.9363851], [78.0755328, 9.93597], [78.0762726, 9.9355897], [78.0762392, 9.9355167], [78.0761754, 9.9355057], [78.0760706, 9.9353782], [78.0760213, 9.9350444], [78.0755445, 9.9350811], [78.0755525, 9.9349384], [78.0759576, 9.9348829], [78.0760039, 9.9349744], [78.0768816, 9.9349107], [78.0768756, 9.9348585], [78.0768749, 9.9348111], [78.0769349, 9.9347896]]]}, "properties": {"kind": "landuse", "name": "", "osm_id": 1031692317, "tag": "residential"}}, {"type": "Feature", "geometry": {"type": "Polygon", "coordinates": [[[78.0730449, 9.936778], [78.0736859, 9.9367516], [78.0736618, 9.9364346], [78.0736162, 9.9363659], [78.0735223, 9.9363447], [78.0735277, 9.9361519], [78.0736591, 9.9358295], [78.0729993, 9.9356789], [78.0729215, 9.9358507], [78.0729349, 9.936025], [78.0729617, 9.9360515], [78.0729751, 9.9362206], [78.0730449, 9.9364213], [78.0730449, 9.936778]]]}, "properties": {"kind": "landuse", "name": "", "osm_id": 1031692323, "tag": "orchard"}}, {"type": "Feature", "geometry": {"type": "Polygon", "coordinates": [[[78.07626, 9.9333486], [78.0763784, 9.9341062], [78.07717, 9.9339861], [78.0770516, 9.9332286], [78.07626, 9.9333486]]]}, "properties": {"kind": "landuse", "name": "", "osm_id": 1031717438, "tag": "orchard"}}, {"type": "Feature", "geometry": {"type": "Polygon", "coordinates": [[[78.0799045, 9.9326052], [78.0798444, 9.9331194], [78.0795382, 9.9334427], [78.0794984, 9.9332662], [78.0792768, 9.9332861], [78.0792509, 9.9331147], [78.079678, 9.9330967], [78.0796922, 9.932654], [78.0794798, 9.9327028], [78.0791967, 9.93264], [78.0790481, 9.9326191], [78.0790551, 9.9322984], [78.0788853, 9.9322705], [78.0786446, 9.9320474], [78.0786517, 9.9313571], [78.0782978, 9.9313461], [78.0783968, 9.9307505], [78.0777173, 9.9307017], [78.0778943, 9.929363], [78.0780075, 9.9292794], [78.0791896, 9.9292654], [78.0792017, 9.9294887], [78.0794352, 9.9294933], [78.0794632, 9.9292403], [78.0795986, 9.9293323], [78.0796733, 9.9295485], [78.0798975, 9.9296589], [78.0799209, 9.9298429], [78.0798835, 9.9300913], [78.0799209, 9.9303029], [78.0800983, 9.9308043], [78.0801217, 9.9310067], [78.0799909, 9.9312137], [78.0797948, 9.9313977], [78.0796733, 9.9322625], [78.0799255, 9.9322993], [78.0799045, 9.9326052]]]}, "properties": {"kind": "landuse", "name": "", "osm_id": 1031717439, "tag": "residential"}}, {"type": "Feature", "geometry": {"type": "Polygon", "coordinates": [[[78.077496, 9.9328908], [78.0774467, 9.9322899], [78.0771694, 9.9317922], [78.077496, 9.9316041], [78.0780075, 9.931689], [78.0779582, 9.9311974], [78.077459, 9.9311488], [78.0775197, 9.9304656], [78.077735, 9.9304595], [78.0776939, 9.9307449], [78.0783699, 9.9307832], [78.0782779, 9.9313619], [78.0786177, 9.9313898], [78.0786212, 9.9320662], [78.0786991, 9.9331399], [78.0791839, 9.9330946], [78.079237, 9.9334746], [78.0790105, 9.9335826], [78.0787097, 9.9335687], [78.0786531, 9.9338232], [78.0785677, 9.9338078], [78.0783239, 9.9337639], [78.0783098, 9.9332445], [78.0778566, 9.9332609], [78.0775417, 9.9332724], [78.077496, 9.9328908]]]}, "properties": {"kind": "landuse", "name": "", "osm_id": 1031717440, "tag": "farmland"}}, {"type": "Feature", "geometry": {"type": "Polygon", "coordinates": [[[78.0787097, 9.9335687], [78.0786531, 9.9338232], [78.0785677, 9.9338078], [78.0785646, 9.9342171], [78.0786354, 9.9342799], [78.0786991, 9.9344158], [78.079145, 9.9343705], [78.0790388, 9.9340323], [78.079053, 9.933729], [78.0790919, 9.9335896], [78.0790105, 9.9335826], [78.0787097, 9.9335687]]]}, "properties": {"kind": "landuse", "name": "", "osm_id": 1031717441, "tag": "orchard"}}, {"type": "Feature", "geometry": {"type": "Polygon", "coordinates": [[[78.0778566, 9.9332609], [78.0778072, 9.9334223], [78.077839, 9.9337325], [78.0783239, 9.9337639], [78.0783098, 9.9332445], [78.0778566, 9.9332609]]]}, "properties": {"kind": "landuse", "name": "", "osm_id": 1031717442, "tag": "orchard"}}, {"type": "Feature", "geometry": {"type": "Polygon", "coordinates": [[[78.0772734, 9.9355797], [78.0773002, 9.9356695], [78.0775068, 9.9356219], [78.0777562, 9.9356048], [78.0781478, 9.9355427], [78.0781639, 9.9356219], [78.0783128, 9.9356061], [78.0784366, 9.9355528], [78.0786212, 9.9353874], [78.078581, 9.9352541], [78.0787433, 9.9351966], [78.0787969, 9.9353207], [78.0789739, 9.935297], [78.0792395, 9.9352679], [78.079212, 9.9350348], [78.0793226, 9.93497], [78.0792589, 9.9348009], [78.0789115, 9.9348875], [78.0785334, 9.9349912], [78.078176, 9.9351055], [78.0778165, 9.9352217], [78.0775001, 9.9354027], [78.0773677, 9.9354953], [78.0772734, 9.9355797]]]}, "properties": {"kind": "landuse", "name": "", "osm_id": 1031717443, "tag": "residential"}}, {"type": "Feature", "geometry": {"type": "Polygon", "coordinates": [[[78.0806712, 9.9191895], [78.0806805, 9.9198887], [78.079896, 9.9198703], [78.0798119, 9.9192999], [78.0793262, 9.9192263], [78.0794213, 9.91908], [78.0796251, 9.9187663], [78.079924, 9.9187939], [78.0806712, 9.9191895]]]}, "properties": {"kind": "landuse", "name": "", "osm_id": 1031717444, "tag": "orchard"}}, {"type": "Feature", "geometry": {"type": "Polygon", "coordinates": [[[78.0793262, 9.9192263], [78.0798119, 9.9192999], [78.079896, 9.9198703], [78.0806805, 9.9198887], [78.0809327, 9.9200451], [78.0812316, 9.9200635], [78.0812316, 9.9197047], [78.081514, 9.9197141], [78.0815571, 9.9198294], [78.0822473, 9.9198112], [78.0823151, 9.9202301], [78.0833503, 9.9201269], [78.0833072, 9.9207035], [78.0833996, 9.9212377], [78.0836522, 9.9213894], [78.0842869, 9.9214623], [78.0845457, 9.9227187], [78.0842685, 9.9231558], [78.0842993, 9.9235442], [78.084404, 9.9237142], [78.0842931, 9.9238842], [78.0835044, 9.9238477], [78.0831531, 9.9237203], [78.0820008, 9.9237688], [78.0810642, 9.9239024], [78.080146, 9.9240359], [78.0800659, 9.9237142], [78.0802569, 9.923526], [78.0802816, 9.923265], [78.0803247, 9.9231922], [78.080337, 9.9225791], [78.0806698, 9.9226277], [78.0807068, 9.9225063], [78.0807068, 9.9222392], [78.0807684, 9.9217597], [78.0802076, 9.9218022], [78.080109, 9.9218386], [78.0786116, 9.9216747], [78.0784699, 9.9228644], [78.0785192, 9.9228948], [78.0785131, 9.923259], [78.0789382, 9.9232832], [78.0790122, 9.9233804], [78.0793388, 9.9234593], [78.0792956, 9.9237021], [78.0786301, 9.9236292], [78.0786301, 9.9238052], [78.0783528, 9.9238295], [78.0783344, 9.9239813], [78.0780262, 9.923957], [78.0775518, 9.9240602], [78.0777613, 9.922658], [78.0780324, 9.9198173], [78.0779277, 9.9190768], [78.0778229, 9.9184758], [78.0778229, 9.9179599], [78.0782604, 9.9181116], [78.0781495, 9.9184273], [78.078359, 9.9187247], [78.0783282, 9.9191253], [78.0787903, 9.9192103], [78.0794213, 9.91908], [78.0793262, 9.9192263]]]}, "properties": {"kind": "landuse", "name": "", "osm_id": 1031717445, "tag": "farmland"}}, {"type": "Feature", "geometry": {"type": "Polygon", "coordinates": [[[78.0813583, 9.9293761], [78.0813637, 9.9290485], [78.0816051, 9.9288688], [78.0822917, 9.9288952], [78.0823293, 9.9285571], [78.0823239, 9.9275584], [78.0830749, 9.927421], [78.0830964, 9.9282186], [78.0831017, 9.9284144], [78.0830481, 9.9291172], [78.0828979, 9.929133], [78.0828818, 9.9292176], [78.0826082, 9.9291964], [78.0826243, 9.9293602], [78.0813583, 9.9293761]]]}, "properties": {"kind": "landuse", "name": "", "osm_id": 1031717446, "tag": "orchard"}}, {"type": "Feature", "geometry": {"type": "Polygon", "coordinates": [[[78.0830749, 9.927421], [78.0830964, 9.9282186], [78.0840995, 9.9281608], [78.0840512, 9.9291119], [78.0846842, 9.9291225], [78.0847111, 9.9286416], [78.0857893, 9.9287737], [78.0862292, 9.9280181], [78.0869802, 9.9269771], [78.0864438, 9.9269454], [78.0860039, 9.9270617], [78.0856337, 9.9270405], [78.0852207, 9.9272202], [78.0848452, 9.92731], [78.0845179, 9.9272413], [78.08396, 9.9272519], [78.0833109, 9.9273259], [78.0830749, 9.927421]]]}, "properties": {"kind": "landuse", "name": "", "osm_id": 1031717447, "tag": "farmland"}}, {"type": "Feature", "geometry": {"type": "Polygon", "coordinates": [[[78.0830481, 9.9270881], [78.0833109, 9.9270194], [78.08337, 9.9272255], [78.084121, 9.9271251], [78.0848344, 9.9271568], [78.0856713, 9.9269349], [78.0863579, 9.926845], [78.0861916, 9.9267024], [78.0859449, 9.9260101], [78.0861273, 9.925878], [78.0859932, 9.9252545], [78.0851617, 9.9252809], [78.0852099, 9.9241237], [78.0848559, 9.9241395], [78.0848613, 9.9238489], [78.0846091, 9.9238859], [78.0844536, 9.9240392], [78.0845448, 9.9246046], [78.0844589, 9.9248688], [78.0841532, 9.9252704], [78.0842658, 9.9255504], [78.0842658, 9.9257459], [78.0836972, 9.9266389], [78.0830642, 9.9269296], [78.0830481, 9.9270881]]]}, "properties": {"kind": "landuse", "name": "", "osm_id": 1031717449, "tag": "farmland"}}, {"type": "Feature", "geometry": {"type": "Polygon", "coordinates": [[[78.0032311, 9.9265999], [78.0030056, 9.9268897], [78.0030981, 9.9269486], [78.0029893, 9.9271629], [78.0028859, 9.9270719], [78.0015261, 9.9284113], [77.9982893, 9.9302565], [77.9978237, 9.9292902], [77.997699, 9.9291674], [77.9977822, 9.9288726], [77.9977774, 9.9285746], [77.997295, 9.9287845], [77.9970131, 9.9287906], [77.9940244, 9.9305742], [77.9924455, 9.931284], [77.9920383, 9.9328392], [77.9932663, 9.9329935], [77.995384, 9.9319381], [77.9958665, 9.9330799], [77.9962111, 9.9341414], [77.9962612, 9.9349684], [77.9974078, 9.9347771], [77.9978714, 9.9358571], [77.9983351, 9.9350054], [77.9988822, 9.9348354], [78.0002022, 9.9344253], [78.0003024, 9.9346783], [78.0006166, 9.9345588], [78.0005251, 9.9342968], [78.0006082, 9.9342886], [78.0005916, 9.934133], [78.0051055, 9.9338519], [78.0052361, 9.9337555], [78.0049967, 9.9337287], [78.0049206, 9.9334393], [78.0052197, 9.932925], [78.0049587, 9.9329357], [78.0044038, 9.9314838], [78.0045018, 9.9314195], [78.004393, 9.9309641], [78.0039034, 9.9292174], [78.0038545, 9.9292496], [78.0035662, 9.9285209], [78.0041754, 9.9280494], [78.0037185, 9.926935], [78.0036369, 9.9268814], [78.0035499, 9.9266564], [78.0033323, 9.9266831], [78.0032311, 9.9265999]]]}, "properties": {"kind": "landuse", "name": "Vadapalanji IT SEZ", "osm_id": 1034798587, "tag": "industrial"}}, {"type": "Feature", "geometry": {"type": "Polygon", "coordinates": [[[78.0244301, 9.9241426], [78.0238573, 9.9250911], [78.0236135, 9.9259675], [78.024942, 9.9266158], [78.0260633, 9.9264478], [78.0269287, 9.9253792], [78.0265387, 9.9245869], [78.0260024, 9.9238905], [78.0244301, 9.9241426]]]}, "properties": {"kind": "landuse", "name": "", "osm_id": 1034807903, "tag": "quarry"}}, {"type": "Feature", "geometry": {"type": "Polygon", "coordinates": [[[78.0757916, 9.9097198], [78.0757026, 9.9098833], [78.0760464, 9.9104672], [78.0764021, 9.9111387], [78.0765918, 9.9117109], [78.0770423, 9.9129429], [78.0772616, 9.9138888], [78.0773268, 9.9144085], [78.0775224, 9.9147297], [78.0777773, 9.9147822], [78.077961, 9.9148348], [78.0780855, 9.9150683], [78.0787909, 9.9150508], [78.0789509, 9.9149982], [78.0788857, 9.9147297], [78.0781033, 9.9146129], [78.0781211, 9.9142684], [78.0786427, 9.9142509], [78.0786486, 9.9141166], [78.0788561, 9.9140815], [78.0788656, 9.9139252], [78.0788976, 9.9133984], [78.0796089, 9.9133809], [78.0796622, 9.9139414], [78.0801127, 9.9138947], [78.0801068, 9.9134743], [78.0802253, 9.9134918], [78.0804091, 9.9136436], [78.0804209, 9.9140582], [78.0803261, 9.914607], [78.0809544, 9.9144319], [78.0811441, 9.9143326], [78.0814523, 9.9142333], [78.081476, 9.9140757], [78.0815709, 9.9140699], [78.0815709, 9.9139764], [78.0814701, 9.9139706], [78.0812211, 9.9138305], [78.081233, 9.9136786], [78.0810492, 9.9135268], [78.0809781, 9.9133049], [78.0818672, 9.9130305], [78.0818257, 9.9128145], [78.0819799, 9.9127853], [78.0819562, 9.912289], [78.0828631, 9.9120788], [78.083029, 9.9117167], [78.0832483, 9.9116], [78.0836514, 9.91167], [78.0836455, 9.9121313], [78.083853, 9.9120963], [78.0838411, 9.9115591], [78.0837048, 9.9115474], [78.0835921, 9.9114073], [78.0832661, 9.9114365], [78.0830764, 9.9111971], [78.0828334, 9.9111328], [78.08246, 9.9111912], [78.0822525, 9.911162], [78.0820332, 9.9111854], [78.0818139, 9.911127], [78.0816124, 9.9111153], [78.0814345, 9.9109985], [78.0811085, 9.9110569], [78.0806936, 9.9109693], [78.0805158, 9.9110336], [78.0803557, 9.9109343], [78.080089, 9.9108993], [78.0798756, 9.9107591], [78.0798045, 9.9107825], [78.0796622, 9.9109168], [78.0795852, 9.9108934], [78.0795377, 9.9107942], [78.0794666, 9.9107883], [78.0792888, 9.9108467], [78.0789213, 9.9107299], [78.0788857, 9.910619], [78.0789272, 9.9105197], [78.0789778, 9.9104634], [78.0789352, 9.9104443], [78.0787568, 9.9105359], [78.0785512, 9.9103679], [78.0781905, 9.9103182], [78.077985, 9.910429], [78.0777678, 9.910322], [78.0775972, 9.9103717], [78.0775196, 9.9102914], [78.0774265, 9.9101654], [78.0772985, 9.9101157], [78.0770271, 9.910173], [78.0768138, 9.9103831], [78.0766431, 9.9104022], [78.0765112, 9.9103258], [78.0765112, 9.9101539], [78.0764919, 9.9101042], [78.0763716, 9.9100966], [78.0762669, 9.9100546], [78.0760109, 9.9099094], [78.0758985, 9.9098406], [78.0757916, 9.9097198]]]}, "properties": {"kind": "landuse", "name": "", "osm_id": 1034813143, "tag": "farmland"}}, {"type": "Feature", "geometry": {"type": "Polygon", "coordinates": [[[78.0788976, 9.9133984], [78.0788656, 9.9139252], [78.0796622, 9.9139414], [78.0796089, 9.9133809], [78.0788976, 9.9133984]]]}, "properties": {"kind": "landuse", "name": "", "osm_id": 1034813144, "tag": "orchard"}}, {"type": "Feature", "geometry": {"type": "Polygon", "coordinates": [[[78.0823051, 9.9110459], [78.0823463, 9.9102855], [78.0824337, 9.9098851], [78.0823874, 9.9096164], [78.0824389, 9.9094694], [78.0825006, 9.9094491], [78.0827322, 9.9095454], [78.0828557, 9.9094947], [78.0830204, 9.9095505], [78.0833343, 9.9095911], [78.0834269, 9.9096519], [78.0833394, 9.9103058], [78.0834732, 9.9104173], [78.0836379, 9.9104528], [78.0837974, 9.9104376], [78.0838334, 9.9111169], [78.0833394, 9.9111016], [78.0831542, 9.9110712], [78.0828043, 9.9110104], [78.0824698, 9.9110611], [78.0823051, 9.9110459]]]}, "properties": {"kind": "landuse", "name": "", "osm_id": 1034813145, "tag": "farmland"}}, {"type": "Feature", "geometry": {"type": "Polygon", "coordinates": [[[78.0758684, 9.9095466], [78.0774678, 9.9096742], [78.0776777, 9.9096258], [78.0777135, 9.9095774], [78.0777001, 9.9094585], [78.0777626, 9.9093265], [78.077977, 9.9092957], [78.0782451, 9.9092209], [78.0784193, 9.9092077], [78.0786069, 9.9091769], [78.078875, 9.9090801], [78.0790581, 9.9090801], [78.0791654, 9.9090097], [78.0794477, 9.9088548], [78.0798982, 9.9087497], [78.0801887, 9.9086154], [78.0805621, 9.9084402], [78.0808703, 9.90823], [78.0809652, 9.9082008], [78.0811252, 9.9082067], [78.0812971, 9.9081424], [78.0815342, 9.90823], [78.0817239, 9.9082592], [78.0819195, 9.9081074], [78.0821625, 9.9078738], [78.0826308, 9.9074184], [78.082939, 9.9073717], [78.0832947, 9.907068], [78.0839289, 9.906671], [78.0833362, 9.9067936], [78.0819373, 9.9072958], [78.0811904, 9.9075994], [78.0810659, 9.9077804], [78.0803665, 9.9081541], [78.0797323, 9.9084694], [78.0794596, 9.9084636], [78.0786179, 9.9088782], [78.0778947, 9.9090708], [78.0776161, 9.9090825], [78.0775865, 9.9090241], [78.0768989, 9.9091351], [78.0758684, 9.9095466]]]}, "properties": {"kind": "landuse", "name": "", "osm_id": 1034813146, "tag": "farmland"}}, {"type": "Feature", "geometry": {"type": "Polygon", "coordinates": [[[78.0758902, 9.9096606], [78.0760395, 9.9097823], [78.0762968, 9.9099394], [78.0763945, 9.9099851], [78.0764974, 9.9099901], [78.0765798, 9.9100814], [78.0765849, 9.9102132], [78.0766363, 9.9102808], [78.076734, 9.9103074], [78.0767912, 9.9102841], [78.0770505, 9.9100652], [78.0773265, 9.9099923], [78.0774646, 9.9100918], [78.0775824, 9.9102079], [78.077606, 9.9102642], [78.0776935, 9.9102543], [78.0778282, 9.9102178], [78.0778989, 9.9102908], [78.0780235, 9.9103074], [78.078138, 9.9102244], [78.0784107, 9.9102278], [78.0786026, 9.9102875], [78.0787709, 9.9104268], [78.0788181, 9.9104201], [78.0789898, 9.9103339], [78.0790437, 9.9103637], [78.0790706, 9.9104334], [78.0790639, 9.910513], [78.0789999, 9.910586], [78.0790033, 9.910639], [78.0792928, 9.9107518], [78.079515, 9.9106888], [78.0795588, 9.910712], [78.0796463, 9.9108214], [78.079717, 9.9107684], [78.0798079, 9.9106523], [78.0798921, 9.9106656], [78.0801278, 9.9108115], [78.0803871, 9.9108214], [78.080515, 9.9109408], [78.0807237, 9.9108712], [78.0811412, 9.9109607], [78.0814746, 9.9108845], [78.0816463, 9.9110138], [78.0818382, 9.9109972], [78.0820368, 9.9110735], [78.0822153, 9.9110569], [78.0822692, 9.9103239], [78.0823331, 9.9098928], [78.0823062, 9.9096109], [78.0824038, 9.9093886], [78.0825116, 9.9093488], [78.0827136, 9.9094351], [78.0828954, 9.9094052], [78.0829998, 9.908921], [78.0830267, 9.9085495], [78.0834779, 9.9084301], [78.0835216, 9.9085595], [78.0838348, 9.9084832], [78.0837742, 9.9089475], [78.0837843, 9.9090537], [78.0839391, 9.9091366], [78.0841075, 9.9090238], [78.0844896, 9.9090832], [78.084738, 9.9090659], [78.0849017, 9.9090745], [78.0850829, 9.9090457], [78.0853314, 9.9091148], [78.0853752, 9.9091033], [78.0856032, 9.9089478], [78.0856266, 9.9089018], [78.0856354, 9.9086743], [78.0856003, 9.9085447], [78.0856324, 9.9083029], [78.0856061, 9.9081186], [78.085688, 9.9078479], [78.0856763, 9.9076982], [78.0857289, 9.9073354], [78.0857425, 9.9072011], [78.085537, 9.9071747], [78.0856041, 9.9066994], [78.0851797, 9.9066246], [78.0851662, 9.9067082], [78.0840092, 9.9067302], [78.0832453, 9.9072143], [78.0829906, 9.9074519], [78.0826958, 9.907518], [78.0820793, 9.90809], [78.0817219, 9.9083541], [78.0814628, 9.9083101], [78.0812528, 9.9082573], [78.0811278, 9.9083277], [78.0809625, 9.9082969], [78.0806363, 9.9085389], [78.0800735, 9.9087986], [78.0797384, 9.9088954], [78.0794748, 9.9089394], [78.079247, 9.9090494], [78.0790951, 9.9091638], [78.0789164, 9.9091638], [78.0786037, 9.909287], [78.0783714, 9.9093266], [78.0781838, 9.9093266], [78.0780453, 9.9093839], [78.0778264, 9.9094279], [78.0777996, 9.9094851], [78.0777594, 9.9096875], [78.0775181, 9.9097623], [78.0758902, 9.9096606]]]}, "properties": {"kind": "landuse", "name": "", "osm_id": 1034813150, "tag": "farmland"}}, {"type": "Feature", "geometry": {"type": "Polygon", "coordinates": [[[78.0847189, 9.9157121], [78.0834134, 9.9157664], [78.0834448, 9.9173313], [78.0832403, 9.9174553], [78.0832718, 9.9185709], [78.0834527, 9.9189738], [78.0839482, 9.918935], [78.0837122, 9.9177187], [78.0838617, 9.9175018], [78.0842234, 9.9173468], [78.0844515, 9.9187491], [78.0855841, 9.9187336], [78.085529, 9.9180751], [78.0855211, 9.9175948], [78.0850178, 9.9175483], [78.0852144, 9.9171222], [78.08512, 9.9166883], [78.0850728, 9.9156734], [78.0847189, 9.9157121]]]}, "properties": {"kind": "landuse", "name": "", "osm_id": 1034813151, "tag": "farmland"}}, {"type": "Feature", "geometry": {"type": "Polygon", "coordinates": [[[78.0537877, 9.9220236], [78.057242, 9.9199287], [78.0572123, 9.9196718], [78.0570642, 9.9196192], [78.0570049, 9.9191288], [78.0568152, 9.9191288], [78.0568211, 9.9189594], [78.056999, 9.9187784], [78.0568982, 9.9185098], [78.0571353, 9.9182179], [78.0573427, 9.9182062], [78.0574198, 9.9177566], [78.0570404, 9.9177158], [78.0569634, 9.917272], [78.0566315, 9.9173713], [78.0566789, 9.9175756], [78.0559676, 9.9178734], [78.0560091, 9.9180135], [78.0557008, 9.9181712], [78.0553662, 9.9181536], [78.0553933, 9.9183828], [78.0549512, 9.9184363], [78.0548232, 9.9190743], [78.0537877, 9.9190399], [78.0536985, 9.9193188], [78.0534115, 9.9194334], [78.0532874, 9.9197238], [78.0532719, 9.9204649], [78.0535783, 9.9206712], [78.0538071, 9.9209004], [78.0537877, 9.9220236]]]}, "properties": {"kind": "landuse", "name": "", "osm_id": 1035143584, "tag": "farmland"}}, {"type": "Feature", "geometry": {"type": "Polygon", "coordinates": [[[78.053502, 9.9160372], [78.0539503, 9.9159907], [78.0540604, 9.9164866], [78.0555626, 9.915983], [78.0556805, 9.9163703], [78.0565535, 9.9160682], [78.0563097, 9.9155879], [78.0563019, 9.9152547], [78.055885, 9.9147744], [78.0555626, 9.9141701], [78.0553502, 9.9138834], [78.0549412, 9.9133876], [78.0549806, 9.9129228], [78.054548, 9.9125896], [78.0542963, 9.9125044], [78.0526604, 9.9125121], [78.0524638, 9.9131862], [78.0523458, 9.9133799], [78.051984, 9.9135968], [78.0516852, 9.913651], [78.0515515, 9.9137595], [78.0521099, 9.9142708], [78.0529514, 9.9139996], [78.0531795, 9.9146117], [78.0536593, 9.9146194], [78.0537458, 9.9152625], [78.0530379, 9.915309], [78.0534548, 9.9158203], [78.053502, 9.9160372]]]}, "properties": {"kind": "landuse", "name": "", "osm_id": 1035143585, "tag": "farmland"}}, {"type": "Feature", "geometry": {"type": "Polygon", "coordinates": [[[78.0579143, 9.9180722], [78.0579324, 9.9184292], [78.0577331, 9.91892], [78.0579969, 9.918818], [78.0584488, 9.9186434], [78.0583582, 9.9179651], [78.0579143, 9.9180722]]]}, "properties": {"kind": "landuse", "name": "", "osm_id": 1035143586, "tag": "orchard"}}, {"type": "Feature", "geometry": {"type": "Polygon", "coordinates": [[[78.0575639, 9.9167879], [78.0576408, 9.9163022], [78.0575639, 9.9159124], [78.0582718, 9.9161371], [78.0582246, 9.9164702], [78.0577999, 9.9163928], [78.0577606, 9.9167182], [78.0575639, 9.9167879]]]}, "properties": {"kind": "landuse", "name": "", "osm_id": 1035143588, "tag": "orchard"}}, {"type": "Feature", "geometry": {"type": "Polygon", "coordinates": [[[78.0557078, 9.9119225], [78.0569505, 9.9119148], [78.0565022, 9.9112485], [78.0558554, 9.9111409], [78.0557078, 9.9119225]]]}, "properties": {"kind": "landuse", "name": "", "osm_id": 1035143589, "tag": "orchard"}}, {"type": "Feature", "geometry": {"type": "Polygon", "coordinates": [[[78.0593608, 9.9037508], [78.059217, 9.9045962], [78.0597194, 9.9046791], [78.0598633, 9.9038338], [78.0593608, 9.9037508]]]}, "properties": {"kind": "landuse", "name": "", "osm_id": 1035143590, "tag": "orchard"}}, {"type": "Feature", "geometry": {"type": "Polygon", "coordinates": [[[78.0631127, 9.9165975], [78.0640434, 9.9160194], [78.0640812, 9.9158476], [78.0640082, 9.9155942], [78.0640316, 9.9153264], [78.0640082, 9.9151047], [78.0640286, 9.914883], [78.0638942, 9.9149032], [78.0636545, 9.9148283], [78.0635347, 9.9148571], [78.0633768, 9.9148485], [78.0632628, 9.9148053], [78.0632248, 9.914811], [78.063219, 9.9152055], [78.063067, 9.9165501], [78.0631127, 9.9165975]]]}, "properties": {"kind": "landuse", "name": "", "osm_id": 1035143592, "tag": "farmland"}}, {"type": "Feature", "geometry": {"type": "Polygon", "coordinates": [[[78.0640089, 9.9136162], [78.063999, 9.9139015], [78.0642389, 9.9139096], [78.0642489, 9.9136244], [78.0640089, 9.9136162]]]}, "properties": {"kind": "landuse", "name": "", "osm_id": 1035143594, "tag": "orchard"}}, {"type": "Feature", "geometry": {"type": "Polygon", "coordinates": [[[78.0510682, 9.9132695], [78.0513134, 9.9131256], [78.0517569, 9.9130845], [78.0522109, 9.9132335], [78.0523309, 9.9131153], [78.0526022, 9.9122878], [78.052597, 9.9122158], [78.0527379, 9.9121593], [78.0527251, 9.9113898], [78.0522537, 9.9114018], [78.0520972, 9.9114943], [78.0517215, 9.9114737], [78.0514919, 9.91152], [78.0513771, 9.911556], [78.0513823, 9.9117204], [78.0509388, 9.9117667], [78.050751, 9.9110677], [78.0499475, 9.9111962], [78.0500466, 9.911556], [78.0500831, 9.9119466], [78.0499057, 9.9122087], [78.0502292, 9.9130054], [78.0506049, 9.9128718], [78.0506727, 9.9130157], [78.050871, 9.913026], [78.0510682, 9.9132695]]]}, "properties": {"kind": "landuse", "name": "", "osm_id": 1035143601, "tag": "farmland"}}, {"type": "Feature", "geometry": {"type": "Polygon", "coordinates": [[[78.0510682, 9.9132695], [78.0513134, 9.9131256], [78.0517569, 9.9130845], [78.0522109, 9.9132335], [78.0519876, 9.9134217], [78.0514293, 9.9135451], [78.0513458, 9.9133703], [78.0510682, 9.9132695]]]}, "properties": {"kind": "landuse", "name": "", "osm_id": 1035143602, "tag": "orchard"}}, {"type": "Feature", "geometry": {"type": "Polygon", "coordinates": [[[78.0489017, 9.9069552], [78.0489999, 9.9072178], [78.0485727, 9.9073729], [78.0484744, 9.9071103], [78.0489017, 9.9069552]]]}, "properties": {"kind": "landuse", "name": "", "osm_id": 1035143607, "tag": "orchard"}}, {"type": "Feature", "geometry": {"type": "Polygon", "coordinates": [[[78.0516279, 9.9106508], [78.0525776, 9.9104606], [78.0523375, 9.9095817], [78.0516488, 9.9088569], [78.0511688, 9.9090317], [78.0510369, 9.9085211], [78.0503066, 9.9086486], [78.0495837, 9.908738], [78.0495974, 9.9094216], [78.051281, 9.9094481], [78.0513931, 9.9098644], [78.0516749, 9.9099003], [78.0517845, 9.910183], [78.0514505, 9.910291], [78.0516279, 9.9106508]]]}, "properties": {"kind": "landuse", "name": "", "osm_id": 1035143609, "tag": "farmland"}}, {"type": "Feature", "geometry": {"type": "Polygon", "coordinates": [[[78.0489982, 9.9098181], [78.0493582, 9.9097513], [78.0492487, 9.9084303], [78.0501565, 9.9081939], [78.0499426, 9.9073355], [78.0510018, 9.9071454], [78.050694, 9.9058141], [78.0512157, 9.9054389], [78.0510227, 9.9051151], [78.0538977, 9.9038558], [78.0541324, 9.9035628], [78.0540959, 9.9035217], [78.0537046, 9.9035782], [78.0536837, 9.9033058], [78.0530963, 9.9035603], [78.0528969, 9.9035681], [78.0528411, 9.9033717], [78.0520516, 9.9034974], [78.051948, 9.9030339], [78.0518443, 9.9030889], [78.0510739, 9.9032782], [78.0511936, 9.9037889], [78.050117, 9.9045902], [78.0501569, 9.9050144], [78.0498379, 9.9051322], [78.0499734, 9.9055171], [78.049487, 9.9058549], [78.0489607, 9.9060435], [78.0486098, 9.9053207], [78.0482828, 9.9054543], [78.048546, 9.9063341], [78.0478602, 9.9066012], [78.0489982, 9.9098181]]]}, "properties": {"kind": "landuse", "name": "", "osm_id": 1035143610, "tag": "farmland"}}, {"type": "Feature", "geometry": {"type": "Polygon", "coordinates": [[[78.0551709, 9.8965972], [78.055164, 9.8980499], [78.055884, 9.8980362], [78.0562163, 9.8976202], [78.0562233, 9.8968973], [78.0559533, 9.8969041], [78.0559533, 9.8965835], [78.0551709, 9.8965972]]]}, "properties": {"kind": "landuse", "name": "", "osm_id": 1035143612, "tag": "orchard"}}, {"type": "Feature", "geometry": {"type": "Polygon", "coordinates": [[[78.057005, 9.8971574], [78.0568048, 9.8978725], [78.0571579, 9.8979134], [78.0571648, 9.8981522], [78.0575802, 9.8981044], [78.0576494, 9.8972724], [78.057241, 9.8972314], [78.0572771, 9.8967502], [78.0570459, 9.8969645], [78.057005, 9.8971574]]]}, "properties": {"kind": "landuse", "name": "", "osm_id": 1035143613, "tag": "orchard"}}, {"type": "Feature", "geometry": {"type": "Polygon", "coordinates": [[[78.0164689, 9.8731143], [78.0166385, 9.8738407], [78.0170885, 9.8737009], [78.0164689, 9.8731143]]]}, "properties": {"kind": "landuse", "name": "", "osm_id": 1036275145, "tag": "orchard"}}, {"type": "Feature", "geometry": {"type": "Polygon", "coordinates": [[[78.0263268, 9.8772172], [78.0263388, 9.8774363], [78.028187, 9.8773623], [78.028217, 9.8770751], [78.0263268, 9.8772172]]]}, "properties": {"kind": "landuse", "name": "", "osm_id": 1036275171, "tag": "orchard"}}, {"type": "Feature", "geometry": {"type": "Polygon", "coordinates": [[[78.0633311, 9.8857393], [78.0628435, 9.8858167], [78.0628907, 9.8862971], [78.0625604, 9.8863049], [78.0627963, 9.8882186], [78.063921, 9.8880017], [78.0636064, 9.8873586], [78.0633311, 9.8857393]]]}, "properties": {"kind": "landuse", "name": "", "osm_id": 1036559785, "tag": "farmland"}}, {"type": "Feature", "geometry": {"type": "Polygon", "coordinates": [[[78.0640075, 9.8882186], [78.0631424, 9.8883891], [78.0631738, 9.8885595], [78.0628592, 9.888637], [78.0628907, 9.888916], [78.0634727, 9.8888695], [78.0635907, 9.8906902], [78.0634019, 9.8907445], [78.0633547, 9.8914573], [78.0628278, 9.8915348], [78.0626312, 9.8907445], [78.0621435, 9.8908065], [78.0619862, 9.890822], [78.0618683, 9.8911241], [78.060893, 9.8912636], [78.0611368, 9.8914186], [78.0612469, 9.8919222], [78.0614436, 9.8921546], [78.0620492, 9.8920306], [78.0620885, 9.8922243], [78.0615615, 9.8924103], [78.0618919, 9.8931851], [78.0621199, 9.8937274], [78.0620963, 9.8941768], [78.0621671, 9.8943938], [78.0625132, 9.894572], [78.063748, 9.8947114], [78.0637086, 9.895308], [78.0643929, 9.8956334], [78.064849, 9.8957186], [78.0647389, 9.8967723], [78.065085, 9.8968266], [78.0651243, 9.8964779], [78.0665636, 9.8966794], [78.0664771, 9.8973534], [78.068404, 9.8976556], [78.0684983, 9.8974309], [78.0684433, 9.897152], [78.0686635, 9.8968266], [78.0687815, 9.8964934], [78.0690174, 9.8963307], [78.0690803, 9.8961215], [78.069277, 9.8958039], [78.069277, 9.8956954], [78.0688444, 9.8956876], [78.0689152, 9.8953622], [78.0683961, 9.895463], [78.0672242, 9.8953158], [78.067004, 9.8951918], [78.0669693, 9.8945985], [78.0685027, 9.8946756], [78.0668987, 9.8942905], [78.0659973, 9.8932238], [78.0653052, 9.8921779], [78.0654075, 9.8914728], [78.0654232, 9.890512], [78.0648805, 9.8905043], [78.064849, 9.8897682], [78.0640075, 9.8882186]]]}, "properties": {"kind": "landuse", "name": "", "osm_id": 1036559786, "tag": "farmland"}}, {"type": "Feature", "geometry": {"type": "Polygon", "coordinates": [[[78.0647625, 9.8957806], [78.064385, 9.8957496], [78.063921, 9.8963075], [78.0640075, 9.8967336], [78.0646524, 9.8968266], [78.0647625, 9.8957806]]]}, "properties": {"kind": "landuse", "name": "", "osm_id": 1036559787, "tag": "farmland"}}, {"type": "Feature", "geometry": {"type": "Polygon", "coordinates": [[[78.0670277, 9.8946537], [78.0684433, 9.8947037], [78.0693068, 9.8948397], [78.0694658, 9.8951148], [78.0694309, 9.8953402], [78.0693068, 9.8954472], [78.0693146, 9.8956535], [78.0688996, 9.8956573], [78.06895, 9.8953325], [78.0683838, 9.8954281], [78.0672358, 9.8952867], [78.0670341, 9.8951568], [78.0670277, 9.8946537]]]}, "properties": {"kind": "landuse", "name": "", "osm_id": 1036559788, "tag": "orchard"}}, {"type": "Feature", "geometry": {"type": "Polygon", "coordinates": [[[78.0711323, 9.8969483], [78.0707561, 9.8969941], [78.0703411, 9.8972348], [78.0698331, 9.8977468], [78.0698874, 9.8981708], [78.0692281, 9.8983733], [78.069484, 9.8978232], [78.0690031, 9.8977506], [78.0690923, 9.8966999], [78.0688286, 9.8966923], [78.069135, 9.8964057], [78.0692087, 9.8961307], [78.0693405, 9.8959511], [78.0694103, 9.8956569], [78.0694065, 9.8954888], [78.0694414, 9.8954544], [78.0696004, 9.8960504], [78.0699804, 9.896421], [78.0704575, 9.8966846], [78.0708957, 9.8965891], [78.0709578, 9.8967267], [78.0711323, 9.8969483]]]}, "properties": {"kind": "landuse", "name": "", "osm_id": 1036559789, "tag": "farmland"}}, {"type": "Feature", "geometry": {"type": "Polygon", "coordinates": [[[78.0604262, 9.8868276], [78.0610334, 9.8868783], [78.0609871, 9.8876235], [78.0608739, 9.8876691], [78.0610386, 9.888536], [78.0609048, 9.8885512], [78.0609562, 9.8890429], [78.0600197, 9.8892052], [78.0600248, 9.8889669], [78.0592221, 9.888977], [78.0592015, 9.8887844], [78.0593867, 9.888247], [78.0597109, 9.8879074], [78.0604262, 9.8868276]]]}, "properties": {"kind": "landuse", "name": "", "osm_id": 1036559792, "tag": "farmland"}}, {"type": "Feature", "geometry": {"type": "Polygon", "coordinates": [[[78.0593919, 9.8896006], [78.0598138, 9.8895955], [78.0598344, 9.8897831], [78.0602615, 9.8896969], [78.0603079, 9.8899048], [78.0609254, 9.8902038], [78.0617899, 9.8901836], [78.0618671, 9.890797], [78.0605034, 9.8910504], [78.0603336, 9.8908122], [78.0597264, 9.8904979], [78.0595308, 9.8898439], [78.0593919, 9.8896006]]]}, "properties": {"kind": "landuse", "name": "", "osm_id": 1036559793, "tag": "farmland"}}, {"type": "Feature", "geometry": {"type": "Polygon", "coordinates": [[[78.0591916, 9.8874742], [78.0595658, 9.8877622], [78.0592588, 9.8881164], [78.0591332, 9.8884504], [78.0590192, 9.8887355], [78.0590162, 9.8889687], [78.0589666, 9.8889399], [78.0588175, 9.8886375], [78.0588233, 9.8884763], [78.0589373, 9.888125], [78.0590046, 9.8880472], [78.0589315, 9.8878399], [78.0590689, 9.8876153], [78.0591916, 9.8874742]]]}, "properties": {"kind": "landuse", "name": "", "osm_id": 1036559833, "tag": "orchard"}}, {"type": "Feature", "geometry": {"type": "Polygon", "coordinates": [[[78.0605003, 9.8976384], [78.0596889, 9.897435], [78.0596604, 9.8971756], [78.0591266, 9.8970178], [78.0590554, 9.8975577], [78.0592511, 9.8981397], [78.0592761, 9.8989706], [78.0591657, 9.8998611], [78.0597956, 9.8991634], [78.0599807, 9.8988584], [78.0603152, 9.8985569], [78.060479, 9.8981572], [78.0605003, 9.8976384]]]}, "properties": {"kind": "landuse", "name": "", "osm_id": 1036604373, "tag": "farmland"}}, {"type": "Feature", "geometry": {"type": "Polygon", "coordinates": [[[78.0608099, 9.8977471], [78.0606427, 9.89828], [78.0604398, 9.8987427], [78.060753, 9.8986586], [78.0609345, 9.8984552], [78.061148, 9.8983606], [78.0613366, 9.8981327], [78.0616463, 9.8979504], [78.0608099, 9.8977471]]]}, "properties": {"kind": "landuse", "name": "", "osm_id": 1036604374, "tag": "farmland"}}, {"type": "Feature", "geometry": {"type": "Polygon", "coordinates": [[[78.0494442, 9.9111164], [78.0510181, 9.9108688], [78.050899, 9.9101652], [78.0496647, 9.9101528], [78.0496585, 9.9103874], [78.0491275, 9.9103057], [78.0494442, 9.9111164]]]}, "properties": {"kind": "landuse", "name": "", "osm_id": 1036604390, "tag": "farmland"}}, {"type": "Feature", "geometry": {"type": "Polygon", "coordinates": [[[78.0561891, 9.8979305], [78.0566024, 9.8978823], [78.0566079, 9.8983592], [78.0571518, 9.898252], [78.0571246, 9.8979573], [78.0567602, 9.8978769], [78.0569832, 9.8970196], [78.0561891, 9.8979305]]]}, "properties": {"kind": "landuse", "name": "", "osm_id": 1036604392, "tag": "farmland"}}, {"type": "Feature", "geometry": {"type": "Polygon", "coordinates": [[[78.0576577, 9.8978823], [78.0580112, 9.8977859], [78.058033, 9.8973036], [78.0582941, 9.8964195], [78.0582941, 9.8953853], [78.0581907, 9.8952942], [78.058169, 9.8951335], [78.0579188, 9.8950852], [78.0577284, 9.8960283], [78.0573259, 9.8966017], [78.0573313, 9.8971], [78.0576849, 9.8972393], [78.0576577, 9.8978823]]]}, "properties": {"kind": "landuse", "name": "", "osm_id": 1036604393, "tag": "farmland"}}, {"type": "Feature", "geometry": {"type": "Polygon", "coordinates": [[[78.0540085, 9.8993293], [78.0540085, 9.9012062], [78.0544415, 9.9011209], [78.054557, 9.8995852], [78.0542611, 9.8996137], [78.0542539, 9.8993577], [78.0540085, 9.8993293]]]}, "properties": {"kind": "landuse", "name": "", "osm_id": 1036604394, "tag": "farmland"}}, {"type": "Feature", "geometry": {"type": "Polygon", "coordinates": [[[78.0510339, 9.9000332], [78.0511656, 9.9008196], [78.0509249, 9.9010214], [78.050938, 9.9010997], [78.0506915, 9.9011399], [78.0506558, 9.9009274], [78.0508743, 9.9008919], [78.0507384, 9.9000813], [78.0510339, 9.9000332]]]}, "properties": {"kind": "landuse", "name": "", "osm_id": 1036604395, "tag": "orchard"}}, {"type": "Feature", "geometry": {"type": "Polygon", "coordinates": [[[78.0491196, 9.902094], [78.0497796, 9.9020294], [78.0497837, 9.9021586], [78.0499969, 9.9021344], [78.0499969, 9.9020334], [78.050538, 9.9019446], [78.0505421, 9.9020415], [78.0508659, 9.9020294], [78.0511365, 9.9019769], [78.0511488, 9.9020859], [78.0512964, 9.9020617], [78.0513866, 9.9020374], [78.0513456, 9.9016498], [78.0515751, 9.9015892], [78.0515505, 9.9013105], [78.0512103, 9.901359], [78.0511734, 9.90125], [78.0510217, 9.9012661], [78.0509766, 9.9010359], [78.0512308, 9.9010077], [78.0511406, 9.9005271], [78.0513784, 9.9004827], [78.0514809, 9.9011248], [78.0518006, 9.9010763], [78.052063, 9.9023363], [78.051981, 9.9024453], [78.0517719, 9.9026876], [78.0518252, 9.9030349], [78.0508004, 9.9031601], [78.0507963, 9.9032853], [78.0499969, 9.9033863], [78.0499313, 9.9027684], [78.0498165, 9.9027522], [78.0497919, 9.9022757], [78.0490786, 9.902308], [78.0491196, 9.902094]]]}, "properties": {"kind": "landuse", "name": "", "osm_id": 1036604396, "tag": "farmland"}}, {"type": "Feature", "geometry": {"type": "Polygon", "coordinates": [[[78.099163, 9.9042677], [78.0990569, 9.9042603], [78.0988246, 9.9042441], [78.0984063, 9.904215], [78.0980314, 9.9042838], [78.097978, 9.9043257], [78.0979965, 9.9044443], [78.0985482, 9.9051025], [78.0987249, 9.9053487], [78.0990967, 9.9053577], [78.0991957, 9.9050365], [78.099163, 9.9042677]]]}, "properties": {"kind": "landuse", "name": "", "osm_id": 1043476086, "tag": "commercial"}}, {"type": "Feature", "geometry": {"type": "Polygon", "coordinates": [[[78.1992228, 9.9628678], [78.1983967, 9.9629364], [78.199424, 9.9648253], [78.199593, 9.964791], [78.1992228, 9.9628678]]]}, "properties": {"kind": "landuse", "name": "", "osm_id": 1050201040, "tag": "farmland"}}, {"type": "Feature", "geometry": {"type": "Polygon", "coordinates": [[[78.1998867, 9.9647986], [78.2024721, 9.9643155], [78.2045338, 9.9650442], [78.2045242, 9.9655451], [78.2023181, 9.9662947], [78.1997809, 9.9653071], [78.2003303, 9.9685375], [78.2007382, 9.968891], [78.2013366, 9.9678892], [78.2021905, 9.968575], [78.2018751, 9.9688107], [78.2020763, 9.9690892], [78.2031914, 9.9688053], [78.2043554, 9.96955], [78.2041106, 9.9688428], [78.2043554, 9.9685214], [78.2048612, 9.9688964], [78.207037, 9.9663624], [78.2046709, 9.9644285], [78.2047851, 9.9642624], [78.2049374, 9.9643695], [78.2054704, 9.963882], [78.2041868, 9.9628374], [78.203893, 9.9626499], [78.2029357, 9.9622534], [78.2023755, 9.9620391], [78.2021797, 9.962007], [78.2020328, 9.9620284], [78.2004935, 9.9624302], [78.1992977, 9.9628504], [78.1996967, 9.9646652], [78.1998273, 9.9646385], [78.1998867, 9.9647986]]]}, "properties": {"kind": "landuse", "name": "", "osm_id": 1050201041, "tag": "farmland"}}, {"type": "Feature", "geometry": {"type": "Polygon", "coordinates": [[[78.205117, 9.9643131], [78.2048976, 9.9645533], [78.2070916, 9.9663101], [78.2074221, 9.9658124], [78.2056208, 9.9640283], [78.2052902, 9.9644136], [78.205117, 9.9643131]]]}, "properties": {"kind": "landuse", "name": "", "osm_id": 1050201042, "tag": "farmland"}}, {"type": "Feature", "geometry": {"type": "Polygon", "coordinates": [[[78.2075503, 9.9659432], [78.2063971, 9.9673633], [78.2100142, 9.9703044], [78.2100251, 9.9704383], [78.2094376, 9.9708723], [78.2100142, 9.9715473], [78.2104711, 9.9711401], [78.2111292, 9.970808], [78.2104928, 9.970133], [78.2115535, 9.9693026], [78.2085782, 9.9673258], [78.2075503, 9.9659432]]]}, "properties": {"kind": "landuse", "name": "", "osm_id": 1050201043, "tag": "farmland"}}, {"type": "Feature", "geometry": {"type": "Polygon", "coordinates": [[[78.2094145, 9.9708706], [78.2081056, 9.9717501], [78.2083047, 9.9719923], [78.2084397, 9.972006], [78.2084351, 9.9722858], [78.2085958, 9.9722033], [78.2098256, 9.9717589], [78.2100605, 9.9716327], [78.2094145, 9.9708706]]]}, "properties": {"kind": "landuse", "name": "", "osm_id": 1050201045, "tag": "orchard"}}, {"type": "Feature", "geometry": {"type": "Polygon", "coordinates": [[[78.2062699, 9.9713105], [78.2082101, 9.9689522], [78.2099558, 9.9703398], [78.2099619, 9.9703885], [78.2099372, 9.970425], [78.2070546, 9.9722568], [78.2062699, 9.9713105]]]}, "properties": {"kind": "landuse", "name": "", "osm_id": 1050201046, "tag": "farmland"}}, {"type": "Feature", "geometry": {"type": "Polygon", "coordinates": [[[78.2044861, 9.9697425], [78.2061821, 9.9712423], [78.208144, 9.96892], [78.2062934, 9.9673742], [78.2045168, 9.9695469], [78.2044861, 9.9697425]]]}, "properties": {"kind": "landuse", "name": "", "osm_id": 1050201047, "tag": "farmland"}}, {"type": "Feature", "geometry": {"type": "Polygon", "coordinates": [[[78.0843421, 9.9382262], [78.0843421, 9.9379332], [78.0844022, 9.937663], [78.0844206, 9.9374173], [78.0845326, 9.9372254], [78.0846389, 9.9369731], [78.0845337, 9.9366507], [78.0837572, 9.9366449], [78.0837401, 9.9362547], [78.083862, 9.9349046], [78.0828036, 9.9348712], [78.0827986, 9.9349626], [78.0822594, 9.9350108], [78.0822255, 9.9351405], [78.0819559, 9.9351763], [78.0818531, 9.9357754], [78.0827422, 9.9357519], [78.0828375, 9.9360558], [78.0828049, 9.9366351], [78.0825842, 9.9366141], [78.0825578, 9.9367129], [78.0815458, 9.9367352], [78.0815584, 9.9377517], [78.0826017, 9.9376727], [78.0836551, 9.937627], [78.0836857, 9.9379795], [78.0838868, 9.9379757], [78.0839104, 9.9382436], [78.0843421, 9.9382262]]]}, "properties": {"kind": "landuse", "name": "", "osm_id": 1057578517, "tag": "orchard"}}, {"type": "Feature", "geometry": {"type": "Polygon", "coordinates": [[[78.0846338, 9.936532], [78.0846464, 9.9366449], [78.0846885, 9.9367715], [78.0847505, 9.9369065], [78.0848256, 9.9369039], [78.0849232, 9.9367267], [78.085051, 9.9365203], [78.0846338, 9.936532]]]}, "properties": {"kind": "landuse", "name": "", "osm_id": 1057578518, "tag": "orchard"}}, {"type": "Feature", "geometry": {"type": "Polygon", "coordinates": [[[78.0790366, 9.9360117], [78.0789955, 9.9364233], [78.0801319, 9.9364233], [78.0801445, 9.936147], [78.0801285, 9.936145], [78.0790366, 9.9360117]]]}, "properties": {"kind": "landuse", "name": "", "osm_id": 1057578519, "tag": "orchard"}}, {"type": "Feature", "geometry": {"type": "Polygon", "coordinates": [[[78.0803369, 9.9364277], [78.0803046, 9.9367687], [78.0812127, 9.9367369], [78.0811947, 9.9364289], [78.0803369, 9.9364277]]]}, "properties": {"kind": "landuse", "name": "", "osm_id": 1057578520, "tag": "orchard"}}, {"type": "Feature", "geometry": {"type": "Polygon", "coordinates": [[[78.0802503, 9.937497], [78.0802891, 9.9378261], [78.0812413, 9.9378631], [78.0812504, 9.9374857], [78.0802503, 9.937497]]]}, "properties": {"kind": "landuse", "name": "", "osm_id": 1057578521, "tag": "orchard"}}, {"type": "Feature", "geometry": {"type": "Polygon", "coordinates": [[[78.0802705, 9.9385494], [78.0802782, 9.9382291], [78.0811883, 9.9382739], [78.081176, 9.9385673], [78.0802705, 9.9385494]]]}, "properties": {"kind": "landuse", "name": "", "osm_id": 1057578523, "tag": "orchard"}}, {"type": "Feature", "geometry": {"type": "Polygon", "coordinates": [[[78.1176775, 9.8839778], [78.1172424, 9.8842132], [78.1174018, 9.8846932], [78.1174661, 9.8850282], [78.1185967, 9.8846086], [78.1187806, 9.8842615], [78.1182965, 9.8842736], [78.117892, 9.8844215], [78.1177695, 9.8840925], [78.1176775, 9.8839778]]]}, "properties": {"kind": "landuse", "name": "", "osm_id": 1060263938, "tag": "commercial"}}, {"type": "Feature", "geometry": {"type": "Polygon", "coordinates": [[[78.0460648, 9.9603363], [78.0464793, 9.9612677], [78.0472566, 9.9613826], [78.0474121, 9.9625947], [78.0499383, 9.9625118], [78.0503917, 9.9622311], [78.0503399, 9.9620078], [78.049582, 9.9620971], [78.0494266, 9.960668], [78.0484679, 9.960617], [78.0483707, 9.9600364], [78.0469198, 9.9601704], [78.0460648, 9.9603363]]]}, "properties": {"kind": "landuse", "name": "", "osm_id": 1060493109, "tag": "orchard"}}, {"type": "Feature", "geometry": {"type": "Polygon", "coordinates": [[[78.0443641, 9.9612866], [78.0449593, 9.9614169], [78.04498, 9.9618891], [78.0446989, 9.9619054], [78.0446943, 9.9623137], [78.0447096, 9.9627573], [78.0451569, 9.962709], [78.0451784, 9.9629505], [78.0442163, 9.963201], [78.043723, 9.9631889], [78.0437414, 9.9629716], [78.0425862, 9.9629354], [78.0436188, 9.9626427], [78.0437138, 9.9624676], [78.0440079, 9.9624284], [78.044348, 9.9621628], [78.0444951, 9.9621387], [78.0444828, 9.9619546], [78.0438946, 9.9619697], [78.043821, 9.9621568], [78.0437138, 9.9621568], [78.0436954, 9.9618792], [78.0443641, 9.9612866]]]}, "properties": {"kind": "landuse", "name": "", "osm_id": 1060493111, "tag": "orchard"}}, {"type": "Feature", "geometry": {"type": "Polygon", "coordinates": [[[78.0543456, 9.9536821], [78.0542899, 9.9541215], [78.0539887, 9.954149], [78.0547304, 9.9550443], [78.0551152, 9.9557419], [78.0552379, 9.9550663], [78.0559406, 9.955264], [78.0559964, 9.9540117], [78.0543456, 9.9536821]]]}, "properties": {"kind": "landuse", "name": "", "osm_id": 1060493112, "tag": "orchard"}}, {"type": "Feature", "geometry": {"type": "Polygon", "coordinates": [[[78.056765, 9.9549215], [78.0592801, 9.955273], [78.0592131, 9.9561354], [78.0600274, 9.9562672], [78.060005, 9.9577063], [78.0594142, 9.9575396], [78.0594498, 9.9569121], [78.0575885, 9.9566036], [78.0575707, 9.9561199], [78.0567458, 9.9559512], [78.0567499, 9.9561141], [78.0559689, 9.9560197], [78.0558736, 9.9560082], [78.0559439, 9.9553405], [78.0567334, 9.9553975], [78.056765, 9.9549215]]]}, "properties": {"kind": "landuse", "name": "", "osm_id": 1060493113, "tag": "orchard"}}, {"type": "Feature", "geometry": {"type": "Polygon", "coordinates": [[[78.0566434, 9.9569502], [78.0566266, 9.9572275], [78.0565426, 9.9572317], [78.0565426, 9.9581093], [78.0568788, 9.9580431], [78.0574168, 9.9581424], [78.0574252, 9.9574345], [78.0576017, 9.9574635], [78.0576185, 9.9572814], [78.0583204, 9.9573642], [78.0583709, 9.9570868], [78.0575765, 9.9570164], [78.0575681, 9.9570661], [78.0566434, 9.9569502]]]}, "properties": {"kind": "landuse", "name": "", "osm_id": 1060493120, "tag": "orchard"}}, {"type": "Feature", "geometry": {"type": "Polygon", "coordinates": [[[78.0607871, 9.9572141], [78.0608744, 9.9578739], [78.0617031, 9.9573522], [78.0616034, 9.9572448], [78.0607871, 9.9572141]]]}, "properties": {"kind": "landuse", "name": "", "osm_id": 1060493121, "tag": "orchard"}}, {"type": "Feature", "geometry": {"type": "Polygon", "coordinates": [[[78.0640941, 9.9511696], [78.0640252, 9.9519683], [78.0632985, 9.9519306], [78.0631964, 9.9530423], [78.0631608, 9.95343], [78.0625029, 9.9533999], [78.0624723, 9.9543643], [78.0619409, 9.9542904], [78.0611718, 9.9541835], [78.0609047, 9.9529556], [78.0608964, 9.9529177], [78.0608658, 9.9515011], [78.0611412, 9.9514258], [78.0614625, 9.9515237], [78.0616232, 9.9513956], [78.0616002, 9.9507778], [78.0624793, 9.95098], [78.0628777, 9.9510717], [78.063199, 9.9509963], [78.063918, 9.9511355], [78.0640941, 9.9511696]]]}, "properties": {"kind": "landuse", "name": "", "osm_id": 1060493122, "tag": "orchard"}}, {"type": "Feature", "geometry": {"type": "Polygon", "coordinates": [[[78.0585308, 9.9490842], [78.0585176, 9.9495189], [78.0592289, 9.9495643], [78.0592421, 9.9512185], [78.0584057, 9.9511082], [78.0584254, 9.9504011], [78.0582279, 9.9502843], [78.0576417, 9.9502195], [78.0576154, 9.9510498], [78.0567526, 9.9508422], [78.0568316, 9.9495837], [78.0575587, 9.9495955], [78.0575852, 9.9492532], [78.0576088, 9.948948], [78.0585308, 9.9490842]]]}, "properties": {"kind": "landuse", "name": "", "osm_id": 1060493123, "tag": "orchard"}}, {"type": "Feature", "geometry": {"type": "Polygon", "coordinates": [[[78.0552412, 9.9517586], [78.055236, 9.952265], [78.0552286, 9.9529881], [78.0559641, 9.9529881], [78.0562667, 9.9531165], [78.0567459, 9.9531372], [78.0569728, 9.9532986], [78.0572628, 9.9532283], [78.0577966, 9.9533649], [78.0591962, 9.953547], [78.05915, 9.9533235], [78.0591962, 9.9528515], [78.0592172, 9.9525079], [78.0584144, 9.9524044], [78.058385, 9.9527232], [78.0579605, 9.9526363], [78.0580404, 9.9518456], [78.0591836, 9.9521354], [78.0592088, 9.9520401], [78.0592046, 9.9519449], [78.0592592, 9.9518456], [78.0591962, 9.9516469], [78.059234, 9.9513902], [78.0592421, 9.9512185], [78.0584057, 9.9511082], [78.0584254, 9.9504011], [78.0582279, 9.9502843], [78.0576417, 9.9502195], [78.0576154, 9.9510498], [78.0567526, 9.9508422], [78.0568316, 9.9495837], [78.0561953, 9.9503718], [78.0556993, 9.9510093], [78.0551613, 9.9516634], [78.0552412, 9.9517586]]]}, "properties": {"kind": "landuse", "name": "", "osm_id": 1060493124, "tag": "farmland"}}, {"type": "Feature", "geometry": {"type": "Polygon", "coordinates": [[[78.0597676, 9.9392385], [78.0596244, 9.9393658], [78.059529, 9.9395636], [78.0595687, 9.9396733], [78.0595747, 9.939779], [78.0594236, 9.9398084], [78.0594196, 9.9402059], [78.0595369, 9.940157], [78.0596145, 9.9400336], [78.0600658, 9.9398809], [78.0601711, 9.9397575], [78.060197, 9.9395617], [78.0602626, 9.9394226], [78.0600956, 9.9392013], [78.0599684, 9.9391994], [78.0598928, 9.9392425], [78.0597676, 9.9392385]]]}, "properties": {"kind": "landuse", "name": "", "osm_id": 1060493126, "tag": "farmland"}}, {"type": "Feature", "geometry": {"type": "Polygon", "coordinates": [[[78.0593513, 9.9417904], [78.0596751, 9.9418221], [78.0596186, 9.9423821], [78.0592947, 9.9423504], [78.0593513, 9.9417904]]]}, "properties": {"kind": "landuse", "name": "", "osm_id": 1060493127, "tag": "farmland"}}, {"type": "Feature", "geometry": {"type": "Polygon", "coordinates": [[[78.0675949, 9.9392442], [78.0675855, 9.9394313], [78.0677943, 9.9395081], [78.0685731, 9.9395664], [78.068542, 9.9393792], [78.0681214, 9.9393209], [78.0679282, 9.9393239], [78.067869, 9.9392319], [78.0677324, 9.939238], [78.0675949, 9.9392442]]]}, "properties": {"kind": "landuse", "name": "", "osm_id": 1060493129, "tag": "orchard"}}, {"type": "Feature", "geometry": {"type": "Polygon", "coordinates": [[[78.0673742, 9.9406835], [78.0673018, 9.9408652], [78.0680039, 9.9410434], [78.0680437, 9.9409864], [78.0681558, 9.9410292], [78.0682608, 9.9408831], [78.0681522, 9.9407939], [78.0673742, 9.9406835]]]}, "properties": {"kind": "landuse", "name": "", "osm_id": 1060493132, "tag": "orchard"}}, {"type": "Feature", "geometry": {"type": "Polygon", "coordinates": [[[78.0649994, 9.9400344], [78.0658499, 9.940019], [78.0658281, 9.9401939], [78.065744, 9.940378], [78.0657876, 9.9404732], [78.0657751, 9.9405836], [78.0651926, 9.9405775], [78.0651801, 9.9404517], [78.0649963, 9.9404486], [78.0649994, 9.9400344]]]}, "properties": {"kind": "landuse", "name": "", "osm_id": 1060493135, "tag": "farmland"}}, {"type": "Feature", "geometry": {"type": "Polygon", "coordinates": [[[78.0633741, 9.9424229], [78.0633398, 9.9428566], [78.0642083, 9.9429232], [78.0642426, 9.9424896], [78.0633741, 9.9424229]]]}, "properties": {"kind": "landuse", "name": "", "osm_id": 1060493137, "tag": "orchard"}}, {"type": "Feature", "geometry": {"type": "Polygon", "coordinates": [[[78.0608258, 9.9431016], [78.0607903, 9.9435305], [78.0609058, 9.9436968], [78.0617766, 9.9438543], [78.0617855, 9.9433992], [78.0610035, 9.9432942], [78.060968, 9.9431191], [78.0608258, 9.9431016]]]}, "properties": {"kind": "landuse", "name": "", "osm_id": 1060493138, "tag": "orchard"}}, {"type": "Feature", "geometry": {"type": "Polygon", "coordinates": [[[78.0609807, 9.9417357], [78.0609491, 9.9421468], [78.0613347, 9.9421663], [78.0613776, 9.9417753], [78.0609807, 9.9417357]]]}, "properties": {"kind": "landuse", "name": "", "osm_id": 1060493144, "tag": "orchard"}}, {"type": "Feature", "geometry": {"type": "Polygon", "coordinates": [[[78.0592715, 9.952941], [78.05926, 9.9530615], [78.0592791, 9.9532122], [78.059237, 9.9533629], [78.0593365, 9.9535513], [78.0592906, 9.9536304], [78.0593288, 9.9537585], [78.0596042, 9.9537886], [78.0595889, 9.9545835], [78.0600059, 9.9546739], [78.0600264, 9.9536098], [78.0600677, 9.9530559], [78.0599232, 9.9529796], [78.0596446, 9.9529237], [78.0592715, 9.952941]]]}, "properties": {"kind": "landuse", "name": "", "osm_id": 1060493149, "tag": "orchard"}}, {"type": "Feature", "geometry": {"type": "Polygon", "coordinates": [[[78.0593893, 9.9504125], [78.0593962, 9.9506182], [78.0593823, 9.9512147], [78.0600924, 9.951345], [78.0601202, 9.950625], [78.0593893, 9.9504125]]]}, "properties": {"kind": "landuse", "name": "", "osm_id": 1060493150, "tag": "orchard"}}, {"type": "Feature", "geometry": {"type": "Polygon", "coordinates": [[[78.0604892, 9.9498365], [78.0605449, 9.9490205], [78.060893, 9.9490685], [78.0608721, 9.9482525], [78.0613107, 9.9483348], [78.0618676, 9.9482594], [78.062515, 9.9483074], [78.0628561, 9.9481017], [78.0628631, 9.947992], [78.0627517, 9.9479783], [78.0624315, 9.9476697], [78.0621878, 9.947752], [78.0620068, 9.9476491], [78.061791, 9.9477451], [78.061436, 9.9475943], [78.0607468, 9.9477246], [78.060705, 9.9481703], [78.0604753, 9.9481977], [78.0604335, 9.9489108], [78.0601272, 9.9489259], [78.0602767, 9.9496911], [78.0602926, 9.949723], [78.0603448, 9.949827], [78.0604892, 9.9498365]]]}, "properties": {"kind": "landuse", "name": "", "osm_id": 1060493151, "tag": "orchard"}}, {"type": "Feature", "geometry": {"type": "Polygon", "coordinates": [[[78.0600934, 9.9495371], [78.0601388, 9.9497103], [78.0600282, 9.9497187], [78.060014, 9.9501655], [78.0595207, 9.9501543], [78.0593393, 9.9500147], [78.0593421, 9.9496656], [78.059963, 9.9496935], [78.0600934, 9.9495371]]]}, "properties": {"kind": "landuse", "name": "", "osm_id": 1060493152, "tag": "orchard"}}, {"type": "Feature", "geometry": {"type": "Polygon", "coordinates": [[[78.0607468, 9.9477246], [78.060705, 9.9481703], [78.0604753, 9.9481977], [78.0604335, 9.9489108], [78.0601272, 9.9489259], [78.0599823, 9.9489603], [78.0600934, 9.9495371], [78.059963, 9.9496935], [78.0593421, 9.9496656], [78.0593167, 9.9486655], [78.0593889, 9.9482792], [78.0593528, 9.9479742], [78.0594096, 9.9478116], [78.059487, 9.9476896], [78.0596315, 9.9476439], [78.0599411, 9.9477404], [78.0601578, 9.947588], [78.0607468, 9.9477246]]]}, "properties": {"kind": "landuse", "name": "", "osm_id": 1060493153, "tag": "farmland"}}, {"type": "Feature", "geometry": {"type": "Polygon", "coordinates": [[[78.0625642, 9.9494542], [78.0633606, 9.9494784], [78.0633365, 9.9502484], [78.0625402, 9.9502243], [78.0625642, 9.9494542]]]}, "properties": {"kind": "landuse", "name": "", "osm_id": 1060493154, "tag": "orchard"}}, {"type": "Feature", "geometry": {"type": "Polygon", "coordinates": [[[78.0551152, 9.9557419], [78.0553378, 9.9562689], [78.0557834, 9.9563444], [78.0559435, 9.9564404], [78.0559689, 9.9560197], [78.0558736, 9.9560082], [78.0559439, 9.9553405], [78.0567334, 9.9553975], [78.056765, 9.9549215], [78.0592801, 9.955273], [78.0608236, 9.955549], [78.0608166, 9.9549936], [78.0615824, 9.955165], [78.0616033, 9.9548084], [78.0619653, 9.9548427], [78.0620627, 9.9544862], [78.0619165, 9.9544793], [78.0619409, 9.9542904], [78.0611718, 9.9541835], [78.0609047, 9.9529556], [78.0608658, 9.9515011], [78.0611412, 9.9514258], [78.0614625, 9.9515237], [78.0616232, 9.9513956], [78.0616002, 9.9507778], [78.0624793, 9.95098], [78.0625402, 9.9502243], [78.0617734, 9.9500614], [78.061769, 9.9495625], [78.0613869, 9.9495057], [78.0613824, 9.9489237], [78.0616312, 9.9489062], [78.0618134, 9.9486961], [78.0624487, 9.948613], [78.0637682, 9.9487224], [78.0648877, 9.9488537], [78.0648833, 9.9480047], [78.0646922, 9.9480222], [78.064359, 9.9482673], [78.0640658, 9.9481579], [78.0638437, 9.9478516], [78.0638392, 9.9477159], [78.0637504, 9.9477072], [78.0636704, 9.9478166], [78.0634039, 9.9478341], [78.0631506, 9.9477334], [78.0630262, 9.9478866], [78.0628631, 9.947992], [78.0628561, 9.9481017], [78.062515, 9.9483074], [78.0618676, 9.9482594], [78.0613107, 9.9483348], [78.0608721, 9.9482525], [78.060893, 9.9490685], [78.0605449, 9.9490205], [78.0604892, 9.9498365], [78.0603448, 9.949827], [78.0602926, 9.949723], [78.0601388, 9.9497103], [78.0600282, 9.9497187], [78.060014, 9.9501655], [78.0595207, 9.9501543], [78.0593393, 9.9500147], [78.0593893, 9.9504125], [78.0601202, 9.950625], [78.0600924, 9.951345], [78.0593823, 9.9512147], [78.0593487, 9.9515594], [78.0593835, 9.9517308], [78.059481, 9.9517651], [78.0597942, 9.9517239], [78.0601075, 9.9518405], [78.0600657, 9.952149], [78.0597107, 9.952101], [78.0594392, 9.9520942], [78.0593, 9.9521765], [78.0592782, 9.9522692], [78.0593137, 9.9524836], [78.0592715, 9.952941], [78.0596446, 9.9529237], [78.0599232, 9.9529796], [78.0600677, 9.9530559], [78.0600264, 9.9536098], [78.0600059, 9.9546739], [78.0595889, 9.9545835], [78.0596042, 9.9537886], [78.0593288, 9.9537585], [78.0592906, 9.9536304], [78.0589095, 9.9536388], [78.0578166, 9.9534812], [78.0572301, 9.9533543], [78.0569636, 9.9534331], [78.0567059, 9.9532712], [78.0561905, 9.9532143], [78.0559018, 9.9531312], [78.0554931, 9.9531137], [78.0552265, 9.9531006], [78.0547822, 9.9530262], [78.0545601, 9.9529036], [78.0539648, 9.9528161], [78.0530629, 9.953595], [78.0535561, 9.9539101], [78.0536582, 9.9537175], [78.0539887, 9.954149], [78.0542899, 9.9541215], [78.0543456, 9.9536821], [78.0559964, 9.9540117], [78.0559406, 9.955264], [78.0552379, 9.9550663], [78.0551152, 9.9557419]]]}, "properties": {"kind": "landuse", "name": "", "osm_id": 1060493155, "tag": "farmland"}}, {"type": "Feature", "geometry": {"type": "Polygon", "coordinates": [[[78.065081, 9.9513276], [78.0649985, 9.9521662], [78.0656848, 9.952278], [78.0657777, 9.9513378], [78.065081, 9.9513276]]]}, "properties": {"kind": "landuse", "name": "", "osm_id": 1060493160, "tag": "orchard"}}, {"type": "Feature", "geometry": {"type": "Polygon", "coordinates": [[[78.0707869, 9.9461126], [78.0708229, 9.94652], [78.0709128, 9.9467443], [78.0712065, 9.9468329], [78.0713743, 9.9467561], [78.07159, 9.9466971], [78.0715181, 9.9463193], [78.0711285, 9.9461126], [78.0707869, 9.9461126]]]}, "properties": {"kind": "landuse", "name": "", "osm_id": 1060493161, "tag": "orchard"}}, {"type": "Feature", "geometry": {"type": "Polygon", "coordinates": [[[78.0665262, 9.9481277], [78.0669928, 9.9481164], [78.0670004, 9.9480184], [78.06736, 9.9480373], [78.0674059, 9.9482219], [78.0680523, 9.9483537], [78.0682933, 9.9483688], [78.0682627, 9.9485647], [78.0685839, 9.9486061], [78.0685217, 9.9482392], [78.0682276, 9.9481257], [78.0682342, 9.9480258], [78.0673906, 9.9479129], [78.0673753, 9.9474684], [78.0665491, 9.9474194], [78.0666332, 9.9476794], [78.0666715, 9.9478338], [78.0665032, 9.9479619], [78.0665262, 9.9481277]]]}, "properties": {"kind": "landuse", "name": "", "osm_id": 1060493163, "tag": "orchard"}}, {"type": "Feature", "geometry": {"type": "Polygon", "coordinates": [[[78.0674003, 9.9468392], [78.0674003, 9.9470399], [78.0679278, 9.947158], [78.0682275, 9.9471757], [78.0682576, 9.947252], [78.0682696, 9.9474882], [78.0682342, 9.9480258], [78.0673906, 9.9479129], [78.0673753, 9.9474684], [78.0665491, 9.9474194], [78.0666272, 9.9472465], [78.0664474, 9.9468687], [78.0664174, 9.9466385], [78.0667051, 9.9467388], [78.0674003, 9.9468392]]]}, "properties": {"kind": "landuse", "name": "", "osm_id": 1060493164, "tag": "farmland"}}, {"type": "Feature", "geometry": {"type": "Polygon", "coordinates": [[[78.0664174, 9.9466385], [78.0667051, 9.9467388], [78.0674003, 9.9468392], [78.0675142, 9.9467979], [78.0681555, 9.9468805], [78.0682215, 9.9466385], [78.0681975, 9.946485], [78.0674303, 9.9463728], [78.0674303, 9.9462016], [78.0675118, 9.9456502], [78.0675202, 9.9455935], [78.0666391, 9.9454519], [78.0664474, 9.9459123], [78.0667171, 9.9461485], [78.0666751, 9.9463964], [78.0664174, 9.9466385]]]}, "properties": {"kind": "landuse", "name": "", "osm_id": 1060493165, "tag": "orchard"}}, {"type": "Feature", "geometry": {"type": "Polygon", "coordinates": [[[78.0677479, 9.9435734], [78.0685581, 9.9436649], [78.0684961, 9.9439394], [78.067686, 9.9438885], [78.0677582, 9.9437056], [78.0677479, 9.9435734]]]}, "properties": {"kind": "landuse", "name": "", "osm_id": 1060493166, "tag": "orchard"}}, {"type": "Feature", "geometry": {"type": "Polygon", "coordinates": [[[78.0670203, 9.9416267], [78.0677892, 9.9417131], [78.0677789, 9.942562], [78.0685013, 9.9426484], [78.0684858, 9.9429279], [78.0677686, 9.9428771], [78.0677737, 9.9426229], [78.0677376, 9.9425772], [78.0668758, 9.9424349], [78.0670203, 9.9416267]]]}, "properties": {"kind": "landuse", "name": "", "osm_id": 1060493167, "tag": "orchard"}}, {"type": "Feature", "geometry": {"type": "Polygon", "coordinates": [[[78.0708529, 9.9441418], [78.070831, 9.9443273], [78.070081, 9.9442063], [78.0700735, 9.944385], [78.0708091, 9.9445128], [78.0707652, 9.9448839], [78.0710903, 9.9448635], [78.071565, 9.9447975], [78.0715496, 9.944213], [78.0708529, 9.9441418]]]}, "properties": {"kind": "landuse", "name": "", "osm_id": 1060493169, "tag": "orchard"}}, {"type": "Feature", "geometry": {"type": "Polygon", "coordinates": [[[78.0691563, 9.9459773], [78.0705576, 9.9461251], [78.0705836, 9.9458856], [78.0691823, 9.9457381], [78.0691563, 9.9459773]]]}, "properties": {"kind": "landuse", "name": "", "osm_id": 1060493170, "tag": "orchard"}}, {"type": "Feature", "geometry": {"type": "Polygon", "coordinates": [[[78.0692905, 9.9454616], [78.0698528, 9.9455068], [78.069914, 9.945326], [78.0707211, 9.9454013], [78.0707652, 9.9448839], [78.0708091, 9.9445128], [78.0700735, 9.944385], [78.070081, 9.9442063], [78.070831, 9.9443273], [78.0708529, 9.9441418], [78.0700861, 9.9440639], [78.0700823, 9.9441392], [78.0693173, 9.944094], [78.0692446, 9.9446855], [78.0692561, 9.945066], [78.0692905, 9.9454616]]]}, "properties": {"kind": "landuse", "name": "", "osm_id": 1060493171, "tag": "farmland"}}, {"type": "Feature", "geometry": {"type": "Polygon", "coordinates": [[[78.0693681, 9.9435849], [78.0700803, 9.9436463], [78.0701019, 9.9434031], [78.0693897, 9.9433415], [78.0693681, 9.9435849]]]}, "properties": {"kind": "landuse", "name": "", "osm_id": 1060493173, "tag": "farmland"}}, {"type": "Feature", "geometry": {"type": "Polygon", "coordinates": [[[78.0695095, 9.9417185], [78.0694841, 9.9419412], [78.0709619, 9.9421048], [78.0709873, 9.9418817], [78.0695095, 9.9417185]]]}, "properties": {"kind": "landuse", "name": "", "osm_id": 1060493174, "tag": "farmland"}}, {"type": "Feature", "geometry": {"type": "Polygon", "coordinates": [[[78.069514, 9.9407515], [78.0694917, 9.9413685], [78.0701226, 9.9414429], [78.0701581, 9.9407515], [78.069625, 9.9406115], [78.0695095, 9.9404714], [78.0686965, 9.9404102], [78.0685899, 9.9407165], [78.0684833, 9.9408565], [78.0687898, 9.9409178], [78.0688209, 9.9406596], [78.069514, 9.9407515]]]}, "properties": {"kind": "landuse", "name": "", "osm_id": 1060493175, "tag": "orchard"}}, {"type": "Feature", "geometry": {"type": "Polygon", "coordinates": [[[78.0686965, 9.9404102], [78.0695095, 9.9404714], [78.0695809, 9.9401638], [78.0695293, 9.9400622], [78.0695654, 9.9397775], [78.0693281, 9.9396759], [78.0690856, 9.939625], [78.0690959, 9.9393709], [78.0696119, 9.9394116], [78.0695809, 9.9390609], [78.0694622, 9.9388372], [78.0694055, 9.9387203], [78.0688843, 9.9387915], [78.0687398, 9.9388321], [78.0686676, 9.938944], [78.0686727, 9.9390609], [78.0687605, 9.9392591], [78.0687914, 9.9397775], [78.0686965, 9.9404102]]]}, "properties": {"kind": "landuse", "name": "", "osm_id": 1060493176, "tag": "farmland"}}, {"type": "Feature", "geometry": {"type": "Polygon", "coordinates": [[[78.0719615, 9.9422738], [78.0719293, 9.9428867], [78.0720795, 9.9429079], [78.0720151, 9.9434151], [78.0724228, 9.9435366], [78.0726213, 9.9437321], [78.0730558, 9.9437163], [78.0731041, 9.9425486], [78.0729914, 9.9424482], [78.0727661, 9.9423848], [78.0719615, 9.9422738]]]}, "properties": {"kind": "landuse", "name": "", "osm_id": 1060507654, "tag": "orchard"}}, {"type": "Feature", "geometry": {"type": "Polygon", "coordinates": [[[78.0716986, 9.9438642], [78.071704, 9.9447308], [78.0725408, 9.9448999], [78.0725837, 9.9439276], [78.0716986, 9.9438642]]]}, "properties": {"kind": "landuse", "name": "", "osm_id": 1060507655, "tag": "orchard"}}, {"type": "Feature", "geometry": {"type": "Polygon", "coordinates": [[[78.0776235, 9.9418707], [78.0775425, 9.9432148], [78.0776297, 9.9434173], [78.0781095, 9.9435646], [78.0781843, 9.9433437], [78.0782964, 9.9419935], [78.0779849, 9.9418953], [78.0776235, 9.9418707]]]}, "properties": {"kind": "landuse", "name": "", "osm_id": 1060507659, "tag": "orchard"}}, {"type": "Feature", "geometry": {"type": "Polygon", "coordinates": [[[78.0771665, 9.9440894], [78.0774767, 9.9439902], [78.0771739, 9.9430723], [78.0768639, 9.9431715], [78.0771665, 9.9440894]]]}, "properties": {"kind": "landuse", "name": "", "osm_id": 1060507660, "tag": "orchard"}}, {"type": "Feature", "geometry": {"type": "Polygon", "coordinates": [[[78.0776778, 9.9410272], [78.0779687, 9.9410499], [78.0779734, 9.9415276], [78.0792296, 9.9416868], [78.0792665, 9.9411682], [78.0787908, 9.9410909], [78.0787677, 9.9405859], [78.0791696, 9.9405086], [78.0790633, 9.9399081], [78.0787262, 9.9399354], [78.0784214, 9.9400628], [78.0784583, 9.9405495], [78.0782459, 9.940595], [78.0782228, 9.9406451], [78.0779965, 9.9406496], [78.0776824, 9.9407497], [78.0776778, 9.9410272]]]}, "properties": {"kind": "landuse", "name": "", "osm_id": 1060507661, "tag": "orchard"}}, {"type": "Feature", "geometry": {"type": "Polygon", "coordinates": [[[78.0781858, 9.9392439], [78.0781951, 9.9395214], [78.0783198, 9.9397625], [78.0787631, 9.9397307], [78.0786153, 9.9393167], [78.0788185, 9.9393122], [78.0789525, 9.9393667], [78.0789802, 9.9395669], [78.079576, 9.9392485], [78.0792065, 9.9391848], [78.0788924, 9.9391711], [78.0786153, 9.9391347], [78.0781858, 9.9392439]]]}, "properties": {"kind": "landuse", "name": "", "osm_id": 1060507662, "tag": "orchard"}}, {"type": "Feature", "geometry": {"type": "Polygon", "coordinates": [[[78.0777792, 9.9376234], [78.0789594, 9.9377185], [78.0789862, 9.9380884], [78.0796192, 9.9381518], [78.0795817, 9.9390818], [78.078938, 9.9390395], [78.0789541, 9.9386326], [78.0778061, 9.9386273], [78.0777792, 9.9376234]]]}, "properties": {"kind": "landuse", "name": "", "osm_id": 1060507663, "tag": "orchard"}}, {"type": "Feature", "geometry": {"type": "Polygon", "coordinates": [[[78.0758105, 9.9384477], [78.0769209, 9.9385322], [78.0770014, 9.9384054], [78.0770443, 9.9381095], [78.0772911, 9.9381148], [78.0773233, 9.9378189], [78.0775325, 9.9378295], [78.0775057, 9.9385481], [78.077688, 9.9385481], [78.0776988, 9.939235], [78.0776934, 9.9397634], [78.0770282, 9.9397105], [78.0751664, 9.9394692], [78.0751942, 9.9393243], [78.0755203, 9.9393556], [78.0756793, 9.9386584], [78.0758264, 9.9386349], [78.0758105, 9.9384477]]]}, "properties": {"kind": "landuse", "name": "", "osm_id": 1060507664, "tag": "orchard"}}, {"type": "Feature", "geometry": {"type": "Polygon", "coordinates": [[[78.0760923, 9.9400079], [78.0760692, 9.9407221], [78.0767343, 9.9408358], [78.0766235, 9.9416183], [78.0755335, 9.9414863], [78.0755612, 9.9408768], [78.0754411, 9.9408722], [78.0754827, 9.9405993], [78.074462, 9.9405811], [78.074365, 9.9410815], [78.0734506, 9.9409541], [78.0733212, 9.9405447], [78.0733305, 9.9401807], [78.0744574, 9.9402945], [78.0750024, 9.9402126], [78.0756305, 9.9403263], [78.0757783, 9.9399351], [78.0760923, 9.9400079]]]}, "properties": {"kind": "landuse", "name": "", "osm_id": 1060507665, "tag": "orchard"}}, {"type": "Feature", "geometry": {"type": "Polygon", "coordinates": [[[78.0751963, 9.9416683], [78.0751157, 9.942523], [78.075362, 9.9425455], [78.0754365, 9.9417547], [78.0751963, 9.9416683]]]}, "properties": {"kind": "landuse", "name": "", "osm_id": 1060507666, "tag": "orchard"}}, {"type": "Feature", "geometry": {"type": "Polygon", "coordinates": [[[78.212569, 10.0744875], [78.2144873, 10.0740488], [78.2144375, 10.0736978], [78.2142689, 10.0737231], [78.2142738, 10.0737911], [78.2137303, 10.0738605], [78.2133522, 10.0739707], [78.2124984, 10.074152], [78.212569, 10.0744875]]]}, "properties": {"kind": "landuse", "name": "", "osm_id": 1104858392, "tag": "meadow"}}, {"type": "Feature", "geometry": {"type": "Polygon", "coordinates": [[[78.2170233, 10.0720714], [78.2160441, 10.071985], [78.2160761, 10.0715522], [78.2160904, 10.0711128], [78.2161405, 10.0700642], [78.2161099, 10.0697329], [78.2160232, 10.0694518], [78.2158652, 10.0690804], [78.2156562, 10.0689349], [78.215657, 10.0688214], [78.2157197, 10.0688206], [78.2174, 10.0687226], [78.217351, 10.0693553], [78.2176114, 10.0693553], [78.2176001, 10.0698994], [78.2172694, 10.0698947], [78.2170233, 10.0720714]]]}, "properties": {"kind": "landuse", "name": "", "osm_id": 1104858397, "tag": "meadow"}}, {"type": "Feature", "geometry": {"type": "Polygon", "coordinates": [[[78.2144193, 10.07059], [78.214649, 10.0706105], [78.2146458, 10.0706485], [78.215068, 10.0707038], [78.2150924, 10.0702619], [78.2153701, 10.0702793], [78.2153733, 10.0700817], [78.2150699, 10.0700643], [78.2150277, 10.0700143], [78.2150735, 10.0698201], [78.2151245, 10.0696104], [78.2154278, 10.0696273], [78.2154908, 10.0690893], [78.2153583, 10.0690756], [78.2149922, 10.0690598], [78.2147577, 10.0691452], [78.2146662, 10.0692037], [78.2145892, 10.069327], [78.214532, 10.0694627], [78.2144678, 10.0698579], [78.2143721, 10.0705747], [78.2144193, 10.07059]]]}, "properties": {"kind": "landuse", "name": "", "osm_id": 1104858398, "tag": "meadow"}}, {"type": "Feature", "geometry": {"type": "Polygon", "coordinates": [[[78.2155999, 10.0691087], [78.2155164, 10.0699086], [78.2157703, 10.0699466], [78.2157559, 10.0700572], [78.215703, 10.0700572], [78.2156681, 10.0708768], [78.2156138, 10.0713388], [78.2154021, 10.0713022], [78.2153649, 10.0716092], [78.2158741, 10.0716627], [78.2159342, 10.070981], [78.2159603, 10.0704515], [78.2159603, 10.0699446], [78.2159348, 10.0696836], [78.2158634, 10.0694778], [78.2158176, 10.0693323], [78.2157105, 10.0691967], [78.2155999, 10.0691087]]]}, "properties": {"kind": "landuse", "name": "", "osm_id": 1104858399, "tag": "meadow"}}, {"type": "Feature", "geometry": {"type": "Polygon", "coordinates": [[[78.0823478, 9.8410082], [78.0816657, 9.8414918], [78.0816466, 9.8415054], [78.0816367, 9.8415124], [78.0816122, 9.8415297], [78.0820462, 9.842124], [78.0823045, 9.8424777], [78.0831368, 9.8418878], [78.082903, 9.8415675], [78.08289, 9.8415497], [78.082876, 9.8415306], [78.0827947, 9.8414191], [78.082698, 9.8414876], [78.0823478, 9.8410082]]]}, "properties": {"kind": "landuse", "name": "Madurai Airport Solar Farm", "osm_id": 1105110242, "tag": "industrial"}}, {"type": "Feature", "geometry": {"type": "Polygon", "coordinates": [[[78.0858131, 9.8394489], [78.08607, 9.8392627], [78.0862269, 9.8395145], [78.0859717, 9.8396902], [78.0858131, 9.8394489]]]}, "properties": {"kind": "landuse", "name": "", "osm_id": 1105110284, "tag": "industrial"}}, {"type": "Feature", "geometry": {"type": "Polygon", "coordinates": [[[78.0849276, 9.8389625], [78.0850616, 9.8391604], [78.0849035, 9.8392643], [78.0847045, 9.8389702], [78.0847484, 9.8389414], [78.0847219, 9.8389023], [78.0847637, 9.8388749], [78.0847931, 9.8389184], [78.0848276, 9.8388957], [78.0848897, 9.8389874], [78.0849276, 9.8389625]]]}, "properties": {"kind": "landuse", "name": "", "osm_id": 1105110296, "tag": "industrial"}}, {"type": "Feature", "geometry": {"type": "Polygon", "coordinates": [[[78.0947473, 9.8373801], [78.0946651, 9.8373876], [78.0946168, 9.8373919], [78.0945729, 9.8373959], [78.0944675, 9.8374054], [78.0943498, 9.8374161], [78.0943114, 9.8370042], [78.0949471, 9.8369467], [78.0949771, 9.8372683], [78.0949855, 9.8373586], [78.0947473, 9.8373801]]]}, "properties": {"kind": "landuse", "name": "IndianOil Aviation", "osm_id": 1105142628, "tag": "industrial"}}, {"type": "Feature", "geometry": {"type": "Polygon", "coordinates": [[[78.0957413, 9.8383731], [78.0957063, 9.8380063], [78.095334, 9.8380489], [78.095369, 9.8384099], [78.0957413, 9.8383731]]]}, "properties": {"kind": "landuse", "name": "", "osm_id": 1105142648, "tag": "industrial"}}, {"type": "Feature", "geometry": {"type": "Polygon", "coordinates": [[[78.265703, 9.8168138], [78.2654187, 9.8158967], [78.2651076, 9.8160527], [78.2654268, 9.81702], [78.2653061, 9.8170887], [78.2654723, 9.817686], [78.2647106, 9.8182119], [78.2644504, 9.8174296], [78.2645068, 9.8173662], [78.2643405, 9.8169618], [78.2640803, 9.8170623], [78.2641956, 9.8174825], [78.2640508, 9.8175327], [78.264024, 9.8176728], [78.2642224, 9.8184736], [78.2642412, 9.8185397], [78.2622644, 9.8196814], [78.2621115, 9.8193484], [78.2620123, 9.819322], [78.2612506, 9.8197263], [78.2612076, 9.819137], [78.2617977, 9.8189255], [78.2616287, 9.8184577], [78.261213, 9.8187088], [78.2611835, 9.8186057], [78.261205, 9.8184181], [78.261213, 9.8183176], [78.2616314, 9.8180745], [78.2615456, 9.8176411], [78.2614624, 9.8175776], [78.2613176, 9.8175565], [78.2612076, 9.8176146], [78.2611647, 9.8177177], [78.2611647, 9.8179397], [78.2602259, 9.8181379], [78.2599229, 9.8175697], [78.2597163, 9.816983], [78.259432, 9.8170887], [78.2592443, 9.817234], [78.2594213, 9.8176992], [78.2595313, 9.8183361], [78.2596976, 9.8187987], [78.2606417, 9.8184313], [78.2607222, 9.8184419], [78.2607543, 9.8184974], [78.2607919, 9.8186295], [78.2608375, 9.8190022], [78.2610467, 9.8191079], [78.2610708, 9.8191502], [78.2610762, 9.8192612], [78.2610092, 9.8194092], [78.2602313, 9.8196999], [78.2603225, 9.8200963], [78.2598343, 9.8202813], [78.2597056, 9.8202813], [78.2594857, 9.8203448], [78.2594508, 9.8204637], [78.259373, 9.8205113], [78.2592416, 9.820654], [78.2587561, 9.8208918], [78.2584047, 9.8210081], [78.2583082, 9.8210689], [78.2582277, 9.8211456], [78.2580936, 9.8212011], [78.2578683, 9.8212275], [78.2578012, 9.8212486], [78.2579434, 9.8216768], [78.2578576, 9.8217666], [78.2571414, 9.8222027], [78.2569805, 9.8219701], [78.2576457, 9.8216741], [78.257533, 9.8213464], [78.2574606, 9.8213173], [78.2574391, 9.8212724], [78.2573533, 9.8210161], [78.2578361, 9.8208046], [78.2578361, 9.820691], [78.2577851, 9.8205615], [78.2575679, 9.820432], [78.2574257, 9.8203236], [78.2573426, 9.8202972], [78.2570288, 9.8205218], [78.2564601, 9.8208575], [78.2559049, 9.8211482], [78.2558459, 9.8210478], [78.2556608, 9.8200646], [78.2556581, 9.8197898], [78.254883, 9.8199853], [78.2547837, 9.8198083], [78.2548159, 9.8196417], [78.2549742, 9.8195836], [78.2557493, 9.8194065], [78.2561785, 9.8192242], [78.2563797, 9.8195519], [78.2566532, 9.8199272], [78.2567337, 9.8199193], [78.256782, 9.8198162], [78.2568651, 9.8197078], [78.2569537, 9.8196444], [78.2569885, 9.8195862], [78.2567525, 9.8192083], [78.2566425, 9.8190656], [78.2565567, 9.818944], [78.2564843, 9.8188066], [78.256495, 9.8186771], [78.2564333, 9.8184419], [78.2563984, 9.818352], [78.2569671, 9.8182806], [78.2570019, 9.8181221], [78.2570261, 9.8180534], [78.2569456, 9.8179582], [78.2568544, 9.8177124], [78.2560632, 9.8177547], [78.2552665, 9.8177468], [78.2552505, 9.8176675], [78.2552558, 9.8172843], [78.2552692, 9.8169883], [78.2567766, 9.8161716], [78.259888, 9.8145145], [78.2603601, 9.8142872], [78.2604244, 9.8144352], [78.2605827, 9.814414], [78.2606846, 9.8144008], [78.2607114, 9.8144431], [78.2607034, 9.8146757], [78.2606176, 9.8147285], [78.2606819, 9.8150695], [78.2607543, 9.8151488], [78.2617977, 9.8149875], [78.2618487, 9.8149373], [78.261787, 9.8147761], [78.2615858, 9.8145885], [78.2615805, 9.814377], [78.2613578, 9.8141947], [78.2613337, 9.8139436], [78.2611218, 9.8139885], [78.2610869, 9.81397], [78.2610655, 9.8139224], [78.2611755, 9.8138352], [78.2625863, 9.8129736], [78.2626185, 9.8129815], [78.2627606, 9.8134123], [78.2630476, 9.8133991], [78.2631308, 9.813304], [78.2632676, 9.8132802], [78.2634714, 9.8133251], [78.2636136, 9.8133225], [78.2637799, 9.8139119], [78.2635519, 9.8140308], [78.2637772, 9.8146122], [78.2635573, 9.8147259], [78.263686, 9.8151884], [78.2638952, 9.8152862], [78.2644102, 9.8151144], [78.2642278, 9.8145726], [78.2642627, 9.8145224], [78.2642144, 9.8142475], [78.264606, 9.8140942], [78.264657, 9.8139647], [78.2645631, 9.8138669], [78.2642412, 9.8139251], [78.2641366, 9.8139568], [78.2640079, 9.8132908], [78.2638174, 9.8132432], [78.2637075, 9.813259], [78.2636163, 9.8128256], [78.2636565, 9.8127516], [78.2637584, 9.8127357], [78.2638094, 9.8122917], [78.2649869, 9.8115966], [78.2651934, 9.8120776], [78.2657272, 9.8119534], [78.2663521, 9.8117816], [78.2666713, 9.811742], [78.2668993, 9.8117129], [78.2670414, 9.8116812], [78.2675993, 9.8115094], [78.267712, 9.8118213], [78.2679212, 9.8118107], [78.2682967, 9.812704], [78.2684952, 9.8128785], [78.2687205, 9.8128679], [78.2688385, 9.8128785], [78.2690316, 9.8133066], [78.2693267, 9.8133436], [78.2693508, 9.813674], [78.2691684, 9.8147285], [78.2691389, 9.8151646], [78.26864, 9.8156668], [78.2676396, 9.8165046], [78.2664621, 9.8172314], [78.2663038, 9.8172763], [78.2662261, 9.8172023], [78.2660946, 9.8169988], [78.2659927, 9.8167927], [78.2657272, 9.8168455], [78.265703, 9.8168138]]]}, "properties": {"kind": "landuse", "name": "", "osm_id": 1165998157, "tag": "orchard"}}, {"type": "Feature", "geometry": {"type": "Polygon", "coordinates": [[[78.2478851, 9.8320923], [78.2489473, 9.8312519], [78.2499289, 9.8305674], [78.2505378, 9.8302582], [78.2507309, 9.8307233], [78.2503018, 9.8309889], [78.2501559, 9.831111], [78.2501234, 9.8311382], [78.2499826, 9.83101], [78.249587, 9.831384], [78.249477, 9.831269], [78.2490452, 9.8316086], [78.2488655, 9.8317566], [78.2487448, 9.8315981], [78.2485288, 9.8317765], [78.248789, 9.8321042], [78.2489741, 9.8322826], [78.2484215, 9.8327477], [78.2478851, 9.8320923]]]}, "properties": {"kind": "landuse", "name": "", "osm_id": 1165998159, "tag": "retail"}}, {"type": "Feature", "geometry": {"type": "Polygon", "coordinates": [[[78.2414424, 9.8401131], [78.2411085, 9.8405241], [78.241602, 9.8408703], [78.2416812, 9.8408029], [78.2417054, 9.8407622], [78.2417348, 9.840713], [78.2415658, 9.8406681], [78.2417724, 9.8403351], [78.2414424, 9.8401131]]]}, "properties": {"kind": "landuse", "name": "", "osm_id": 1165998160, "tag": "retail"}}, {"type": "Feature", "geometry": {"type": "Polygon", "coordinates": [[[78.2460397, 9.8341537], [78.2464904, 9.83367], [78.2465701, 9.8337574], [78.2469463, 9.8341695], [78.2464904, 9.8345977], [78.2460397, 9.8341537]]]}, "properties": {"kind": "landuse", "name": "", "osm_id": 1165998161, "tag": "retail"}}, {"type": "Feature", "geometry": {"type": "Polygon", "coordinates": [[[78.2506035, 9.831499], [78.2505646, 9.831417], [78.2505137, 9.8313351], [78.2503018, 9.8309889], [78.2501559, 9.831111], [78.2501234, 9.8311382], [78.2499826, 9.83101], [78.249587, 9.831384], [78.249477, 9.831269], [78.2490452, 9.8316086], [78.2488655, 9.8317566], [78.2487448, 9.8315981], [78.2485288, 9.8317765], [78.248789, 9.8321042], [78.2489741, 9.8322826], [78.2484215, 9.8327477], [78.2478851, 9.8320923], [78.2475176, 9.8323116], [78.2471985, 9.8326235], [78.2470214, 9.8328613], [78.246595, 9.8334533], [78.2464904, 9.83367], [78.2465701, 9.8337574], [78.2469463, 9.8341695], [78.2464904, 9.8345977], [78.2460397, 9.8341537], [78.244704, 9.8356204], [78.24402, 9.8364952], [78.2437867, 9.836881], [78.2441837, 9.8371955], [78.2435453, 9.8379381], [78.2432288, 9.8376501], [78.2424349, 9.8387706], [78.2414424, 9.8401131], [78.2417724, 9.8403351], [78.2415658, 9.8406681], [78.2417348, 9.840713], [78.2417054, 9.8407622], [78.2416812, 9.8408029], [78.2419682, 9.8409984], [78.2427138, 9.839981], [78.243202, 9.8393573], [78.2434514, 9.8395344], [78.2441005, 9.8390005], [78.2447845, 9.8383266], [78.2451117, 9.8379751], [78.2456052, 9.8373197], [78.2460263, 9.836733], [78.2468551, 9.8357341], [78.2469249, 9.8354275], [78.2470188, 9.8353509], [78.2470965, 9.8352821], [78.247177, 9.8352081], [78.2478046, 9.834595], [78.2484618, 9.8339185], [78.2488212, 9.8335458], [78.2493415, 9.8331573], [78.2495561, 9.8328745], [78.2505405, 9.8317064], [78.2504761, 9.8316351], [78.2506035, 9.831499]]]}, "properties": {"kind": "landuse", "name": "", "osm_id": 1165998162, "tag": "residential"}}, {"type": "Feature", "geometry": {"type": "Polygon", "coordinates": [[[78.2539107, 9.8293279], [78.2537055, 9.8290319], [78.2536505, 9.8290002], [78.2535419, 9.8288244], [78.2539871, 9.8282945], [78.2542098, 9.8280606], [78.2545611, 9.8283368], [78.2548173, 9.8286989], [78.2548951, 9.8288257], [78.2548012, 9.8288773], [78.254828, 9.828983], [78.2546979, 9.8290398], [78.2547127, 9.8291165], [78.254026, 9.8293768], [78.2539912, 9.8293028], [78.2539107, 9.8293279]]]}, "properties": {"kind": "landuse", "name": "", "osm_id": 1165998163, "tag": "residential"}}, {"type": "Feature", "geometry": {"type": "Polygon", "coordinates": [[[78.2752436, 9.8166632], [78.2750639, 9.8160923], [78.2749647, 9.8161029], [78.2749191, 9.8159654], [78.2748708, 9.8158518], [78.2754207, 9.8156589], [78.275713, 9.8155584], [78.2759169, 9.8155214], [78.2760027, 9.8154897], [78.2759678, 9.8153047], [78.2768637, 9.815117], [78.277545, 9.8149135], [78.2775986, 9.8150298], [78.2779017, 9.8149611], [78.2780814, 9.8153549], [78.2777515, 9.8156139], [78.2775423, 9.8157196], [78.277486, 9.8157989], [78.2774404, 9.8159152], [78.2774135, 9.815939], [78.2775182, 9.8165707], [78.2776308, 9.816761], [78.2777488, 9.8169777], [78.2778159, 9.8173979], [78.2776201, 9.8174323], [78.2776067, 9.8184339], [78.2766652, 9.8183758], [78.2767108, 9.8177653], [78.2767564, 9.8176754], [78.2768449, 9.8176041], [78.2768986, 9.8175327], [78.276912, 9.8174746], [78.2769227, 9.8169935], [78.2768556, 9.8169222], [78.2768422, 9.8167583], [78.2768556, 9.8167055], [78.2773116, 9.8166209], [78.2772177, 9.8159284], [78.2771668, 9.815791], [78.2770595, 9.8156377], [78.2770166, 9.8156166], [78.2763836, 9.8158491], [78.2763112, 9.8159786], [78.2762521, 9.8160553], [78.2762709, 9.8161584], [78.2763407, 9.8164359], [78.2752812, 9.8166817], [78.2752436, 9.8166632]]]}, "properties": {"kind": "landuse", "name": "", "osm_id": 1165998164, "tag": "residential"}}, {"type": "Feature", "geometry": {"type": "Polygon", "coordinates": [[[78.2707107, 9.8167372], [78.2703942, 9.8161161], [78.2705229, 9.8160077], [78.2707348, 9.8159179], [78.2708421, 9.8158333], [78.270987, 9.8157249], [78.2713598, 9.8154501], [78.2714671, 9.8153602], [78.2714671, 9.8152809], [78.2715771, 9.8151805], [78.271746, 9.8150959], [78.2718641, 9.8150245], [78.2721108, 9.815051], [78.2724863, 9.8147497], [78.2727089, 9.814969], [78.2726902, 9.8151382], [78.2726178, 9.8152466], [78.2723039, 9.8155849], [78.2723683, 9.8156959], [78.2723254, 9.8158095], [78.272084, 9.8160712], [78.2718131, 9.8162086], [78.2707107, 9.8167372]]]}, "properties": {"kind": "landuse", "name": "", "osm_id": 1165998165, "tag": "residential"}}, {"type": "Feature", "geometry": {"type": "Polygon", "coordinates": [[[78.2705015, 9.8182436], [78.2706249, 9.8178789], [78.2706785, 9.8176992], [78.2706517, 9.8174138], [78.2711828, 9.8173239], [78.2713759, 9.8180534], [78.2705015, 9.8182436]]]}, "properties": {"kind": "landuse", "name": "", "osm_id": 1165998166, "tag": "residential"}}, {"type": "Feature", "geometry": {"type": "Polygon", "coordinates": [[[78.2713115, 9.8210451], [78.2711506, 9.820691], [78.2712257, 9.82021], [78.2733339, 9.8193907], [78.2737577, 9.8191951], [78.2740527, 9.8200038], [78.2730764, 9.8201254], [78.2713115, 9.8210451]]]}, "properties": {"kind": "landuse", "name": "", "osm_id": 1165998167, "tag": "retail"}}, {"type": "Feature", "geometry": {"type": "Polygon", "coordinates": [[[78.2692784, 9.8211667], [78.2703969, 9.8205694], [78.2708395, 9.8203765], [78.2709119, 9.8205879], [78.2703647, 9.8208469], [78.2704291, 9.8210319], [78.2694286, 9.8214574], [78.2692784, 9.8211667]]]}, "properties": {"kind": "landuse", "name": "", "osm_id": 1165998168, "tag": "retail"}}, {"type": "Feature", "geometry": {"type": "Polygon", "coordinates": [[[78.262074, 9.8229744], [78.2618675, 9.8225859], [78.2618701, 9.8225225], [78.2619539, 9.8224952], [78.2622108, 9.8224115], [78.2624093, 9.822319], [78.2624334, 9.8223481], [78.2627794, 9.8222212], [78.2627285, 9.8220706], [78.2629672, 9.8219781], [78.263289, 9.821875], [78.26345, 9.8223428], [78.262766, 9.8226282], [78.262074, 9.8229744]]]}, "properties": {"kind": "landuse", "name": "", "osm_id": 1165998169, "tag": "retail"}}, {"type": "Feature", "geometry": {"type": "Polygon", "coordinates": [[[78.2637182, 9.8222741], [78.2638282, 9.8219913], [78.2640749, 9.8218433], [78.2644826, 9.8217323], [78.2645336, 9.8216107], [78.2645738, 9.8215129], [78.2647669, 9.8214336], [78.2648662, 9.8214204], [78.2652497, 9.8214019], [78.2654107, 9.8213121], [78.2653731, 9.8212116], [78.265534, 9.8211086], [78.2655045, 9.8209447], [78.2656547, 9.8208575], [78.2655904, 9.820691], [78.2661858, 9.8203078], [78.2665721, 9.8201492], [78.2664809, 9.8198532], [78.2667303, 9.8197369], [78.2670039, 9.8197871], [78.2668483, 9.8192189], [78.2670629, 9.8191132], [78.2674223, 9.8198241], [78.2676101, 9.8202205], [78.2678193, 9.8201571], [78.2679293, 9.8203897], [78.2678515, 9.8204373], [78.2679185, 9.8206223], [78.2680741, 9.8207729], [78.2681304, 9.8208126], [78.2682833, 9.8207941], [78.2684147, 9.8207782], [78.2685676, 9.8205985], [78.2685891, 9.8204637], [78.2685864, 9.8203236], [78.2685971, 9.8202575], [78.2686427, 9.8201624], [78.2688037, 9.8199695], [78.2688546, 9.8198902], [78.2689431, 9.819692], [78.2689002, 9.8194356], [78.2686856, 9.8189176], [78.2686722, 9.8188357], [78.2683316, 9.8190814], [78.2681143, 9.8188383], [78.2683101, 9.8185449], [78.2683611, 9.8184419], [78.2684576, 9.8183388], [78.2687339, 9.8181564], [78.2688171, 9.8181723], [78.2688841, 9.8182436], [78.2691604, 9.8181511], [78.2692999, 9.8185608], [78.2702601, 9.8183361], [78.2703325, 9.8183097], [78.2706839, 9.8191052], [78.2706141, 9.8191898], [78.2705229, 9.8192532], [78.2705685, 9.8193986], [78.2706812, 9.819388], [78.2708716, 9.8199457], [78.2703701, 9.8201465], [78.2704988, 9.8204267], [78.2695332, 9.8209315], [78.2688358, 9.8212566], [78.2682618, 9.821394], [78.2677415, 9.821468], [78.2672158, 9.8216371], [78.2666096, 9.8218988], [78.2661563, 9.8220283], [78.2654107, 9.822171], [78.2649037, 9.8221974], [78.2644933, 9.8221842], [78.2643136, 9.8222001], [78.2637906, 9.8222661], [78.2637182, 9.8222741]]]}, "properties": {"kind": "landuse", "name": "", "osm_id": 1165998170, "tag": "residential"}}, {"type": "Feature", "geometry": {"type": "Polygon", "coordinates": [[[78.258339, 9.824321], [78.2582438, 9.8240408], [78.2582733, 9.824021], [78.2583478, 9.8240012], [78.2583725, 9.8239946], [78.2586569, 9.8239206], [78.2585683, 9.8235929], [78.2589599, 9.8234607], [78.2590914, 9.8237911], [78.2600623, 9.823429], [78.2599416, 9.8231357], [78.2600248, 9.8230881], [78.2599846, 9.8229771], [78.2601857, 9.8229057], [78.2603842, 9.8233365], [78.2610896, 9.8230828], [78.26139, 9.8230167], [78.2614866, 9.8232334], [78.260816, 9.8234554], [78.2586542, 9.8241902], [78.258339, 9.824321]]]}, "properties": {"kind": "landuse", "name": "", "osm_id": 1165998171, "tag": "retail"}}, {"type": "Feature", "geometry": {"type": "Polygon", "coordinates": [[[78.2569778, 9.8248218], [78.257702, 9.8245588], [78.2576296, 9.8243963], [78.2575913, 9.8244085], [78.2570073, 9.8245945], [78.2569268, 9.8246395], [78.2569778, 9.8248218]]]}, "properties": {"kind": "landuse", "name": "", "osm_id": 1165998172, "tag": "retail"}}, {"type": "Feature", "geometry": {"type": "Polygon", "coordinates": [[[78.25587, 9.8255037], [78.2560444, 9.8254799], [78.2561409, 9.8254654], [78.2562831, 9.8253847], [78.2566023, 9.8250755], [78.2567391, 9.8249566], [78.2566559, 9.8248086], [78.2565406, 9.8248535], [78.2562482, 9.8249989], [78.256098, 9.8250068], [78.2560444, 9.8250465], [78.2560497, 9.825102], [78.2558995, 9.8251865], [78.25587, 9.8255037]]]}, "properties": {"kind": "landuse", "name": "", "osm_id": 1165998173, "tag": "retail"}}, {"type": "Feature", "geometry": {"type": "Polygon", "coordinates": [[[78.2543989, 9.8255156], [78.2542808, 9.8254693], [78.2542057, 9.8254112], [78.2541051, 9.8253028], [78.2540663, 9.8252196], [78.2542379, 9.8250412], [78.2543358, 9.8249381], [78.2545128, 9.8248271], [78.2547784, 9.8248112], [78.2547918, 9.8246897], [78.2549903, 9.8246051], [78.2551539, 9.8245337], [78.2551566, 9.8243487], [78.255288, 9.824288], [78.2553604, 9.8244042], [78.2557037, 9.8242483], [78.2556608, 9.8240712], [78.2565567, 9.8235717], [78.2566211, 9.8236325], [78.256731, 9.8235242], [78.2568678, 9.8234581], [78.2569563, 9.8234105], [78.2570744, 9.8233682], [78.2571655, 9.8233392], [78.257238, 9.823392], [78.2573077, 9.8235083], [78.2582867, 9.8229692], [78.2590646, 9.822504], [78.2591504, 9.8226018], [78.2593355, 9.8225357], [78.2592577, 9.8223772], [78.2610977, 9.8212354], [78.2623422, 9.8205113], [78.2628518, 9.8215975], [78.2629672, 9.8219781], [78.2627285, 9.8220706], [78.2627794, 9.8222212], [78.2624334, 9.8223481], [78.2624093, 9.822319], [78.2622108, 9.8224115], [78.2619539, 9.8224952], [78.2618701, 9.8225225], [78.2616556, 9.8220891], [78.2608643, 9.8223639], [78.2610896, 9.8230828], [78.2603842, 9.8233365], [78.2601857, 9.8229057], [78.2599846, 9.8229771], [78.2600248, 9.8230881], [78.2599416, 9.8231357], [78.2600623, 9.823429], [78.2590914, 9.8237911], [78.2589599, 9.8234607], [78.2585683, 9.8235929], [78.2586569, 9.8239206], [78.2583725, 9.8239946], [78.2583478, 9.8240012], [78.2582733, 9.824021], [78.2581472, 9.8237409], [78.2579863, 9.8237673], [78.2578576, 9.8235902], [78.2574177, 9.8237356], [78.2576296, 9.8243963], [78.2575913, 9.8244085], [78.2570073, 9.8245945], [78.2569268, 9.8246395], [78.2569778, 9.8248218], [78.2567391, 9.8249566], [78.2566559, 9.8248086], [78.2565406, 9.8248535], [78.2562482, 9.8249989], [78.256098, 9.8250068], [78.2560444, 9.8250465], [78.2560497, 9.825102], [78.2558995, 9.8251865], [78.25587, 9.8255037], [78.2547677, 9.8255354], [78.2543989, 9.8255156]]]}, "properties": {"kind": "landuse", "name": "", "osm_id": 1165998174, "tag": "residential"}}, {"type": "Feature", "geometry": {"type": "Polygon", "coordinates": [[[78.2681653, 9.8214971], [78.268514, 9.8214469], [78.2690933, 9.8212724], [78.2691979, 9.821579], [78.2690531, 9.8216477], [78.2690933, 9.8217957], [78.2687661, 9.8218803], [78.2687017, 9.8216821], [78.2682431, 9.821801], [78.2681653, 9.8214971]]]}, "properties": {"kind": "landuse", "name": "", "osm_id": 1165998175, "tag": "retail"}}, {"type": "Feature", "geometry": {"type": "Polygon", "coordinates": [[[78.2633641, 9.8251733], [78.2626453, 9.8248826], [78.262302, 9.8246077], [78.2626051, 9.824206], [78.2626641, 9.8241664], [78.2627714, 9.824132], [78.2632434, 9.824029], [78.2634607, 9.8239259], [78.2635197, 9.823873], [78.2635573, 9.8237858], [78.2635814, 9.8235585], [78.2635465, 9.8232308], [78.263678, 9.8227049], [78.2642895, 9.8226811], [78.26426, 9.8223005], [78.2643968, 9.8222741], [78.2648635, 9.8222688], [78.2652846, 9.8222873], [78.2658613, 9.8221948], [78.2664058, 9.8220494], [78.2672667, 9.8217217], [78.267543, 9.8216107], [78.267881, 9.8215341], [78.2681653, 9.8214971], [78.2682431, 9.821801], [78.2687017, 9.8216821], [78.2687661, 9.8218803], [78.268345, 9.8220309], [78.2683772, 9.8221525], [78.2682565, 9.8222318], [78.2683128, 9.8223798], [78.2673633, 9.8229322], [78.2671139, 9.8225542], [78.2667625, 9.8227022], [78.2666633, 9.8225754], [78.2664514, 9.8226388], [78.2665828, 9.8231436], [78.2667008, 9.8235453], [78.2662851, 9.8236616], [78.266395, 9.8241215], [78.2657406, 9.8244439], [78.2655662, 9.8245866], [78.2642117, 9.8250835], [78.2637987, 9.8253081], [78.2633641, 9.8251733]]]}, "properties": {"kind": "landuse", "name": "", "osm_id": 1165998176, "tag": "residential"}}, {"type": "Feature", "geometry": {"type": "Polygon", "coordinates": [[[78.2603708, 9.8260217], [78.2609045, 9.8251046], [78.2610011, 9.8249592], [78.2610869, 9.8249196], [78.2611325, 9.8249143], [78.2618567, 9.8248112], [78.2622188, 9.8257917], [78.2623556, 9.8261432], [78.260749, 9.8266639], [78.2603708, 9.8260217]]]}, "properties": {"kind": "landuse", "name": "", "osm_id": 1165998177, "tag": "residential"}}, {"type": "Feature", "geometry": {"type": "Polygon", "coordinates": [[[78.2593412, 9.8245326], [78.2591995, 9.8241336], [78.2602845, 9.8237593], [78.2604263, 9.8241582], [78.2593412, 9.8245326]]]}, "properties": {"kind": "landuse", "name": "", "osm_id": 1165998178, "tag": "retail"}}, {"type": "Feature", "geometry": {"type": "Polygon", "coordinates": [[[78.2580987, 9.8249256], [78.2579691, 9.8245895], [78.2584606, 9.8244055], [78.2585902, 9.8247415], [78.2585364, 9.8247617], [78.2580987, 9.8249256]]]}, "properties": {"kind": "landuse", "name": "", "osm_id": 1165998179, "tag": "retail"}}, {"type": "Feature", "geometry": {"type": "Polygon", "coordinates": [[[78.2578763, 9.8253636], [78.2580306, 9.8254019], [78.2580949, 9.8254469], [78.258516, 9.8258975], [78.2587145, 9.8260983], [78.2587977, 9.8261485], [78.2588513, 9.8262001], [78.2590874, 9.8264326], [78.2590552, 9.8265516], [78.2593194, 9.8268251], [78.259251, 9.8269084], [78.2593556, 9.8270154], [78.2596117, 9.8267907], [78.2598035, 9.8264604], [78.2599376, 9.8261631], [78.2599711, 9.8260719], [78.2600449, 9.8259688], [78.2599698, 9.8258961], [78.2600248, 9.8258354], [78.2601012, 9.8257666], [78.2597686, 9.8254997], [78.2597888, 9.825464], [78.259664, 9.8253742], [78.2597968, 9.8252169], [78.2602984, 9.8255909], [78.2605572, 9.8249883], [78.2605156, 9.8248932], [78.2605089, 9.8248284], [78.2606001, 9.8247214], [78.2607114, 9.8246527], [78.2607463, 9.8247135], [78.2608697, 9.8246395], [78.2609475, 9.8247531], [78.2612693, 9.824613], [78.261551, 9.8245998], [78.2614571, 9.8243514], [78.2616529, 9.8242351], [78.2618192, 9.8244624], [78.2621974, 9.8243091], [78.2622725, 9.824243], [78.2622591, 9.8242007], [78.2619774, 9.8236484], [78.2623422, 9.8235004], [78.262471, 9.8236933], [78.2626587, 9.8235876], [78.2623637, 9.8229533], [78.261838, 9.8231885], [78.2608724, 9.8240395], [78.2608214, 9.823984], [78.2604263, 9.8241582], [78.2593412, 9.8245326], [78.2585902, 9.8247415], [78.2585364, 9.8247617], [78.2580987, 9.8249256], [78.2578039, 9.8250332], [78.2578602, 9.8251733], [78.2579032, 9.8251799], [78.2578763, 9.8253636]]]}, "properties": {"kind": "landuse", "name": "", "osm_id": 1165998180, "tag": "residential"}}, {"type": "Feature", "geometry": {"type": "Polygon", "coordinates": [[[78.2566204, 9.825316], [78.2565788, 9.8252579], [78.2570167, 9.8249487], [78.2575048, 9.8247571], [78.2575545, 9.824909], [78.2573426, 9.8250068], [78.2577838, 9.8251614], [78.2578602, 9.8251733], [78.2579032, 9.8251799], [78.2578763, 9.8253636], [78.2576551, 9.8253015], [78.2573037, 9.8252552], [78.257069, 9.8252698], [78.2566204, 9.825316]]]}, "properties": {"kind": "landuse", "name": "", "osm_id": 1165998181, "tag": "retail"}}, {"type": "Feature", "geometry": {"type": "Polygon", "coordinates": [[[78.2561906, 9.8256649], [78.2564239, 9.8254151], [78.2564534, 9.8253887], [78.256491, 9.8253715], [78.2565755, 9.8253557], [78.2575853, 9.8253755], [78.2577825, 9.8254138], [78.2579488, 9.8254799], [78.2581164, 9.8255988], [78.2585496, 9.8260534], [78.258673, 9.8261921], [78.2586864, 9.8262318], [78.2586877, 9.8263467], [78.2586971, 9.8263917], [78.2587306, 9.8264657], [78.2590458, 9.8267987], [78.259078, 9.8268462], [78.25909, 9.8268793], [78.2590994, 9.8269691], [78.2590243, 9.827133], [78.2589076, 9.8272942], [78.2585992, 9.8276047], [78.2584007, 9.827758], [78.2579769, 9.8280844], [78.2575934, 9.8283408], [78.2574016, 9.8284161], [78.2572541, 9.8284584], [78.2570435, 9.828465], [78.2569215, 9.8284439], [78.2566895, 9.8283527], [78.2564226, 9.8281611], [78.2561208, 9.827869], [78.2561601, 9.8278335], [78.256204, 9.8277937], [78.2560229, 9.827618], [78.2561637, 9.8274752], [78.2561275, 9.8274237], [78.2562067, 9.8273484], [78.2560538, 9.8272255], [78.255921, 9.8272982], [78.2557869, 9.8270973], [78.2557574, 9.8271092], [78.2555871, 9.8268092], [78.2558177, 9.8265516], [78.2557587, 9.826508], [78.256031, 9.826167], [78.2563314, 9.8263454], [78.2564601, 9.8261855], [78.2564977, 9.8258737], [78.2561906, 9.8256649]]]}, "properties": {"kind": "landuse", "name": "", "osm_id": 1165998182, "tag": "residential"}}, {"type": "Feature", "geometry": {"type": "Polygon", "coordinates": [[[78.2558741, 9.8276325], [78.255634, 9.8273352], [78.2554838, 9.8271158], [78.2553993, 9.8269387], [78.2553872, 9.826837], [78.2553966, 9.8267855], [78.2554476, 9.8266665], [78.2561906, 9.8256649], [78.2564977, 9.8258737], [78.2564601, 9.8261855], [78.2563314, 9.8263454], [78.256031, 9.826167], [78.2557587, 9.826508], [78.2558177, 9.8265516], [78.2555871, 9.8268092], [78.2557574, 9.8271092], [78.2557869, 9.8270973], [78.255921, 9.8272982], [78.2560538, 9.8272255], [78.2562067, 9.8273484], [78.2561275, 9.8274237], [78.2561637, 9.8274752], [78.2560229, 9.827618], [78.256204, 9.8277937], [78.2561601, 9.8278335], [78.2561208, 9.827869], [78.2558741, 9.8276325]]]}, "properties": {"kind": "landuse", "name": "", "osm_id": 1165998183, "tag": "retail"}}, {"type": "Feature", "geometry": {"type": "Polygon", "coordinates": [[[78.2549487, 9.8266731], [78.2545048, 9.825805], [78.2544351, 9.8256715], [78.254427, 9.8256411], [78.2544592, 9.8255949], [78.2545102, 9.8255896], [78.2556206, 9.8255816], [78.2555777, 9.8258301], [78.2556555, 9.8258961], [78.2553135, 9.8262727], [78.2551888, 9.8262278], [78.2550721, 9.8263824], [78.2551512, 9.8264881], [78.2549487, 9.8266731]]]}, "properties": {"kind": "landuse", "name": "", "osm_id": 1165998184, "tag": "residential"}}, {"type": "Feature", "geometry": {"type": "Polygon", "coordinates": [[[78.2550627, 9.8268515], [78.2549487, 9.8266731], [78.2551512, 9.8264881], [78.2550721, 9.8263824], [78.2551888, 9.8262278], [78.2553135, 9.8262727], [78.2556555, 9.8258961], [78.2555777, 9.8258301], [78.2556206, 9.8255816], [78.256039, 9.8255684], [78.2560699, 9.825583], [78.2560779, 9.8256028], [78.2560498, 9.8256689], [78.2552397, 9.8267683], [78.2551016, 9.826878], [78.2550627, 9.8268515]]]}, "properties": {"kind": "landuse", "name": "", "osm_id": 1165998185, "tag": "retail"}}, {"type": "Feature", "geometry": {"type": "Polygon", "coordinates": [[[78.2549289, 9.8267326], [78.2550225, 9.8269044], [78.2543895, 9.8275704], [78.2542617, 9.8277294], [78.2541011, 9.8274713], [78.2541615, 9.8273286], [78.2542768, 9.8272427], [78.2543747, 9.8271991], [78.2543975, 9.8271819], [78.2545048, 9.8271066], [78.2547207, 9.8269361], [78.2549289, 9.8267326]]]}, "properties": {"kind": "landuse", "name": "", "osm_id": 1165998186, "tag": "retail"}}, {"type": "Feature", "geometry": {"type": "Polygon", "coordinates": [[[78.2542617, 9.8277294], [78.2537886, 9.8283183], [78.25322, 9.8289447], [78.2527828, 9.8293543], [78.252351, 9.8296265], [78.2518628, 9.829793], [78.2512325, 9.8299357], [78.2507551, 9.8285562], [78.2510957, 9.8281624], [78.2517716, 9.8274145], [78.2526514, 9.826537], [78.2527614, 9.8265053], [78.2527828, 9.8265635], [78.2527801, 9.8266745], [78.2525897, 9.8271528], [78.2525763, 9.8276153], [78.2524154, 9.8276338], [78.2524314, 9.8278743], [78.2529116, 9.8278267], [78.2529089, 9.8279325], [78.2530215, 9.8278585], [78.2533461, 9.827803], [78.2533836, 9.8276074], [78.2534105, 9.8275175], [78.2534078, 9.8273299], [78.2533327, 9.8270841], [78.2533273, 9.8269705], [78.2533568, 9.8268938], [78.253448, 9.8268251], [78.2535177, 9.8267696], [78.2538986, 9.8264948], [78.2540059, 9.8263626], [78.2540461, 9.8262754], [78.2540381, 9.8261697], [78.2540247, 9.8260877], [78.2539871, 9.8260481], [78.2538664, 9.8256781], [78.2538101, 9.825501], [78.2540247, 9.8253266], [78.25425, 9.825538], [78.2544136, 9.8257865], [78.2549289, 9.8267326], [78.2547207, 9.8269361], [78.2545048, 9.8271066], [78.2543975, 9.8271819], [78.2543747, 9.8271991], [78.2542768, 9.8272427], [78.2541615, 9.8273286], [78.2541011, 9.8274713], [78.2542617, 9.8277294]]]}, "properties": {"kind": "landuse", "name": "", "osm_id": 1165998187, "tag": "residential"}}, {"type": "Feature", "geometry": {"type": "Polygon", "coordinates": [[[78.2498968, 9.8237303], [78.2497734, 9.8236827], [78.2496875, 9.8236272], [78.2494247, 9.8232863], [78.2493415, 9.8230167], [78.2492262, 9.8225093], [78.2500255, 9.8223322], [78.2502213, 9.8229903], [78.2503501, 9.8232678], [78.25046, 9.8233392], [78.2506102, 9.8233233], [78.2506451, 9.8232704], [78.2505566, 9.8231383], [78.250511, 9.8230881], [78.2505137, 9.8229189], [78.2505512, 9.8228449], [78.2506666, 9.8227789], [78.2518306, 9.8225727], [78.2527855, 9.8223481], [78.2528472, 9.8223587], [78.2528955, 9.8224194], [78.2532227, 9.8233947], [78.2533246, 9.8239021], [78.2533407, 9.8242113], [78.2532173, 9.8243593], [78.2531235, 9.8244333], [78.2531771, 9.824576], [78.2532173, 9.8246553], [78.2531878, 9.8247822], [78.2530564, 9.8247161], [78.2524717, 9.8244571], [78.2518843, 9.8241849], [78.2513398, 9.8239867], [78.2507846, 9.8238149], [78.2506263, 9.8237911], [78.2502589, 9.82377], [78.2498968, 9.8237303]]]}, "properties": {"kind": "landuse", "name": "", "osm_id": 1165998188, "tag": "residential"}}, {"type": "Feature", "geometry": {"type": "Polygon", "coordinates": [[[78.2505646, 9.8281597], [78.2503501, 9.8277448], [78.2501703, 9.8270815], [78.2508892, 9.826759], [78.2508194, 9.8265291], [78.2508329, 9.826434], [78.2508382, 9.8263679], [78.2507443, 9.826278], [78.2506075, 9.8261538], [78.2504547, 9.8260164], [78.2503635, 9.825916], [78.2503071, 9.8258102], [78.2502347, 9.825509], [78.2500899, 9.8255275], [78.2500041, 9.825242], [78.2497895, 9.8252579], [78.2497519, 9.8252764], [78.249827, 9.8255645], [78.2495454, 9.8256543], [78.2494247, 9.8253477], [78.2494381, 9.825279], [78.2494381, 9.8251865], [78.2487461, 9.8254085], [78.2485691, 9.8251812], [78.2485664, 9.8250967], [78.2486469, 9.8249936], [78.2497385, 9.8246553], [78.2497439, 9.8246104], [78.2498834, 9.8245549], [78.2500014, 9.8245047], [78.2499075, 9.824288], [78.2490116, 9.8245126], [78.2489714, 9.8244201], [78.2488641, 9.824391], [78.2479736, 9.8247875], [78.2478878, 9.8247795], [78.2478851, 9.8247161], [78.2478341, 9.824695], [78.2477429, 9.8246765], [78.247751, 9.8246077], [78.2478261, 9.8245285], [78.2479146, 9.8244624], [78.24792, 9.824399], [78.2480058, 9.8243276], [78.2489017, 9.8239629], [78.2495829, 9.8238255], [78.2496849, 9.8237779], [78.2498351, 9.8238228], [78.2505164, 9.8238545], [78.2509938, 9.8239629], [78.2518521, 9.8242404], [78.2526916, 9.8246289], [78.2531047, 9.8248324], [78.2530993, 9.8249011], [78.2529974, 9.824909], [78.2528606, 9.8249222], [78.2527962, 9.8249064], [78.2526675, 9.8249302], [78.2523134, 9.8250174], [78.2523, 9.8250729], [78.2524368, 9.8256173], [78.2524341, 9.8259371], [78.2523456, 9.826212], [78.2523108, 9.8263203], [78.2522249, 9.8264604], [78.251152, 9.8275836], [78.2505646, 9.8281597]]]}, "properties": {"kind": "landuse", "name": "", "osm_id": 1165998189, "tag": "residential"}}, {"type": "Feature", "geometry": {"type": "Polygon", "coordinates": [[[78.1429397, 9.9107938], [78.1426366, 9.9101544], [78.142886, 9.9100329], [78.1431462, 9.9106696], [78.1429397, 9.9107938]]]}, "properties": {"kind": "landuse", "name": "", "osm_id": 1166080726, "tag": "retail"}}, {"type": "Feature", "geometry": {"type": "Polygon", "coordinates": [[[78.1421792, 9.9118281], [78.1425682, 9.9116578], [78.14243, 9.9113606], [78.1420505, 9.9115363], [78.1421792, 9.9118281]]]}, "properties": {"kind": "landuse", "name": "", "osm_id": 1166080735, "tag": "industrial"}}, {"type": "Feature", "geometry": {"type": "Polygon", "coordinates": [[[78.1342962, 9.9134492], [78.1341809, 9.913148], [78.1342238, 9.9130264], [78.1340414, 9.9125641], [78.1342063, 9.9121932], [78.1343677, 9.9118301], [78.1345937, 9.9112478], [78.1350473, 9.911383], [78.1351921, 9.9114491], [78.1353128, 9.9116684], [78.1353745, 9.9119511], [78.135404, 9.9120911], [78.1353825, 9.9122074], [78.1354254, 9.9123897], [78.1368175, 9.9120779], [78.1367773, 9.9118348], [78.1371045, 9.9117529], [78.1370375, 9.9112456], [78.1372882, 9.9111677], [78.1375176, 9.9111188], [78.1376597, 9.9115336], [78.1378126, 9.9117529], [78.1379896, 9.9124214], [78.1376463, 9.9125059], [78.1375793, 9.912823], [78.1379601, 9.9129181], [78.1379092, 9.9130951], [78.1379279, 9.9132035], [78.1379467, 9.9132854], [78.1376544, 9.9134835], [78.1371152, 9.9138799], [78.136965, 9.9134941], [78.1366834, 9.9134703], [78.1364179, 9.9135285], [78.1364635, 9.9127067], [78.1364098, 9.9126513], [78.1353343, 9.9126011], [78.1352377, 9.9135417], [78.134889, 9.9137478], [78.1348059, 9.9137478], [78.1346261, 9.9133303], [78.1342962, 9.9134492]]]}, "properties": {"kind": "landuse", "name": "", "osm_id": 1166123981, "tag": "forest"}}, {"type": "Feature", "geometry": {"type": "Polygon", "coordinates": [[[78.1319547, 9.9117159], [78.1319064, 9.9113341], [78.1319238, 9.9112932], [78.1323127, 9.9111201], [78.1325877, 9.9110527], [78.1326561, 9.9110395], [78.1326614, 9.9110673], [78.1326923, 9.9112483], [78.1327178, 9.9114306], [78.13242, 9.9113989], [78.1324039, 9.9114728], [78.1323771, 9.9117318], [78.1319547, 9.9117159]]]}, "properties": {"kind": "landuse", "name": "", "osm_id": 1166123982, "tag": "retail"}}, {"type": "Feature", "geometry": {"type": "Polygon", "coordinates": [[[78.1320351, 9.9125046], [78.1319547, 9.9117159], [78.1323771, 9.9117318], [78.1324039, 9.9114728], [78.1329229, 9.9115812], [78.1330758, 9.9111558], [78.132998, 9.9111479], [78.1329457, 9.9111399], [78.1328505, 9.9111915], [78.1327915, 9.9112351], [78.1326923, 9.9112483], [78.1326614, 9.9110673], [78.1329538, 9.9109986], [78.1330906, 9.9109233], [78.1331965, 9.9108427], [78.1333561, 9.9106723], [78.1336217, 9.9103539], [78.1336525, 9.9103261], [78.1344169, 9.9106591], [78.1336525, 9.9124531], [78.1334943, 9.9128164], [78.1328116, 9.9125561], [78.1326239, 9.9124993], [78.1320351, 9.9125046]]]}, "properties": {"kind": "landuse", "name": "", "osm_id": 1166123983, "tag": "residential"}}, {"type": "Feature", "geometry": {"type": "Polygon", "coordinates": [[[78.1344371, 9.9108149], [78.1347576, 9.909799], [78.1347898, 9.9097779], [78.1348327, 9.9097805], [78.1351505, 9.9098519], [78.1352699, 9.9098453], [78.1358613, 9.9096669], [78.1360812, 9.9095692], [78.1363307, 9.9093644], [78.1364728, 9.9092679], [78.1367344, 9.9091609], [78.1368242, 9.9091543], [78.1368551, 9.9091847], [78.1369127, 9.9091728], [78.1371051, 9.9091349], [78.1371474, 9.9091266], [78.1372708, 9.909622], [78.1374049, 9.910087], [78.1374505, 9.9108282], [78.1374626, 9.9109167], [78.1372547, 9.9109722], [78.1372882, 9.9111677], [78.1370375, 9.9112456], [78.1371045, 9.9117529], [78.1367773, 9.9118348], [78.1368175, 9.9120779], [78.1354254, 9.9123897], [78.1353825, 9.9122074], [78.135404, 9.9120911], [78.1353745, 9.9119511], [78.1353128, 9.9116684], [78.1351921, 9.9114491], [78.1350473, 9.911383], [78.1345937, 9.9112478], [78.1346879, 9.9110049], [78.1343924, 9.9108936], [78.1344371, 9.9108149]]]}, "properties": {"kind": "landuse", "name": "", "osm_id": 1166123984, "tag": "residential"}}, {"type": "Feature", "geometry": {"type": "Polygon", "coordinates": [[[78.1343677, 9.9118301], [78.1340722, 9.9117189], [78.1343924, 9.9108936], [78.1346879, 9.9110049], [78.1345937, 9.9112478], [78.1343677, 9.9118301]]]}, "properties": {"kind": "landuse", "name": "", "osm_id": 1166123985, "tag": "retail"}}, {"type": "Feature", "geometry": {"type": "Polygon", "coordinates": [[[78.1282318, 9.9097581], [78.1282157, 9.9096445], [78.1282747, 9.9093115], [78.1289385, 9.9092336], [78.1289332, 9.9091633], [78.1290177, 9.9091628], [78.1326252, 9.9091424], [78.1330141, 9.9091477], [78.1330115, 9.9092402], [78.1330208, 9.9092745], [78.1316449, 9.9093459], [78.1306806, 9.9094463], [78.1302501, 9.9094595], [78.1297754, 9.9094661], [78.1293046, 9.909552], [78.1282318, 9.9097581]]]}, "properties": {"kind": "landuse", "name": "", "osm_id": 1166123986, "tag": "residential"}}, {"type": "Feature", "geometry": {"type": "Polygon", "coordinates": [[[78.1302273, 9.9111241], [78.1299323, 9.9095995], [78.1299403, 9.9095625], [78.1303883, 9.9095493], [78.1306685, 9.9095295], [78.1323074, 9.9093829], [78.1329028, 9.9093631], [78.1344344, 9.9093247], [78.1346865, 9.90933], [78.1347039, 9.9093419], [78.134716, 9.909375], [78.134716, 9.9097409], [78.1347106, 9.9097924], [78.1346959, 9.9098334], [78.1341702, 9.9099668], [78.1338671, 9.9100698], [78.1337008, 9.9101722], [78.1335492, 9.9103255], [78.1332757, 9.9106617], [78.1330584, 9.9108519], [78.1329095, 9.9109127], [78.132648, 9.9109708], [78.1324415, 9.9110065], [78.1320633, 9.9111399], [78.1318554, 9.9112403], [78.131445, 9.9114279], [78.1313284, 9.9115561], [78.1311795, 9.9117873], [78.1309703, 9.9119749], [78.1306833, 9.912136], [78.1304446, 9.9122483], [78.1300704, 9.9123342], [78.1297499, 9.9123659], [78.1293744, 9.9123342], [78.1287642, 9.9124551], [78.1284276, 9.9124954], [78.128453, 9.9124055], [78.1284571, 9.9123553], [78.1284423, 9.9122642], [78.1284021, 9.9121809], [78.1281781, 9.9116789], [78.1281888, 9.9116512], [78.1285188, 9.9119352], [78.1285644, 9.911963], [78.1286542, 9.9119854], [78.1287333, 9.9119881], [78.1287602, 9.9119841], [78.1286609, 9.9113909], [78.1302273, 9.9111241]]]}, "properties": {"kind": "landuse", "name": "", "osm_id": 1166123988, "tag": "residential"}}, {"type": "Feature", "geometry": {"type": "Polygon", "coordinates": [[[78.1340669, 9.9143753], [78.1339556, 9.9140014], [78.1342587, 9.913897], [78.1341983, 9.9137491], [78.1346114, 9.9135945], [78.1348689, 9.9143739], [78.1346127, 9.9144545], [78.1345122, 9.9142709], [78.1340669, 9.9143753]]]}, "properties": {"kind": "landuse", "name": "", "osm_id": 1166179657, "tag": "industrial"}}, {"type": "Feature", "geometry": {"type": "Polygon", "coordinates": [[[78.0962089, 9.9026531], [78.0956456, 9.9023176], [78.0954015, 9.9020798], [78.0946586, 9.9013584], [78.0939183, 9.9005631], [78.0939934, 9.9004812], [78.0959272, 9.9019133], [78.0972683, 9.9028909], [78.0976278, 9.9031684], [78.0987784, 9.9040298], [78.0990569, 9.9042603], [78.0988246, 9.9042441], [78.097727, 9.9034485], [78.0975661, 9.9033269], [78.0974078, 9.9032001], [78.0970243, 9.903356], [78.096571, 9.9029253], [78.0962089, 9.9026531]]]}, "properties": {"kind": "landuse", "name": "", "osm_id": 1166184247, "tag": "retail"}}, {"type": "Feature", "geometry": {"type": "Polygon", "coordinates": [[[78.0985049, 9.9075977], [78.0987328, 9.9060669], [78.0987596, 9.9060022], [78.0988374, 9.9059414], [78.0989823, 9.9059507], [78.0990212, 9.9059758], [78.0994731, 9.9066574], [78.1001182, 9.907466], [78.1002134, 9.9075677], [78.1002671, 9.9076245], [78.10031, 9.9076628], [78.1002778, 9.9079019], [78.1000783, 9.9078918], [78.1000736, 9.9078096], [78.1000566, 9.9075132], [78.0994879, 9.9074075], [78.0994933, 9.9070006], [78.0994075, 9.9068421], [78.0992573, 9.9068421], [78.0991875, 9.9066043], [78.0989998, 9.9066043], [78.0990159, 9.906525], [78.0988281, 9.9064986], [78.0987584, 9.9071063], [78.0986994, 9.9075555], [78.0986779, 9.9076348], [78.0985049, 9.9075977]]]}, "properties": {"kind": "landuse", "name": "", "osm_id": 1166184248, "tag": "retail"}}, {"type": "Feature", "geometry": {"type": "Polygon", "coordinates": [[[78.0884515, 9.8977174], [78.0885391, 9.897506], [78.0897662, 9.8982221], [78.089958, 9.8983304], [78.0898949, 9.8986118], [78.0896778, 9.898528], [78.0897233, 9.8983396], [78.089329, 9.8981203], [78.0890313, 9.8979631], [78.0885665, 9.8977534], [78.0884515, 9.8977174]]]}, "properties": {"kind": "landuse", "name": "", "osm_id": 1166184249, "tag": "retail"}}, {"type": "Feature", "geometry": {"type": "Polygon", "coordinates": [[[78.0899955, 9.9005803], [78.0903348, 9.8987215], [78.0900478, 9.8986739], [78.09008, 9.8985576], [78.0899754, 9.8984942], [78.0900398, 9.8983727], [78.0904072, 9.8986078], [78.0907908, 9.8987796], [78.0914533, 9.8990174], [78.091574, 9.8990993], [78.0921695, 9.8995221], [78.0919763, 9.8997916], [78.091967, 9.899816], [78.0919865, 9.8998249], [78.0919831, 9.8998546], [78.0919529, 9.9001196], [78.0917383, 9.9000826], [78.0917497, 9.9000347], [78.0915619, 9.8999977], [78.0915646, 9.8998774], [78.0913715, 9.8998378], [78.091346, 9.8999752], [78.0911395, 9.8999422], [78.0910644, 9.899958], [78.0907238, 9.8999158], [78.0907077, 9.9001113], [78.0906835, 9.9004152], [78.0906084, 9.9005499], [78.0904609, 9.9005525], [78.0904797, 9.9004733], [78.0901766, 9.9004336], [78.090139, 9.9005948], [78.0899955, 9.9005803]]]}, "properties": {"kind": "landuse", "name": "", "osm_id": 1166184250, "tag": "retail"}}, {"type": "Feature", "geometry": {"type": "Polygon", "coordinates": [[[78.0946996, 9.9045152], [78.0947779, 9.9047656], [78.0951896, 9.904685], [78.0951963, 9.9047273], [78.0954356, 9.9047087], [78.0954337, 9.9046837], [78.0954713, 9.9044816], [78.0955088, 9.9044723], [78.0956322, 9.9044776], [78.0956443, 9.9047484], [78.0959474, 9.9047418], [78.0959487, 9.9046612], [78.0961807, 9.9046546], [78.0961807, 9.9047299], [78.0961995, 9.9052135], [78.0964047, 9.9052425], [78.0964194, 9.9051818], [78.0968687, 9.9052716], [78.0968781, 9.9052386], [78.0971771, 9.9053139], [78.0975097, 9.9054024], [78.0976479, 9.905479], [78.0980113, 9.9056415], [78.0979134, 9.9060458], [78.0978557, 9.9063047], [78.0979925, 9.906343], [78.0979523, 9.9065187], [78.0974333, 9.9064025], [78.0973783, 9.9066482], [78.0977686, 9.9067526], [78.0977458, 9.9068992], [78.0977364, 9.9069415], [78.0977672, 9.9069441], [78.0976304, 9.9075809], [78.0975889, 9.9076641], [78.0978034, 9.9078094], [78.0978101, 9.9078478], [78.0980113, 9.9072955], [78.0980837, 9.9070564], [78.0982018, 9.9065636], [78.0983184, 9.9061435], [78.0982769, 9.9059863], [78.0982701, 9.9059216], [78.0982755, 9.9058608], [78.0982755, 9.905701], [78.0983318, 9.9055926], [78.0984204, 9.9054116], [78.0984378, 9.9053575], [78.0984163, 9.9052201], [78.0981562, 9.9048726], [78.0977619, 9.9044089], [78.0977216, 9.9043772], [78.0976801, 9.9043495], [78.0971932, 9.9037787], [78.0967118, 9.9032701], [78.0963953, 9.9030006], [78.0960694, 9.9027668], [78.095549, 9.9024233], [78.0951279, 9.9020996], [78.0949053, 9.9018354], [78.0943689, 9.9012858], [78.0937895, 9.9006847], [78.0930412, 9.9001404], [78.0927555, 9.8999409], [78.0926965, 9.8999501], [78.092667, 9.8999765], [78.092545, 9.900246], [78.0925611, 9.9004442], [78.0927005, 9.9005314], [78.0932759, 9.9005684], [78.0932665, 9.9006873], [78.093591, 9.9006992], [78.093693, 9.9006952], [78.0936514, 9.9009238], [78.0936715, 9.9011272], [78.0937573, 9.9014549], [78.0940256, 9.9013862], [78.0940966, 9.9017561], [78.0940886, 9.9019701], [78.0943501, 9.9020058], [78.0943421, 9.9021273], [78.0944923, 9.9021564], [78.0944654, 9.9022859], [78.0940872, 9.9022304], [78.094051, 9.9024048], [78.094566, 9.9025052], [78.094625, 9.9025356], [78.0946344, 9.9025659], [78.0946559, 9.902636], [78.0950542, 9.9025448], [78.0950448, 9.9025012], [78.0951668, 9.902488], [78.0952419, 9.902776], [78.09525, 9.9028156], [78.0953962, 9.9027773], [78.0954525, 9.9029583], [78.0958883, 9.9028381], [78.0960292, 9.9029411], [78.0959433, 9.9030733], [78.0962062, 9.9032437], [78.0963282, 9.9031116], [78.0965187, 9.9033322], [78.096465, 9.9033507], [78.0964637, 9.9036453], [78.0965964, 9.9035951], [78.096638, 9.9035674], [78.0968097, 9.9039108], [78.096296, 9.9039333], [78.0957596, 9.9039835], [78.095663, 9.9040073], [78.0955665, 9.9040284], [78.0955584, 9.9040641], [78.095372, 9.904109], [78.0948879, 9.9042028], [78.0949321, 9.9044089], [78.0946996, 9.9045152]]]}, "properties": {"kind": "landuse", "name": "", "osm_id": 1166184251, "tag": "retail"}}, {"type": "Feature", "geometry": {"type": "Polygon", "coordinates": [[[78.0973488, 9.909046], [78.0972804, 9.9092323], [78.0972402, 9.9092627], [78.0971959, 9.9092693], [78.0960533, 9.9089852], [78.0946089, 9.9086589], [78.091456, 9.9079006], [78.0911127, 9.9078372], [78.0909263, 9.9077804], [78.0909611, 9.9077156], [78.0909799, 9.9076152], [78.0909812, 9.9073246], [78.0905212, 9.9072506], [78.0905293, 9.9071753], [78.0897555, 9.9070617], [78.0898292, 9.9065465], [78.0902114, 9.9065636], [78.0902959, 9.9059546], [78.0902597, 9.9058925], [78.0902423, 9.9058489], [78.0902101, 9.9058093], [78.0901712, 9.9057591], [78.0900036, 9.9056904], [78.089494, 9.9055781], [78.0893102, 9.905549], [78.0892915, 9.9058331], [78.0892418, 9.9059269], [78.089046, 9.905911], [78.0890098, 9.9061818], [78.0891278, 9.9062069], [78.0891077, 9.9064738], [78.0889951, 9.9065795], [78.0889817, 9.9069151], [78.0891855, 9.9069719], [78.089219, 9.9070049], [78.0892244, 9.9070445], [78.0891627, 9.9072863], [78.0883473, 9.9071027], [78.0883795, 9.9069296], [78.088126, 9.9068741], [78.0881301, 9.9068213], [78.0879718, 9.9068014], [78.0880107, 9.906487], [78.0873857, 9.906417], [78.0874045, 9.906162], [78.0873227, 9.9061145], [78.0872905, 9.9061673], [78.0871189, 9.9060577], [78.0869338, 9.9063179], [78.0867031, 9.9062149], [78.0865717, 9.9066429], [78.0859011, 9.9064897], [78.0853218, 9.9063576], [78.085295, 9.9063126], [78.0852976, 9.9062809], [78.0858019, 9.9060141], [78.0858368, 9.9059612], [78.0858529, 9.9058846], [78.0857603, 9.9057234], [78.0858783, 9.905627], [78.0858153, 9.9055477], [78.0859293, 9.9054354], [78.0860648, 9.905331], [78.0861466, 9.9053733], [78.0863383, 9.9052135], [78.0860822, 9.9050497], [78.0859548, 9.9052491], [78.0856115, 9.9054803], [78.0853365, 9.9051382], [78.0852995, 9.9051305], [78.0851306, 9.9049738], [78.0850366, 9.9048867], [78.0841136, 9.9045265], [78.0823652, 9.9032828], [78.0822594, 9.9031584], [78.0819034, 9.9031603], [78.0814439, 9.9033318], [78.0814638, 9.9031234], [78.0816391, 9.9030257], [78.0817249, 9.902994], [78.0817947, 9.9029834], [78.081851, 9.9029781], [78.0820039, 9.9029702], [78.0826879, 9.903068], [78.0828863, 9.9030706], [78.083109, 9.9030098], [78.0836615, 9.9028592], [78.0837876, 9.9027853], [78.0839324, 9.902628], [78.0839968, 9.9024748], [78.0839623, 9.9024526], [78.0839781, 9.9024185], [78.0840352, 9.9022959], [78.0841312, 9.9020708], [78.0842633, 9.9019418], [78.084965, 9.901703], [78.0853598, 9.9016078], [78.0855078, 9.9016396], [78.0861988, 9.9012464], [78.0863297, 9.9012802], [78.08654, 9.9010497], [78.0867374, 9.9003078], [78.0867996, 9.9003289], [78.0868747, 9.9001387], [78.0868007, 9.9000774], [78.0869241, 9.8998385], [78.087085, 9.8995215], [78.0871493, 9.8993841], [78.0877587, 9.8993059], [78.0878703, 9.8993693], [78.0880833, 9.8986238], [78.0884116, 9.8986662], [78.0885665, 9.8977534], [78.0890313, 9.8979631], [78.089329, 9.8981203], [78.0897233, 9.8983396], [78.0896778, 9.898528], [78.0896509, 9.8986395], [78.0895194, 9.8985973], [78.0891412, 9.8984414], [78.0888972, 9.8986845], [78.0887872, 9.8988192], [78.0887496, 9.8989276], [78.0885753, 9.8993952], [78.0884412, 9.9000294], [78.0885994, 9.9001351], [78.0888543, 9.8998841], [78.0895838, 9.8993028], [78.0898896, 9.8996991], [78.089667, 9.8998973], [78.0896857, 9.8999686], [78.0896884, 9.9000717], [78.0899486, 9.9004442], [78.0899003, 9.9007032], [78.0896294, 9.9009251], [78.0897126, 9.9010467], [78.0895919, 9.9011629], [78.0896375, 9.901229], [78.0896482, 9.9013003], [78.0896187, 9.9013558], [78.0898011, 9.9015725], [78.0899955, 9.9005803], [78.090139, 9.9005948], [78.0901766, 9.9004336], [78.0904797, 9.9004733], [78.0904609, 9.9005525], [78.0906084, 9.9005499], [78.0906835, 9.9004152], [78.0907077, 9.9001113], [78.0907238, 9.8999158], [78.0910644, 9.899958], [78.0911395, 9.8999422], [78.091346, 9.8999752], [78.0913715, 9.8998378], [78.0915646, 9.8998774], [78.0915619, 9.8999977], [78.0917497, 9.9000347], [78.0917383, 9.9000826], [78.0916472, 9.9006084], [78.0918644, 9.9006507], [78.0918832, 9.9006454], [78.0918859, 9.9006005], [78.0920361, 9.9006189], [78.0920253, 9.9007405], [78.0920119, 9.9008964], [78.0920736, 9.900907], [78.0921165, 9.9008435], [78.092189, 9.9007828], [78.0924572, 9.9007722], [78.0924679, 9.9006744], [78.0932665, 9.9006873], [78.093591, 9.9006992], [78.093693, 9.9006952], [78.0936514, 9.9009238], [78.0936715, 9.9011272], [78.0937573, 9.9014549], [78.0940256, 9.9013862], [78.0940966, 9.9017561], [78.0940886, 9.9019701], [78.0943501, 9.9020058], [78.0943421, 9.9021273], [78.0944923, 9.9021564], [78.0944654, 9.9022859], [78.0940872, 9.9022304], [78.094051, 9.9024048], [78.094566, 9.9025052], [78.094625, 9.9025356], [78.0946344, 9.9025659], [78.0946559, 9.902636], [78.0950542, 9.9025448], [78.0950448, 9.9025012], [78.0951668, 9.902488], [78.0952419, 9.902776], [78.09525, 9.9028156], [78.0953962, 9.9027773], [78.0954525, 9.9029583], [78.0958883, 9.9028381], [78.0960292, 9.9029411], [78.0959433, 9.9030733], [78.0962062, 9.9032437], [78.0963282, 9.9031116], [78.0965187, 9.9033322], [78.096465, 9.9033507], [78.0964637, 9.9036453], [78.0965964, 9.9035951], [78.096638, 9.9035674], [78.0968097, 9.9039108], [78.096296, 9.9039333], [78.0957596, 9.9039835], [78.095663, 9.9040073], [78.0955665, 9.9040284], [78.0955584, 9.9040641], [78.095372, 9.904109], [78.0948879, 9.9042028], [78.0949321, 9.9044089], [78.0946996, 9.9045152], [78.0945392, 9.9045886], [78.0944346, 9.9046824], [78.0942522, 9.9044261], [78.0939411, 9.9045238], [78.0937935, 9.9045397], [78.0932879, 9.9045423], [78.0931109, 9.9052914], [78.0929916, 9.9058344], [78.0929124, 9.9064791], [78.0929017, 9.9066508], [78.0928883, 9.9070049], [78.0934113, 9.9070141], [78.0934314, 9.9066654], [78.0943058, 9.9067261], [78.094338, 9.9067222], [78.0943555, 9.9066997], [78.094456, 9.9054526], [78.0944829, 9.9052848], [78.0949067, 9.9053086], [78.0949107, 9.9056283], [78.0950153, 9.9056257], [78.0950099, 9.9059824], [78.0948798, 9.9060048], [78.0948611, 9.9064461], [78.0949509, 9.9064566], [78.0950662, 9.9062955], [78.0951212, 9.9061409], [78.0951333, 9.9060643], [78.0953372, 9.9060656], [78.0954163, 9.9055517], [78.0956818, 9.9055437], [78.0956778, 9.9054011], [78.0954404, 9.9054103], [78.0954485, 9.9048819], [78.0954356, 9.9047087], [78.0954337, 9.9046837], [78.0954713, 9.9044816], [78.0955088, 9.9044723], [78.0956322, 9.9044776], [78.0956443, 9.9047484], [78.0959474, 9.9047418], [78.0959487, 9.9046612], [78.0961807, 9.9046546], [78.0961807, 9.9047299], [78.0961995, 9.9052135], [78.0964047, 9.9052425], [78.0964194, 9.9051818], [78.0968687, 9.9052716], [78.0968781, 9.9052386], [78.0971771, 9.9053139], [78.0975097, 9.9054024], [78.0976479, 9.905479], [78.0980113, 9.9056415], [78.0979134, 9.9060458], [78.0978557, 9.9063047], [78.0979925, 9.906343], [78.0979523, 9.9065187], [78.0974333, 9.9064025], [78.0973783, 9.9066482], [78.0977686, 9.9067526], [78.0977458, 9.9068992], [78.0977364, 9.9069415], [78.0977672, 9.9069441], [78.0976304, 9.9075809], [78.0975889, 9.9076641], [78.0978034, 9.9078094], [78.0978101, 9.9078478], [78.0973488, 9.909046]]]}, "properties": {"kind": "landuse", "name": "", "osm_id": 1166184252, "tag": "residential"}}, {"type": "Feature", "geometry": {"type": "Polygon", "coordinates": [[[78.0899221, 9.8978065], [78.0899745, 9.8977287], [78.0904261, 9.8980239], [78.0903081, 9.8981992], [78.0898564, 9.897904], [78.0899221, 9.8978065]]]}, "properties": {"kind": "landuse", "name": "", "osm_id": 1166184253, "tag": "residential"}}, {"type": "Feature", "geometry": {"type": "Polygon", "coordinates": [[[78.0901095, 9.8982485], [78.0895168, 9.8978839], [78.0888891, 9.8975285], [78.0891533, 9.8971149], [78.0895288, 9.8973831], [78.0896039, 9.8972695], [78.08984, 9.8974532], [78.0897233, 9.8976474], [78.0899221, 9.8978065], [78.0898564, 9.897904], [78.0903081, 9.8981992], [78.0902342, 9.8983238], [78.0901095, 9.8982485]]]}, "properties": {"kind": "landuse", "name": "", "osm_id": 1166184254, "tag": "retail"}}, {"type": "Feature", "geometry": {"type": "Polygon", "coordinates": [[[78.0896978, 9.8970489], [78.089325, 9.896782], [78.0891198, 9.8965997], [78.0892137, 9.8961214], [78.0892391, 9.8958744], [78.088637, 9.8957291], [78.0881515, 9.8956194], [78.0882145, 9.895231], [78.0893518, 9.895441], [78.0894524, 9.8948531], [78.0894738, 9.8948241], [78.08953, 9.8948161], [78.0903481, 9.8949403], [78.0903028, 9.8957921], [78.0904507, 9.8958724], [78.0903387, 9.8966036], [78.0904603, 9.8966525], [78.0904072, 9.8974188], [78.0903161, 9.8974849], [78.0902141, 9.8975034], [78.0899298, 9.8973475], [78.0899566, 9.8971889], [78.0896978, 9.8970489]]]}, "properties": {"kind": "landuse", "name": "", "osm_id": 1166184255, "tag": "residential"}}, {"type": "Feature", "geometry": {"type": "Polygon", "coordinates": [[[78.0827227, 9.892121], [78.0816713, 9.8913573], [78.0817732, 9.8910799], [78.08202, 9.8910931], [78.0821004, 9.8908447], [78.0821729, 9.8908236], [78.0822024, 9.8907417], [78.0822292, 9.8906703], [78.0825028, 9.8906835], [78.0824974, 9.8901313], [78.0826288, 9.8901154], [78.0826315, 9.8899833], [78.08283, 9.8899675], [78.0828381, 9.8897455], [78.08294, 9.8897402], [78.0829427, 9.8895764], [78.0831411, 9.889587], [78.0831546, 9.8896821], [78.0835032, 9.8896795], [78.0835059, 9.8900018], [78.0835998, 9.8900256], [78.0835998, 9.890237], [78.0833638, 9.8902608], [78.0832967, 9.890348], [78.0832753, 9.8904695], [78.0832833, 9.8907047], [78.0834603, 9.8907258], [78.0834416, 9.8913626], [78.083514, 9.891508], [78.0837366, 9.8915], [78.0839887, 9.8915264], [78.0840987, 9.8914577], [78.0848739, 9.8914683], [78.0848578, 9.8917695], [78.085193, 9.891833], [78.0851528, 9.8924592], [78.0846673, 9.892483], [78.084662, 9.8925728], [78.084434, 9.8925781], [78.0844367, 9.8928661], [78.0845922, 9.8928793], [78.0845493, 9.8934051], [78.0836159, 9.8927287], [78.0827227, 9.892121]]]}, "properties": {"kind": "landuse", "name": "", "osm_id": 1166184256, "tag": "residential"}}, {"type": "Feature", "geometry": {"type": "Polygon", "coordinates": [[[78.0794692, 9.8885802], [78.0792305, 9.8881178], [78.0794424, 9.8879566], [78.0797267, 9.8878007], [78.0796677, 9.8876871], [78.0800164, 9.8875127], [78.0799547, 9.8873515], [78.0795497, 9.8875101], [78.079201, 9.8875682], [78.0791742, 9.887407], [78.0791473, 9.8873912], [78.0787745, 9.8872723], [78.078568, 9.8871745], [78.0783775, 9.887045], [78.0782622, 9.8869657], [78.078171, 9.886905], [78.07823, 9.8868363], [78.0782971, 9.8868019], [78.0786082, 9.8866751], [78.0789864, 9.8864214], [78.0790642, 9.886535], [78.0794799, 9.8864003], [78.0797669, 9.8872036], [78.0802578, 9.8869922], [78.0801371, 9.8869578], [78.0801102, 9.8868944], [78.0801049, 9.8867834], [78.080129, 9.8866434], [78.080247, 9.886218], [78.0803141, 9.8861572], [78.0804455, 9.8860964], [78.0805957, 9.8860515], [78.08099, 9.8859484], [78.0810276, 9.8859061], [78.0811858, 9.8857767], [78.0816498, 9.8862867], [78.0814674, 9.8864452], [78.0815667, 9.8866169], [78.0818537, 9.8864346], [78.082189, 9.8861492], [78.0825108, 9.8858137], [78.0821729, 9.8851795], [78.0821809, 9.8848096], [78.0821809, 9.8844898], [78.0824143, 9.8842916], [78.0827925, 9.883964], [78.0828327, 9.8839587], [78.0830526, 9.8844291], [78.0833423, 9.8842837], [78.0832592, 9.8840168], [78.0835891, 9.8838636], [78.0834416, 9.8834884], [78.0835327, 9.8834382], [78.0838063, 9.8839323], [78.0841684, 9.8837658], [78.0842274, 9.8839296], [78.0843937, 9.8839217], [78.0844849, 9.8841807], [78.084898, 9.8839059], [78.0854157, 9.8837526], [78.0855846, 9.8839983], [78.0858126, 9.8843736], [78.0860084, 9.8843498], [78.0859628, 9.8839878], [78.0861452, 9.8839032], [78.0859977, 9.8835861], [78.0866656, 9.8831475], [78.0870706, 9.8845004], [78.0866119, 9.8847646], [78.0866092, 9.8848624], [78.0862311, 9.8849496], [78.0858609, 9.8849655], [78.0859575, 9.8852561], [78.0860326, 9.8854913], [78.0861372, 9.8858242], [78.0863383, 9.8857978], [78.0864108, 9.8862602], [78.0861238, 9.8863976], [78.0863705, 9.8872564], [78.086054, 9.8873277], [78.0860621, 9.8876554], [78.0860194, 9.8878923], [78.0860031, 9.8879831], [78.085598, 9.8879831], [78.0856732, 9.8882922], [78.0856034, 9.8883503], [78.0851662, 9.8884323], [78.0850965, 9.8884058], [78.0847478, 9.8883266], [78.0846083, 9.8883345], [78.0845574, 9.8883662], [78.0845144, 9.8887361], [78.084383, 9.8887784], [78.0843428, 9.8888894], [78.0842596, 9.8890083], [78.0836883, 9.8890479], [78.0834925, 9.8891246], [78.083176, 9.8892963], [78.0830821, 9.8893148], [78.0829507, 9.8893782], [78.0826798, 9.8885987], [78.0827308, 9.8885432], [78.0833691, 9.8883001], [78.0833182, 9.888168], [78.082653, 9.8884032], [78.0826449, 9.8885512], [78.0824813, 9.888538], [78.082484, 9.8883583], [78.0820575, 9.8884349], [78.0817839, 9.8884693], [78.0815667, 9.8884693], [78.0813897, 9.8884904], [78.0806413, 9.8887546], [78.0805555, 9.8887282], [78.0804509, 9.8885036], [78.0800647, 9.8885564], [78.07996, 9.8884851], [78.0799198, 9.8884032], [78.0798823, 9.8883768], [78.0794692, 9.8885802]]]}, "properties": {"kind": "landuse", "name": "", "osm_id": 1166184257, "tag": "residential"}}, {"type": "Feature", "geometry": {"type": "Polygon", "coordinates": [[[78.0990547, 9.8827221], [78.0988589, 9.8815277], [78.0997387, 9.8814194], [78.0996019, 9.8805289], [78.1006882, 9.8804839], [78.100664, 9.8810019], [78.1001866, 9.8810388], [78.1001705, 9.8814114], [78.1002107, 9.8818395], [78.0994758, 9.8819928], [78.0994919, 9.882405], [78.0992371, 9.8824473], [78.0992746, 9.8826851], [78.0990547, 9.8827221]]]}, "properties": {"kind": "landuse", "name": "", "osm_id": 1166184258, "tag": "residential"}}, {"type": "Feature", "geometry": {"type": "Polygon", "coordinates": [[[78.0996019, 9.8849232], [78.0996019, 9.8837764], [78.0992693, 9.8837764], [78.0990681, 9.8828621], [78.0993739, 9.8827934], [78.0995321, 9.8836945], [78.0997065, 9.883779], [78.1004119, 9.8837579], [78.1004307, 9.884984], [78.0996019, 9.8849232]]]}, "properties": {"kind": "landuse", "name": "", "osm_id": 1166184259, "tag": "residential"}}, {"type": "Feature", "geometry": {"type": "Polygon", "coordinates": [[[78.1050065, 9.8864082], [78.1051353, 9.8855891], [78.1049207, 9.8855943], [78.1049126, 9.8854015], [78.1045344, 9.8854252], [78.104513, 9.8849285], [78.1045827, 9.8848333], [78.1048161, 9.884511], [78.1048697, 9.8843788], [78.1048912, 9.8842916], [78.1048778, 9.8842494], [78.1041965, 9.8842652], [78.1041482, 9.8835544], [78.1048939, 9.8835254], [78.1048858, 9.8832558], [78.1054008, 9.883203], [78.1054062, 9.88375], [78.1055939, 9.8837394], [78.1056073, 9.8839931], [78.1066722, 9.8840195], [78.1066668, 9.8845083], [78.1056288, 9.8844713], [78.1054196, 9.8846008], [78.1054196, 9.8850527], [78.1053364, 9.8851451], [78.1053552, 9.8858057], [78.1056529, 9.8858559], [78.105543, 9.8864161], [78.1054437, 9.8864716], [78.1050065, 9.8864082]]]}, "properties": {"kind": "landuse", "name": "", "osm_id": 1166184260, "tag": "residential"}}, {"type": "Feature", "geometry": {"type": "Polygon", "coordinates": [[[78.089667, 9.893857], [78.0896562, 9.8938226], [78.0896375, 9.8933232], [78.0896428, 9.8925332], [78.0895811, 9.8919572], [78.0895328, 9.890673], [78.089624, 9.8904404], [78.089447, 9.8883688], [78.0902302, 9.8882103], [78.0901658, 9.8876026], [78.0904931, 9.8874546], [78.0906004, 9.8873542], [78.0906326, 9.8871956], [78.0907398, 9.887016], [78.0908954, 9.8869155], [78.0909651, 9.8869155], [78.0910617, 9.8869842], [78.0911797, 9.8870054], [78.0913299, 9.8870107], [78.0914211, 9.887016], [78.0916035, 9.8874916], [78.0920112, 9.8874334], [78.092097, 9.8870952], [78.0923653, 9.8871111], [78.0924833, 9.8866619], [78.0929875, 9.8867042], [78.0930358, 9.8870371], [78.0934757, 9.886683], [78.0936527, 9.8865932], [78.0937183, 9.8865563], [78.0938405, 9.8864875], [78.0939639, 9.8864029], [78.0941769, 9.8863743], [78.094672, 9.8863078], [78.0949881, 9.8864092], [78.0951333, 9.8864558], [78.0952191, 9.8865192], [78.095262, 9.886683], [78.0954874, 9.8868046], [78.096056, 9.8869261], [78.0961204, 9.8869842], [78.0961043, 9.8875603], [78.0970752, 9.8875127], [78.0971879, 9.8878509], [78.0972147, 9.8880359], [78.0975634, 9.888057], [78.097735, 9.8881152], [78.0978477, 9.8882367], [78.0980515, 9.888501], [78.0983734, 9.8886014], [78.0993122, 9.8885802], [78.0992907, 9.8888286], [78.0985451, 9.8888867], [78.0986577, 9.8895315], [78.0988187, 9.8898961], [78.0994463, 9.8897799], [78.1000578, 9.8897957], [78.1000847, 9.8900705], [78.1001866, 9.8900652], [78.100208, 9.8897429], [78.1004763, 9.888892], [78.1016993, 9.8888233], [78.1017959, 9.889299], [78.1019086, 9.8893888], [78.1020749, 9.8905039], [78.1019944, 9.8907258], [78.1011683, 9.8910429], [78.1012434, 9.89136], [78.1014311, 9.8912067], [78.1019247, 9.8909531], [78.1022465, 9.8906148], [78.1024075, 9.890488], [78.1030995, 9.8903559], [78.103078, 9.8908844], [78.1030136, 9.8911063], [78.1027186, 9.891249], [78.1027454, 9.892047], [78.1027776, 9.8924063], [78.1028822, 9.8926627], [78.1027186, 9.892734], [78.1028339, 9.8931488], [78.1030029, 9.8933761], [78.1030673, 9.8936641], [78.1032175, 9.8944277], [78.1032819, 9.8944859], [78.1033677, 9.8947501], [78.1035152, 9.8947369], [78.1035393, 9.8950751], [78.1035125, 9.8951174], [78.1035206, 9.8953155], [78.1036708, 9.8957172], [78.1036252, 9.896066], [78.102614, 9.8959603], [78.1024986, 9.8966843], [78.103306, 9.8968032], [78.1033221, 9.8968534], [78.1032792, 9.8971678], [78.103306, 9.8972101], [78.1036091, 9.8972338], [78.1037727, 9.8977782], [78.1038076, 9.8981032], [78.1038183, 9.8986977], [78.1038424, 9.8989989], [78.1039229, 9.899168], [78.1039578, 9.8993292], [78.1039417, 9.8994111], [78.1038639, 9.899744], [78.1038693, 9.8998286], [78.1039551, 9.9001932], [78.104006, 9.90032], [78.1040892, 9.900505], [78.1040972, 9.9006001], [78.1040516, 9.9010229], [78.1040302, 9.9011259], [78.1039712, 9.9012078], [78.1036305, 9.9013769], [78.1035984, 9.9014324], [78.1035635, 9.9019054], [78.1035742, 9.9020956], [78.1034669, 9.9024021], [78.1033489, 9.9026981], [78.1033328, 9.902809], [78.103357, 9.9029279], [78.1033999, 9.9030336], [78.1034589, 9.903245], [78.1034616, 9.9033824], [78.1034401, 9.9034405], [78.1030029, 9.9033903], [78.1029975, 9.9040615], [78.1030324, 9.9042491], [78.1030244, 9.9045952], [78.1029519, 9.9053139], [78.1029493, 9.9054037], [78.1030861, 9.9054196], [78.1029412, 9.9065425], [78.1031987, 9.9066376], [78.1032899, 9.9067195], [78.1033865, 9.9068252], [78.1032175, 9.9070023], [78.1017047, 9.9057736], [78.1001705, 9.9046877], [78.100251, 9.9046612], [78.100318, 9.9046401], [78.1013104, 9.9048119], [78.1014097, 9.9040747], [78.1006291, 9.9039478], [78.1006747, 9.9035647], [78.100782, 9.9034115], [78.1007954, 9.9032714], [78.1002778, 9.9031763], [78.1003824, 9.902994], [78.1012353, 9.9018922], [78.1012943, 9.9017838], [78.101348, 9.9016782], [78.1013855, 9.9016174], [78.1016672, 9.9016068], [78.1016752, 9.9015593], [78.1018415, 9.9015117], [78.1019863, 9.901443], [78.1019917, 9.9013901], [78.1019837, 9.9013241], [78.1014901, 9.9013294], [78.1015277, 9.900542], [78.0988294, 9.9005975], [78.0988213, 9.9004072], [78.0986845, 9.9004574], [78.0986202, 9.9005103], [78.0985397, 9.900616], [78.0984592, 9.9007771], [78.0984136, 9.9009304], [78.0983868, 9.9011259], [78.0983949, 9.9012871], [78.0984485, 9.901509], [78.0985129, 9.9016438], [78.0985907, 9.9017046], [78.1004119, 9.9027271], [78.0998996, 9.9033613], [78.0992585, 9.9030865], [78.0991638, 9.903215], [78.0989263, 9.9035375], [78.0987972, 9.9037127], [78.0973783, 9.902706], [78.0963054, 9.9019212], [78.0947444, 9.9007983], [78.0946559, 9.8999765], [78.0940416, 9.9000902], [78.093811, 9.9001509], [78.0936876, 9.9000399], [78.0936581, 9.8999316], [78.0934328, 9.8997255], [78.0919924, 9.8987875], [78.0915204, 9.8984414], [78.0913407, 9.8983093], [78.091515, 9.8980397], [78.0915767, 9.898008], [78.0915633, 9.8977068], [78.0914721, 9.8971546], [78.091523, 9.8970806], [78.0916116, 9.897041], [78.0923223, 9.8969828], [78.0923974, 9.8969617], [78.0924618, 9.8966975], [78.0925155, 9.8966552], [78.0926228, 9.8966367], [78.0926523, 9.8963592], [78.0926952, 9.8963064], [78.0927649, 9.8962958], [78.0934623, 9.8963064], [78.0935267, 9.8963592], [78.093532, 9.8966816], [78.0936554, 9.896708], [78.0936983, 9.8967397], [78.0938271, 9.8973633], [78.0937225, 9.8977253], [78.0940819, 9.8975668], [78.0941355, 9.8975694], [78.0941704, 9.8975219], [78.0940336, 9.8972629], [78.0943206, 9.8970595], [78.094385, 9.8970172], [78.0943367, 9.8968401], [78.0946559, 9.8966975], [78.0947712, 9.896716], [78.0948865, 9.8967345], [78.0950153, 9.8967239], [78.0951279, 9.8966261], [78.0956858, 9.896494], [78.0957395, 9.8963962], [78.0958521, 9.8963328], [78.0959836, 9.89628], [78.096343, 9.8962377], [78.0963859, 9.8960422], [78.0966166, 9.896029], [78.0966139, 9.8961849], [78.0968767, 9.8962007], [78.0969438, 9.8961901], [78.0969653, 9.8960342], [78.0972898, 9.896021], [78.0973166, 9.8959655], [78.0972737, 9.8957225], [78.096976, 9.8949192], [78.0965978, 9.8950117], [78.0965844, 9.8949298], [78.0961606, 9.8949985], [78.0961472, 9.894943], [78.0960077, 9.8949615], [78.0960372, 9.8952257], [78.0958843, 9.8953103], [78.0956188, 9.895371], [78.0952996, 9.8954846], [78.0952835, 9.8956802], [78.0950126, 9.8956855], [78.0949885, 9.8959497], [78.0944172, 9.8959338], [78.0944198, 9.8960078], [78.0939022, 9.8960105], [78.0939156, 9.8956273], [78.0940255, 9.8953314], [78.0942267, 9.8949879], [78.0944493, 9.8945598], [78.0945271, 9.8944039], [78.0945915, 9.8941688], [78.0945808, 9.8939363], [78.0945057, 9.8935795], [78.0944654, 9.8935531], [78.0943769, 9.8935214], [78.0938351, 9.8934738], [78.0919012, 9.8935729], [78.0911623, 9.8936535], [78.0908605, 9.8936548], [78.0905427, 9.893639], [78.0903576, 9.8936614], [78.089793, 9.8938345], [78.0896831, 9.8938847], [78.089667, 9.893857]]]}, "properties": {"kind": "landuse", "name": "", "osm_id": 1166184261, "tag": "residential"}}, {"type": "Feature", "geometry": {"type": "Polygon", "coordinates": [[[78.0860943, 9.8797388], [78.0860513, 9.8790834], [78.0856463, 9.8792024], [78.085413, 9.8793371], [78.0851206, 9.8795379], [78.0849999, 9.8796595], [78.0847746, 9.8797916], [78.0845788, 9.8799819], [78.0841067, 9.8802488], [78.0840746, 9.880249], [78.0840628, 9.8801333], [78.0840257, 9.8797673], [78.084094, 9.8796655], [78.0844191, 9.8793534], [78.084461, 9.8792184], [78.0844739, 9.8789977], [78.0846378, 9.8790174], [78.0848122, 9.8790227], [78.0853459, 9.8789725], [78.0863893, 9.878917], [78.0867165, 9.8788615], [78.0868748, 9.8788139], [78.0869499, 9.8795512], [78.0868024, 9.879604], [78.0865636, 9.8797071], [78.0860943, 9.8797652], [78.0860943, 9.8797388]]]}, "properties": {"kind": "landuse", "name": "", "osm_id": 1167168772, "tag": "residential"}}, {"type": "Feature", "geometry": {"type": "Polygon", "coordinates": [[[78.084206, 9.8821011], [78.0842596, 9.8820811], [78.0855525, 9.881599], [78.0853218, 9.8809688], [78.0851059, 9.8810336], [78.0847679, 9.880155], [78.0845211, 9.8803426], [78.0843656, 9.8804535], [78.0843025, 9.8805196], [78.0838935, 9.881204], [78.0838975, 9.8812489], [78.0840571, 9.8817444], [78.0841751, 9.881969], [78.084206, 9.8821011]]]}, "properties": {"kind": "landuse", "name": "", "osm_id": 1167168773, "tag": "residential"}}, {"type": "Feature", "geometry": {"type": "Polygon", "coordinates": [[[78.089852, 9.8860066], [78.0897716, 9.8857318], [78.0898762, 9.8857238], [78.0899754, 9.8855547], [78.0901283, 9.8854754], [78.0903724, 9.8853988], [78.0905333, 9.8853354], [78.0906782, 9.885782], [78.0906916, 9.8858612], [78.090654, 9.8859061], [78.0899298, 9.885959], [78.0899513, 9.88607], [78.0898789, 9.8860885], [78.089852, 9.8860066]]]}, "properties": {"kind": "landuse", "name": "", "osm_id": 1167168778, "tag": "forest"}}, {"type": "Feature", "geometry": {"type": "Polygon", "coordinates": [[[78.0937037, 9.8865126], [78.0935749, 9.8859035], [78.0935508, 9.88542], [78.0935401, 9.8851663], [78.0935159, 9.884688], [78.0939531, 9.8846008], [78.0940202, 9.8853301], [78.0940738, 9.8854358], [78.0941114, 9.8862206], [78.094165, 9.8863316], [78.0941769, 9.8863743], [78.0939639, 9.8864029], [78.0938405, 9.8864875], [78.0937183, 9.8865563], [78.0937037, 9.8865126]]]}, "properties": {"kind": "landuse", "name": "", "osm_id": 1167168779, "tag": "forest"}}, {"type": "Feature", "geometry": {"type": "Polygon", "coordinates": [[[78.0919629, 9.8836998], [78.0920407, 9.8833774], [78.0920729, 9.8833536], [78.0921829, 9.8830365], [78.0922365, 9.8829572], [78.0923438, 9.882915], [78.0924779, 9.8828568], [78.0927408, 9.8826428], [78.0929741, 9.8824393], [78.0931136, 9.8823653], [78.0930814, 9.8814748], [78.0930465, 9.8811128], [78.0927354, 9.8810785], [78.0926174, 9.8810521], [78.0925503, 9.8810256], [78.092571, 9.8809646], [78.0925798, 9.8809384], [78.0928239, 9.8809966], [78.0930224, 9.8809992], [78.0932048, 9.8809834], [78.0938512, 9.8807667], [78.0941194, 9.8816307], [78.0942294, 9.8816545], [78.0942616, 9.8818474], [78.0941194, 9.8818923], [78.0941462, 9.882043], [78.0939665, 9.8821302], [78.0941007, 9.8828912], [78.0938297, 9.8829361], [78.0937681, 9.8827538], [78.0934596, 9.8828383], [78.0933228, 9.8823363], [78.0931431, 9.8824393], [78.0933335, 9.8832162], [78.0931887, 9.8832823], [78.0931941, 9.8833562], [78.0932477, 9.883491], [78.0933389, 9.8835756], [78.0935213, 9.8835412], [78.0936366, 9.8834778], [78.0936635, 9.8835095], [78.0932289, 9.8837367], [78.0932718, 9.8838689], [78.0921453, 9.8839957], [78.0921534, 9.8836813], [78.0919629, 9.8836998]]]}, "properties": {"kind": "landuse", "name": "", "osm_id": 1167168780, "tag": "forest"}}, {"type": "Feature", "geometry": {"type": "Polygon", "coordinates": [[[78.1148368, 9.9078742], [78.1147456, 9.9087104], [78.1147228, 9.9087065], [78.1142226, 9.9088359], [78.1139919, 9.9089152], [78.1132355, 9.9092983], [78.113206, 9.9092587], [78.113198, 9.9092006], [78.1133683, 9.9079521], [78.1140979, 9.9080327], [78.1141381, 9.9078438], [78.1148221, 9.9078993], [78.1148368, 9.9078742]]]}, "properties": {"kind": "landuse", "name": "", "osm_id": 1167204427, "tag": "retail"}}, {"type": "Feature", "geometry": {"type": "Polygon", "coordinates": [[[78.1130183, 9.9065168], [78.1134421, 9.9063985], [78.1135534, 9.9063853], [78.1138122, 9.9063932], [78.1142159, 9.90645], [78.1145364, 9.9064527], [78.1150594, 9.9063945], [78.116017, 9.9062968], [78.1167948, 9.9062439], [78.117342, 9.9062017], [78.1173889, 9.9062017], [78.1194462, 9.9060392], [78.1203501, 9.905989], [78.1205526, 9.9059903], [78.1205687, 9.9060193], [78.1205714, 9.9060603], [78.1205419, 9.9061937], [78.1195548, 9.9062347], [78.1186536, 9.9062941], [78.1175418, 9.906376], [78.1175539, 9.9065531], [78.1176344, 9.9065504], [78.1176585, 9.9068384], [78.1178825, 9.9068239], [78.1178945, 9.9071093], [78.1179053, 9.9071819], [78.1181011, 9.9071859], [78.1182928, 9.9072374], [78.1182928, 9.9075915], [78.1180783, 9.9076311], [78.1180407, 9.9076305], [78.1179884, 9.9076298], [78.1179723, 9.907466], [78.1174587, 9.9075465], [78.1174479, 9.9074646], [78.1175391, 9.9074501], [78.1175002, 9.9072348], [78.1173044, 9.907277], [78.1173527, 9.9074805], [78.1171207, 9.9075611], [78.117177, 9.9077566], [78.1172837, 9.9077374], [78.1173152, 9.9079184], [78.1170101, 9.9079482], [78.116947, 9.9077275], [78.1170174, 9.9070247], [78.1169718, 9.9067024], [78.1165132, 9.9067367], [78.1164917, 9.9064025], [78.1147664, 9.9065835], [78.1147805, 9.9066693], [78.1144291, 9.9066865], [78.1143714, 9.9071991], [78.1139812, 9.9071344], [78.1137894, 9.9071066], [78.1134206, 9.9070591], [78.1129532, 9.9069884], [78.1130183, 9.9065168]]]}, "properties": {"kind": "landuse", "name": "", "osm_id": 1167204428, "tag": "retail"}}, {"type": "Feature", "geometry": {"type": "Polygon", "coordinates": [[[78.1039122, 9.9073061], [78.1042233, 9.9073814], [78.1042032, 9.9075109], [78.1041804, 9.9076522], [78.1043521, 9.9076721], [78.1043507, 9.907709], [78.1046766, 9.9077698], [78.1046793, 9.9077156], [78.1048174, 9.9077249], [78.1048375, 9.9076958], [78.1050347, 9.907709], [78.1051259, 9.9070102], [78.1054316, 9.9070458], [78.1054169, 9.9071793], [78.1058568, 9.9072334], [78.1058916, 9.9070062], [78.1059893, 9.9070126], [78.1104775, 9.9075685], [78.1104803, 9.9075688], [78.1104849, 9.9075439], [78.1105426, 9.9075571], [78.1103347, 9.909079], [78.1108484, 9.90919], [78.1108611, 9.9092085], [78.1108057, 9.9094514], [78.110961, 9.9095018], [78.1110576, 9.9095758], [78.1111059, 9.909622], [78.1112038, 9.9097475], [78.1113808, 9.9100672], [78.111759, 9.910733], [78.1120393, 9.9103869], [78.1124952, 9.9099602], [78.1127742, 9.9097343], [78.1134729, 9.9093063], [78.1138886, 9.909116], [78.1141032, 9.9090381], [78.1147188, 9.9088729], [78.1147349, 9.9088399], [78.1147456, 9.9087104], [78.1147228, 9.9087065], [78.1142226, 9.9088359], [78.1139919, 9.9089152], [78.1132355, 9.9092983], [78.113206, 9.9092587], [78.113198, 9.9092006], [78.1133683, 9.9079521], [78.1140979, 9.9080327], [78.1141381, 9.9078438], [78.1148221, 9.9078993], [78.1148368, 9.9078742], [78.1148891, 9.9073893], [78.1148784, 9.9073708], [78.1148489, 9.9073259], [78.1148485, 9.9073226], [78.1158909, 9.9074792], [78.1158963, 9.907853], [78.1161417, 9.9078213], [78.1161511, 9.9080869], [78.116363, 9.9080657], [78.116371, 9.9082916], [78.1160867, 9.9083722], [78.1161109, 9.9084475], [78.1169142, 9.9082811], [78.117456, 9.9082414], [78.1174453, 9.9080988], [78.1174332, 9.908038], [78.1173541, 9.9080512], [78.1173447, 9.9079283], [78.1180823, 9.9078306], [78.1180407, 9.9076305], [78.1179884, 9.9076298], [78.1179723, 9.907466], [78.1174587, 9.9075465], [78.1174479, 9.9074646], [78.1175391, 9.9074501], [78.1175002, 9.9072348], [78.1173044, 9.907277], [78.1173527, 9.9074805], [78.1171207, 9.9075611], [78.117177, 9.9077566], [78.1172837, 9.9077374], [78.1173152, 9.9079184], [78.1170101, 9.9079482], [78.116947, 9.9077275], [78.1170174, 9.9070247], [78.1169718, 9.9067024], [78.1165132, 9.9067367], [78.1164917, 9.9064025], [78.1147664, 9.9065835], [78.1147805, 9.9066693], [78.1144291, 9.9066865], [78.1143714, 9.9071991], [78.1139812, 9.9071344], [78.1137894, 9.9071066], [78.1134206, 9.9070591], [78.1129532, 9.9069884], [78.1130183, 9.9065168], [78.1128962, 9.9065319], [78.1125891, 9.9065518], [78.1123786, 9.9065399], [78.1099901, 9.9062743], [78.1037606, 9.9054949], [78.1037244, 9.9058899], [78.103302, 9.9058516], [78.1033315, 9.9059269], [78.1033449, 9.9060075], [78.1033342, 9.9065518], [78.1033757, 9.9066852], [78.1033891, 9.9067143], [78.1034629, 9.9067829], [78.1036668, 9.9068834], [78.1037794, 9.9070221], [78.1038626, 9.9071727], [78.1039122, 9.9073061]]]}, "properties": {"kind": "landuse", "name": "", "osm_id": 1167204429, "tag": "residential"}}, {"type": "Feature", "geometry": {"type": "Polygon", "coordinates": [[[78.1198754, 9.9171629], [78.1199684, 9.9172121], [78.1203447, 9.9174111], [78.1204788, 9.9174745], [78.1206277, 9.9176013], [78.1208637, 9.917748], [78.1209992, 9.9178219], [78.1209509, 9.9180571], [78.1210434, 9.9180901], [78.1209503, 9.9185167], [78.1205499, 9.9183926], [78.1196742, 9.9181839], [78.1197399, 9.917818], [78.1198754, 9.9171629]]]}, "properties": {"kind": "landuse", "name": "", "osm_id": 1167497295, "tag": "residential"}}, {"type": "Feature", "geometry": {"type": "Polygon", "coordinates": [[[78.120043, 9.9157518], [78.1200752, 9.9156065], [78.1200953, 9.9155986], [78.1205311, 9.9158351], [78.120845, 9.9160781], [78.1212486, 9.9163714], [78.1217046, 9.9166911], [78.122241, 9.9170504], [78.1222518, 9.9170716], [78.122009, 9.9172856], [78.1219528, 9.9172493], [78.1217261, 9.9171033], [78.121781, 9.9169078], [78.121655, 9.9168351], [78.1213827, 9.9166911], [78.1210971, 9.9165128], [78.1209455, 9.916378], [78.1205861, 9.9160425], [78.120334, 9.9158853], [78.120043, 9.9157518]]]}, "properties": {"kind": "landuse", "name": "", "osm_id": 1167497297, "tag": "retail"}}, {"type": "Feature", "geometry": {"type": "Polygon", "coordinates": [[[78.1198432, 9.9166224], [78.120043, 9.9157518], [78.120334, 9.9158853], [78.1205861, 9.9160425], [78.1209455, 9.916378], [78.1210971, 9.9165128], [78.1213827, 9.9166911], [78.121655, 9.9168351], [78.121781, 9.9169078], [78.1217261, 9.9171033], [78.1219528, 9.9172493], [78.122009, 9.9172856], [78.1216523, 9.9175154], [78.1214297, 9.9177189], [78.1213573, 9.9178048], [78.1204279, 9.9171363], [78.120459, 9.9170971], [78.1205338, 9.9170029], [78.1201422, 9.9167651], [78.1198432, 9.9166224]]]}, "properties": {"kind": "landuse", "name": "", "osm_id": 1167497298, "tag": "residential"}}, {"type": "Feature", "geometry": {"type": "Polygon", "coordinates": [[[78.1198002, 9.9167717], [78.1198432, 9.9166224], [78.1201422, 9.9167651], [78.1205338, 9.9170029], [78.120459, 9.9170971], [78.1204279, 9.9171363], [78.1201489, 9.9169646], [78.1198002, 9.9167717]]]}, "properties": {"kind": "landuse", "name": "", "osm_id": 1167497299, "tag": "retail"}}, {"type": "Feature", "geometry": {"type": "Polygon", "coordinates": [[[78.1177269, 9.9149446], [78.1185517, 9.9150451], [78.1188601, 9.9151296], [78.1196219, 9.9153965], [78.1199799, 9.9155206], [78.1199974, 9.915551], [78.1199759, 9.9156541], [78.1199567, 9.9156467], [78.1191149, 9.9153251], [78.1186536, 9.9152036], [78.1177188, 9.9151243], [78.1177269, 9.9149446]]]}, "properties": {"kind": "landuse", "name": "", "osm_id": 1167497300, "tag": "retail"}}, {"type": "Feature", "geometry": {"type": "Polygon", "coordinates": [[[78.1175418, 9.9165299], [78.1175821, 9.9149354], [78.1177269, 9.9149446], [78.1177188, 9.9151243], [78.1186536, 9.9152036], [78.1191149, 9.9153251], [78.1199567, 9.9156467], [78.1199759, 9.9156541], [78.119866, 9.9163159], [78.1197949, 9.916629], [78.118946, 9.9165286], [78.1183733, 9.9165009], [78.1175418, 9.9165299]]]}, "properties": {"kind": "landuse", "name": "", "osm_id": 1167497301, "tag": "residential"}}, {"type": "Feature", "geometry": {"type": "Polygon", "coordinates": [[[78.1175512, 9.9166779], [78.118026, 9.9166502], [78.1185517, 9.9166475], [78.1191766, 9.9166832], [78.1196433, 9.9167492], [78.1197627, 9.9167651], [78.1197949, 9.916629], [78.118946, 9.9165286], [78.1183733, 9.9165009], [78.1175418, 9.9165299], [78.1175512, 9.9166779]]]}, "properties": {"kind": "landuse", "name": "", "osm_id": 1167497302, "tag": "retail"}}, {"type": "Feature", "geometry": {"type": "Polygon", "coordinates": [[[78.1173232, 9.9173807], [78.1173876, 9.9169025], [78.1174587, 9.9168272], [78.1175405, 9.9167941], [78.1176008, 9.9167889], [78.1176236, 9.9167928], [78.1176478, 9.9173886], [78.1173232, 9.9173807]]]}, "properties": {"kind": "landuse", "name": "", "osm_id": 1167497303, "tag": "retail"}}, {"type": "Feature", "geometry": {"type": "Polygon", "coordinates": [[[78.1181198, 9.9173199], [78.1180944, 9.9167994], [78.1177148, 9.9168232], [78.1177188, 9.9173331], [78.1177108, 9.9176], [78.1177148, 9.9178127], [78.118144, 9.9179118], [78.1181413, 9.917703], [78.1181198, 9.9173199]]]}, "properties": {"kind": "landuse", "name": "", "osm_id": 1167497304, "tag": "retail"}}, {"type": "Feature", "geometry": {"type": "Polygon", "coordinates": [[[78.1181695, 9.9177942], [78.1181641, 9.9179197], [78.11827, 9.9179382], [78.1183076, 9.917991], [78.1183706, 9.9180293], [78.1193872, 9.9182579], [78.1195562, 9.9174534], [78.1192826, 9.9174111], [78.1192142, 9.9180122], [78.1185329, 9.9178999], [78.118549, 9.9178246], [78.1181695, 9.9177942]]]}, "properties": {"kind": "landuse", "name": "", "osm_id": 1167497305, "tag": "retail"}}, {"type": "Feature", "geometry": {"type": "Polygon", "coordinates": [[[78.1181493, 9.9170161], [78.1181695, 9.9177942], [78.118549, 9.9178246], [78.1185329, 9.9178999], [78.1192142, 9.9180122], [78.1192826, 9.9174111], [78.1195562, 9.9174534], [78.1196621, 9.9170623], [78.1196438, 9.9170599], [78.1191592, 9.9169949], [78.1190224, 9.9169989], [78.1181493, 9.9170161]]]}, "properties": {"kind": "landuse", "name": "", "osm_id": 1167497306, "tag": "residential"}}, {"type": "Feature", "geometry": {"type": "Polygon", "coordinates": [[[78.1181493, 9.9170161], [78.1190224, 9.9169989], [78.1191592, 9.9169949], [78.1196438, 9.9170599], [78.1196621, 9.9170623], [78.1197144, 9.9168523], [78.1196903, 9.9168391], [78.1191954, 9.916773], [78.1189017, 9.9167453], [78.1184806, 9.9167558], [78.118152, 9.916773], [78.11814, 9.9167862], [78.1181493, 9.9170161]]]}, "properties": {"kind": "landuse", "name": "", "osm_id": 1167497307, "tag": "retail"}}, {"type": "Feature", "geometry": {"type": "Polygon", "coordinates": [[[77.9953312, 9.9317824], [77.9958665, 9.9330799], [77.9962111, 9.9341414], [77.9977702, 9.9336638], [77.9968941, 9.9312477], [77.9953312, 9.9317824]]]}, "properties": {"kind": "landuse", "name": "", "osm_id": 1193003317, "tag": "commercial"}}, {"type": "Feature", "geometry": {"type": "Polygon", "coordinates": [[[78.1054306, 10.0567709], [78.105216, 10.0548482], [78.1062674, 10.054975], [78.1071043, 10.0556511], [78.1058597, 10.0555666], [78.1060099, 10.0566652], [78.1054306, 10.0567709]]]}, "properties": {"kind": "landuse", "name": "", "osm_id": 1309102484, "tag": "farmland"}}, {"type": "Feature", "geometry": {"type": "Polygon", "coordinates": [[[78.1050229, 10.0557356], [78.104229, 10.0553553], [78.1046152, 10.0546369], [78.105216, 10.0548482], [78.1050461, 10.0556288], [78.1050229, 10.0557356]]]}, "properties": {"kind": "landuse", "name": "", "osm_id": 1309102485, "tag": "farmland"}}, {"type": "Feature", "geometry": {"type": "Polygon", "coordinates": [[[78.1044435, 10.0571723], [78.1042075, 10.05563], [78.1050461, 10.0556288], [78.1050443, 10.0558624], [78.1050873, 10.0569822], [78.1044435, 10.0571723]]]}, "properties": {"kind": "landuse", "name": "", "osm_id": 1309102486, "tag": "farmland"}}, {"type": "Feature", "geometry": {"type": "Polygon", "coordinates": [[[78.1052375, 10.058609], [78.1054735, 10.0601936], [78.1091428, 10.0589471], [78.1092506, 10.0587003], [78.1086825, 10.0587964], [78.1084776, 10.0589471], [78.1084776, 10.058778], [78.10894, 10.058667], [78.1081882, 10.0573588], [78.1052375, 10.058609]]]}, "properties": {"kind": "landuse", "name": "", "osm_id": 1309102487, "tag": "farmland"}}, {"type": "Feature", "geometry": {"type": "Polygon", "coordinates": [[[78.1052375, 10.0602358], [78.1049156, 10.0585034], [78.1032634, 10.0590738], [78.1035638, 10.0598133], [78.1033492, 10.0603626], [78.1035852, 10.0608274], [78.1052375, 10.0602358]]]}, "properties": {"kind": "landuse", "name": "", "osm_id": 1309102488, "tag": "farmland"}}, {"type": "Feature", "geometry": {"type": "Polygon", "coordinates": [[[78.1102921, 10.0526735], [78.1105003, 10.0526801], [78.110791, 10.0526894], [78.1108097, 10.052494], [78.1102921, 10.052494], [78.1102921, 10.0526735]]]}, "properties": {"kind": "landuse", "name": "", "osm_id": 1309107108, "tag": "farmland"}}, {"type": "Feature", "geometry": {"type": "Polygon", "coordinates": [[[78.3371453, 9.8070185], [78.3372726, 9.8073409], [78.3377997, 9.807126], [78.3379269, 9.8065349], [78.3383631, 9.8063379], [78.3387812, 9.8056215], [78.3391265, 9.8050663], [78.3393628, 9.8045469], [78.3390175, 9.8042961], [78.3384904, 9.8041707], [78.3381995, 9.8043678], [78.337836, 9.804726], [78.3376543, 9.8052095], [78.3371453, 9.8054782], [78.336909, 9.8057469], [78.3371453, 9.8070185]]]}, "properties": {"kind": "landuse", "name": "", "osm_id": 1314996112, "tag": "residential"}}, {"type": "Feature", "geometry": {"type": "Polygon", "coordinates": [[[77.9556533, 9.8829519], [77.9510489, 9.8839232], [77.9499348, 9.8845934], [77.9499053, 9.8853704], [77.9497179, 9.8857298], [77.9489095, 9.886264], [77.9479531, 9.8867205], [77.947401, 9.8871673], [77.9469869, 9.8876627], [77.9465925, 9.8888573], [77.9462474, 9.8893236], [77.9448474, 9.8905571], [77.9434474, 9.8920917], [77.9418797, 9.8931698], [77.9420572, 9.8937235], [77.9437432, 9.8948793], [77.9464545, 9.8932961], [77.9477658, 9.893063], [77.948732, 9.8933641], [77.950625, 9.8926356], [77.9512248, 9.8943548], [77.9519973, 9.8942026], [77.9532847, 9.8927652], [77.9533877, 9.8909727], [77.9560828, 9.8976863], [77.9577136, 9.8981428], [77.9587264, 9.8972297], [77.9580226, 9.8955217], [77.9590526, 9.8915645], [77.9590354, 9.8855273], [77.956924, 9.885764], [77.9561515, 9.8844957], [77.9558768, 9.8834134], [77.9556533, 9.8829519]]]}, "properties": {"kind": "landuse", "name": "", "osm_id": 1336244249, "tag": "quarry"}}, {"type": "Feature", "geometry": {"type": "Polygon", "coordinates": [[[78.0570855, 9.883673], [78.057064, 9.8835132], [78.0572921, 9.8834858], [78.0573136, 9.8836505], [78.0570855, 9.883673]]]}, "properties": {"kind": "landuse", "name": "", "osm_id": 1356956651, "tag": "industrial"}}, {"type": "Feature", "geometry": {"type": "Polygon", "coordinates": [[[78.0559764, 9.8828262], [78.0559704, 9.8827475], [78.0560586, 9.8827369], [78.0560624, 9.8828248], [78.0559764, 9.8828262]]]}, "properties": {"kind": "landuse", "name": "", "osm_id": 1356956652, "tag": "industrial"}}, {"type": "Feature", "geometry": {"type": "Polygon", "coordinates": [[[78.0559819, 9.8827259], [78.0559706, 9.8826573], [78.056064, 9.8826449], [78.056064, 9.8827213], [78.0559819, 9.8827259]]]}, "properties": {"kind": "landuse", "name": "", "osm_id": 1356956653, "tag": "industrial"}}, {"type": "Feature", "geometry": {"type": "Polygon", "coordinates": [[[78.0559812, 9.882649], [78.0559779, 9.8826121], [78.0560639, 9.8826025], [78.0560619, 9.8826381], [78.0559812, 9.882649]]]}, "properties": {"kind": "landuse", "name": "", "osm_id": 1356956654, "tag": "industrial"}}, {"type": "Feature", "geometry": {"type": "Polygon", "coordinates": [[[78.0559831, 9.8826045], [78.0559786, 9.8825718], [78.0560495, 9.8825615], [78.0560523, 9.8825989], [78.0559831, 9.8826045]]]}, "properties": {"kind": "landuse", "name": "", "osm_id": 1356956655, "tag": "industrial"}}, {"type": "Feature", "geometry": {"type": "Polygon", "coordinates": [[[78.0561149, 9.8826597], [78.0561109, 9.8825479], [78.0561418, 9.8825514], [78.056154, 9.8826566], [78.0561149, 9.8826597]]]}, "properties": {"kind": "landuse", "name": "", "osm_id": 1356956656, "tag": "industrial"}}, {"type": "Feature", "geometry": {"type": "Polygon", "coordinates": [[[78.0560631, 9.8825764], [78.0560571, 9.8825432], [78.0561386, 9.8825261], [78.0561433, 9.8825471], [78.0561058, 9.8825452], [78.056105, 9.8825697], [78.0560631, 9.8825764]]]}, "properties": {"kind": "landuse", "name": "", "osm_id": 1356956657, "tag": "industrial"}}, {"type": "Feature", "geometry": {"type": "Polygon", "coordinates": [[[78.0560753, 9.8826932], [78.056072, 9.8826449], [78.0561033, 9.8826449], [78.0561085, 9.8826697], [78.0561533, 9.8826693], [78.0561589, 9.8826923], [78.0561435, 9.8827162], [78.0561169, 9.8827203], [78.0561155, 9.8826854], [78.0560753, 9.8826932]]]}, "properties": {"kind": "landuse", "name": "", "osm_id": 1356956658, "tag": "industrial"}}, {"type": "Feature", "geometry": {"type": "Polygon", "coordinates": [[[78.0560707, 9.8828164], [78.0560704, 9.8827745], [78.0561654, 9.8827719], [78.0561644, 9.8828141], [78.0560707, 9.8828164]]]}, "properties": {"kind": "landuse", "name": "", "osm_id": 1356956659, "tag": "industrial"}}, {"type": "Feature", "geometry": {"type": "Polygon", "coordinates": [[[78.0562574, 9.8829858], [78.056253, 9.8829386], [78.0563143, 9.8829307], [78.056317, 9.8829818], [78.0562574, 9.8829858]]]}, "properties": {"kind": "landuse", "name": "", "osm_id": 1356956660, "tag": "industrial"}}, {"type": "Feature", "geometry": {"type": "Polygon", "coordinates": [[[78.056251, 9.8829241], [78.0562457, 9.8828756], [78.0562989, 9.8828674], [78.0563076, 9.8829192], [78.056251, 9.8829241]]]}, "properties": {"kind": "landuse", "name": "", "osm_id": 1356956661, "tag": "industrial"}}, {"type": "Feature", "geometry": {"type": "Polygon", "coordinates": [[[78.0562475, 9.8828551], [78.056239, 9.8827917], [78.0563048, 9.8827833], [78.0563113, 9.8828487], [78.0562475, 9.8828551]]]}, "properties": {"kind": "landuse", "name": "", "osm_id": 1356956662, "tag": "industrial"}}, {"type": "Feature", "geometry": {"type": "Polygon", "coordinates": [[[78.056033, 9.883268], [78.056033, 9.8832413], [78.0560634, 9.883238], [78.0560651, 9.8832696], [78.056033, 9.883268]]]}, "properties": {"kind": "landuse", "name": "", "osm_id": 1356956664, "tag": "industrial"}}, {"type": "Feature", "geometry": {"type": "Polygon", "coordinates": [[[78.0563351, 9.8828365], [78.0563285, 9.8827095], [78.0564752, 9.8827041], [78.0564859, 9.8828311], [78.0563351, 9.8828365]]]}, "properties": {"kind": "landuse", "name": "", "osm_id": 1356956665, "tag": "industrial"}}, {"type": "Feature", "geometry": {"type": "Polygon", "coordinates": [[[78.0571164, 9.8839801], [78.0570842, 9.883756], [78.0573964, 9.8836968], [78.0574361, 9.8839589], [78.0571164, 9.8839801]]]}, "properties": {"kind": "landuse", "name": "", "osm_id": 1356956666, "tag": "industrial"}}, {"type": "Feature", "geometry": {"type": "Polygon", "coordinates": [[[78.0553784, 9.8854698], [78.0553594, 9.885335], [78.0554519, 9.8853188], [78.0554646, 9.8854498], [78.0553784, 9.8854698]]]}, "properties": {"kind": "landuse", "name": "", "osm_id": 1356956667, "tag": "industrial"}}, {"type": "Feature", "geometry": {"type": "Polygon", "coordinates": [[[78.0584116, 9.8843891], [78.0584009, 9.8842678], [78.0586147, 9.8842345], [78.0586247, 9.8843709], [78.0584116, 9.8843891]]]}, "properties": {"kind": "landuse", "name": "", "osm_id": 1356956668, "tag": "industrial"}}, {"type": "Feature", "geometry": {"type": "Polygon", "coordinates": [[[78.0551288, 9.8851877], [78.0550779, 9.8850064], [78.0552335, 9.884943], [78.0553188, 9.8851583], [78.0551288, 9.8851877]]]}, "properties": {"kind": "landuse", "name": "", "osm_id": 1356956669, "tag": "industrial"}}, {"type": "Feature", "geometry": {"type": "Polygon", "coordinates": [[[78.0573273, 9.8865831], [78.0573263, 9.8864673], [78.0574053, 9.8864663], [78.057403, 9.8865837], [78.0573273, 9.8865831]]]}, "properties": {"kind": "landuse", "name": "", "osm_id": 1356956670, "tag": "industrial"}}, {"type": "Feature", "geometry": {"type": "Polygon", "coordinates": [[[78.0560331, 9.8821607], [78.0560361, 9.882041], [78.0561754, 9.8820463], [78.0561777, 9.8821175], [78.0561354, 9.882116], [78.0561284, 9.8821675], [78.0560331, 9.8821607]]]}, "properties": {"kind": "landuse", "name": "", "osm_id": 1356956671, "tag": "industrial"}}, {"type": "Feature", "geometry": {"type": "Polygon", "coordinates": [[[78.1632678, 9.9096153], [78.1735847, 9.9091333], [78.1709239, 9.9013884], [78.1613109, 9.9045253], [78.1632678, 9.9096153]]]}, "properties": {"kind": "landuse", "name": "", "osm_id": 1360907734, "tag": "residential"}}, {"type": "Feature", "geometry": {"type": "Polygon", "coordinates": [[[78.1486032, 9.9248712], [78.1486038, 9.9244156], [78.1484161, 9.9244153], [78.1484154, 9.9248709], [78.1486032, 9.9248712]]]}, "properties": {"kind": "landuse", "name": "Shree Meenakshi Apartments", "osm_id": 1484099688, "tag": "residential"}}, {"type": "Feature", "geometry": {"type": "Polygon", "coordinates": [[[78.1485708, 9.9187194], [78.1485633, 9.9183212], [78.1479709, 9.918332], [78.1479752, 9.9185637], [78.1483018, 9.9185577], [78.1483049, 9.9187242], [78.1485708, 9.9187194]]]}, "properties": {"kind": "landuse", "name": "", "osm_id": 1484099782, "tag": "construction"}}, {"type": "Feature", "geometry": {"type": "Polygon", "coordinates": [[[78.1482417, 9.924025], [78.1482402, 9.9241743], [78.1484873, 9.9241767], [78.1484887, 9.9240273], [78.1482417, 9.924025]]]}, "properties": {"kind": "landuse", "name": "Max Meenakshi Apartment", "osm_id": 1484263591, "tag": "residential"}}], "properties": {"source": "OpenStreetMap via Overpass", "retrieved": "2026-09-18"}}