{"type": "FeatureCollection", "features": [{"type": "Feature", "geometry": {"type": "Point", "coordinates": [77.4586234, 23.1684964]}, "properties": {"kind": "rail_station", "name": "Misrod", "osm_id": 1114868502, "osm_type": "node", "osm_tag": "railway=station", "operator": "WCR"}}, {"type": "Feature", "geometry": {"type": "Point", "coordinates": [77.5354676, 23.3748405]}, "properties": {"kind": "rail_station", "name": "Bhad Bhada Ghat", "osm_id": 2185372255, "osm_type": "node", "osm_tag": "railway=station", "operator": "WCR"}}, {"type": "Feature", "geometry": {"type": "Point", "coordinates": [77.4853581, 23.3404292]}, "properties": {"kind": "rail_station", "name": "Sukhi Sewaniya", "osm_id": 2185372270, "osm_type": "node", "osm_tag": "railway=station", "operator": "WCR"}}, {"type": "Feature", "geometry": {"type": "Point", "coordinates": [77.4310245, 23.2233689]}, "properties": {"kind": "school", "name": "Excellence school", "osm_id": 2362022098, "osm_type": "node", "osm_tag": "amenity=school", "operator": ""}}, {"type": "Feature", "geometry": {"type": "Point", "coordinates": [77.3921666, 23.213357]}, "properties": {"kind": "hospital", "name": "Manisha Hospital", "osm_id": 2651560704, "osm_type": "node", "osm_tag": "amenity=hospital", "operator": ""}}, {"type": "Feature", "geometry": {"type": "Point", "coordinates": [77.3943978, 23.2116678]}, "properties": {"kind": "school", "name": "Kopal Higher Secondary School", "osm_id": 2651567364, "osm_type": "node", "osm_tag": "amenity=school", "operator": ""}}, {"type": "Feature", "geometry": {"type": "Point", "coordinates": [77.4294248, 23.2242501]}, "properties": {"kind": "college", "name": "", "osm_id": 3691395875, "osm_type": "node", "osm_tag": "amenity=college", "operator": ""}}, {"type": "Feature", "geometry": {"type": "Point", "coordinates": [77.4184921, 23.1817615]}, "properties": {"kind": "school", "name": "Mansarovar Public School", "osm_id": 4781105050, "osm_type": "node", "osm_tag": "amenity=school", "operator": ""}}, {"type": "Feature", "geometry": {"type": "Point", "coordinates": [77.4184652, 23.1838795]}, "properties": {"kind": "school", "name": "Jawaharlal Nehru Public School", "osm_id": 4781120241, "osm_type": "node", "osm_tag": "amenity=school", "operator": ""}}, {"type": "Feature", "geometry": {"type": "Point", "coordinates": [77.4180264, 23.1872906]}, "properties": {"kind": "school", "name": "Kidzee Primary School", "osm_id": 4781133915, "osm_type": "node", "osm_tag": "amenity=school", "operator": ""}}, {"type": "Feature", "geometry": {"type": "Point", "coordinates": [77.4170971, 23.1724664]}, "properties": {"kind": "hospital", "name": "Anupam Hospital", "osm_id": 4781134061, "osm_type": "node", "osm_tag": "amenity=hospital", "operator": ""}}, {"type": "Feature", "geometry": {"type": "Point", "coordinates": [77.4126982, 23.1715091]}, "properties": {"kind": "school", "name": "Kempfort School", "osm_id": 4781149818, "osm_type": "node", "osm_tag": "amenity=school", "operator": ""}}, {"type": "Feature", "geometry": {"type": "Point", "coordinates": [77.4278901, 23.1775944]}, "properties": {"kind": "college", "name": "L N Medical College ", "osm_id": 4781153156, "osm_type": "node", "osm_tag": "amenity=college", "operator": ""}}, {"type": "Feature", "geometry": {"type": "Point", "coordinates": [77.4333795, 23.1778584]}, "properties": {"kind": "school", "name": "Orion International School ", "osm_id": 4781154622, "osm_type": "node", "osm_tag": "amenity=school", "operator": ""}}, {"type": "Feature", "geometry": {"type": "Point", "coordinates": [77.4342423, 23.1782242]}, "properties": {"kind": "college", "name": "Extol College ", "osm_id": 4781158396, "osm_type": "node", "osm_tag": "amenity=college", "operator": ""}}, {"type": "Feature", "geometry": {"type": "Point", "coordinates": [77.436901, 23.1684361]}, "properties": {"kind": "school", "name": "World Way School", "osm_id": 4781169437, "osm_type": "node", "osm_tag": "amenity=school", "operator": ""}}, {"type": "Feature", "geometry": {"type": "Point", "coordinates": [77.4363178, 23.1825879]}, "properties": {"kind": "hospital", "name": "Bisoniya Hospital ", "osm_id": 4781180447, "osm_type": "node", "osm_tag": "amenity=hospital", "operator": ""}}, {"type": "Feature", "geometry": {"type": "Point", "coordinates": [77.432715, 23.1889417]}, "properties": {"kind": "school", "name": "Rajiv Gandhi College", "osm_id": 4781230024, "osm_type": "node", "osm_tag": "amenity=school", "operator": ""}}, {"type": "Feature", "geometry": {"type": "Point", "coordinates": [77.4333427, 23.1890582]}, "properties": {"kind": "school", "name": "Rajiv Gandhi H S School", "osm_id": 4781230222, "osm_type": "node", "osm_tag": "amenity=school", "operator": ""}}, {"type": "Feature", "geometry": {"type": "Point", "coordinates": [77.4319555, 23.1886998]}, "properties": {"kind": "hospital", "name": "Physiotherapy & Ayurveda", "osm_id": 4781230224, "osm_type": "node", "osm_tag": "amenity=hospital", "operator": ""}}, {"type": "Feature", "geometry": {"type": "Point", "coordinates": [77.4263831, 23.2016302]}, "properties": {"kind": "hospital", "name": "Shekhar Hospital, Bhopal", "osm_id": 4798854898, "osm_type": "node", "osm_tag": "amenity=hospital", "operator": ""}}, {"type": "Feature", "geometry": {"type": "Point", "coordinates": [77.4264928, 23.1984715]}, "properties": {"kind": "hospital", "name": "Life Line Hospital, Bhopal", "osm_id": 4798865397, "osm_type": "node", "osm_tag": "amenity=hospital", "operator": ""}}, {"type": "Feature", "geometry": {"type": "Point", "coordinates": [77.429428, 23.1998518]}, "properties": {"kind": "hospital", "name": "Lahoti Hospital ", "osm_id": 4798867777, "osm_type": "node", "osm_tag": "amenity=hospital", "operator": ""}}, {"type": "Feature", "geometry": {"type": "Point", "coordinates": [77.4387892, 23.2126452]}, "properties": {"kind": "hospital", "name": "Bhopal Fracture Hospital ", "osm_id": 4803607717, "osm_type": "node", "osm_tag": "amenity=hospital", "operator": ""}}, {"type": "Feature", "geometry": {"type": "Point", "coordinates": [77.4376688, 23.2138923]}, "properties": {"kind": "school", "name": "Nalanda Public School", "osm_id": 4803608808, "osm_type": "node", "osm_tag": "amenity=school", "operator": ""}}, {"type": "Feature", "geometry": {"type": "Point", "coordinates": [77.440881, 23.2100099]}, "properties": {"kind": "hospital", "name": "Asha Niketan", "osm_id": 4803609898, "osm_type": "node", "osm_tag": "amenity=hospital", "operator": ""}}, {"type": "Feature", "geometry": {"type": "Point", "coordinates": [77.4391169, 23.209441]}, "properties": {"kind": "school", "name": "St Joseph Coed ", "osm_id": 4803612133, "osm_type": "node", "osm_tag": "amenity=school", "operator": ""}}, {"type": "Feature", "geometry": {"type": "Point", "coordinates": [77.4321377, 23.2235619]}, "properties": {"kind": "school", "name": "Central School", "osm_id": 4803615012, "osm_type": "node", "osm_tag": "amenity=school", "operator": ""}}, {"type": "Feature", "geometry": {"type": "Point", "coordinates": [77.4148872, 23.2528901]}, "properties": {"kind": "college", "name": "Extol Institute of Management", "osm_id": 4807054942, "osm_type": "node", "osm_tag": "amenity=college", "operator": ""}}, {"type": "Feature", "geometry": {"type": "Point", "coordinates": [77.4149495, 23.2521256]}, "properties": {"kind": "hospital", "name": "Vardaan Hospital, Bhopal", "osm_id": 4807059899, "osm_type": "node", "osm_tag": "amenity=hospital", "operator": ""}}, {"type": "Feature", "geometry": {"type": "Point", "coordinates": [77.4155873, 23.2532577]}, "properties": {"kind": "school", "name": "Rashidia School", "osm_id": 4807063192, "osm_type": "node", "osm_tag": "amenity=school", "operator": ""}}, {"type": "Feature", "geometry": {"type": "Point", "coordinates": [77.4226686, 23.260004]}, "properties": {"kind": "school", "name": "Hind Convent HS", "osm_id": 4836536756, "osm_type": "node", "osm_tag": "amenity=school", "operator": ""}}, {"type": "Feature", "geometry": {"type": "Point", "coordinates": [77.4219714, 23.2624831]}, "properties": {"kind": "school", "name": "Bhopal Academy School", "osm_id": 4836540772, "osm_type": "node", "osm_tag": "amenity=school", "operator": ""}}, {"type": "Feature", "geometry": {"type": "Point", "coordinates": [77.4079165, 23.2572881]}, "properties": {"kind": "school", "name": "Saidia School", "osm_id": 4836565823, "osm_type": "node", "osm_tag": "amenity=school", "operator": ""}}, {"type": "Feature", "geometry": {"type": "Point", "coordinates": [77.4104527, 23.2617176]}, "properties": {"kind": "hospital", "name": "Khan Shakir ali khan aspataal, gas rahat, bhopal", "osm_id": 4836567801, "osm_type": "node", "osm_tag": "amenity=hospital", "operator": ""}}, {"type": "Feature", "geometry": {"type": "Point", "coordinates": [77.4030672, 23.2678292]}, "properties": {"kind": "school", "name": "LGM Memorial School", "osm_id": 4836589809, "osm_type": "node", "osm_tag": "amenity=school", "operator": ""}}, {"type": "Feature", "geometry": {"type": "Point", "coordinates": [77.404835, 23.2682768]}, "properties": {"kind": "hospital", "name": "Bhopal Eye Hospital", "osm_id": 4836592537, "osm_type": "node", "osm_tag": "amenity=hospital", "operator": ""}}, {"type": "Feature", "geometry": {"type": "Point", "coordinates": [77.4097648, 23.1912003]}, "properties": {"kind": "college", "name": "I E H E", "osm_id": 4890361333, "osm_type": "node", "osm_tag": "amenity=college", "operator": ""}}, {"type": "Feature", "geometry": {"type": "Point", "coordinates": [77.3875459, 23.1754563]}, "properties": {"kind": "college", "name": "Jagran Lakecity University ", "osm_id": 4890362115, "osm_type": "node", "osm_tag": "amenity=university", "operator": ""}}, {"type": "Feature", "geometry": {"type": "Point", "coordinates": [77.4875906, 23.1399851]}, "properties": {"kind": "school", "name": "Gyan Ganga ", "osm_id": 4922634744, "osm_type": "node", "osm_tag": "amenity=school", "operator": ""}}, {"type": "Feature", "geometry": {"type": "Point", "coordinates": [77.3567886, 23.2033072]}, "properties": {"kind": "school", "name": "Adarsh Gyan Pushpa School", "osm_id": 5291309447, "osm_type": "node", "osm_tag": "amenity=school", "operator": ""}}, {"type": "Feature", "geometry": {"type": "Point", "coordinates": [77.3452194, 23.272526]}, "properties": {"kind": "school", "name": "Christ Memorial Higher Secondary School", "osm_id": 5474530264, "osm_type": "node", "osm_tag": "amenity=school", "operator": ""}}, {"type": "Feature", "geometry": {"type": "Point", "coordinates": [77.3426374, 23.268765]}, "properties": {"kind": "school", "name": "SVCA English Classes", "osm_id": 5474550946, "osm_type": "node", "osm_tag": "amenity=school", "operator": ""}}, {"type": "Feature", "geometry": {"type": "Point", "coordinates": [77.3414435, 23.2703943]}, "properties": {"kind": "school", "name": "Government Boys High Secondary Madhyamik Vidyalaya", "osm_id": 5474556982, "osm_type": "node", "osm_tag": "amenity=school", "operator": ""}}, {"type": "Feature", "geometry": {"type": "Point", "coordinates": [77.3436878, 23.26701]}, "properties": {"kind": "school", "name": "Deepmala Pagarani Sanskar Higher Secondary School", "osm_id": 5474608085, "osm_type": "node", "osm_tag": "amenity=school", "operator": ""}}, {"type": "Feature", "geometry": {"type": "Point", "coordinates": [77.343426, 23.2678297]}, "properties": {"kind": "school", "name": "MITHI GOBINDRAM PUBLIC SCHOOL (RG)", "osm_id": 5474633342, "osm_type": "node", "osm_tag": "amenity=school", "operator": ""}}, {"type": "Feature", "geometry": {"type": "Point", "coordinates": [77.3426272, 23.2677159]}, "properties": {"kind": "school", "name": "Vidhya Sagar School", "osm_id": 5474633343, "osm_type": "node", "osm_tag": "amenity=school", "operator": ""}}, {"type": "Feature", "geometry": {"type": "Point", "coordinates": [77.3387826, 23.2720777]}, "properties": {"kind": "school", "name": "Pandit Deen Dayal Upadhyay Girls College", "osm_id": 5474694560, "osm_type": "node", "osm_tag": "amenity=school", "operator": ""}}, {"type": "Feature", "geometry": {"type": "Point", "coordinates": [77.3327243, 23.271899]}, "properties": {"kind": "school", "name": "sheel niketan higher secondary school", "osm_id": 5479329616, "osm_type": "node", "osm_tag": "amenity=school", "operator": ""}}, {"type": "Feature", "geometry": {"type": "Point", "coordinates": [77.3220101, 23.2761923]}, "properties": {"kind": "school", "name": "Saroj Memorial Convent School", "osm_id": 5479440655, "osm_type": "node", "osm_tag": "amenity=school", "operator": ""}}, {"type": "Feature", "geometry": {"type": "Point", "coordinates": [77.3365036, 23.2739162]}, "properties": {"kind": "school", "name": "Sindhu Middle School", "osm_id": 5479582588, "osm_type": "node", "osm_tag": "amenity=school", "operator": ""}}, {"type": "Feature", "geometry": {"type": "Point", "coordinates": [77.3882482, 23.2342111]}, "properties": {"kind": "college", "name": "Madhya Pradesh School of Drama", "osm_id": 6128494273, "osm_type": "node", "osm_tag": "amenity=college", "operator": ""}}, {"type": "Feature", "geometry": {"type": "Point", "coordinates": [77.3944885, 23.2324175]}, "properties": {"kind": "hospital", "name": "Aastha Hospital", "osm_id": 6128500472, "osm_type": "node", "osm_tag": "amenity=hospital", "operator": ""}}, {"type": "Feature", "geometry": {"type": "Point", "coordinates": [77.4253397, 23.2877133]}, "properties": {"kind": "rail_station", "name": "Nishatpura", "osm_id": 6185286614, "osm_type": "node", "osm_tag": "railway=station", "operator": "WCR"}}, {"type": "Feature", "geometry": {"type": "Point", "coordinates": [77.4093707, 23.2045252]}, "properties": {"kind": "hospital", "name": "HAKIM SYED ZIAUL HASAN GOVERMENT UNANI MEDICAL COLLEGE AND HOSPITAL", "osm_id": 6562093342, "osm_type": "node", "osm_tag": "amenity=hospital", "operator": ""}}, {"type": "Feature", "geometry": {"type": "Point", "coordinates": [77.4091003, 23.2037556]}, "properties": {"kind": "hospital", "name": "GOVERMENT HOMEOPATHIC MEDICAL COLLEGE AND HOSPITAL", "osm_id": 6562093343, "osm_type": "node", "osm_tag": "amenity=hospital", "operator": ""}}, {"type": "Feature", "geometry": {"type": "Point", "coordinates": [77.3358496, 23.2737076]}, "properties": {"kind": "rail_station", "name": "Sant Hirdaram Nagar Railway Station", "osm_id": 6698872979, "osm_type": "node", "osm_tag": "railway=station", "operator": "WCR"}}, {"type": "Feature", "geometry": {"type": "Point", "coordinates": [77.2574235, 23.2643328]}, "properties": {"kind": "rail_station", "name": "Bakanian Bhaunri", "osm_id": 6698942382, "osm_type": "node", "osm_tag": "railway=station", "operator": "WR"}}, {"type": "Feature", "geometry": {"type": "Point", "coordinates": [77.4299254, 23.2133755]}, "properties": {"kind": "hospital", "name": "Meenakshi Hospital, Bhopal", "osm_id": 7013132568, "osm_type": "node", "osm_tag": "amenity=hospital", "operator": ""}}, {"type": "Feature", "geometry": {"type": "Point", "coordinates": [77.4356157, 23.2288798]}, "properties": {"kind": "hospital", "name": "Prakash Eye Care and Laser Centre", "osm_id": 7013166610, "osm_type": "node", "osm_tag": "amenity=hospital", "operator": ""}}, {"type": "Feature", "geometry": {"type": "Point", "coordinates": [77.4019808, 23.2242238]}, "properties": {"kind": "hospital", "name": "Mata Mandir Netra Sewa Kendra", "osm_id": 7013484307, "osm_type": "node", "osm_tag": "amenity=hospital", "operator": ""}}, {"type": "Feature", "geometry": {"type": "Point", "coordinates": [77.3803829, 23.262956]}, "properties": {"kind": "hospital", "name": "Kshitij Hospital", "osm_id": 7013484308, "osm_type": "node", "osm_tag": "amenity=hospital", "operator": ""}}, {"type": "Feature", "geometry": {"type": "Point", "coordinates": [77.3939585, 23.2627832]}, "properties": {"kind": "hospital", "name": "Bhopal Care Hospital", "osm_id": 7013484309, "osm_type": "node", "osm_tag": "amenity=hospital", "operator": ""}}, {"type": "Feature", "geometry": {"type": "Point", "coordinates": [77.3937517, 23.2301825]}, "properties": {"kind": "hospital", "name": "G.S.M.Hospital", "osm_id": 7013590094, "osm_type": "node", "osm_tag": "amenity=hospital", "operator": ""}}, {"type": "Feature", "geometry": {"type": "Point", "coordinates": [77.393792, 23.263933]}, "properties": {"kind": "hospital", "name": "Central Hospital and Research Center", "osm_id": 7013648893, "osm_type": "node", "osm_tag": "amenity=hospital", "operator": ""}}, {"type": "Feature", "geometry": {"type": "Point", "coordinates": [77.4391609, 23.217648]}, "properties": {"kind": "hospital", "name": "Narmada Advance Trauma and Critical care Institute", "osm_id": 7013698771, "osm_type": "node", "osm_tag": "amenity=hospital", "operator": ""}}, {"type": "Feature", "geometry": {"type": "Point", "coordinates": [77.4309044, 23.2534681]}, "properties": {"kind": "clinic", "name": "Pushkom Maternity and Nursing Home, Bhopal", "osm_id": 7013698782, "osm_type": "node", "osm_tag": "amenity=clinic", "operator": ""}}, {"type": "Feature", "geometry": {"type": "Point", "coordinates": [77.4731988, 23.2684238]}, "properties": {"kind": "hospital", "name": "Devmata Hospital", "osm_id": 7013700387, "osm_type": "node", "osm_tag": "amenity=hospital", "operator": ""}}, {"type": "Feature", "geometry": {"type": "Point", "coordinates": [77.4731706, 23.1945312]}, "properties": {"kind": "hospital", "name": "Shri Maya Maternity and General Hospital", "osm_id": 7013704094, "osm_type": "node", "osm_tag": "amenity=hospital", "operator": ""}}, {"type": "Feature", "geometry": {"type": "Point", "coordinates": [77.4342786, 23.2070006]}, "properties": {"kind": "hospital", "name": "Malti Hospital", "osm_id": 7013704107, "osm_type": "node", "osm_tag": "amenity=hospital", "operator": ""}}, {"type": "Feature", "geometry": {"type": "Point", "coordinates": [77.3988064, 23.2528588]}, "properties": {"kind": "hospital", "name": "Jayshree Hospital", "osm_id": 7013744455, "osm_type": "node", "osm_tag": "amenity=hospital", "operator": ""}}, {"type": "Feature", "geometry": {"type": "Point", "coordinates": [77.4055132, 23.2402937]}, "properties": {"kind": "hospital", "name": "Peoples General Hospital", "osm_id": 7013770350, "osm_type": "node", "osm_tag": "amenity=hospital", "operator": ""}}, {"type": "Feature", "geometry": {"type": "Point", "coordinates": [77.3939529, 23.2624533]}, "properties": {"kind": "hospital", "name": "Shubham Hospital Fracture Accident Care", "osm_id": 7013804526, "osm_type": "node", "osm_tag": "amenity=hospital", "operator": ""}}, {"type": "Feature", "geometry": {"type": "Point", "coordinates": [77.4280921, 23.2536634]}, "properties": {"kind": "hospital", "name": "Choudhary Hospital", "osm_id": 7013804552, "osm_type": "node", "osm_tag": "amenity=hospital", "operator": ""}}, {"type": "Feature", "geometry": {"type": "Point", "coordinates": [77.4360924, 23.2304819]}, "properties": {"kind": "hospital", "name": "Citi Hospital", "osm_id": 7013804557, "osm_type": "node", "osm_tag": "amenity=hospital", "operator": ""}}, {"type": "Feature", "geometry": {"type": "Point", "coordinates": [77.4043921, 23.2548783]}, "properties": {"kind": "hospital", "name": "Gour Hospital And Maternity Home", "osm_id": 7013804558, "osm_type": "node", "osm_tag": "amenity=hospital", "operator": ""}}, {"type": "Feature", "geometry": {"type": "Point", "coordinates": [77.3950513, 23.2678041]}, "properties": {"kind": "hospital", "name": "Adarsh Hospital, Bhopal", "osm_id": 7013804661, "osm_type": "node", "osm_tag": "amenity=hospital", "operator": ""}}, {"type": "Feature", "geometry": {"type": "Point", "coordinates": [77.4503008, 23.1911005]}, "properties": {"kind": "hospital", "name": "Nilay Hospital", "osm_id": 7013865513, "osm_type": "node", "osm_tag": "amenity=hospital", "operator": ""}}, {"type": "Feature", "geometry": {"type": "Point", "coordinates": [77.4320886, 23.2274392]}, "properties": {"kind": "hospital", "name": "Parul Hospital Pvt Ltd", "osm_id": 7013865527, "osm_type": "node", "osm_tag": "amenity=hospital", "operator": ""}}, {"type": "Feature", "geometry": {"type": "Point", "coordinates": [77.4391428, 23.2128356]}, "properties": {"kind": "hospital", "name": "Bhopal Fracture Hospital", "osm_id": 7013865542, "osm_type": "node", "osm_tag": "amenity=hospital", "operator": ""}}, {"type": "Feature", "geometry": {"type": "Point", "coordinates": [77.3957902, 23.2198621]}, "properties": {"kind": "hospital", "name": "Shukla Hospital and Maternity Home", "osm_id": 7013865548, "osm_type": "node", "osm_tag": "amenity=hospital", "operator": ""}}, {"type": "Feature", "geometry": {"type": "Point", "coordinates": [77.413765, 23.2481629]}, "properties": {"kind": "hospital", "name": "Hafeez Maternity Home and Eye Hospital", "osm_id": 7013885330, "osm_type": "node", "osm_tag": "amenity=hospital", "operator": ""}}, {"type": "Feature", "geometry": {"type": "Point", "coordinates": [77.4013451, 23.2698098]}, "properties": {"kind": "hospital", "name": "Apex Hospital", "osm_id": 7013885339, "osm_type": "node", "osm_tag": "amenity=hospital", "operator": ""}}, {"type": "Feature", "geometry": {"type": "Point", "coordinates": [77.4302284, 23.254938]}, "properties": {"kind": "hospital", "name": "Pranjal Hospital and Child Care Center", "osm_id": 7013919332, "osm_type": "node", "osm_tag": "amenity=hospital", "operator": ""}}, {"type": "Feature", "geometry": {"type": "Point", "coordinates": [77.4013142, 23.2696891]}, "properties": {"kind": "hospital", "name": "Ajwani Eye Hospital", "osm_id": 7013923398, "osm_type": "node", "osm_tag": "amenity=hospital", "operator": ""}}, {"type": "Feature", "geometry": {"type": "Point", "coordinates": [77.4361414, 23.2125817]}, "properties": {"kind": "hospital", "name": "Anushree Hospital", "osm_id": 7013924260, "osm_type": "node", "osm_tag": "amenity=hospital", "operator": ""}}, {"type": "Feature", "geometry": {"type": "Point", "coordinates": [77.4018855, 23.2373436]}, "properties": {"kind": "clinic", "name": "Nahar Nursing Home, Bhopal", "osm_id": 7013950726, "osm_type": "node", "osm_tag": "amenity=clinic", "operator": ""}}, {"type": "Feature", "geometry": {"type": "Point", "coordinates": [77.459553, 23.2512606]}, "properties": {"kind": "hospital", "name": "Anantshree Multispeciality Hospital", "osm_id": 7013971836, "osm_type": "node", "osm_tag": "amenity=hospital", "operator": ""}}, {"type": "Feature", "geometry": {"type": "Point", "coordinates": [77.403806, 23.2993465]}, "properties": {"kind": "hospital", "name": "Venus Hospital and Medical Research Centre-Bhopal", "osm_id": 7014129664, "osm_type": "node", "osm_tag": "amenity=hospital", "operator": ""}}, {"type": "Feature", "geometry": {"type": "Point", "coordinates": [77.4717195, 23.250594]}, "properties": {"kind": "hospital", "name": "Aradhana Maternity And Kidney Hospital", "osm_id": 7014129665, "osm_type": "node", "osm_tag": "amenity=hospital", "operator": ""}}, {"type": "Feature", "geometry": {"type": "Point", "coordinates": [77.3937383, 23.2649458]}, "properties": {"kind": "hospital", "name": "L.B.S Hospital", "osm_id": 7014244270, "osm_type": "node", "osm_tag": "amenity=hospital", "operator": ""}}, {"type": "Feature", "geometry": {"type": "Point", "coordinates": [77.3081296, 23.2688064]}, "properties": {"kind": "hospital", "name": "Chirayu Medical College and Hospital", "osm_id": 7014244271, "osm_type": "node", "osm_tag": "amenity=hospital", "operator": ""}}, {"type": "Feature", "geometry": {"type": "Point", "coordinates": [77.3936498, 23.2652057]}, "properties": {"kind": "hospital", "name": "Yashoda Hospital, Bhopal", "osm_id": 7014266231, "osm_type": "node", "osm_tag": "amenity=hospital", "operator": ""}}, {"type": "Feature", "geometry": {"type": "Point", "coordinates": [77.4155004, 23.2523431]}, "properties": {"kind": "hospital", "name": "Krishna Hospital, Bhopal", "osm_id": 7014694821, "osm_type": "node", "osm_tag": "amenity=hospital", "operator": ""}}, {"type": "Feature", "geometry": {"type": "Point", "coordinates": [77.3961577, 23.2338401]}, "properties": {"kind": "hospital", "name": "Jashdeep Hospital", "osm_id": 7014942436, "osm_type": "node", "osm_tag": "amenity=hospital", "operator": ""}}, {"type": "Feature", "geometry": {"type": "Point", "coordinates": [77.433726, 23.1927209]}, "properties": {"kind": "hospital", "name": "Naman Hospital", "osm_id": 7014942437, "osm_type": "node", "osm_tag": "amenity=hospital", "operator": ""}}, {"type": "Feature", "geometry": {"type": "Point", "coordinates": [77.4704428, 23.1948024]}, "properties": {"kind": "hospital", "name": "Nav Jeevan Hospital, Bhopal", "osm_id": 7015238384, "osm_type": "node", "osm_tag": "amenity=hospital", "operator": ""}}, {"type": "Feature", "geometry": {"type": "Point", "coordinates": [77.432908, 23.2112407]}, "properties": {"kind": "hospital", "name": "Niramaya Hospital, Bhopal", "osm_id": 7015262894, "osm_type": "node", "osm_tag": "amenity=hospital", "operator": ""}}, {"type": "Feature", "geometry": {"type": "Point", "coordinates": [77.4056527, 23.2597415]}, "properties": {"kind": "hospital", "name": "Ntr Hospital and Research Centre", "osm_id": 7015262907, "osm_type": "node", "osm_tag": "amenity=hospital", "operator": ""}}, {"type": "Feature", "geometry": {"type": "Point", "coordinates": [77.4393775, 23.2156753]}, "properties": {"kind": "hospital", "name": "Agrawal Hospital", "osm_id": 7015296487, "osm_type": "node", "osm_tag": "amenity=hospital", "operator": ""}}, {"type": "Feature", "geometry": {"type": "Point", "coordinates": [77.4166846, 23.3003492]}, "properties": {"kind": "hospital", "name": "Bhopal Memorial Hospital and Research Center", "osm_id": 7015296488, "osm_type": "node", "osm_tag": "amenity=hospital", "operator": ""}}, {"type": "Feature", "geometry": {"type": "Point", "coordinates": [77.4705541, 23.1614005]}, "properties": {"kind": "hospital", "name": "Noble Multispeciality Hospital", "osm_id": 7015296499, "osm_type": "node", "osm_tag": "amenity=hospital", "operator": "Mr. Rajeev Mishra"}}, {"type": "Feature", "geometry": {"type": "Point", "coordinates": [77.436824, 23.230265]}, "properties": {"kind": "hospital", "name": "Navodaya Hospital And Research Centre", "osm_id": 7015548062, "osm_type": "node", "osm_tag": "amenity=hospital", "operator": ""}}, {"type": "Feature", "geometry": {"type": "Point", "coordinates": [77.4236557, 23.2174908]}, "properties": {"kind": "hospital", "name": "Akshaya Hospital", "osm_id": 7015810930, "osm_type": "node", "osm_tag": "amenity=hospital", "operator": ""}}, {"type": "Feature", "geometry": {"type": "Point", "coordinates": [77.4440525, 23.2303599]}, "properties": {"kind": "hospital", "name": "Paliwal Hospital Pvt. Ltd.", "osm_id": 7015810938, "osm_type": "node", "osm_tag": "amenity=hospital", "operator": ""}}, {"type": "Feature", "geometry": {"type": "Point", "coordinates": [77.3424774, 23.2720029]}, "properties": {"kind": "hospital", "name": "Rajdeep Hospital", "osm_id": 7015810948, "osm_type": "node", "osm_tag": "amenity=hospital", "operator": ""}}, {"type": "Feature", "geometry": {"type": "Point", "coordinates": [77.3937863, 23.2641502]}, "properties": {"kind": "hospital", "name": "Sanjeevani Hospital, Bhopal", "osm_id": 7015810949, "osm_type": "node", "osm_tag": "amenity=hospital", "operator": ""}}, {"type": "Feature", "geometry": {"type": "Point", "coordinates": [77.5130671, 23.1023312]}, "properties": {"kind": "hospital", "name": "Arogya Hospital", "osm_id": 7015810975, "osm_type": "node", "osm_tag": "amenity=hospital", "operator": ""}}, {"type": "Feature", "geometry": {"type": "Point", "coordinates": [77.4483964, 23.1956985]}, "properties": {"kind": "hospital", "name": "Sahara Fracture and General Hospital", "osm_id": 7015816092, "osm_type": "node", "osm_tag": "amenity=hospital", "operator": ""}}, {"type": "Feature", "geometry": {"type": "Point", "coordinates": [77.4251068, 23.2988834]}, "properties": {"kind": "hospital", "name": "Peoples Hospital", "osm_id": 7015954635, "osm_type": "node", "osm_tag": "amenity=hospital", "operator": ""}}, {"type": "Feature", "geometry": {"type": "Point", "coordinates": [77.4365044, 23.1916178]}, "properties": {"kind": "hospital", "name": "Sujyoti Hospital and Maternity Home", "osm_id": 7015971605, "osm_type": "node", "osm_tag": "amenity=hospital", "operator": ""}}, {"type": "Feature", "geometry": {"type": "Point", "coordinates": [77.4315892, 23.210445]}, "properties": {"kind": "hospital", "name": "Dewani Hospital And Research Centre", "osm_id": 7016102821, "osm_type": "node", "osm_tag": "amenity=hospital", "operator": ""}}, {"type": "Feature", "geometry": {"type": "Point", "coordinates": [77.4344569, 23.2014132]}, "properties": {"kind": "hospital", "name": "Pushpanjali Hsopital", "osm_id": 7016102833, "osm_type": "node", "osm_tag": "amenity=hospital", "operator": ""}}, {"type": "Feature", "geometry": {"type": "Point", "coordinates": [77.4180633, 23.2083848]}, "properties": {"kind": "hospital", "name": "Suyash Mother and Child Hospital", "osm_id": 7016102834, "osm_type": "node", "osm_tag": "amenity=hospital", "operator": ""}}, {"type": "Feature", "geometry": {"type": "Point", "coordinates": [77.429118, 23.2140521]}, "properties": {"kind": "hospital", "name": "Global Liver and Gastroenterology Centre", "osm_id": 7016104858, "osm_type": "node", "osm_tag": "amenity=hospital", "operator": ""}}, {"type": "Feature", "geometry": {"type": "Point", "coordinates": [77.4396715, 23.2102929]}, "properties": {"kind": "hospital", "name": "Asha Niketan Hospital", "osm_id": 7016150778, "osm_type": "node", "osm_tag": "amenity=hospital", "operator": ""}}, {"type": "Feature", "geometry": {"type": "Point", "coordinates": [77.4360666, 23.2169754]}, "properties": {"kind": "hospital", "name": "National Hospital For Heart and Critical Care", "osm_id": 7016150779, "osm_type": "node", "osm_tag": "amenity=hospital", "operator": ""}}, {"type": "Feature", "geometry": {"type": "Point", "coordinates": [77.4274743, 23.2137751]}, "properties": {"kind": "hospital", "name": "Ajwani Eye Tech Centre", "osm_id": 7016150780, "osm_type": "node", "osm_tag": "amenity=hospital", "operator": ""}}, {"type": "Feature", "geometry": {"type": "Point", "coordinates": [77.4151021, 23.251491]}, "properties": {"kind": "hospital", "name": "Charak Hospital/A Unit Of Mrityunjay Health Care Pvt Ltd,", "osm_id": 7016168278, "osm_type": "node", "osm_tag": "amenity=hospital", "operator": ""}}, {"type": "Feature", "geometry": {"type": "Point", "coordinates": [77.4364391, 23.2283782]}, "properties": {"kind": "hospital", "name": "New Bhopal Hospital and Research Foundation", "osm_id": 7016168371, "osm_type": "node", "osm_tag": "amenity=hospital", "operator": ""}}, {"type": "Feature", "geometry": {"type": "Point", "coordinates": [77.3959123, 23.221521]}, "properties": {"kind": "hospital", "name": "Sharda Hospital and Diagnostic Center", "osm_id": 7016172592, "osm_type": "node", "osm_tag": "amenity=hospital", "operator": ""}}, {"type": "Feature", "geometry": {"type": "Point", "coordinates": [77.4457088, 23.2029589]}, "properties": {"kind": "hospital", "name": "Saarthi Hospital (Maternity and Urological Centre)", "osm_id": 7016217250, "osm_type": "node", "osm_tag": "amenity=hospital", "operator": ""}}, {"type": "Feature", "geometry": {"type": "Point", "coordinates": [77.4167892, 23.2516574]}, "properties": {"kind": "hospital", "name": "Tanushree Female Hospital", "osm_id": 7016243059, "osm_type": "node", "osm_tag": "amenity=hospital", "operator": ""}}, {"type": "Feature", "geometry": {"type": "Point", "coordinates": [77.441023, 23.2353103]}, "properties": {"kind": "hospital", "name": "Shivam Hospital, Bhopal", "osm_id": 7016405057, "osm_type": "node", "osm_tag": "amenity=hospital", "operator": ""}}, {"type": "Feature", "geometry": {"type": "Point", "coordinates": [77.4364857, 23.2302816]}, "properties": {"kind": "hospital", "name": "Sankalp Netralya Hospital", "osm_id": 7016451736, "osm_type": "node", "osm_tag": "amenity=hospital", "operator": ""}}, {"type": "Feature", "geometry": {"type": "Point", "coordinates": [77.4400197, 23.2339407]}, "properties": {"kind": "hospital", "name": "Vatsalya Hospital, Bhopal", "osm_id": 7016451737, "osm_type": "node", "osm_tag": "amenity=hospital", "operator": ""}}, {"type": "Feature", "geometry": {"type": "Point", "coordinates": [77.4405538, 23.2321079]}, "properties": {"kind": "hospital", "name": "Lakecity Hospital, Bhopal", "osm_id": 7016451742, "osm_type": "node", "osm_tag": "amenity=hospital", "operator": ""}}, {"type": "Feature", "geometry": {"type": "Point", "coordinates": [77.3977843, 23.2617624]}, "properties": {"kind": "hospital", "name": "Al - Rasheed Hospital", "osm_id": 7016451755, "osm_type": "node", "osm_tag": "amenity=hospital", "operator": ""}}, {"type": "Feature", "geometry": {"type": "Point", "coordinates": [77.389707, 23.2676723]}, "properties": {"kind": "hospital", "name": "Kid Kare", "osm_id": 7016528077, "osm_type": "node", "osm_tag": "amenity=hospital", "operator": ""}}, {"type": "Feature", "geometry": {"type": "Point", "coordinates": [77.4269749, 23.2147497]}, "properties": {"kind": "clinic", "name": "Asian Globus Liver And Gastroenterology Centre", "osm_id": 7016638593, "osm_type": "node", "osm_tag": "amenity=clinic", "operator": ""}}, {"type": "Feature", "geometry": {"type": "Point", "coordinates": [77.3887213, 23.2711503]}, "properties": {"kind": "hospital", "name": "Ankur Maternity And Nursing Home", "osm_id": 7016647042, "osm_type": "node", "osm_tag": "amenity=hospital", "operator": ""}}, {"type": "Feature", "geometry": {"type": "Point", "coordinates": [77.3983128, 23.2356788]}, "properties": {"kind": "hospital", "name": "Rainbow Children Hospital, Bhopal", "osm_id": 7016647059, "osm_type": "node", "osm_tag": "amenity=hospital", "operator": ""}}, {"type": "Feature", "geometry": {"type": "Point", "coordinates": [77.3938631, 23.2616106]}, "properties": {"kind": "hospital", "name": "Hi-Tech Eye Care and Laser Center", "osm_id": 7016647089, "osm_type": "node", "osm_tag": "amenity=hospital", "operator": ""}}, {"type": "Feature", "geometry": {"type": "Point", "coordinates": [77.4309996, 23.25277]}, "properties": {"kind": "hospital", "name": "Ayush Hospital and Research Centre", "osm_id": 7016714429, "osm_type": "node", "osm_tag": "amenity=hospital", "operator": ""}}, {"type": "Feature", "geometry": {"type": "Point", "coordinates": [77.3953892, 23.233081]}, "properties": {"kind": "hospital", "name": "Siddharth Eye Hospital", "osm_id": 7016767826, "osm_type": "node", "osm_tag": "amenity=hospital", "operator": ""}}, {"type": "Feature", "geometry": {"type": "Point", "coordinates": [77.437811, 23.2377429]}, "properties": {"kind": "clinic", "name": "Vijaya Maternity and Nursing Home", "osm_id": 7016787945, "osm_type": "node", "osm_tag": "amenity=clinic", "operator": ""}}, {"type": "Feature", "geometry": {"type": "Point", "coordinates": [77.4307877, 23.2405328]}, "properties": {"kind": "hospital", "name": "Swami Vivekanand Regional Spine Centre", "osm_id": 7017074866, "osm_type": "node", "osm_tag": "amenity=hospital", "operator": ""}}, {"type": "Feature", "geometry": {"type": "Point", "coordinates": [77.4343295, 23.2369443]}, "properties": {"kind": "hospital", "name": "Miracles Children Hospital", "osm_id": 7017098522, "osm_type": "node", "osm_tag": "amenity=hospital", "operator": ""}}, {"type": "Feature", "geometry": {"type": "Point", "coordinates": [77.3890002, 23.2622106]}, "properties": {"kind": "hospital", "name": "Mayo Hospital, Bhopal", "osm_id": 7017098523, "osm_type": "node", "osm_tag": "amenity=hospital", "operator": ""}}, {"type": "Feature", "geometry": {"type": "Point", "coordinates": [77.4390656, 23.2527836]}, "properties": {"kind": "hospital", "name": "Roshan Maternity Child Care And General Hospital", "osm_id": 7017098524, "osm_type": "node", "osm_tag": "amenity=hospital", "operator": ""}}, {"type": "Feature", "geometry": {"type": "Point", "coordinates": [77.3367957, 23.2697538]}, "properties": {"kind": "hospital", "name": "Bhambhani Hospital", "osm_id": 7017098529, "osm_type": "node", "osm_tag": "amenity=hospital", "operator": ""}}, {"type": "Feature", "geometry": {"type": "Point", "coordinates": [77.3952263, 23.2332387]}, "properties": {"kind": "hospital", "name": "R.A Stone and Surgical Care", "osm_id": 7017170463, "osm_type": "node", "osm_tag": "amenity=hospital", "operator": ""}}, {"type": "Feature", "geometry": {"type": "Point", "coordinates": [77.3657897, 23.2766683]}, "properties": {"kind": "hospital", "name": "Suditi Hospital - Bhopal", "osm_id": 7017180604, "osm_type": "node", "osm_tag": "amenity=hospital", "operator": ""}}, {"type": "Feature", "geometry": {"type": "Point", "coordinates": [77.392424, 23.2613802]}, "properties": {"kind": "hospital", "name": "S.V Eye Care and Research Centre", "osm_id": 7017489021, "osm_type": "node", "osm_tag": "amenity=hospital", "operator": ""}}, {"type": "Feature", "geometry": {"type": "Point", "coordinates": [77.4650335, 23.2728295]}, "properties": {"kind": "hospital", "name": "Muskan Maternity and General Hospital", "osm_id": 7017489027, "osm_type": "node", "osm_tag": "amenity=hospital", "operator": ""}}, {"type": "Feature", "geometry": {"type": "Point", "coordinates": [77.4406502, 23.212281]}, "properties": {"kind": "clinic", "name": "Pathak's Clinic and Hi-Tech Diagnostic", "osm_id": 7017905353, "osm_type": "node", "osm_tag": "amenity=clinic", "operator": ""}}, {"type": "Feature", "geometry": {"type": "Point", "coordinates": [77.3934285, 23.2249287]}, "properties": {"kind": "hospital", "name": "Hajela Hospital", "osm_id": 7018318348, "osm_type": "node", "osm_tag": "amenity=hospital", "operator": ""}}, {"type": "Feature", "geometry": {"type": "Point", "coordinates": [77.5222161, 23.1042395]}, "properties": {"kind": "hospital", "name": "Government Hospital Mandideep", "osm_id": 7095378495, "osm_type": "node", "osm_tag": "amenity=hospital", "operator": ""}}, {"type": "Feature", "geometry": {"type": "Point", "coordinates": [77.340247, 23.2721125]}, "properties": {"kind": "hospital", "name": "Civil Hospital", "osm_id": 7096140058, "osm_type": "node", "osm_tag": "amenity=hospital", "operator": ""}}, {"type": "Feature", "geometry": {"type": "Point", "coordinates": [77.3973834, 23.2339794]}, "properties": {"kind": "hospital", "name": "KAILASH NATH KATJU", "osm_id": 7103460542, "osm_type": "node", "osm_tag": "amenity=hospital", "operator": ""}}, {"type": "Feature", "geometry": {"type": "Point", "coordinates": [77.4584547, 23.2093426]}, "properties": {"kind": "hospital", "name": "All India Institute of Medical Sciences (AIIMS), Bhopal", "osm_id": 7106710075, "osm_type": "node", "osm_tag": "amenity=hospital", "operator": ""}}, {"type": "Feature", "geometry": {"type": "Point", "coordinates": [77.4285038, 23.2089715]}, "properties": {"kind": "clinic", "name": "Civil Dispensary 1100 Quarter", "osm_id": 7107683358, "osm_type": "node", "osm_tag": "amenity=clinic", "operator": ""}}, {"type": "Feature", "geometry": {"type": "Point", "coordinates": [77.3916972, 23.2714472]}, "properties": {"kind": "hospital", "name": "MASTERLAL SINGH HOSPITAL", "osm_id": 7108262174, "osm_type": "node", "osm_tag": "amenity=hospital", "operator": ""}}, {"type": "Feature", "geometry": {"type": "Point", "coordinates": [77.438149, 23.182475]}, "properties": {"kind": "hospital", "name": "Jaanki Hospital Bhopal", "osm_id": 7288502754, "osm_type": "node", "osm_tag": "amenity=hospital", "operator": ""}}, {"type": "Feature", "geometry": {"type": "Point", "coordinates": [77.437564, 23.212475]}, "properties": {"kind": "hospital", "name": "Gastrocare, Liver & Digestive Disease Center", "osm_id": 7288502757, "osm_type": "node", "osm_tag": "amenity=hospital", "operator": ""}}, {"type": "Feature", "geometry": {"type": "Point", "coordinates": [77.427917, 23.179017]}, "properties": {"kind": "hospital", "name": "J.K Hospital", "osm_id": 7288502759, "osm_type": "node", "osm_tag": "amenity=hospital", "operator": ""}}, {"type": "Feature", "geometry": {"type": "Point", "coordinates": [77.431569, 23.209923]}, "properties": {"kind": "hospital", "name": "Malti Hospital & Test Tube Baby Centre", "osm_id": 7288502761, "osm_type": "node", "osm_tag": "amenity=hospital", "operator": ""}}, {"type": "Feature", "geometry": {"type": "Point", "coordinates": [77.478925, 23.176076]}, "properties": {"kind": "hospital", "name": "RKDF Medical College Hospital & Research Centre", "osm_id": 7288502763, "osm_type": "node", "osm_tag": "amenity=hospital", "operator": ""}}, {"type": "Feature", "geometry": {"type": "Point", "coordinates": [77.5106645, 23.1051591]}, "properties": {"kind": "hospital", "name": "care and cure hospital mandideep", "osm_id": 7288502764, "osm_type": "node", "osm_tag": "amenity=hospital", "operator": ""}}, {"type": "Feature", "geometry": {"type": "Point", "coordinates": [77.438402, 23.20852]}, "properties": {"kind": "hospital", "name": "Manahi Hospital", "osm_id": 7288502765, "osm_type": "node", "osm_tag": "amenity=hospital", "operator": ""}}, {"type": "Feature", "geometry": {"type": "Point", "coordinates": [77.460498, 23.172951]}, "properties": {"kind": "hospital", "name": "B.S.Sacklecha Hospital And Trauma Centre", "osm_id": 7288502766, "osm_type": "node", "osm_tag": "amenity=hospital", "operator": ""}}, {"type": "Feature", "geometry": {"type": "Point", "coordinates": [77.4281443, 23.1709998]}, "properties": {"kind": "hospital", "name": "Orthocare Hospital", "osm_id": 7288502767, "osm_type": "node", "osm_tag": "amenity=hospital", "operator": ""}}, {"type": "Feature", "geometry": {"type": "Point", "coordinates": [77.434562, 23.196031]}, "properties": {"kind": "hospital", "name": "Kanha Maternity & Child Care Hospital", "osm_id": 7288502769, "osm_type": "node", "osm_tag": "amenity=hospital", "operator": ""}}, {"type": "Feature", "geometry": {"type": "Point", "coordinates": [77.415595, 23.165835]}, "properties": {"kind": "hospital", "name": "Mishra Hospital", "osm_id": 7288502770, "osm_type": "node", "osm_tag": "amenity=hospital", "operator": ""}}, {"type": "Feature", "geometry": {"type": "Point", "coordinates": [77.473807, 23.194218]}, "properties": {"kind": "hospital", "name": "Mount Hospital Bhopal", "osm_id": 7288502772, "osm_type": "node", "osm_tag": "amenity=hospital", "operator": ""}}, {"type": "Feature", "geometry": {"type": "Point", "coordinates": [77.46877, 23.163029]}, "properties": {"kind": "hospital", "name": "L.G.M. Hospital", "osm_id": 7288502773, "osm_type": "node", "osm_tag": "amenity=hospital", "operator": ""}}, {"type": "Feature", "geometry": {"type": "Point", "coordinates": [77.474917, 23.153644]}, "properties": {"kind": "hospital", "name": "Dulaar Children Hospital", "osm_id": 7288502776, "osm_type": "node", "osm_tag": "amenity=hospital", "operator": ""}}, {"type": "Feature", "geometry": {"type": "Point", "coordinates": [77.4201867, 23.1847754]}, "properties": {"kind": "hospital", "name": "Shree Vinayak Hospital", "osm_id": 7288502777, "osm_type": "node", "osm_tag": "amenity=hospital", "operator": ""}}, {"type": "Feature", "geometry": {"type": "Point", "coordinates": [77.433355, 23.2149023]}, "properties": {"kind": "hospital", "name": "Colony Care Multi-Speciality Hospital", "osm_id": 7288502779, "osm_type": "node", "osm_tag": "amenity=hospital", "operator": ""}}, {"type": "Feature", "geometry": {"type": "Point", "coordinates": [77.4309133, 23.2120918]}, "properties": {"kind": "hospital", "name": "Jainmshree Hospital", "osm_id": 7288502783, "osm_type": "node", "osm_tag": "amenity=hospital", "operator": ""}}, {"type": "Feature", "geometry": {"type": "Point", "coordinates": [77.4233654, 23.1720945]}, "properties": {"kind": "hospital", "name": "V Care Children Hospital", "osm_id": 7288502784, "osm_type": "node", "osm_tag": "amenity=hospital", "operator": ""}}, {"type": "Feature", "geometry": {"type": "Point", "coordinates": [77.425342, 23.171339]}, "properties": {"kind": "hospital", "name": "Siddhanta Hospital", "osm_id": 7288502787, "osm_type": "node", "osm_tag": "amenity=hospital", "operator": ""}}, {"type": "Feature", "geometry": {"type": "Point", "coordinates": [77.4657937, 23.195543]}, "properties": {"kind": "hospital", "name": "Ojas Hospital", "osm_id": 7288502792, "osm_type": "node", "osm_tag": "amenity=hospital", "operator": ""}}, {"type": "Feature", "geometry": {"type": "Point", "coordinates": [77.4084467, 23.131535]}, "properties": {"kind": "hospital", "name": "Sks Hospital Bhopal", "osm_id": 7288502795, "osm_type": "node", "osm_tag": "amenity=hospital", "operator": ""}}, {"type": "Feature", "geometry": {"type": "Point", "coordinates": [77.418302, 23.209026]}, "properties": {"kind": "hospital", "name": "RBM Advanced Eye Hospital", "osm_id": 7288502798, "osm_type": "node", "osm_tag": "amenity=hospital", "operator": ""}}, {"type": "Feature", "geometry": {"type": "Point", "coordinates": [77.5135388, 23.1008064]}, "properties": {"kind": "hospital", "name": "Asha Hospital", "osm_id": 7288502801, "osm_type": "node", "osm_tag": "amenity=hospital", "operator": ""}}, {"type": "Feature", "geometry": {"type": "Point", "coordinates": [77.45071, 23.202278]}, "properties": {"kind": "hospital", "name": "University Hospital", "osm_id": 7288502802, "osm_type": "node", "osm_tag": "amenity=hospital", "operator": ""}}, {"type": "Feature", "geometry": {"type": "Point", "coordinates": [77.4466394, 23.201299]}, "properties": {"kind": "hospital", "name": "Swasth Hospital", "osm_id": 7288502807, "osm_type": "node", "osm_tag": "amenity=hospital", "operator": ""}}, {"type": "Feature", "geometry": {"type": "Point", "coordinates": [77.432685, 23.191201]}, "properties": {"kind": "hospital", "name": "Shri Siddhi Vinayak Miracles Hospital", "osm_id": 7288502810, "osm_type": "node", "osm_tag": "amenity=hospital", "operator": ""}}, {"type": "Feature", "geometry": {"type": "Point", "coordinates": [77.4693157, 23.1623654]}, "properties": {"kind": "hospital", "name": "Bhopal City Hospital", "osm_id": 7288502811, "osm_type": "node", "osm_tag": "amenity=hospital", "operator": ""}}, {"type": "Feature", "geometry": {"type": "Point", "coordinates": [77.435336, 23.186688]}, "properties": {"kind": "hospital", "name": "Krishna Hospital", "osm_id": 7288502813, "osm_type": "node", "osm_tag": "amenity=hospital", "operator": ""}}, {"type": "Feature", "geometry": {"type": "Point", "coordinates": [77.5354616, 23.1387028]}, "properties": {"kind": "hospital", "name": "Central Reserve Police Force - Composite Hospital", "osm_id": 7288502817, "osm_type": "node", "osm_tag": "amenity=hospital", "operator": ""}}, {"type": "Feature", "geometry": {"type": "Point", "coordinates": [77.396377, 23.213384]}, "properties": {"kind": "hospital", "name": "bansal hospital", "osm_id": 7288502818, "osm_type": "node", "osm_tag": "amenity=hospital", "operator": ""}}, {"type": "Feature", "geometry": {"type": "Point", "coordinates": [77.432444, 23.21118]}, "properties": {"kind": "hospital", "name": "Astha Hospital", "osm_id": 7288502822, "osm_type": "node", "osm_tag": "amenity=hospital", "operator": ""}}, {"type": "Feature", "geometry": {"type": "Point", "coordinates": [77.428247, 23.177274]}, "properties": {"kind": "hospital", "name": "LN Medical Collage and J.K Hospital", "osm_id": 7288502823, "osm_type": "node", "osm_tag": "amenity=hospital", "operator": ""}}, {"type": "Feature", "geometry": {"type": "Point", "coordinates": [77.414268, 23.199468]}, "properties": {"kind": "hospital", "name": "Dr Kamlesh Talesara", "osm_id": 7288502826, "osm_type": "node", "osm_tag": "amenity=hospital", "operator": ""}}, {"type": "Feature", "geometry": {"type": "Point", "coordinates": [77.4301604, 23.1978545]}, "properties": {"kind": "hospital", "name": "Shalya Joint Care Hospital", "osm_id": 7288502828, "osm_type": "node", "osm_tag": "amenity=hospital", "operator": ""}}, {"type": "Feature", "geometry": {"type": "Point", "coordinates": [77.41431, 23.163756]}, "properties": {"kind": "hospital", "name": "Divya Hospital", "osm_id": 7288502832, "osm_type": "node", "osm_tag": "amenity=hospital", "operator": ""}}, {"type": "Feature", "geometry": {"type": "Point", "coordinates": [77.41736, 23.187859]}, "properties": {"kind": "hospital", "name": "Matratva Hospital", "osm_id": 7288502834, "osm_type": "node", "osm_tag": "amenity=hospital", "operator": ""}}, {"type": "Feature", "geometry": {"type": "Point", "coordinates": [77.450875, 23.185204]}, "properties": {"kind": "hospital", "name": "rkdf hospital", "osm_id": 7288502836, "osm_type": "node", "osm_tag": "amenity=hospital", "operator": ""}}, {"type": "Feature", "geometry": {"type": "Point", "coordinates": [77.471741, 23.173442]}, "properties": {"kind": "hospital", "name": "Bhabha General Hospital", "osm_id": 7288502839, "osm_type": "node", "osm_tag": "amenity=hospital", "operator": ""}}, {"type": "Feature", "geometry": {"type": "Point", "coordinates": [77.446307, 23.202132]}, "properties": {"kind": "hospital", "name": "Shri Satya Sai Hospital", "osm_id": 7288502841, "osm_type": "node", "osm_tag": "amenity=hospital", "operator": ""}}, {"type": "Feature", "geometry": {"type": "Point", "coordinates": [77.4590072, 23.1722091]}, "properties": {"kind": "hospital", "name": "Ubbuntu Heart Hospital", "osm_id": 7288502842, "osm_type": "node", "osm_tag": "amenity=hospital", "operator": ""}}, {"type": "Feature", "geometry": {"type": "Point", "coordinates": [77.422264, 23.171374]}, "properties": {"kind": "hospital", "name": "Galaxy hospital", "osm_id": 7288502845, "osm_type": "node", "osm_tag": "amenity=hospital", "operator": ""}}, {"type": "Feature", "geometry": {"type": "Point", "coordinates": [77.447214, 23.199138]}, "properties": {"kind": "clinic", "name": "The Glory Skin Clinic", "osm_id": 7288502847, "osm_type": "node", "osm_tag": "amenity=clinic", "operator": ""}}, {"type": "Feature", "geometry": {"type": "Point", "coordinates": [77.428613, 23.1587783]}, "properties": {"kind": "hospital", "name": "Shivalaya Hospital", "osm_id": 7288502848, "osm_type": "node", "osm_tag": "amenity=hospital", "operator": ""}}, {"type": "Feature", "geometry": {"type": "Point", "coordinates": [77.4264, 23.253359]}, "properties": {"kind": "hospital", "name": "All Care Hospital", "osm_id": 7288631338, "osm_type": "node", "osm_tag": "amenity=hospital", "operator": ""}}, {"type": "Feature", "geometry": {"type": "Point", "coordinates": [77.339174, 23.266028]}, "properties": {"kind": "hospital", "name": "Sant Hirdaram Yoga and Nature cure Hospital", "osm_id": 7288631339, "osm_type": "node", "osm_tag": "amenity=hospital", "operator": ""}}, {"type": "Feature", "geometry": {"type": "Point", "coordinates": [77.486122, 23.252763]}, "properties": {"kind": "hospital", "name": "Jamna Hospital", "osm_id": 7288631340, "osm_type": "node", "osm_tag": "amenity=hospital", "operator": ""}}, {"type": "Feature", "geometry": {"type": "Point", "coordinates": [77.380524, 23.264925]}, "properties": {"kind": "hospital", "name": "Cmas Koh E Fiza Hospital", "osm_id": 7288631341, "osm_type": "node", "osm_tag": "amenity=hospital", "operator": ""}}, {"type": "Feature", "geometry": {"type": "Point", "coordinates": [77.4041094, 23.2521287]}, "properties": {"kind": "hospital", "name": "Unani Hospital", "osm_id": 7288631342, "osm_type": "node", "osm_tag": "amenity=hospital", "operator": ""}}, {"type": "Feature", "geometry": {"type": "Point", "coordinates": [77.393839, 23.263746]}, "properties": {"kind": "hospital", "name": "Silver Line Hospital", "osm_id": 7288631343, "osm_type": "node", "osm_tag": "amenity=hospital", "operator": ""}}, {"type": "Feature", "geometry": {"type": "Point", "coordinates": [77.372306, 23.277062]}, "properties": {"kind": "hospital", "name": "Maheshwari Hospital", "osm_id": 7288631344, "osm_type": "node", "osm_tag": "amenity=hospital", "operator": ""}}, {"type": "Feature", "geometry": {"type": "Point", "coordinates": [77.39392, 23.2632152]}, "properties": {"kind": "hospital", "name": "Paras Hospital", "osm_id": 7288631345, "osm_type": "node", "osm_tag": "amenity=hospital", "operator": ""}}, {"type": "Feature", "geometry": {"type": "Point", "coordinates": [77.4169728, 23.2500507]}, "properties": {"kind": "hospital", "name": "Nandan Hospital", "osm_id": 7288631346, "osm_type": "node", "osm_tag": "amenity=hospital", "operator": ""}}, {"type": "Feature", "geometry": {"type": "Point", "coordinates": [77.4959018, 23.238589]}, "properties": {"kind": "hospital", "name": "Metro Multispeciality & Fracture Hospital", "osm_id": 7288631347, "osm_type": "node", "osm_tag": "amenity=hospital", "operator": ""}}, {"type": "Feature", "geometry": {"type": "Point", "coordinates": [77.37255, 23.276649]}, "properties": {"kind": "hospital", "name": "Madhavbaug cardiac clinic", "osm_id": 7288631348, "osm_type": "node", "osm_tag": "amenity=hospital", "operator": ""}}, {"type": "Feature", "geometry": {"type": "Point", "coordinates": [77.3957463, 23.258056]}, "properties": {"kind": "hospital", "name": "Maxcare Hospital", "osm_id": 7288631349, "osm_type": "node", "osm_tag": "amenity=hospital", "operator": ""}}, {"type": "Feature", "geometry": {"type": "Point", "coordinates": [77.488308, 23.249134]}, "properties": {"kind": "hospital", "name": "Gayatri Hospital And Trauma Centre", "osm_id": 7288631350, "osm_type": "node", "osm_tag": "amenity=hospital", "operator": ""}}, {"type": "Feature", "geometry": {"type": "Point", "coordinates": [77.4074972, 23.2697662]}, "properties": {"kind": "hospital", "name": "Hayat Hospital", "osm_id": 7288631351, "osm_type": "node", "osm_tag": "amenity=hospital", "operator": ""}}, {"type": "Feature", "geometry": {"type": "Point", "coordinates": [77.435997, 23.255325]}, "properties": {"kind": "hospital", "name": "Srijan Hospital", "osm_id": 7288631352, "osm_type": "node", "osm_tag": "amenity=hospital", "operator": ""}}, {"type": "Feature", "geometry": {"type": "Point", "coordinates": [77.434557, 23.221097]}, "properties": {"kind": "hospital", "name": "Colony Hospital", "osm_id": 7288631354, "osm_type": "node", "osm_tag": "amenity=hospital", "operator": ""}}, {"type": "Feature", "geometry": {"type": "Point", "coordinates": [77.467351, 23.269603]}, "properties": {"kind": "hospital", "name": "Zindagi Hospital", "osm_id": 7288631355, "osm_type": "node", "osm_tag": "amenity=hospital", "operator": ""}}, {"type": "Feature", "geometry": {"type": "Point", "coordinates": [77.4826762, 23.2195151]}, "properties": {"kind": "hospital", "name": "Thyrocare Centre", "osm_id": 7288631356, "osm_type": "node", "osm_tag": "amenity=hospital", "operator": ""}}, {"type": "Feature", "geometry": {"type": "Point", "coordinates": [77.4311342, 23.253862]}, "properties": {"kind": "hospital", "name": "Gas Rahat Hospital", "osm_id": 7288631357, "osm_type": "node", "osm_tag": "amenity=hospital", "operator": ""}}, {"type": "Feature", "geometry": {"type": "Point", "coordinates": [77.4200427, 23.2668298]}, "properties": {"kind": "hospital", "name": "Bhopal Memorial & Gas Rahat Hospital", "osm_id": 7288631358, "osm_type": "node", "osm_tag": "amenity=hospital", "operator": ""}}, {"type": "Feature", "geometry": {"type": "Point", "coordinates": [77.4599857, 23.2514169]}, "properties": {"kind": "hospital", "name": "MP Hospital Bhopal", "osm_id": 7288631359, "osm_type": "node", "osm_tag": "amenity=hospital", "operator": ""}}, {"type": "Feature", "geometry": {"type": "Point", "coordinates": [77.3992566, 23.2633324]}, "properties": {"kind": "hospital", "name": "Ballabh ENT Hospital", "osm_id": 7288631360, "osm_type": "node", "osm_tag": "amenity=hospital", "operator": ""}}, {"type": "Feature", "geometry": {"type": "Point", "coordinates": [77.41259, 23.251139]}, "properties": {"kind": "hospital", "name": "Mehko Hospital", "osm_id": 7288631361, "osm_type": "node", "osm_tag": "amenity=hospital", "operator": ""}}, {"type": "Feature", "geometry": {"type": "Point", "coordinates": [77.428758, 23.2615613]}, "properties": {"kind": "hospital", "name": "Hindustan Hospital", "osm_id": 7288631362, "osm_type": "node", "osm_tag": "amenity=hospital", "operator": ""}}, {"type": "Feature", "geometry": {"type": "Point", "coordinates": [77.48461, 23.2504261]}, "properties": {"kind": "hospital", "name": "Gayatri Hospital Anand Nagar", "osm_id": 7288631363, "osm_type": "node", "osm_tag": "amenity=hospital", "operator": ""}}, {"type": "Feature", "geometry": {"type": "Point", "coordinates": [77.4347058, 23.2337463]}, "properties": {"kind": "hospital", "name": "Batra Hospital", "osm_id": 7288631364, "osm_type": "node", "osm_tag": "amenity=hospital", "operator": ""}}, {"type": "Feature", "geometry": {"type": "Point", "coordinates": [77.3668008, 23.2737457]}, "properties": {"kind": "hospital", "name": "Care Infinity Hospital", "osm_id": 7288631365, "osm_type": "node", "osm_tag": "amenity=hospital", "operator": ""}}, {"type": "Feature", "geometry": {"type": "Point", "coordinates": [77.4053093, 23.2604152]}, "properties": {"kind": "hospital", "name": "Pulse hospital", "osm_id": 7288631366, "osm_type": "node", "osm_tag": "amenity=hospital", "operator": ""}}, {"type": "Feature", "geometry": {"type": "Point", "coordinates": [77.4881688, 23.250024]}, "properties": {"kind": "hospital", "name": "M J Hospital", "osm_id": 7288631367, "osm_type": "node", "osm_tag": "amenity=hospital", "operator": ""}}, {"type": "Feature", "geometry": {"type": "Point", "coordinates": [77.4504262, 23.2314706]}, "properties": {"kind": "hospital", "name": "Career Hospital", "osm_id": 7288631368, "osm_type": "node", "osm_tag": "amenity=hospital", "operator": ""}}, {"type": "Feature", "geometry": {"type": "Point", "coordinates": [77.441712, 23.2498466]}, "properties": {"kind": "hospital", "name": "Shree Shubh Hospital", "osm_id": 7288631369, "osm_type": "node", "osm_tag": "amenity=hospital", "operator": ""}}, {"type": "Feature", "geometry": {"type": "Point", "coordinates": [77.4864343, 23.2280354]}, "properties": {"kind": "hospital", "name": "Sakshi co-operative hospital", "osm_id": 7288631370, "osm_type": "node", "osm_tag": "amenity=hospital", "operator": ""}}, {"type": "Feature", "geometry": {"type": "Point", "coordinates": [77.4015169, 23.2705381]}, "properties": {"kind": "hospital", "name": "Darbari Hospital", "osm_id": 7288631371, "osm_type": "node", "osm_tag": "amenity=hospital", "operator": ""}}, {"type": "Feature", "geometry": {"type": "Point", "coordinates": [77.478446, 23.257513]}, "properties": {"kind": "hospital", "name": "Hope s s hospital", "osm_id": 7288631372, "osm_type": "node", "osm_tag": "amenity=hospital", "operator": ""}}, {"type": "Feature", "geometry": {"type": "Point", "coordinates": [77.433678, 23.253224]}, "properties": {"kind": "hospital", "name": "Mona Hospital", "osm_id": 7288631373, "osm_type": "node", "osm_tag": "amenity=hospital", "operator": ""}}, {"type": "Feature", "geometry": {"type": "Point", "coordinates": [77.484838, 23.222251]}, "properties": {"kind": "hospital", "name": "aashirwad multispeciality hospital", "osm_id": 7288631374, "osm_type": "node", "osm_tag": "amenity=hospital", "operator": ""}}, {"type": "Feature", "geometry": {"type": "Point", "coordinates": [77.4726603, 23.2655073]}, "properties": {"kind": "hospital", "name": "Shubh Hospital", "osm_id": 7288631375, "osm_type": "node", "osm_tag": "amenity=hospital", "operator": ""}}, {"type": "Feature", "geometry": {"type": "Point", "coordinates": [77.430376, 23.220139]}, "properties": {"kind": "hospital", "name": "Parulkar Hospitals", "osm_id": 7288631376, "osm_type": "node", "osm_tag": "amenity=hospital", "operator": ""}}, {"type": "Feature", "geometry": {"type": "Point", "coordinates": [77.466163, 23.252527]}, "properties": {"kind": "hospital", "name": "R.K. Hospital and Research Centre (A Unit of R.K Healthcare)", "osm_id": 7288631377, "osm_type": "node", "osm_tag": "amenity=hospital", "operator": ""}}, {"type": "Feature", "geometry": {"type": "Point", "coordinates": [77.3941763, 23.2646039]}, "properties": {"kind": "hospital", "name": "Central Hospital & Research Center", "osm_id": 7288631378, "osm_type": "node", "osm_tag": "amenity=hospital", "operator": ""}}, {"type": "Feature", "geometry": {"type": "Point", "coordinates": [77.504064, 23.252094]}, "properties": {"kind": "hospital", "name": "Arnav Hospital, Bhopal", "osm_id": 7288631379, "osm_type": "node", "osm_tag": "amenity=hospital", "operator": ""}}, {"type": "Feature", "geometry": {"type": "Point", "coordinates": [77.3938354, 23.2635646]}, "properties": {"kind": "hospital", "name": "Unique Hospital", "osm_id": 7288631380, "osm_type": "node", "osm_tag": "amenity=hospital", "operator": ""}}, {"type": "Feature", "geometry": {"type": "Point", "coordinates": [77.33363, 23.276895]}, "properties": {"kind": "clinic", "name": "ECHS Polyclinic", "osm_id": 7288631381, "osm_type": "node", "osm_tag": "amenity=clinic", "operator": ""}}, {"type": "Feature", "geometry": {"type": "Point", "coordinates": [77.503047, 23.25137]}, "properties": {"kind": "hospital", "name": "Nagpur Hospital", "osm_id": 7288631382, "osm_type": "node", "osm_tag": "amenity=hospital", "operator": ""}}, {"type": "Feature", "geometry": {"type": "Point", "coordinates": [77.46257, 23.261919]}, "properties": {"kind": "hospital", "name": "Dolphin Children Hospital", "osm_id": 7288631383, "osm_type": "node", "osm_tag": "amenity=hospital", "operator": ""}}, {"type": "Feature", "geometry": {"type": "Point", "coordinates": [77.502513, 23.250681]}, "properties": {"kind": "hospital", "name": "Rudransh Multispeciality Hospital", "osm_id": 7288631384, "osm_type": "node", "osm_tag": "amenity=hospital", "operator": ""}}, {"type": "Feature", "geometry": {"type": "Point", "coordinates": [77.4962629, 23.2380758]}, "properties": {"kind": "hospital", "name": "Vaishno Hospital bhopal", "osm_id": 7288631385, "osm_type": "node", "osm_tag": "amenity=hospital", "operator": ""}}, {"type": "Feature", "geometry": {"type": "Point", "coordinates": [77.3781166, 23.2750528]}, "properties": {"kind": "hospital", "name": "T B Hospital", "osm_id": 7288631386, "osm_type": "node", "osm_tag": "amenity=hospital", "operator": ""}}, {"type": "Feature", "geometry": {"type": "Point", "coordinates": [77.4010633, 23.2610396]}, "properties": {"kind": "hospital", "name": "Indira Gandhi Hospital", "osm_id": 7288631387, "osm_type": "node", "osm_tag": "amenity=hospital", "operator": ""}}, {"type": "Feature", "geometry": {"type": "Point", "coordinates": [77.4113718, 23.2465243]}, "properties": {"kind": "hospital", "name": "Police Hospital", "osm_id": 7288631388, "osm_type": "node", "osm_tag": "amenity=hospital", "operator": ""}}, {"type": "Feature", "geometry": {"type": "Point", "coordinates": [77.3959966, 23.2337404]}, "properties": {"kind": "hospital", "name": "G.S.M. Hospital", "osm_id": 7288631389, "osm_type": "node", "osm_tag": "amenity=hospital", "operator": ""}}, {"type": "Feature", "geometry": {"type": "Point", "coordinates": [77.370737, 23.273679]}, "properties": {"kind": "hospital", "name": "Tripti Hospital", "osm_id": 7288631390, "osm_type": "node", "osm_tag": "amenity=hospital", "operator": ""}}, {"type": "Feature", "geometry": {"type": "Point", "coordinates": [77.4081332, 23.2552746]}, "properties": {"kind": "hospital", "name": "Superintendent Office Sultania Zanana Hospital", "osm_id": 7288631391, "osm_type": "node", "osm_tag": "amenity=hospital", "operator": ""}}, {"type": "Feature", "geometry": {"type": "Point", "coordinates": [77.4104892, 23.2435872]}, "properties": {"kind": "hospital", "name": "Protima Mullik Police Lady Hospital", "osm_id": 7288631392, "osm_type": "node", "osm_tag": "amenity=hospital", "operator": ""}}, {"type": "Feature", "geometry": {"type": "Point", "coordinates": [77.4306234, 23.2207305]}, "properties": {"kind": "hospital", "name": "MKM Stone & Urology Hospital", "osm_id": 7288631393, "osm_type": "node", "osm_tag": "amenity=hospital", "operator": ""}}, {"type": "Feature", "geometry": {"type": "Point", "coordinates": [77.401097, 23.268316]}, "properties": {"kind": "hospital", "name": "Saluja Hospital", "osm_id": 7288631394, "osm_type": "node", "osm_tag": "amenity=hospital", "operator": ""}}, {"type": "Feature", "geometry": {"type": "Point", "coordinates": [77.424238, 23.216619]}, "properties": {"kind": "hospital", "name": "Global Hospital", "osm_id": 7288631395, "osm_type": "node", "osm_tag": "amenity=hospital", "operator": ""}}, {"type": "Feature", "geometry": {"type": "Point", "coordinates": [77.413919, 23.253402]}, "properties": {"kind": "hospital", "name": "Jaimini Hospital", "osm_id": 7288631396, "osm_type": "node", "osm_tag": "amenity=hospital", "operator": ""}}, {"type": "Feature", "geometry": {"type": "Point", "coordinates": [77.400791, 23.266097]}, "properties": {"kind": "hospital", "name": "Sunetra Eye Hospital", "osm_id": 7288631397, "osm_type": "node", "osm_tag": "amenity=hospital", "operator": ""}}, {"type": "Feature", "geometry": {"type": "Point", "coordinates": [77.461701, 23.253032]}, "properties": {"kind": "hospital", "name": "Navodaya Cancer Hospital", "osm_id": 7288631398, "osm_type": "node", "osm_tag": "amenity=hospital", "operator": ""}}, {"type": "Feature", "geometry": {"type": "Point", "coordinates": [77.4656512, 23.2649868]}, "properties": {"kind": "hospital", "name": "Anand Joint Replacement Centre", "osm_id": 7288631399, "osm_type": "node", "osm_tag": "amenity=hospital", "operator": ""}}, {"type": "Feature", "geometry": {"type": "Point", "coordinates": [77.430654, 23.2507344]}, "properties": {"kind": "hospital", "name": "OM Hospital", "osm_id": 7288631400, "osm_type": "node", "osm_tag": "amenity=hospital", "operator": ""}}, {"type": "Feature", "geometry": {"type": "Point", "coordinates": [77.422628, 23.2503903]}, "properties": {"kind": "hospital", "name": "Jupiter Hospital", "osm_id": 7288631401, "osm_type": "node", "osm_tag": "amenity=hospital", "operator": ""}}, {"type": "Feature", "geometry": {"type": "Point", "coordinates": [77.443582, 23.231072]}, "properties": {"kind": "hospital", "name": "Indira IVF Bhopal", "osm_id": 7288631402, "osm_type": "node", "osm_tag": "amenity=hospital", "operator": ""}}, {"type": "Feature", "geometry": {"type": "Point", "coordinates": [77.344475, 23.272502]}, "properties": {"kind": "hospital", "name": "Hardev Hospital", "osm_id": 7288631403, "osm_type": "node", "osm_tag": "amenity=hospital", "operator": ""}}, {"type": "Feature", "geometry": {"type": "Point", "coordinates": [77.397161, 23.258135]}, "properties": {"kind": "hospital", "name": "Chirayu Health & Medicare Pvt. Ltd.", "osm_id": 7288631404, "osm_type": "node", "osm_tag": "amenity=hospital", "operator": ""}}, {"type": "Feature", "geometry": {"type": "Point", "coordinates": [77.471653, 23.249564]}, "properties": {"kind": "hospital", "name": "Sachin Mamta Hospital", "osm_id": 7288631405, "osm_type": "node", "osm_tag": "amenity=hospital", "operator": ""}}, {"type": "Feature", "geometry": {"type": "Point", "coordinates": [77.399811, 23.224112]}, "properties": {"kind": "hospital", "name": "A.K. Hospital", "osm_id": 7288631406, "osm_type": "node", "osm_tag": "amenity=hospital", "operator": ""}}, {"type": "Feature", "geometry": {"type": "Point", "coordinates": [77.401481, 23.2704374]}, "properties": {"kind": "hospital", "name": "Nandan Hospital", "osm_id": 7288631407, "osm_type": "node", "osm_tag": "amenity=hospital", "operator": ""}}, {"type": "Feature", "geometry": {"type": "Point", "coordinates": [77.418607, 23.257099]}, "properties": {"kind": "hospital", "name": "Mansi Hospital", "osm_id": 7288631408, "osm_type": "node", "osm_tag": "amenity=hospital", "operator": ""}}, {"type": "Feature", "geometry": {"type": "Point", "coordinates": [77.4002823, 23.245765]}, "properties": {"kind": "hospital", "name": "Aggrawal's Bombay Children Hospital", "osm_id": 7288631409, "osm_type": "node", "osm_tag": "amenity=hospital", "operator": ""}}, {"type": "Feature", "geometry": {"type": "Point", "coordinates": [77.380268, 23.22181]}, "properties": {"kind": "hospital", "name": "25Th Battalion Hospital", "osm_id": 7288631410, "osm_type": "node", "osm_tag": "amenity=hospital", "operator": ""}}, {"type": "Feature", "geometry": {"type": "Point", "coordinates": [77.3956623, 23.2696244]}, "properties": {"kind": "hospital", "name": "Suyash Hospital", "osm_id": 7288631411, "osm_type": "node", "osm_tag": "amenity=hospital", "operator": ""}}, {"type": "Feature", "geometry": {"type": "Point", "coordinates": [77.4341465, 23.2197879]}, "properties": {"kind": "hospital", "name": "Dr Rahul Agarwal ENT Clinic", "osm_id": 7288631412, "osm_type": "node", "osm_tag": "amenity=hospital", "operator": ""}}, {"type": "Feature", "geometry": {"type": "Point", "coordinates": [77.496581, 23.252268]}, "properties": {"kind": "hospital", "name": "Swastik Hospital", "osm_id": 7288631413, "osm_type": "node", "osm_tag": "amenity=hospital", "operator": ""}}, {"type": "Feature", "geometry": {"type": "Point", "coordinates": [77.419474, 23.264439]}, "properties": {"kind": "hospital", "name": "Narayan Shri Homeopathic Hospital", "osm_id": 7288631414, "osm_type": "node", "osm_tag": "amenity=hospital", "operator": ""}}, {"type": "Feature", "geometry": {"type": "Point", "coordinates": [77.4388478, 23.2154253]}, "properties": {"kind": "hospital", "name": "ASG Eye Hospital", "osm_id": 7288631415, "osm_type": "node", "osm_tag": "amenity=hospital", "operator": ""}}, {"type": "Feature", "geometry": {"type": "Point", "coordinates": [77.458523, 23.251641]}, "properties": {"kind": "hospital", "name": "Devi Rajeshwari Hospital", "osm_id": 7288631416, "osm_type": "node", "osm_tag": "amenity=hospital", "operator": ""}}, {"type": "Feature", "geometry": {"type": "Point", "coordinates": [77.3938848, 23.2633705]}, "properties": {"kind": "hospital", "name": "ABM Muntispeciality Hospital", "osm_id": 7288631417, "osm_type": "node", "osm_tag": "amenity=hospital", "operator": ""}}, {"type": "Feature", "geometry": {"type": "Point", "coordinates": [77.40287, 23.2768125]}, "properties": {"kind": "hospital", "name": "Muskan Children's & General Hospital Bhopal", "osm_id": 7288631418, "osm_type": "node", "osm_tag": "amenity=hospital", "operator": ""}}, {"type": "Feature", "geometry": {"type": "Point", "coordinates": [77.4150939, 23.2511711]}, "properties": {"kind": "hospital", "name": "Apple hospital", "osm_id": 7288631419, "osm_type": "node", "osm_tag": "amenity=hospital", "operator": ""}}, {"type": "Feature", "geometry": {"type": "Point", "coordinates": [77.428413, 23.261772]}, "properties": {"kind": "hospital", "name": "Sahaj Hospital", "osm_id": 7288631420, "osm_type": "node", "osm_tag": "amenity=hospital", "operator": ""}}, {"type": "Feature", "geometry": {"type": "Point", "coordinates": [77.402743, 23.274346]}, "properties": {"kind": "hospital", "name": "Peoples General Hospital", "osm_id": 7288631421, "osm_type": "node", "osm_tag": "amenity=hospital", "operator": ""}}, {"type": "Feature", "geometry": {"type": "Point", "coordinates": [77.4049403, 23.2605895]}, "properties": {"kind": "hospital", "name": "Pulse Hospital", "osm_id": 7288631422, "osm_type": "node", "osm_tag": "amenity=hospital", "operator": ""}}, {"type": "Feature", "geometry": {"type": "Point", "coordinates": [77.471633, 23.250344]}, "properties": {"kind": "hospital", "name": "Balaji Fracture & General Hospital", "osm_id": 7288631423, "osm_type": "node", "osm_tag": "amenity=hospital", "operator": ""}}, {"type": "Feature", "geometry": {"type": "Point", "coordinates": [77.429734, 23.232979]}, "properties": {"kind": "hospital", "name": "Himalaya Optical Bhopal", "osm_id": 7288631424, "osm_type": "node", "osm_tag": "amenity=hospital", "operator": ""}}, {"type": "Feature", "geometry": {"type": "Point", "coordinates": [77.380577, 23.27308]}, "properties": {"kind": "hospital", "name": "Cancer Hospital", "osm_id": 7288631425, "osm_type": "node", "osm_tag": "amenity=hospital", "operator": ""}}, {"type": "Feature", "geometry": {"type": "Point", "coordinates": [77.4859876, 23.2386597]}, "properties": {"kind": "hospital", "name": "Lord Buddha Hospital", "osm_id": 7288631426, "osm_type": "node", "osm_tag": "amenity=hospital", "operator": ""}}, {"type": "Feature", "geometry": {"type": "Point", "coordinates": [77.3932195, 23.230583]}, "properties": {"kind": "hospital", "name": "Jindal Maternity Hospital", "osm_id": 7288631427, "osm_type": "node", "osm_tag": "amenity=hospital", "operator": ""}}, {"type": "Feature", "geometry": {"type": "Point", "coordinates": [77.3452807, 23.2720075]}, "properties": {"kind": "hospital", "name": "Kiishnani Hospital", "osm_id": 7288631428, "osm_type": "node", "osm_tag": "amenity=hospital", "operator": ""}}, {"type": "Feature", "geometry": {"type": "Point", "coordinates": [77.3947884, 23.2676797]}, "properties": {"kind": "hospital", "name": "Manya Hospital", "osm_id": 7288631429, "osm_type": "node", "osm_tag": "amenity=hospital", "operator": ""}}, {"type": "Feature", "geometry": {"type": "Point", "coordinates": [77.405068, 23.323475]}, "properties": {"kind": "hospital", "name": "Global Hospital", "osm_id": 7288793800, "osm_type": "node", "osm_tag": "amenity=hospital", "operator": ""}}, {"type": "Feature", "geometry": {"type": "Point", "coordinates": [77.4662053, 23.2813234]}, "properties": {"kind": "hospital", "name": "Srijan General Hospital And Nursing Home", "osm_id": 7288793801, "osm_type": "node", "osm_tag": "amenity=hospital", "operator": ""}}, {"type": "Feature", "geometry": {"type": "Point", "coordinates": [77.465615, 23.280336]}, "properties": {"kind": "hospital", "name": "Mohit Day Care Hospital", "osm_id": 7288793804, "osm_type": "node", "osm_tag": "amenity=hospital", "operator": ""}}, {"type": "Feature", "geometry": {"type": "Point", "coordinates": [77.40302, 23.278182]}, "properties": {"kind": "hospital", "name": "New star hospital", "osm_id": 7288793808, "osm_type": "node", "osm_tag": "amenity=hospital", "operator": ""}}, {"type": "Feature", "geometry": {"type": "Point", "coordinates": [77.408562, 23.302993]}, "properties": {"kind": "hospital", "name": "Aadhar Hospital", "osm_id": 7288793809, "osm_type": "node", "osm_tag": "amenity=hospital", "operator": ""}}, {"type": "Feature", "geometry": {"type": "Point", "coordinates": [77.3592499, 23.2817728]}, "properties": {"kind": "hospital", "name": "Central Hospital", "osm_id": 7288793822, "osm_type": "node", "osm_tag": "amenity=hospital", "operator": ""}}, {"type": "Feature", "geometry": {"type": "Point", "coordinates": [77.41221, 23.303048]}, "properties": {"kind": "hospital", "name": "Shri Sai Hospital", "osm_id": 7288793831, "osm_type": "node", "osm_tag": "amenity=hospital", "operator": ""}}, {"type": "Feature", "geometry": {"type": "Point", "coordinates": [77.3457958, 23.2955194]}, "properties": {"kind": "hospital", "name": "Shradha Hospital", "osm_id": 7288793834, "osm_type": "node", "osm_tag": "amenity=hospital", "operator": ""}}, {"type": "Feature", "geometry": {"type": "Point", "coordinates": [77.4037377, 23.2926896]}, "properties": {"kind": "hospital", "name": "Promise Children & general Hospital", "osm_id": 7288793840, "osm_type": "node", "osm_tag": "amenity=hospital", "operator": ""}}, {"type": "Feature", "geometry": {"type": "Point", "coordinates": [77.365381, 23.3123573]}, "properties": {"kind": "hospital", "name": "Mahaveer Institute of Medical Sciences and Research", "osm_id": 7288793842, "osm_type": "node", "osm_tag": "amenity=hospital", "operator": ""}}, {"type": "Feature", "geometry": {"type": "Point", "coordinates": [77.422307, 23.280011]}, "properties": {"kind": "hospital", "name": "Divisional Railway Hospital, Bhopal", "osm_id": 7288793843, "osm_type": "node", "osm_tag": "amenity=hospital", "operator": ""}}, {"type": "Feature", "geometry": {"type": "Point", "coordinates": [77.436358, 23.304155]}, "properties": {"kind": "hospital", "name": "Vidhata Multi Speciality Hospital", "osm_id": 7288793845, "osm_type": "node", "osm_tag": "amenity=hospital", "operator": ""}}, {"type": "Feature", "geometry": {"type": "Point", "coordinates": [77.403085, 23.277956]}, "properties": {"kind": "hospital", "name": "New Apex Hospital", "osm_id": 7288793846, "osm_type": "node", "osm_tag": "amenity=hospital", "operator": ""}}, {"type": "Feature", "geometry": {"type": "Point", "coordinates": [77.4061754, 23.3029552]}, "properties": {"kind": "hospital", "name": "Capital Hospital", "osm_id": 7288793847, "osm_type": "node", "osm_tag": "amenity=hospital", "operator": ""}}, {"type": "Feature", "geometry": {"type": "Point", "coordinates": [77.419681, 23.301544]}, "properties": {"kind": "hospital", "name": "Peoples College Of Paramedical Science & Research Center", "osm_id": 7288793850, "osm_type": "node", "osm_tag": "amenity=hospital", "operator": ""}}, {"type": "Feature", "geometry": {"type": "Point", "coordinates": [77.376758, 23.281349]}, "properties": {"kind": "hospital", "name": "Carewell Multispeciality Hospital", "osm_id": 7288793860, "osm_type": "node", "osm_tag": "amenity=hospital", "operator": ""}}, {"type": "Feature", "geometry": {"type": "Point", "coordinates": [77.408962, 23.303004]}, "properties": {"kind": "hospital", "name": "Jeewanshree Hospital", "osm_id": 7288793870, "osm_type": "node", "osm_tag": "amenity=hospital", "operator": ""}}, {"type": "Feature", "geometry": {"type": "Point", "coordinates": [77.372502, 23.277597]}, "properties": {"kind": "hospital", "name": "Sarvottam Hospital", "osm_id": 7288793872, "osm_type": "node", "osm_tag": "amenity=hospital", "operator": ""}}, {"type": "Feature", "geometry": {"type": "Point", "coordinates": [77.408823, 23.302911]}, "properties": {"kind": "hospital", "name": "Jeevan Shree Hospital", "osm_id": 7288793874, "osm_type": "node", "osm_tag": "amenity=hospital", "operator": ""}}, {"type": "Feature", "geometry": {"type": "Point", "coordinates": [77.4147566, 23.2920061]}, "properties": {"kind": "hospital", "name": "Max Hospital", "osm_id": 7288793881, "osm_type": "node", "osm_tag": "amenity=hospital", "operator": ""}}, {"type": "Feature", "geometry": {"type": "Point", "coordinates": [77.403413, 23.282081]}, "properties": {"kind": "hospital", "name": "Sparsh Med care Hospital", "osm_id": 7288793884, "osm_type": "node", "osm_tag": "amenity=hospital", "operator": ""}}, {"type": "Feature", "geometry": {"type": "Point", "coordinates": [77.399598, 23.348469]}, "properties": {"kind": "hospital", "name": "ArogyaNidhi Hospital", "osm_id": 7288793889, "osm_type": "node", "osm_tag": "amenity=hospital", "operator": ""}}, {"type": "Feature", "geometry": {"type": "Point", "coordinates": [77.3450567, 23.2958957]}, "properties": {"kind": "hospital", "name": "Somnath Hospital", "osm_id": 7288793893, "osm_type": "node", "osm_tag": "amenity=hospital", "operator": ""}}, {"type": "Feature", "geometry": {"type": "Point", "coordinates": [77.3999805, 23.3630531]}, "properties": {"kind": "hospital", "name": "Sanjivani Hospital", "osm_id": 7518423119, "osm_type": "node", "osm_tag": "amenity=hospital", "operator": ""}}, {"type": "Feature", "geometry": {"type": "Point", "coordinates": [77.401389, 23.3664024]}, "properties": {"kind": "hospital", "name": "Sudama Hospital", "osm_id": 7518423169, "osm_type": "node", "osm_tag": "amenity=hospital", "operator": ""}}, {"type": "Feature", "geometry": {"type": "Point", "coordinates": [77.4315823, 23.2402447]}, "properties": {"kind": "rail_station", "name": "Kendriya Vidyalaya", "osm_id": 7944284557, "osm_type": "node", "osm_tag": "railway=station", "operator": ""}}, {"type": "Feature", "geometry": {"type": "Point", "coordinates": [77.4316668, 23.2324642]}, "properties": {"kind": "rail_station", "name": "Board Office Chauraha", "osm_id": 7944284563, "osm_type": "node", "osm_tag": "railway=station", "operator": ""}}, {"type": "Feature", "geometry": {"type": "Point", "coordinates": [77.4432707, 23.216162]}, "properties": {"kind": "rail_station", "name": "DRM Office", "osm_id": 7944284567, "osm_type": "node", "osm_tag": "railway=station", "operator": ""}}, {"type": "Feature", "geometry": {"type": "Point", "coordinates": [77.4510393, 23.2164843]}, "properties": {"kind": "rail_station", "name": "Alkapuri", "osm_id": 7944284568, "osm_type": "node", "osm_tag": "railway=station", "operator": ""}}, {"type": "Feature", "geometry": {"type": "Point", "coordinates": [77.429998, 23.2477971]}, "properties": {"kind": "rail_station", "name": "Subhash Nagar", "osm_id": 7944284569, "osm_type": "node", "osm_tag": "railway=station", "operator": ""}}, {"type": "Feature", "geometry": {"type": "Point", "coordinates": [77.456049, 23.2098432]}, "properties": {"kind": "rail_station", "name": "AIIMS", "osm_id": 7944284573, "osm_type": "node", "osm_tag": "railway=station", "operator": ""}}, {"type": "Feature", "geometry": {"type": "Point", "coordinates": [77.4383506, 23.2212714]}, "properties": {"kind": "rail_station", "name": "Rani Kamalapati Railway Station", "osm_id": 7944284578, "osm_type": "node", "osm_tag": "railway=station", "operator": ""}}, {"type": "Feature", "geometry": {"type": "Point", "coordinates": [77.4352055, 23.2276529]}, "properties": {"kind": "rail_station", "name": "MP Nagar", "osm_id": 7944284579, "osm_type": "node", "osm_tag": "railway=station", "operator": ""}}, {"type": "Feature", "geometry": {"type": "Point", "coordinates": [77.4357149, 23.2095734]}, "properties": {"kind": "hospital", "name": "SK dubey hospital", "osm_id": 8137094030, "osm_type": "node", "osm_tag": "amenity=hospital", "operator": ""}}, {"type": "Feature", "geometry": {"type": "Point", "coordinates": [77.428498, 23.2183639]}, "properties": {"kind": "hospital", "name": "raka medical", "osm_id": 8137094051, "osm_type": "node", "osm_tag": "amenity=hospital", "operator": ""}}, {"type": "Feature", "geometry": {"type": "Point", "coordinates": [77.5106529, 23.2568467]}, "properties": {"kind": "college", "name": "", "osm_id": 8380545853, "osm_type": "node", "osm_tag": "amenity=college", "operator": ""}}, {"type": "Feature", "geometry": {"type": "Point", "coordinates": [77.5026003, 23.2481173]}, "properties": {"kind": "college", "name": "", "osm_id": 8380545854, "osm_type": "node", "osm_tag": "amenity=college", "operator": ""}}, {"type": "Feature", "geometry": {"type": "Point", "coordinates": [77.5053352, 23.2594925]}, "properties": {"kind": "college", "name": "", "osm_id": 8380545855, "osm_type": "node", "osm_tag": "amenity=college", "operator": ""}}, {"type": "Feature", "geometry": {"type": "Point", "coordinates": [77.5011208, 23.2571134]}, "properties": {"kind": "college", "name": "", "osm_id": 8380545856, "osm_type": "node", "osm_tag": "amenity=college", "operator": ""}}, {"type": "Feature", "geometry": {"type": "Point", "coordinates": [77.4669803, 23.2817763]}, "properties": {"kind": "school", "name": "St. Thomas Convent Sr. Sec  School", "osm_id": 8831186870, "osm_type": "node", "osm_tag": "amenity=school", "operator": ""}}, {"type": "Feature", "geometry": {"type": "Point", "coordinates": [77.4502822, 23.252972]}, "properties": {"kind": "school", "name": "ITI", "osm_id": 8892180855, "osm_type": "node", "osm_tag": "amenity=school", "operator": ""}}, {"type": "Feature", "geometry": {"type": "Point", "coordinates": [77.4718515, 23.2755913]}, "properties": {"kind": "school", "name": "Maharishi Vidya Mandir", "osm_id": 8909898721, "osm_type": "node", "osm_tag": "amenity=school", "operator": ""}}, {"type": "Feature", "geometry": {"type": "Point", "coordinates": [77.4695448, 23.269856]}, "properties": {"kind": "school", "name": "Bnak Officers Public School", "osm_id": 8909898729, "osm_type": "node", "osm_tag": "amenity=school", "operator": ""}}, {"type": "Feature", "geometry": {"type": "Point", "coordinates": [77.4561599, 23.2759059]}, "properties": {"kind": "hospital", "name": "Modi Hospital", "osm_id": 9103869480, "osm_type": "node", "osm_tag": "amenity=hospital", "operator": ""}}, {"type": "Feature", "geometry": {"type": "Point", "coordinates": [77.4315482, 23.2104222]}, "properties": {"kind": "clinic", "name": "Hind Spine Clinic", "osm_id": 9889725284, "osm_type": "node", "osm_tag": "amenity=clinic", "operator": "Novosalus"}}, {"type": "Feature", "geometry": {"type": "Point", "coordinates": [77.2814901, 23.2844639]}, "properties": {"kind": "college", "name": "National Institute Of Fashion Technology", "osm_id": 9948715933, "osm_type": "node", "osm_tag": "amenity=college", "operator": ""}}, {"type": "Feature", "geometry": {"type": "Point", "coordinates": [77.4094808, 23.2564166]}, "properties": {"kind": "hospital", "name": "CIVIL HOSPITAL", "osm_id": 11002939999, "osm_type": "node", "osm_tag": "amenity=hospital", "operator": ""}}, {"type": "Feature", "geometry": {"type": "Point", "coordinates": [77.4792392, 23.1536966]}, "properties": {"kind": "college", "name": "Scope Global Skills University", "osm_id": 11027095428, "osm_type": "node", "osm_tag": "amenity=university", "operator": "AISECT"}}, {"type": "Feature", "geometry": {"type": "Point", "coordinates": [77.4568483, 23.1806052]}, "properties": {"kind": "clinic", "name": "Siddharth Homeopathic Clinic", "osm_id": 11763334804, "osm_type": "node", "osm_tag": "amenity=clinic", "operator": ""}}, {"type": "Feature", "geometry": {"type": "Point", "coordinates": [77.4158811, 23.3113833]}, "properties": {"kind": "school", "name": "St. George Sr. Sec. School", "osm_id": 12031188661, "osm_type": "node", "osm_tag": "amenity=school", "operator": ""}}, {"type": "Feature", "geometry": {"type": "Point", "coordinates": [77.4393691, 23.2208832]}, "properties": {"kind": "rail_station", "name": "Rani Kamlapati", "osm_id": 12088325453, "osm_type": "node", "osm_tag": "railway=station", "operator": "WCR"}}, {"type": "Feature", "geometry": {"type": "Point", "coordinates": [77.4130845, 23.2664845]}, "properties": {"kind": "rail_station", "name": "Bhopal Junction", "osm_id": 12088458538, "osm_type": "node", "osm_tag": "railway=station", "operator": "WCR"}}, {"type": "Feature", "geometry": {"type": "Point", "coordinates": [77.4681819, 23.2682641]}, "properties": {"kind": "hospital", "name": "Rajni Health Care hospital", "osm_id": 12595778138, "osm_type": "node", "osm_tag": "amenity=hospital", "operator": ""}}, {"type": "Feature", "geometry": {"type": "Point", "coordinates": [77.4681117, 23.2682177]}, "properties": {"kind": "hospital", "name": "Smile Spectrum : Dental, Hair And Aestheic clinic", "osm_id": 12595778140, "osm_type": "node", "osm_tag": "amenity=hospital", "operator": ""}}, {"type": "Feature", "geometry": {"type": "Point", "coordinates": [77.4693769, 23.267144]}, "properties": {"kind": "school", "name": "Daisy dale public school(MP board)", "osm_id": 12595778142, "osm_type": "node", "osm_tag": "amenity=school", "operator": ""}}, {"type": "Feature", "geometry": {"type": "Point", "coordinates": [77.4701843, 23.2663724]}, "properties": {"kind": "hospital", "name": "Shree Balaji Multispecialty Hospital", "osm_id": 12595778143, "osm_type": "node", "osm_tag": "amenity=hospital", "operator": ""}}, {"type": "Feature", "geometry": {"type": "Point", "coordinates": [77.466704, 23.2674239]}, "properties": {"kind": "hospital", "name": "Ma Pitamabara Multispeciality Hospital", "osm_id": 12595799537, "osm_type": "node", "osm_tag": "amenity=hospital", "operator": ""}}, {"type": "Feature", "geometry": {"type": "Point", "coordinates": [77.4675993, 23.268336]}, "properties": {"kind": "hospital", "name": "Janak Clinic and Care", "osm_id": 12595799541, "osm_type": "node", "osm_tag": "amenity=hospital", "operator": ""}}, {"type": "Feature", "geometry": {"type": "Point", "coordinates": [77.4678476, 23.267017]}, "properties": {"kind": "other", "name": "Prabhakar coching classes", "osm_id": 12595835927, "osm_type": "node", "osm_tag": "amenity=prep_school", "operator": ""}}, {"type": "Feature", "geometry": {"type": "Point", "coordinates": [77.4678712, 23.2680874]}, "properties": {"kind": "other", "name": "Abhyass acadrmy", "osm_id": 12595835931, "osm_type": "node", "osm_tag": "amenity=prep_school", "operator": ""}}, {"type": "Feature", "geometry": {"type": "Point", "coordinates": [77.4655699, 23.2672943]}, "properties": {"kind": "school", "name": "", "osm_id": 12595897433, "osm_type": "node", "osm_tag": "amenity=school", "operator": ""}}, {"type": "Feature", "geometry": {"type": "Point", "coordinates": [77.4656686, 23.2670775]}, "properties": {"kind": "college", "name": "bonnie foi", "osm_id": 12595897434, "osm_type": "node", "osm_tag": "amenity=college", "operator": ""}}, {"type": "Feature", "geometry": {"type": "Point", "coordinates": [77.4645223, 23.2634245]}, "properties": {"kind": "hospital", "name": "Dolphin Children Hospital", "osm_id": 12595897448, "osm_type": "node", "osm_tag": "amenity=hospital", "operator": ""}}, {"type": "Feature", "geometry": {"type": "Point", "coordinates": [77.4684872, 23.253215]}, "properties": {"kind": "hospital", "name": "Dr Rakesh Singh Jagat", "osm_id": 12595975433, "osm_type": "node", "osm_tag": "amenity=hospital", "operator": ""}}, {"type": "Feature", "geometry": {"type": "Point", "coordinates": [77.4719325, 23.2533157]}, "properties": {"kind": "hospital", "name": "Jai Multispeciality Clinic", "osm_id": 12595975438, "osm_type": "node", "osm_tag": "amenity=hospital", "operator": ""}}, {"type": "Feature", "geometry": {"type": "Point", "coordinates": [77.4718488, 23.253982]}, "properties": {"kind": "school", "name": "N ED MERIT SCHOOL", "osm_id": 12595975439, "osm_type": "node", "osm_tag": "amenity=school", "operator": ""}}, {"type": "Feature", "geometry": {"type": "Point", "coordinates": [77.4479163, 23.24307]}, "properties": {"kind": "school", "name": "Jawaharlal Nehru School (PW)", "osm_id": 12595975454, "osm_type": "node", "osm_tag": "amenity=school", "operator": ""}}, {"type": "Feature", "geometry": {"type": "Point", "coordinates": [77.4452985, 23.2247705]}, "properties": {"kind": "school", "name": "Jawharlal Nehru School", "osm_id": 12595975455, "osm_type": "node", "osm_tag": "amenity=school", "operator": ""}}, {"type": "Feature", "geometry": {"type": "Point", "coordinates": [77.4333886, 23.2233462]}, "properties": {"kind": "school", "name": "Kendriya Vidyalaya", "osm_id": 12595975465, "osm_type": "node", "osm_tag": "amenity=school", "operator": ""}}, {"type": "Feature", "geometry": {"type": "Point", "coordinates": [77.4733567, 23.2399947]}, "properties": {"kind": "school", "name": "Vikram Higher Secondary school", "osm_id": 12595975467, "osm_type": "node", "osm_tag": "amenity=school", "operator": ""}}, {"type": "Feature", "geometry": {"type": "Point", "coordinates": [77.4725074, 23.2453734]}, "properties": {"kind": "hospital", "name": "", "osm_id": 12595975469, "osm_type": "node", "osm_tag": "amenity=hospital", "operator": ""}}, {"type": "Feature", "geometry": {"type": "Point", "coordinates": [77.4731765, 23.245701]}, "properties": {"kind": "school", "name": "Shri Satya Sai Higher Secondary School", "osm_id": 12595975470, "osm_type": "node", "osm_tag": "amenity=school", "operator": ""}}, {"type": "Feature", "geometry": {"type": "Point", "coordinates": [77.4722679, 23.2458646]}, "properties": {"kind": "school", "name": "Dav School", "osm_id": 12595975471, "osm_type": "node", "osm_tag": "amenity=school", "operator": ""}}, {"type": "Feature", "geometry": {"type": "Point", "coordinates": [77.3652899, 23.1874259]}, "properties": {"kind": "hospital", "name": "Health Centre", "osm_id": 12647698986, "osm_type": "node", "osm_tag": "amenity=hospital", "operator": ""}}, {"type": "Feature", "geometry": {"type": "Point", "coordinates": [77.3922073, 23.2145808]}, "properties": {"kind": "hospital", "name": "Ronak Hospital", "osm_id": 12920707885, "osm_type": "node", "osm_tag": "amenity=hospital", "operator": ""}}, {"type": "Feature", "geometry": {"type": "Point", "coordinates": [77.5093242, 23.1586577]}, "properties": {"kind": "college", "name": "Sage university", "osm_id": 13069168102, "osm_type": "node", "osm_tag": "amenity=university", "operator": ""}}, {"type": "Feature", "geometry": {"type": "Point", "coordinates": [77.5237672, 23.1838672]}, "properties": {"kind": "college", "name": "Sage bhopal", "osm_id": 13069237603, "osm_type": "node", "osm_tag": "amenity=university", "operator": ""}}, {"type": "Feature", "geometry": {"type": "Point", "coordinates": [77.4001915, 23.30329]}, "properties": {"kind": "hospital", "name": "Bhopal High Tech Hospital", "osm_id": 13919909016, "osm_type": "node", "osm_tag": "amenity=hospital", "operator": ""}}, {"type": "Feature", "geometry": {"type": "Point", "coordinates": [77.4298752, 23.2000963]}, "properties": {"kind": "hospital", "name": "", "osm_id": 13923992436, "osm_type": "node", "osm_tag": "amenity=hospital", "operator": ""}}, {"type": "Feature", "geometry": {"type": "Point", "coordinates": [77.4585129, 23.2658375]}, "properties": {"kind": "college", "name": "Central Institute of Petrochemicals Engineering and Technology", "osm_id": 13924036605, "osm_type": "node", "osm_tag": "amenity=college", "operator": ""}}, {"type": "Feature", "geometry": {"type": "Point", "coordinates": [77.4200099, 23.2635031]}, "properties": {"kind": "hospital", "name": "R. R. Hospital", "osm_id": 13924036639, "osm_type": "node", "osm_tag": "amenity=hospital", "operator": ""}}, {"type": "Feature", "geometry": {"type": "Point", "coordinates": [77.4704246, 23.2793173]}, "properties": {"kind": "hospital", "name": "Vishwanaath Hospital", "osm_id": 13924036699, "osm_type": "node", "osm_tag": "amenity=hospital", "operator": ""}}, {"type": "Feature", "geometry": {"type": "Point", "coordinates": [77.4081735, 23.2435305]}, "properties": {"kind": "college", "name": "Motilal Government Science College", "osm_id": 13928812380, "osm_type": "node", "osm_tag": "amenity=college", "operator": ""}}, {"type": "Feature", "geometry": {"type": "Point", "coordinates": [77.4291849, 23.2530919]}, "properties": {"kind": "hospital", "name": "Raj Multi Specialty Hospital", "osm_id": 13928812567, "osm_type": "node", "osm_tag": "amenity=hospital", "operator": ""}}, {"type": "Feature", "geometry": {"type": "Point", "coordinates": [77.4525347, 23.2786164]}, "properties": {"kind": "clinic", "name": "ABM Clinic", "osm_id": 13929321790, "osm_type": "node", "osm_tag": "amenity=clinic", "operator": ""}}, {"type": "Feature", "geometry": {"type": "Point", "coordinates": [77.4525278, 23.2784491]}, "properties": {"kind": "hospital", "name": "Divyanka Children Hospital", "osm_id": 13929348801, "osm_type": "node", "osm_tag": "amenity=hospital", "operator": ""}}, {"type": "Feature", "geometry": {"type": "Point", "coordinates": [77.401655, 23.2263087]}, "properties": {"kind": "other", "name": "Insight Classes", "osm_id": 13931027297, "osm_type": "node", "osm_tag": "amenity=prep_school", "operator": ""}}, {"type": "Feature", "geometry": {"type": "Point", "coordinates": [77.43254, 23.2528207]}, "properties": {"kind": "college", "name": "SAM Girls' College", "osm_id": 13931041414, "osm_type": "node", "osm_tag": "amenity=college", "operator": ""}}, {"type": "Feature", "geometry": {"type": "Point", "coordinates": [77.4088711, 23.2322977]}, "properties": {"kind": "school", "name": "Anand Vihar School", "osm_id": 13931041529, "osm_type": "node", "osm_tag": "amenity=school", "operator": ""}}, {"type": "Feature", "geometry": {"type": "Point", "coordinates": [77.4023729, 23.2356631]}, "properties": {"kind": "hospital", "name": "", "osm_id": 13931624123, "osm_type": "node", "osm_tag": "amenity=hospital", "operator": ""}}, {"type": "Feature", "geometry": {"type": "Point", "coordinates": [77.4188568, 23.2300694]}, "properties": {"kind": "hospital", "name": "", "osm_id": 13931624158, "osm_type": "node", "osm_tag": "amenity=hospital", "operator": ""}}, {"type": "Feature", "geometry": {"type": "Point", "coordinates": [77.4195961, 23.2983597]}, "properties": {"kind": "hospital", "name": "", "osm_id": 13935317648, "osm_type": "node", "osm_tag": "amenity=hospital", "operator": ""}}, {"type": "Feature", "geometry": {"type": "Point", "coordinates": [77.4482782, 23.2800804]}, "properties": {"kind": "hospital", "name": "Marvel Hospital", "osm_id": 13935317670, "osm_type": "node", "osm_tag": "amenity=hospital", "operator": ""}}, {"type": "Feature", "geometry": {"type": "Point", "coordinates": [77.426506, 23.3026992]}, "properties": {"kind": "college", "name": "People's Institute of Legal Studies", "osm_id": 13935317695, "osm_type": "node", "osm_tag": "amenity=college", "operator": ""}}, {"type": "Feature", "geometry": {"type": "Point", "coordinates": [77.3938209, 23.2611543]}, "properties": {"kind": "hospital", "name": "Sardar Patel Hospital", "osm_id": 13935317700, "osm_type": "node", "osm_tag": "amenity=hospital", "operator": ""}}, {"type": "Feature", "geometry": {"type": "Point", "coordinates": [77.393474, 23.2686807]}, "properties": {"kind": "hospital", "name": "", "osm_id": 13935317708, "osm_type": "node", "osm_tag": "amenity=hospital", "operator": ""}}, {"type": "Feature", "geometry": {"type": "Point", "coordinates": [77.3996123, 23.2808354]}, "properties": {"kind": "school", "name": "Douglas Higher Secondary School", "osm_id": 13935317711, "osm_type": "node", "osm_tag": "amenity=school", "operator": ""}}, {"type": "Feature", "geometry": {"type": "Point", "coordinates": [77.4544828, 23.2775458]}, "properties": {"kind": "school", "name": "", "osm_id": 13938737348, "osm_type": "node", "osm_tag": "amenity=school", "operator": ""}}, {"type": "Feature", "geometry": {"type": "Point", "coordinates": [77.4525068, 23.2779434]}, "properties": {"kind": "other", "name": "Pratibhalaya Arts Academy", "osm_id": 13938737358, "osm_type": "node", "osm_tag": "amenity=dancing_school", "operator": ""}}, {"type": "Feature", "geometry": {"type": "Point", "coordinates": [77.4144423, 23.2633479]}, "properties": {"kind": "hospital", "name": "A. J. Hospital", "osm_id": 13942813419, "osm_type": "node", "osm_tag": "amenity=hospital", "operator": ""}}, {"type": "Feature", "geometry": {"type": "Point", "coordinates": [77.4423312, 23.1776365]}, "properties": {"kind": "hospital", "name": "SAGE APOLLO Bawadia Kalan, Bhopal", "osm_id": 14109618001, "osm_type": "node", "osm_tag": "amenity=hospital", "operator": ""}}, {"type": "Feature", "geometry": {"type": "LineString", "coordinates": [[77.4419883, 23.2316105], [77.442, 23.2315498], [77.442037, 23.2312251], [77.4420351, 23.2306023], [77.442028, 23.2299611]]}, "properties": {"kind": "road", "name": "", "osm_id": 22866291, "osm_type": "way", "highway": "primary"}}, {"type": "Feature", "geometry": {"type": "LineString", "coordinates": [[77.4029641, 23.2763304], [77.4031504, 23.2771846], [77.4031622, 23.2772454], [77.4032419, 23.2776279], [77.4033773, 23.2785126], [77.403414, 23.2787044]]}, "properties": {"kind": "road", "name": "Berasia Road", "osm_id": 22866324, "osm_type": "way", "highway": "primary"}}, {"type": "Feature", "geometry": {"type": "LineString", "coordinates": [[77.2801266, 23.2549469], [77.2820601, 23.2555916], [77.2824136, 23.2557177], [77.2824807, 23.2557407], [77.2843312, 23.2564051], [77.2873705, 23.2575388], [77.2889492, 23.2581054], [77.2904058, 23.2586197], [77.2909999, 23.2588594], [77.294931, 23.2602952], [77.2952807, 23.2604145], [77.2963564, 23.2608041], [77.2971802, 23.2611162], [77.2990617, 23.2618191], [77.3018643, 23.2628366], [77.3029854, 23.2632269], [77.3094441, 23.2655573]]}, "properties": {"kind": "road", "name": "", "osm_id": 22866351, "osm_type": "way", "highway": "primary"}}, {"type": "Feature", "geometry": {"type": "LineString", "coordinates": [[77.4308336, 23.2519776], [77.4308184, 23.2519162], [77.4308036, 23.2518454], [77.4308045, 23.2518069], [77.4309951, 23.2509835], [77.4310061, 23.2509246], [77.4310862, 23.250546], [77.4313051, 23.2495481], [77.4313939, 23.2491455], [77.4314079, 23.2490912], [77.4315723, 23.2482814], [77.4316536, 23.2481021], [77.4317552, 23.247949], [77.4319341, 23.2477136], [77.432237, 23.2473364], [77.4324526, 23.2470015], [77.4325033, 23.2469077], [77.432549, 23.2468358], [77.4325957, 23.2467882], [77.4327675, 23.2466658], [77.4334857, 23.2461401], [77.4339552, 23.2457893], [77.4340614, 23.2457106], [77.4357678, 23.2444578]]}, "properties": {"kind": "road", "name": "", "osm_id": 22866439, "osm_type": "way", "highway": "primary"}}, {"type": "Feature", "geometry": {"type": "LineString", "coordinates": [[77.3824757, 23.2638694], [77.3820354, 23.264138], [77.3816048, 23.2643823], [77.3812364, 23.2646217], [77.3810407, 23.2647632]]}, "properties": {"kind": "road", "name": "", "osm_id": 22866490, "osm_type": "way", "highway": "primary"}}, {"type": "Feature", "geometry": {"type": "LineString", "coordinates": [[77.3810407, 23.2647632], [77.3808386, 23.2649362], [77.3807822, 23.2649981], [77.3803683, 23.2654425], [77.380106, 23.2657141], [77.3793352, 23.2665946], [77.3788175, 23.2671492], [77.3780808, 23.2679548], [77.3778198, 23.2682763], [77.3773575, 23.2688908], [77.3771398, 23.2691817], [77.3769227, 23.2694871], [77.3765878, 23.2700107], [77.3760688, 23.2707602], [77.3755983, 23.2713418], [77.3753631, 23.2716428], [77.3750388, 23.2720801], [77.374947, 23.2721865], [77.3748623, 23.2722534], [77.3747859, 23.2723104], [77.3747176, 23.2723501], [77.3746231, 23.2723858], [77.3745197, 23.2724145], [77.3743918, 23.2724268], [77.3739487, 23.2724561], [77.3728446, 23.2724566], [77.3726856, 23.2724486]]}, "properties": {"kind": "road", "name": "", "osm_id": 22866491, "osm_type": "way", "highway": "primary"}}, {"type": "Feature", "geometry": {"type": "LineString", "coordinates": [[77.3697866, 23.2732779], [77.3699539, 23.2737387], [77.3699876, 23.2738926], [77.3699975, 23.274034], [77.369994, 23.2741528], [77.3699743, 23.2742472], [77.369901, 23.2744072], [77.3698227, 23.2745181], [77.3697512, 23.2746094], [77.3693588, 23.2750379]]}, "properties": {"kind": "road", "name": "", "osm_id": 22866496, "osm_type": "way", "highway": "primary"}}, {"type": "Feature", "geometry": {"type": "LineString", "coordinates": [[77.442065, 23.227714], [77.4420653, 23.2276945], [77.4420967, 23.2257887]]}, "properties": {"kind": "road", "name": "", "osm_id": 22866540, "osm_type": "way", "highway": "primary"}}, {"type": "Feature", "geometry": {"type": "LineString", "coordinates": [[77.2652659, 23.2596737], [77.2646748, 23.258557], [77.2645113, 23.2582165], [77.2644826, 23.2581568], [77.2637268, 23.2565825], [77.2637082, 23.2565437], [77.2631591, 23.2555241], [77.2614606, 23.2517993]]}, "properties": {"kind": "road", "name": "", "osm_id": 28668144, "osm_type": "way", "highway": "trunk"}}, {"type": "Feature", "geometry": {"type": "LineString", "coordinates": [[77.2546409, 23.3495115], [77.2536948, 23.3500661], [77.253474, 23.3501955], [77.2525463, 23.3507274], [77.2520997, 23.3509835], [77.2501653, 23.3521031], [77.2499825, 23.3522106], [77.2497892, 23.3523171], [77.2495262, 23.3524396], [77.24942, 23.352483], [77.2493543, 23.3525077], [77.2492856, 23.3525336], [77.2490559, 23.3526215], [77.2487848, 23.3527115], [77.2483707, 23.352815], [77.2479959, 23.352892], [77.2477394, 23.3529409], [77.247425, 23.3529946], [77.2472238, 23.3530281], [77.2468261, 23.3530911], [77.2455345, 23.3532856], [77.2445268, 23.3534498], [77.2437894, 23.3535947], [77.2436499, 23.3536221], [77.2415003, 23.3540425], [77.241258, 23.3540893], [77.2411238, 23.3541152], [77.2402865, 23.3542768], [77.2401214, 23.3543041], [77.2400238, 23.3543203], [77.2395193, 23.3543934], [77.2392402, 23.3544339], [77.2386049, 23.3544992], [77.2379294, 23.3545419], [77.2365048, 23.3546103], [77.235391, 23.3546722], [77.234118, 23.3547485], [77.2331441, 23.3547991], [77.2329639, 23.3548057], [77.2328794, 23.3548089], [77.2326664, 23.3548121], [77.232413, 23.3548179], [77.2323186, 23.3548262], [77.232137, 23.3548423], [77.2319259, 23.3548715], [77.2316618, 23.3549353], [77.2312869, 23.3550539], [77.2311454, 23.3551094], [77.2309616, 23.3551816], [77.2303484, 23.3554807], [77.2300896, 23.3555971], [77.2289677, 23.3561018], [77.2266976, 23.3572291], [77.2253816, 23.3578185], [77.2247757, 23.3581001], [77.2242712, 23.3583266], [77.2227222, 23.359001], [77.2224374, 23.3591283], [77.222168, 23.359219], [77.2220022, 23.3592643], [77.2218945, 23.3592938], [77.2214667, 23.3593812], [77.2210388, 23.3594972], [77.2208619, 23.35956], [77.2203711, 23.3597914], [77.2201657, 23.3598628], [77.2196012, 23.3600436], [77.2194179, 23.3601046], [77.2191609, 23.3601901], [77.2186874, 23.3603404], [77.2182523, 23.3604856], [77.218037, 23.3605726], [77.2176856, 23.3607107], [77.2175091, 23.3607715], [77.2168037, 23.3610009], [77.2165598, 23.361086], [77.2160022, 23.3612723], [77.2158247, 23.3613262], [77.2154049, 23.3614371], [77.215181, 23.3614951], [77.2147143, 23.3615966], [77.2137718, 23.3617954], [77.2125192, 23.3620731], [77.212282, 23.3621256], [77.211334, 23.3623352], [77.2096376, 23.3627117], [77.209612, 23.3627174], [77.2074206, 23.3632049], [77.2065439, 23.3634307], [77.2056461, 23.3637075], [77.2053516, 23.3638175], [77.2041568, 23.3642177], [77.2038709, 23.3643261], [77.20263, 23.3647967], [77.20121, 23.3654035], [77.2006935, 23.3656365], [77.2002365, 23.3658384], [77.2000015, 23.3659451], [77.1999063, 23.3659859], [77.1996171, 23.3661151], [77.1989302, 23.3664476], [77.1985743, 23.3666626], [77.1982006, 23.3669545], [77.1979308, 23.3671825], [77.1972244, 23.3677794], [77.196983, 23.3679834], [77.1963263, 23.3685019], [77.1957591, 23.3689092], [77.1947943, 23.3696372], [77.1938888, 23.370282], [77.1931863, 23.3707406], [77.1925182, 23.3711361], [77.1915035, 23.371652], [77.1909165, 23.3719472], [77.1903955, 23.372186], [77.189465, 23.3725807], [77.1885422, 23.3729719], [77.1867787, 23.3736989], [77.1858686, 23.3740723], [77.185266, 23.3743777], [77.1849419, 23.374542], [77.1840571, 23.3749798], [77.1836237, 23.3752015], [77.1833506, 23.3753887], [77.1822205, 23.3762143], [77.1812483, 23.3769079], [77.1808313, 23.377195], [77.1805311, 23.3773753], [77.1800895, 23.3776246], [77.1786486, 23.3783563], [77.1777157, 23.3787897], [77.1774909, 23.3788671], [77.1771974, 23.3789301], [77.1767384, 23.3789874], [77.1754209, 23.3790791], [77.1736318, 23.3791823], [77.1723933, 23.3792901], [77.1695164, 23.3795898], [77.1684998, 23.3796932], [77.1680651, 23.3797244]]}, "properties": {"kind": "road", "name": "", "osm_id": 28668185, "osm_type": "way", "highway": "trunk"}}, {"type": "Feature", "geometry": {"type": "LineString", "coordinates": [[77.4421757, 23.2218985], [77.4421825, 23.2215609], [77.4421695, 23.2212204], [77.4421484, 23.2206927], [77.4421225, 23.2201849], [77.4421266, 23.2201011], [77.4420758, 23.2187761], [77.4420744, 23.2187382], [77.4420704, 23.2186353], [77.4420499, 23.2181002], [77.4420179, 23.2172642], [77.4419885, 23.2168363], [77.4419935, 23.2163737], [77.4420002, 23.2162692], [77.4420117, 23.2161878]]}, "properties": {"kind": "road", "name": "", "osm_id": 28671949, "osm_type": "way", "highway": "primary"}}, {"type": "Feature", "geometry": {"type": "LineString", "coordinates": [[77.3950569, 23.2668065], [77.3961252, 23.2669223], [77.3968838, 23.2670069], [77.3973727, 23.2670739], [77.3977791, 23.2670946], [77.3982941, 23.2671721], [77.3984255, 23.2671573], [77.3988211, 23.2670242], [77.3992714, 23.2668421], [77.4002372, 23.2664817]]}, "properties": {"kind": "road", "name": "", "osm_id": 28674030, "osm_type": "way", "highway": "primary"}}, {"type": "Feature", "geometry": {"type": "LineString", "coordinates": [[77.413353, 23.2725726], [77.4134392, 23.2727221], [77.4136347, 23.2730612], [77.4137082, 23.2731905], [77.4139079, 23.2735352], [77.4140742, 23.2738237], [77.414268, 23.2741691], [77.4145546, 23.2746797], [77.4146325, 23.2748466], [77.4147224, 23.2749907], [77.4147645, 23.2750725], [77.4148019, 23.275256], [77.4148386, 23.2754134], [77.4148702, 23.2758143], [77.4148938, 23.2761401], [77.4149158, 23.2764305], [77.4149436, 23.2765487], [77.41496, 23.2766239], [77.4149814, 23.2766735]]}, "properties": {"kind": "road", "name": "Bhopal Sanchi Road", "osm_id": 28674412, "osm_type": "way", "highway": "primary"}}, {"type": "Feature", "geometry": {"type": "LineString", "coordinates": [[77.4105868, 23.2592346], [77.4106456, 23.2595196], [77.4108945, 23.2607249], [77.410903, 23.2607678], [77.4109656, 23.2614328]]}, "properties": {"kind": "road", "name": "", "osm_id": 28681222, "osm_type": "way", "highway": "primary"}}, {"type": "Feature", "geometry": {"type": "LineString", "coordinates": [[77.3930869, 23.25677], [77.392819, 23.256872], [77.3926384, 23.2569255], [77.3922225, 23.2570253], [77.3911626, 23.2572785], [77.3909788, 23.257375], [77.3900727, 23.2581478], [77.3898232, 23.2583126], [77.3883143, 23.2590311], [77.3867824, 23.2599366], [77.386528, 23.2599883], [77.3861193, 23.2599185], [77.3858989, 23.2598405], [77.3857222, 23.2596777], [77.3854303, 23.2592203], [77.3852587, 23.2590232], [77.3850512, 23.2588801], [77.3846568, 23.2587064], [77.3844175, 23.2586526], [77.3841416, 23.2586483], [77.3831143, 23.2587962], [77.3824583, 23.2589074], [77.3822762, 23.2589513], [77.3821226, 23.2589871], [77.381938, 23.2590491], [77.3817169, 23.2591824], [77.3816172, 23.2592368], [77.3815754, 23.2592597], [77.3811903, 23.2596461], [77.381053, 23.2598669], [77.3809343, 23.2601056], [77.3808758, 23.2602487], [77.3808178, 23.2604375], [77.3807635, 23.2606196]]}, "properties": {"kind": "road", "name": "VIP road", "osm_id": 28690017, "osm_type": "way", "highway": "primary"}}, {"type": "Feature", "geometry": {"type": "LineString", "coordinates": [[77.3969937, 23.2552252], [77.3961508, 23.2555585], [77.3942082, 23.2563266], [77.3930869, 23.25677]]}, "properties": {"kind": "road", "name": "VIP road", "osm_id": 28690018, "osm_type": "way", "highway": "primary"}}, {"type": "Feature", "geometry": {"type": "LineString", "coordinates": [[77.3970382, 23.2552971], [77.397278, 23.2551885], [77.3974638, 23.2550409], [77.3977814, 23.254828], [77.398014, 23.254713], [77.3981763, 23.2546328]]}, "properties": {"kind": "road", "name": "VIP road", "osm_id": 28690026, "osm_type": "way", "highway": "primary"}}, {"type": "Feature", "geometry": {"type": "LineString", "coordinates": [[77.3969946, 23.2442002], [77.3970588, 23.2441296], [77.397122, 23.2440869], [77.3971551, 23.2440451], [77.3972674, 23.2437953], [77.397324, 23.2436695], [77.3973987, 23.2434727], [77.3974997, 23.2431339], [77.3975771, 23.2427993], [77.397656, 23.2423354], [77.3977884, 23.2418385], [77.3979271, 23.2415692], [77.3980581, 23.2413407]]}, "properties": {"kind": "road", "name": "", "osm_id": 28690085, "osm_type": "way", "highway": "primary"}}, {"type": "Feature", "geometry": {"type": "LineString", "coordinates": [[77.3988087, 23.2404371], [77.3996591, 23.2395368], [77.4003572, 23.2388677], [77.4005093, 23.2387156], [77.4007088, 23.2385227], [77.4008846, 23.2382778], [77.4010409, 23.2380123], [77.4011203, 23.2378305], [77.4011377, 23.2377906], [77.401147, 23.2377448], [77.4011486, 23.2376186]]}, "properties": {"kind": "road", "name": "Subhash Yadav Marg", "osm_id": 28690086, "osm_type": "way", "highway": "primary"}}, {"type": "Feature", "geometry": {"type": "LineString", "coordinates": [[77.379282, 23.2610449], [77.3791961, 23.260954], [77.3790971, 23.2608382], [77.379022, 23.2607583], [77.3789591, 23.260672], [77.3788536, 23.2605439], [77.3787204, 23.2604876], [77.3784924, 23.2604425], [77.3780029, 23.2604329], [77.3777332, 23.260485], [77.3773247, 23.2605606], [77.3771066, 23.2605574], [77.3768015, 23.2605454], [77.3766247, 23.260473], [77.3763055, 23.2603281], [77.3761989, 23.2602836], [77.3759643, 23.2602761], [77.3756767, 23.2602933], [77.3751034, 23.2603435], [77.3745569, 23.2603124], [77.3739877, 23.2602932], [77.373815, 23.2602965], [77.3736597, 23.2603249], [77.3730697, 23.2604685], [77.3724957, 23.2606763], [77.3723452, 23.2607297], [77.37221, 23.2608252], [77.3719056, 23.2609734], [77.3716242, 23.2610867], [77.3711548, 23.261126], [77.3708859, 23.2611612], [77.3706346, 23.2612128]]}, "properties": {"kind": "road", "name": "VIP road", "osm_id": 28690125, "osm_type": "way", "highway": "primary"}}, {"type": "Feature", "geometry": {"type": "LineString", "coordinates": [[77.3986825, 23.2543844], [77.398675, 23.2542076], [77.3986769, 23.2540245], [77.3986556, 23.2536619]]}, "properties": {"kind": "road", "name": "", "osm_id": 28691575, "osm_type": "way", "highway": "primary"}}, {"type": "Feature", "geometry": {"type": "LineString", "coordinates": [[77.3981763, 23.2546328], [77.39855, 23.2544372], [77.3986825, 23.2543844]]}, "properties": {"kind": "road", "name": "VIP road", "osm_id": 28691581, "osm_type": "way", "highway": "primary"}}, {"type": "Feature", "geometry": {"type": "LineString", "coordinates": [[77.4241798, 23.2499929], [77.4241028, 23.2499757], [77.4238815, 23.2500142]]}, "properties": {"kind": "road", "name": "", "osm_id": 28692232, "osm_type": "way", "highway": "primary"}}, {"type": "Feature", "geometry": {"type": "LineString", "coordinates": [[77.4010409, 23.2380123], [77.4011073, 23.2379536], [77.4012427, 23.2379175], [77.4013831, 23.2378962], [77.4015329, 23.2379231], [77.4016252, 23.2379456]]}, "properties": {"kind": "road", "name": "", "osm_id": 28708616, "osm_type": "way", "highway": "primary_link"}}, {"type": "Feature", "geometry": {"type": "LineString", "coordinates": [[77.4010467, 23.2374128], [77.4009631, 23.2373293], [77.400918, 23.23729], [77.4007226, 23.2371358], [77.4006541, 23.2370817], [77.4003891, 23.2369126], [77.4003153, 23.2368658], [77.3997124, 23.2363768], [77.3988188, 23.2356603], [77.398752, 23.2356076], [77.3977728, 23.2347858], [77.3968165, 23.233945], [77.396006, 23.2332968], [77.394505, 23.2320642], [77.3943895, 23.2319704], [77.3941645, 23.2317936], [77.3940362, 23.2316928], [77.3937935, 23.2315021], [77.393652, 23.2313918], [77.3936227, 23.2313676], [77.3928815, 23.2307548], [77.392365, 23.2303326], [77.3918803, 23.2299403], [77.391583, 23.2297078], [77.3912834, 23.229453], [77.3910715, 23.2292756], [77.3897574, 23.2282352], [77.3896469, 23.2281466], [77.3890964, 23.227708], [77.3888812, 23.2275836]]}, "properties": {"kind": "road", "name": "Bhadbhada Road", "osm_id": 28708622, "osm_type": "way", "highway": "primary"}}, {"type": "Feature", "geometry": {"type": "LineString", "coordinates": [[77.4014315, 23.2330145], [77.401425, 23.2331928], [77.4014203, 23.2333733], [77.401392, 23.2338481], [77.4013773, 23.2340938], [77.4013743, 23.2341559]]}, "properties": {"kind": "road", "name": "Subhash Yadav Marg", "osm_id": 28708644, "osm_type": "way", "highway": "primary"}}, {"type": "Feature", "geometry": {"type": "LineString", "coordinates": [[77.401425, 23.2331928], [77.4015755, 23.2331934], [77.4018626, 23.233166], [77.4019071, 23.2331648], [77.4020656, 23.2331605], [77.402521, 23.2331654], [77.4026117, 23.2331664], [77.4028943, 23.2331807], [77.4031323, 23.2331928], [77.4033686, 23.233206], [77.4042346, 23.2332981], [77.4046408, 23.2333167], [77.4047774, 23.233317], [77.4048935, 23.2333259], [77.4054823, 23.2333712], [77.4059964, 23.2334058], [77.4064233, 23.2334427], [77.4071203, 23.2334949], [77.4076868, 23.2334712], [77.4082306, 23.2334249], [77.408606, 23.2333965], [77.4094034, 23.2333056], [77.4097599, 23.2332208], [77.4101078, 23.233138], [77.4106312, 23.2329731], [77.4110505, 23.232841], [77.4112354, 23.2327827], [77.4119627, 23.2325536], [77.4121764, 23.232482], [77.4122018, 23.232476], [77.4124224, 23.2324095], [77.4135604, 23.2321093], [77.4153434, 23.231639], [77.4154728, 23.2316269], [77.4155348, 23.2316225], [77.4156181, 23.2316158], [77.4182471, 23.2313857], [77.4183729, 23.2313987], [77.4184656, 23.2314071]]}, "properties": {"kind": "road", "name": "Main Road 1", "osm_id": 28708656, "osm_type": "way", "highway": "primary"}}, {"type": "Feature", "geometry": {"type": "LineString", "coordinates": [[77.404519, 23.3027114], [77.4048319, 23.3027051], [77.4060187, 23.3026812], [77.406064, 23.3026803], [77.4066727, 23.3026696], [77.4078079, 23.3026501], [77.4081175, 23.3026448], [77.4083434, 23.3026513], [77.4085737, 23.3026425], [77.4086965, 23.3026378], [77.4089196, 23.3026314], [77.4094097, 23.302612], [77.4099688, 23.3026123], [77.4103303, 23.3026058], [77.4104333, 23.3026039], [77.4108995, 23.3026435], [77.411593, 23.302713], [77.4118948, 23.3027392], [77.4121839, 23.3027633], [77.4122658, 23.3027702], [77.4123461, 23.3027769], [77.4127303, 23.3028123], [77.4127535, 23.3028144], [77.4132006, 23.3028557], [77.4134941, 23.3028828], [77.4136707, 23.3028991], [77.4138296, 23.3029119], [77.4140698, 23.3029359], [77.4150525, 23.3030265], [77.4157798, 23.3030882], [77.4161848, 23.303135], [77.4169721, 23.3032043], [77.4171013, 23.3032157], [77.4171424, 23.3032193], [77.4171747, 23.3032242], [77.4173214, 23.3032462], [77.4178564, 23.3032902], [77.4182818, 23.3033335], [77.4185239, 23.3033579], [77.4186615, 23.3033717], [77.4189145, 23.3033898], [77.4189311, 23.3033913], [77.4190003, 23.3033977], [77.4190242, 23.3033999], [77.4192628, 23.3034111], [77.4196721, 23.3034304], [77.4197562, 23.3034273], [77.4201012, 23.3034146], [77.4203862, 23.3033932], [77.4205786, 23.3033777], [77.4207621, 23.3033437], [77.4212428, 23.303257], [77.4214801, 23.3031902], [77.4216634, 23.3031387], [77.4221354, 23.3029338], [77.4225595, 23.302741], [77.4229221, 23.3025878], [77.4237919, 23.3022034], [77.4244879, 23.3018901], [77.4249928, 23.3016628], [77.4259635, 23.301231], [77.4260931, 23.3011727], [77.4264896, 23.3009919], [77.4265497, 23.300963], [77.427127, 23.300708]]}, "properties": {"kind": "road", "name": "Ayodhya Bypass Road", "osm_id": 28726841, "osm_type": "way", "highway": "primary"}}, {"type": "Feature", "geometry": {"type": "LineString", "coordinates": [[77.3533501, 23.297361], [77.3536664, 23.2975226], [77.3537301, 23.2975551], [77.3537825, 23.2975837], [77.3538845, 23.2976329], [77.3565861, 23.2990072], [77.3566884, 23.2990584], [77.3571573, 23.2992929], [77.3575125, 23.2994734], [77.3581992, 23.2998132], [77.3589381, 23.3001788], [77.359291, 23.3003677], [77.3595694, 23.3005066], [77.3597447, 23.300594], [77.3604786, 23.3009516], [77.3605511, 23.3009851], [77.3607795, 23.3010719], [77.3610338, 23.3011778], [77.3614533, 23.3013156], [77.361746, 23.301419], [77.3620475, 23.3014901], [77.3621522, 23.3015044], [77.3623453, 23.3015305], [77.36264, 23.3015737], [77.363162, 23.3015885], [77.3636482, 23.3015816], [77.3644464, 23.3015447], [77.3646089, 23.3015417], [77.3650987, 23.301526], [77.3665355, 23.3014294], [77.3666697, 23.3014204], [77.3669236, 23.3014033], [77.3687333, 23.3013214], [77.3706148, 23.3012363], [77.372218, 23.3011771], [77.3735199, 23.3011261], [77.3736375, 23.3011183], [77.3738127, 23.3011141], [77.3746341, 23.3010998], [77.374797, 23.3011006], [77.3750052, 23.3011234], [77.3755572, 23.3011667], [77.375823, 23.3011994], [77.3760224, 23.3012195], [77.3772518, 23.301346], [77.37773, 23.3013919], [77.3781215, 23.3014294], [77.3785014, 23.3014653], [77.3787335, 23.3014843], [77.3794261, 23.3015518], [77.3799492, 23.3015979], [77.3801053, 23.3016148], [77.3803347, 23.3016338], [77.3804019, 23.3016378], [77.382911, 23.301888], [77.3843725, 23.3020186], [77.3844638, 23.3020275], [77.3853535, 23.3021086], [77.3883732, 23.3023954], [77.3885607, 23.3024139], [77.3892606, 23.3024858], [77.3918425, 23.302751], [77.3925572, 23.3028244], [77.3930804, 23.3028713], [77.3936752, 23.3029246], [77.3937909, 23.3029357], [77.3941576, 23.3029707], [77.3948224, 23.3030349], [77.3954798, 23.3030983], [77.3963009, 23.3031776], [77.3967534, 23.3032192], [77.3971509, 23.3032042], [77.3972861, 23.3032021], [77.3973995, 23.3031968], [77.3975873, 23.3031879], [77.3979951, 23.3031675], [77.3983047, 23.3031521], [77.3985336, 23.3031406], [77.3992045, 23.3031071], [77.3995873, 23.303088], [77.3996689, 23.3030839], [77.4009128, 23.3029806], [77.4009528, 23.3029787], [77.400968, 23.302978], [77.4018387, 23.3029365], [77.4025793, 23.3029008], [77.4026653, 23.3028967], [77.4035997, 23.3028516], [77.4041278, 23.3028276]]}, "properties": {"kind": "road", "name": "Bhopal Bypass", "osm_id": 28726942, "osm_type": "way", "highway": "primary"}}, {"type": "Feature", "geometry": {"type": "LineString", "coordinates": [[77.4043013, 23.3029123], [77.4043441, 23.3031996], [77.4043844, 23.3035398], [77.4044204, 23.3039241], [77.4044598, 23.3043448], [77.4044657, 23.304408], [77.4044738, 23.3044945], [77.4044778, 23.3048799], [77.4045451, 23.3057953], [77.4047039, 23.3071878], [77.4047055, 23.3072093], [77.4047339, 23.3075933], [77.4048665, 23.3090708], [77.4049, 23.3093247], [77.4049605, 23.3101303], [77.4049723, 23.3101905], [77.4050258, 23.3105715], [77.4050556, 23.3107838], [77.4051149, 23.3113443], [77.4051211, 23.3113652], [77.4051822, 23.3116685], [77.4051559, 23.3120533], [77.4051402, 23.3121356], [77.4051109, 23.3122114], [77.4050302, 23.3124199], [77.4049722, 23.3127162], [77.4049138, 23.3130068], [77.404734, 23.3139922]]}, "properties": {"kind": "road", "name": "", "osm_id": 28726947, "osm_type": "way", "highway": "primary"}}, {"type": "Feature", "geometry": {"type": "LineString", "coordinates": [[77.4043211, 23.3025249], [77.4042216, 23.3025404], [77.404141, 23.3025962], [77.4040974, 23.3026798], [77.4040965, 23.3027565], [77.4041278, 23.3028276], [77.4042136, 23.3028966], [77.4043013, 23.3029123], [77.4044265, 23.3028817], [77.4044968, 23.3028076], [77.404519, 23.3027114], [77.4044952, 23.3026299], [77.4044231, 23.3025565], [77.4043211, 23.3025249]]}, "properties": {"kind": "road", "name": "", "osm_id": 28726956, "osm_type": "way", "highway": "primary"}}, {"type": "Feature", "geometry": {"type": "LineString", "coordinates": [[77.432454, 23.2311558], [77.4323047, 23.2311153], [77.4320737, 23.2310538], [77.4306035, 23.2307813], [77.4302051, 23.2307048], [77.4291433, 23.2306664], [77.4288254, 23.2306698], [77.4280458, 23.2307019], [77.4279556, 23.2307056]]}, "properties": {"kind": "road", "name": "Link Road 1", "osm_id": 28733674, "osm_type": "way", "highway": "primary"}}, {"type": "Feature", "geometry": {"type": "LineString", "coordinates": [[77.4279556, 23.2307056], [77.4276854, 23.2307226], [77.4275344, 23.2307297], [77.4274605, 23.2307302], [77.4271888, 23.2307441], [77.4222808, 23.2309846], [77.4218872, 23.2310159], [77.4191082, 23.2311687], [77.4189845, 23.2311637], [77.418855, 23.2311424], [77.4186834, 23.231116]]}, "properties": {"kind": "road", "name": "Link Road 1", "osm_id": 28733696, "osm_type": "way", "highway": "primary"}}, {"type": "Feature", "geometry": {"type": "LineString", "coordinates": [[77.3942661, 23.2314544], [77.3941022, 23.2314619], [77.3937935, 23.2315021]]}, "properties": {"kind": "road", "name": "", "osm_id": 28955996, "osm_type": "way", "highway": "primary_link"}}, {"type": "Feature", "geometry": {"type": "LineString", "coordinates": [[77.3943895, 23.2319704], [77.3943836, 23.2315521]]}, "properties": {"kind": "road", "name": "", "osm_id": 28956003, "osm_type": "way", "highway": "primary_link"}}, {"type": "Feature", "geometry": {"type": "LineString", "coordinates": [[77.3807635, 23.2606196], [77.3806725, 23.2607833], [77.380526, 23.2609108], [77.3803381, 23.2609783], [77.3796426, 23.2610735]]}, "properties": {"kind": "road", "name": "VIP road", "osm_id": 29139904, "osm_type": "way", "highway": "primary"}}, {"type": "Feature", "geometry": {"type": "LineString", "coordinates": [[77.3796426, 23.2610735], [77.3796116, 23.2610749], [77.3794118, 23.2610941]]}, "properties": {"kind": "road", "name": "VIP road", "osm_id": 29139906, "osm_type": "way", "highway": "primary"}}, {"type": "Feature", "geometry": {"type": "LineString", "coordinates": [[77.4321509, 23.2314984], [77.4317555, 23.2319157], [77.4314874, 23.23221], [77.4312727, 23.2324524], [77.4311635, 23.2325621], [77.4307474, 23.2329984], [77.4304596, 23.2333355], [77.4303109, 23.2335532], [77.4302076, 23.2337882], [77.4301791, 23.2338749], [77.4301406, 23.2339968]]}, "properties": {"kind": "road", "name": "GG Flyover", "osm_id": 32555433, "osm_type": "way", "highway": "primary"}}, {"type": "Feature", "geometry": {"type": "LineString", "coordinates": [[77.3885924, 23.227549], [77.3886147, 23.2275939], [77.3886521, 23.2276292], [77.3886939, 23.2276491], [77.3887402, 23.2276567], [77.3887868, 23.2276514], [77.3888244, 23.2276367], [77.3888565, 23.2276136], [77.3888812, 23.2275836], [77.3888974, 23.2275457], [77.3889015, 23.2275052], [77.3888931, 23.2274652], [77.3888741, 23.2274305], [77.3888457, 23.2274017], [77.38881, 23.2273809], [77.3887656, 23.2273691], [77.3887194, 23.2273696], [77.3886721, 23.227384], [77.3886322, 23.2274111], [77.3886019, 23.2274513], [77.3885925, 23.227475], [77.3885878, 23.2274999], [77.3885924, 23.227549]]}, "properties": {"kind": "road", "name": "", "osm_id": 32555440, "osm_type": "way", "highway": "primary"}}, {"type": "Feature", "geometry": {"type": "LineString", "coordinates": [[77.379437, 23.2611985], [77.3794369, 23.2611437], [77.3794118, 23.2610941], [77.3793759, 23.2610637], [77.3793308, 23.2610466], [77.379282, 23.2610449], [77.3792153, 23.2610711], [77.3791719, 23.2611246], [77.3791627, 23.2611817], [77.3791818, 23.2612366], [77.3792382, 23.2612851], [77.3792751, 23.2612936], [77.379314, 23.2612985], [77.3793695, 23.2612826], [77.3794131, 23.2612471], [77.379437, 23.2611985]]}, "properties": {"kind": "road", "name": "VIP road", "osm_id": 32559565, "osm_type": "way", "highway": "primary"}}, {"type": "Feature", "geometry": {"type": "LineString", "coordinates": [[77.3698146, 23.272804], [77.3696556, 23.2728297]]}, "properties": {"kind": "road", "name": "Lal Ghati Sqaure", "osm_id": 32559567, "osm_type": "way", "highway": "primary"}}, {"type": "Feature", "geometry": {"type": "LineString", "coordinates": [[77.3710412, 23.2087885], [77.3712385, 23.2088209], [77.3725836, 23.2089696], [77.3729332, 23.2089525], [77.3744124, 23.2087095], [77.3746859, 23.2087355], [77.3752982, 23.2089432], [77.3756732, 23.2090641], [77.3759874, 23.2091323], [77.3762149, 23.2091493], [77.3763336, 23.2091382], [77.3765283, 23.2090971], [77.3767208, 23.2090297], [77.377202, 23.2088389], [77.3772297, 23.2088252]]}, "properties": {"kind": "road", "name": "", "osm_id": 32559984, "osm_type": "way", "highway": "primary"}}, {"type": "Feature", "geometry": {"type": "LineString", "coordinates": [[77.3697352, 23.2071478], [77.3702717, 23.207817], [77.370862, 23.2086007]]}, "properties": {"kind": "road", "name": "", "osm_id": 32559993, "osm_type": "way", "highway": "primary"}}, {"type": "Feature", "geometry": {"type": "LineString", "coordinates": [[77.4797043, 23.2509132], [77.4795983, 23.2508601], [77.4795548, 23.250835], [77.4792519, 23.2506964], [77.4786636, 23.2504444], [77.4782671, 23.2502361], [77.4781384, 23.2501759], [77.4774963, 23.2498423], [77.476137, 23.2491505], [77.4760708, 23.2491277], [77.4756213, 23.2490068], [77.4742822, 23.2489328], [77.4737844, 23.2489073], [77.4724207, 23.2488733], [77.4713103, 23.2490153], [77.4712492, 23.2490259], [77.4710785, 23.2490555], [77.4709235, 23.249081], [77.470773, 23.2491116], [77.4705665, 23.2491476], [77.4692841, 23.2493507], [77.4670532, 23.249728], [77.4669759, 23.2497417], [77.4661362, 23.2498896], [77.4660864, 23.2498985], [77.4660536, 23.2499038], [77.464886, 23.2500913], [77.464373, 23.2501737], [77.4629371, 23.2504057], [77.4628392, 23.2504201], [77.4623329, 23.2505015], [77.4623124, 23.2505048], [77.4597901, 23.2509079], [77.4596521, 23.2509296], [77.4561824, 23.2514226], [77.4560862, 23.251439], [77.454741, 23.251669], [77.4546035, 23.2516925], [77.4514174, 23.2522374], [77.4506476, 23.2523679], [77.4500026, 23.2524793], [77.4499325, 23.2524892], [77.4496869, 23.2525228], [77.4482336, 23.2527296], [77.4472253, 23.2528246], [77.4471212, 23.2528301], [77.4469702, 23.2528377], [77.4461222, 23.2528657], [77.445051, 23.2528699], [77.4446613, 23.2528805], [77.443106, 23.2530223], [77.4412216, 23.2530598], [77.4408128, 23.2530679], [77.4398399, 23.2530873], [77.438886, 23.253107], [77.4380111, 23.2531239], [77.4368276, 23.2531366], [77.4363931, 23.25314], [77.4360823, 23.2531174], [77.4357861, 23.2530875], [77.4357121, 23.2530789], [77.4356165, 23.2530687], [77.435585, 23.2530636], [77.4352213, 23.2530076], [77.4350051, 23.2529728], [77.4347773, 23.2529339], [77.4346777, 23.2529179], [77.4346297, 23.2529071], [77.4343427, 23.2528421], [77.4338689, 23.2527417], [77.4329385, 23.2525245], [77.4327016, 23.2524776], [77.431144, 23.2521084], [77.4310574, 23.2520821], [77.4309993, 23.2520621], [77.4309245, 23.2520307], [77.4308874, 23.2520188]]}, "properties": {"kind": "road", "name": "", "osm_id": 93087318, "osm_type": "way", "highway": "primary"}}, {"type": "Feature", "geometry": {"type": "LineString", "coordinates": [[77.3991841, 23.3598528], [77.3992887, 23.3605789]]}, "properties": {"kind": "road", "name": "", "osm_id": 132969900, "osm_type": "way", "highway": "primary"}}, {"type": "Feature", "geometry": {"type": "LineString", "coordinates": [[77.3992887, 23.3605789], [77.3993223, 23.3607257], [77.3993338, 23.3608428], [77.3993555, 23.3608971], [77.3994359, 23.3612802], [77.3997915, 23.3629751], [77.3998661, 23.363369], [77.3998824, 23.3634551], [77.4000527, 23.364354], [77.4001602, 23.3649212], [77.4001868, 23.3650137], [77.4001982, 23.3650626], [77.4002062, 23.3651161], [77.400307, 23.3656637], [77.4003655, 23.3659275], [77.4003448, 23.3668852], [77.4003034, 23.3687959], [77.4002772, 23.3700068], [77.4002602, 23.3707894], [77.4002567, 23.3709522], [77.4002524, 23.3711518], [77.4001896, 23.3732125], [77.4001882, 23.3732515], [77.4001801, 23.373473], [77.400135, 23.3749207], [77.4001125, 23.3753892], [77.4001109, 23.3754222], [77.400127, 23.375709], [77.4001283, 23.3757317], [77.4000312, 23.3773127], [77.400027, 23.3774137], [77.4000156, 23.3776905], [77.4000198, 23.3782058], [77.4000208, 23.378901], [77.400002, 23.3800044], [77.4000234, 23.3808039], [77.4000522, 23.3817604], [77.4000705, 23.3823667], [77.400082, 23.3827479], [77.4000734, 23.3838899], [77.400012, 23.384778], [77.3999874, 23.3851573], [77.3999474, 23.3857462], [77.3997648, 23.3884367], [77.3997167, 23.3891455], [77.3996292, 23.3904348], [77.3996228, 23.3906913], [77.3996143, 23.3910808], [77.3996197, 23.3938575], [77.3996049, 23.3956057], [77.3995801, 23.3985432], [77.399569, 23.3988865], [77.399552, 23.3993181], [77.3995371, 23.3995458], [77.3994093, 23.4014768], [77.3993863, 23.401846], [77.399318, 23.4028876], [77.3993072, 23.4034476], [77.3992979, 23.4037882], [77.3992889, 23.404004], [77.3991127, 23.4074753], [77.3990872, 23.4078995], [77.3990742, 23.4081156], [77.3990574, 23.4083961], [77.3990488, 23.4085389], [77.3990318, 23.4088168], [77.3990281, 23.4088926], [77.3989634, 23.4099318], [77.3988823, 23.4111889], [77.3987598, 23.4132582], [77.3986761, 23.4144531], [77.398667, 23.4163558], [77.3986658, 23.4166057], [77.3986655, 23.4166572], [77.398665, 23.4167713], [77.3986364, 23.4188516], [77.3986196, 23.4190256], [77.3985664, 23.4192659], [77.3984293, 23.4198051], [77.3983368, 23.4201038], [77.3981131, 23.42075], [77.3977352, 23.4215298]]}, "properties": {"kind": "road", "name": "", "osm_id": 132969911, "osm_type": "way", "highway": "primary"}}, {"type": "Feature", "geometry": {"type": "LineString", "coordinates": [[77.443324, 23.2117398], [77.4433449, 23.211702], [77.4438436, 23.2109465], [77.443884, 23.210859], [77.4439078, 23.2108093], [77.4439332, 23.2107134], [77.4439742, 23.2105669], [77.4443919, 23.2093305], [77.4445622, 23.2087993], [77.444732, 23.2082694], [77.4447379, 23.208125], [77.4447278, 23.2080989], [77.444713, 23.2080792], [77.4446834, 23.2080366]]}, "properties": {"kind": "road", "name": "", "osm_id": 198034459, "osm_type": "way", "highway": "primary"}}, {"type": "Feature", "geometry": {"type": "LineString", "coordinates": [[77.3935159, 23.2604538], [77.3934425, 23.2604938], [77.3931742, 23.2606402], [77.39273, 23.260889], [77.3920355, 23.2612405], [77.3917072, 23.2613807], [77.3913771, 23.2614905], [77.3911097, 23.2615897], [77.3909754, 23.261624], [77.3907431, 23.2616648], [77.3905154, 23.2616991]]}, "properties": {"kind": "road", "name": "Main road", "osm_id": 199102075, "osm_type": "way", "highway": "primary"}}, {"type": "Feature", "geometry": {"type": "LineString", "coordinates": [[77.4306575, 23.299303], [77.4311474, 23.2991169], [77.4343364, 23.2976684], [77.4347073, 23.2974893]]}, "properties": {"kind": "road", "name": "Ayodhya Bypass Road Flyover", "osm_id": 207488585, "osm_type": "way", "highway": "primary"}}, {"type": "Feature", "geometry": {"type": "LineString", "coordinates": [[77.4347073, 23.2974893], [77.4350104, 23.297344], [77.4352838, 23.2971775], [77.4353299, 23.2971456]]}, "properties": {"kind": "road", "name": "Ayodhya Bypass Road Flyover", "osm_id": 207488586, "osm_type": "way", "highway": "primary"}}, {"type": "Feature", "geometry": {"type": "LineString", "coordinates": [[77.3693035, 23.2750858], [77.3690479, 23.2753133], [77.3689666, 23.2753767], [77.3688365, 23.2754667], [77.368702, 23.2755509], [77.3683009, 23.2758024], [77.3678667, 23.2760681], [77.3674815, 23.2762992], [77.3669501, 23.2766088], [77.3665027, 23.2768606], [77.3663388, 23.2769475], [77.36608, 23.2770795], [77.3659531, 23.2771432], [77.3657457, 23.2772463], [77.3649016, 23.277648], [77.3647922, 23.2777072], [77.3646559, 23.2777763], [77.3645456, 23.277836], [77.3644612, 23.2778905], [77.3641593, 23.2780758], [77.3635097, 23.2785033], [77.3633174, 23.2786304], [77.3630885, 23.2787834], [77.3628961, 23.2789209], [77.3625097, 23.2792136]]}, "properties": {"kind": "road", "name": "Airport Road Flyover", "osm_id": 207502877, "osm_type": "way", "highway": "primary"}}, {"type": "Feature", "geometry": {"type": "LineString", "coordinates": [[77.3599891, 23.2814982], [77.3595985, 23.2818829], [77.3590982, 23.2823647], [77.3577559, 23.2836293], [77.3559189, 23.2852927], [77.3546963, 23.286393]]}, "properties": {"kind": "road", "name": "Airport Road Flyover", "osm_id": 207502878, "osm_type": "way", "highway": "primary"}}, {"type": "Feature", "geometry": {"type": "LineString", "coordinates": [[77.4007144, 23.3388058], [77.4009244, 23.3388363], [77.4032461, 23.3395042], [77.4046127, 23.3398967], [77.4054651, 23.3401416], [77.4065513, 23.3404633], [77.4073683, 23.3407053], [77.4078255, 23.3408407], [77.4100602, 23.3415025], [77.4110317, 23.3417571], [77.411466, 23.3418463], [77.4115724, 23.3418682], [77.4122072, 23.3419645], [77.4128676, 23.3420164], [77.4142194, 23.342084], [77.4173157, 23.3422387], [77.4187496, 23.3423103], [77.4208631, 23.3424173], [77.4247606, 23.342613]]}, "properties": {"kind": "road", "name": "Bhopal Bypass", "osm_id": 238253643, "osm_type": "way", "highway": "trunk"}}, {"type": "Feature", "geometry": {"type": "LineString", "coordinates": [[77.4247647, 23.3425125], [77.4208581, 23.3423098], [77.4187521, 23.3422006], [77.4151268, 23.3420194], [77.4128718, 23.3419067], [77.4124667, 23.3418749], [77.4122178, 23.3418554], [77.4115908, 23.3417602], [77.4110572, 23.3416506], [77.4101554, 23.3414058], [77.4100051, 23.341366], [77.4077013, 23.3406868], [77.4067433, 23.3404043], [77.4054968, 23.3400368], [77.4045653, 23.3397663], [77.4032778, 23.3393924], [77.4009528, 23.3387247], [77.4007318, 23.3386675]]}, "properties": {"kind": "road", "name": "Bhopal Bypass", "osm_id": 238253644, "osm_type": "way", "highway": "trunk"}}, {"type": "Feature", "geometry": {"type": "LineString", "coordinates": [[77.4784465, 23.3339064], [77.479075, 23.3332742], [77.4793993, 23.3328602], [77.4804137, 23.3314712], [77.4807608, 23.3310646]]}, "properties": {"kind": "road", "name": "Bhopal Bypass", "osm_id": 238253645, "osm_type": "way", "highway": "trunk"}}, {"type": "Feature", "geometry": {"type": "LineString", "coordinates": [[77.5101321, 23.1608265], [77.509096, 23.1593716], [77.5090537, 23.1593106], [77.50748, 23.1570407], [77.5071942, 23.1566718], [77.5069006, 23.1563502], [77.5050425, 23.1544873], [77.504684, 23.1541524], [77.5042545, 23.1538286], [77.501774, 23.1522062], [77.5012578, 23.1518673], [77.5011934, 23.151825], [77.5010836, 23.1517529], [77.5010455, 23.1517259], [77.499399, 23.150559]]}, "properties": {"kind": "road", "name": "", "osm_id": 238253646, "osm_type": "way", "highway": "trunk"}}, {"type": "Feature", "geometry": {"type": "LineString", "coordinates": [[77.4993185, 23.1506607], [77.5008567, 23.1517227], [77.501697, 23.1523103], [77.5030559, 23.1531764], [77.5041801, 23.1539196], [77.5045905, 23.1542443], [77.5049436, 23.1545742], [77.5053697, 23.1549964], [77.505825, 23.1554476], [77.5066878, 23.1563024], [77.5068085, 23.156422], [77.5070967, 23.1567414], [77.5073831, 23.1571064], [77.5078006, 23.1577132], [77.5089027, 23.1593148], [77.5089853, 23.1594349], [77.5091013, 23.159599], [77.5099453, 23.1607929], [77.5100153, 23.1608919]]}, "properties": {"kind": "road", "name": "", "osm_id": 238253647, "osm_type": "way", "highway": "trunk"}}, {"type": "Feature", "geometry": {"type": "LineString", "coordinates": [[77.4572134, 23.3436887], [77.4565225, 23.343844], [77.4556674, 23.3439599], [77.4550468, 23.3440022], [77.454365, 23.3440007], [77.4542956, 23.3440006], [77.4534618, 23.3439591], [77.4518417, 23.3438784], [77.4503867, 23.3439146], [77.4497258, 23.3439645], [77.4490975, 23.3440119], [77.447743, 23.3441178], [77.4468155, 23.3441769], [77.446214, 23.3441704], [77.4456503, 23.3441199], [77.4421382, 23.3436302]]}, "properties": {"kind": "road", "name": "Bhopal Bypass", "osm_id": 238253649, "osm_type": "way", "highway": "trunk"}}, {"type": "Feature", "geometry": {"type": "LineString", "coordinates": [[77.4254512, 23.3426497], [77.4271481, 23.342737], [77.428887, 23.3428264], [77.4292222, 23.3428436], [77.4323435, 23.3430281], [77.4326779, 23.3430479], [77.4342174, 23.3431164], [77.4387313, 23.3433171], [77.4387879, 23.3433187], [77.4397857, 23.3434117], [77.4421373, 23.3437706]]}, "properties": {"kind": "road", "name": "Bhopal Bypass", "osm_id": 238253650, "osm_type": "way", "highway": "trunk"}}, {"type": "Feature", "geometry": {"type": "LineString", "coordinates": [[77.4783718, 23.33385], [77.4778007, 23.3344195]]}, "properties": {"kind": "road", "name": "Bhopal Bypass", "osm_id": 238253652, "osm_type": "way", "highway": "trunk"}}, {"type": "Feature", "geometry": {"type": "LineString", "coordinates": [[77.4987363, 23.1502683], [77.4993185, 23.1506607]]}, "properties": {"kind": "road", "name": "", "osm_id": 238253654, "osm_type": "way", "highway": "trunk"}}, {"type": "Feature", "geometry": {"type": "LineString", "coordinates": [[77.5100153, 23.1608919], [77.5101184, 23.1610551]]}, "properties": {"kind": "road", "name": "", "osm_id": 238253655, "osm_type": "way", "highway": "trunk"}}, {"type": "Feature", "geometry": {"type": "LineString", "coordinates": [[77.5113349, 23.1880955], [77.5113308, 23.1879279]]}, "properties": {"kind": "road", "name": "", "osm_id": 238253657, "osm_type": "way", "highway": "trunk"}}, {"type": "Feature", "geometry": {"type": "LineString", "coordinates": [[77.4778807, 23.334498], [77.4784465, 23.3339064]]}, "properties": {"kind": "road", "name": "Bhopal Bypass", "osm_id": 238253658, "osm_type": "way", "highway": "trunk"}}, {"type": "Feature", "geometry": {"type": "LineString", "coordinates": [[77.4572427, 23.3437931], [77.457478, 23.3437345]]}, "properties": {"kind": "road", "name": "Bhopal Bypass", "osm_id": 238253659, "osm_type": "way", "highway": "trunk"}}, {"type": "Feature", "geometry": {"type": "LineString", "coordinates": [[77.5102388, 23.1609954], [77.5101321, 23.1608265]]}, "properties": {"kind": "road", "name": "", "osm_id": 238253660, "osm_type": "way", "highway": "trunk"}}, {"type": "Feature", "geometry": {"type": "LineString", "coordinates": [[77.45744, 23.3436323], [77.4572134, 23.3436887]]}, "properties": {"kind": "road", "name": "Bhopal Bypass", "osm_id": 238253664, "osm_type": "way", "highway": "trunk"}}, {"type": "Feature", "geometry": {"type": "LineString", "coordinates": [[77.5112115, 23.1879426], [77.5112196, 23.1881113]]}, "properties": {"kind": "road", "name": "", "osm_id": 238253665, "osm_type": "way", "highway": "trunk"}}, {"type": "Feature", "geometry": {"type": "LineString", "coordinates": [[77.501184, 23.3102083], [77.5013184, 23.3102199]]}, "properties": {"kind": "road", "name": "", "osm_id": 238253667, "osm_type": "way", "highway": "trunk_link"}}, {"type": "Feature", "geometry": {"type": "LineString", "coordinates": [[77.499399, 23.150559], [77.498798, 23.1501705]]}, "properties": {"kind": "road", "name": "", "osm_id": 238253668, "osm_type": "way", "highway": "trunk"}}, {"type": "Feature", "geometry": {"type": "LineString", "coordinates": [[77.4247606, 23.342613], [77.4254512, 23.3426497]]}, "properties": {"kind": "road", "name": "Bhopal Bypass", "osm_id": 238253669, "osm_type": "way", "highway": "trunk"}}, {"type": "Feature", "geometry": {"type": "LineString", "coordinates": [[77.4735458, 23.3383632], [77.4739417, 23.3382393], [77.4741671, 23.33825], [77.4743712, 23.3383417]]}, "properties": {"kind": "road", "name": "", "osm_id": 238253671, "osm_type": "way", "highway": "trunk_link"}}, {"type": "Feature", "geometry": {"type": "LineString", "coordinates": [[77.498798, 23.1501705], [77.4979224, 23.1496637], [77.4965679, 23.1489601], [77.4959529, 23.1486485], [77.4955189, 23.1483793], [77.4952864, 23.1482351], [77.4944541, 23.1476968], [77.4941779, 23.1475423], [77.4938581, 23.1473417], [77.4931177, 23.1469116], [77.4927877, 23.1467174], [77.4922948, 23.1464282], [77.4919965, 23.1462532]]}, "properties": {"kind": "road", "name": "", "osm_id": 238253673, "osm_type": "way", "highway": "trunk"}}, {"type": "Feature", "geometry": {"type": "LineString", "coordinates": [[77.4746437, 23.3376269], [77.4744688, 23.3377185], [77.4743197, 23.3377746], [77.4742045, 23.3378036], [77.4741279, 23.3378085], [77.4739717, 23.3377643], [77.4738317, 23.3376681]]}, "properties": {"kind": "road", "name": "", "osm_id": 238253675, "osm_type": "way", "highway": "trunk_link"}}, {"type": "Feature", "geometry": {"type": "LineString", "coordinates": [[77.4965026, 23.1490638], [77.4987363, 23.1502683]]}, "properties": {"kind": "road", "name": "", "osm_id": 238253676, "osm_type": "way", "highway": "trunk"}}, {"type": "Feature", "geometry": {"type": "LineString", "coordinates": [[77.5101184, 23.1610551], [77.5102653, 23.1613254], [77.5103856, 23.1615921]]}, "properties": {"kind": "road", "name": "", "osm_id": 238253677, "osm_type": "way", "highway": "trunk"}}, {"type": "Feature", "geometry": {"type": "LineString", "coordinates": [[77.4842482, 23.1417005], [77.4845046, 23.1418437], [77.484572, 23.1418919]]}, "properties": {"kind": "road", "name": "", "osm_id": 238253678, "osm_type": "way", "highway": "trunk"}}, {"type": "Feature", "geometry": {"type": "LineString", "coordinates": [[77.5112196, 23.1881113], [77.5112066, 23.1907003], [77.5112126, 23.1908686], [77.5112331, 23.1929137], [77.5112365, 23.1932508], [77.5112408, 23.1936776], [77.5112633, 23.1939162], [77.5113811, 23.1945037], [77.5114793, 23.1949933], [77.5119361, 23.197448], [77.5124663, 23.1998412], [77.5127119, 23.2008684], [77.5128987, 23.201647], [77.5135341, 23.2044664]]}, "properties": {"kind": "road", "name": "Bhopal Bypass Road", "osm_id": 238253679, "osm_type": "way", "highway": "trunk"}}, {"type": "Feature", "geometry": {"type": "LineString", "coordinates": [[77.5111282, 23.2526967], [77.5111139, 23.2526345], [77.5110959, 23.2523288], [77.5110975, 23.2522668], [77.5111379, 23.2506925], [77.5111831, 23.2489343]]}, "properties": {"kind": "road", "name": "Bhopal Bypass Road", "osm_id": 238253680, "osm_type": "way", "highway": "trunk"}}, {"type": "Feature", "geometry": {"type": "LineString", "coordinates": [[77.5109913, 23.2526597], [77.5110243, 23.2527773], [77.5111435, 23.2530692], [77.5112765, 23.2533299], [77.5129708, 23.2568315]]}, "properties": {"kind": "road", "name": "Bhopal Bypass", "osm_id": 238253681, "osm_type": "way", "highway": "trunk"}}, {"type": "Feature", "geometry": {"type": "LineString", "coordinates": [[77.5109275, 23.1666191], [77.5109236, 23.167373], [77.5110681, 23.1779576], [77.5110936, 23.1798247], [77.5111209, 23.1818243], [77.5111232, 23.181996], [77.5111348, 23.1828469], [77.5111697, 23.1856332], [77.5112115, 23.1879426]]}, "properties": {"kind": "road", "name": "", "osm_id": 238253683, "osm_type": "way", "highway": "trunk"}}, {"type": "Feature", "geometry": {"type": "LineString", "coordinates": [[77.5120707, 23.2965061], [77.5120943, 23.2964726], [77.512501, 23.2958933], [77.5132119, 23.2948807], [77.5134828, 23.2944949], [77.5139181, 23.2938546], [77.5142805, 23.2932598], [77.5143462, 23.2931484], [77.5146096, 23.2926868], [77.5149013, 23.2921243], [77.5154825, 23.290915], [77.5156394, 23.2905886], [77.5161368, 23.2895486], [77.5163382, 23.2891137], [77.5164756, 23.2887641], [77.5165782, 23.2883861], [77.5166132, 23.288193], [77.5166334, 23.2879957], [77.5166476, 23.287638], [77.5166358, 23.2871372], [77.5165502, 23.2847698], [77.5165379, 23.2841041], [77.5165406, 23.2835716], [77.5165565, 23.2831301], [77.516594, 23.2826945], [77.5166371, 23.2823203], [77.5167873, 23.2810235], [77.5170675, 23.2788389], [77.5171088, 23.2784265], [77.5171675, 23.2778581], [77.5171811, 23.2773679], [77.5171593, 23.2768256], [77.5171201, 23.2765005], [77.5171008, 23.2763402], [77.5168931, 23.2751945], [77.5167324, 23.2740377], [77.5166888, 23.2736116], [77.5166627, 23.2734797], [77.5166398, 23.273315], [77.5164819, 23.2721801], [77.5164466, 23.2720316], [77.5163104, 23.2711659], [77.5162242, 23.2704856], [77.5161701, 23.267234], [77.5161656, 23.2671366], [77.5161816, 23.2665918], [77.5161338, 23.263067], [77.5161092, 23.262735], [77.5160462, 23.2624281], [77.5159107, 23.262115], [77.5156523, 23.2617001]]}, "properties": {"kind": "road", "name": "Bhopal Bypass", "osm_id": 238253684, "osm_type": "way", "highway": "trunk"}}, {"type": "Feature", "geometry": {"type": "LineString", "coordinates": [[77.5113308, 23.1879279], [77.5113101, 23.1868299], [77.5112884, 23.1857368], [77.5112863, 23.1856409], [77.5112933, 23.1854445], [77.5112572, 23.1833293], [77.5112485, 23.1826728], [77.5112393, 23.1819736], [77.5112387, 23.1819249], [77.511232, 23.1814183], [77.5112295, 23.1812314], [77.5110465, 23.1673754], [77.5110357, 23.1668332]]}, "properties": {"kind": "road", "name": "", "osm_id": 238253685, "osm_type": "way", "highway": "trunk"}}, {"type": "Feature", "geometry": {"type": "LineString", "coordinates": [[77.4919965, 23.1462532], [77.4918704, 23.146183], [77.4889702, 23.144406], [77.4886713, 23.1442302], [77.4886043, 23.1441893], [77.4884745, 23.1441101], [77.4882219, 23.1439433], [77.4857958, 23.1425103], [77.484594, 23.1417235]]}, "properties": {"kind": "road", "name": "", "osm_id": 238253686, "osm_type": "way", "highway": "trunk"}}, {"type": "Feature", "geometry": {"type": "LineString", "coordinates": [[77.5103856, 23.1615921], [77.5108183, 23.1629233], [77.5109896, 23.1635783], [77.5110247, 23.1640027], [77.5109275, 23.1666191]]}, "properties": {"kind": "road", "name": "", "osm_id": 238253687, "osm_type": "way", "highway": "trunk"}}, {"type": "Feature", "geometry": {"type": "LineString", "coordinates": [[77.5110357, 23.1668332], [77.5111513, 23.1640013], [77.5110982, 23.163554], [77.5108938, 23.1628477], [77.5106254, 23.162055], [77.5104711, 23.1615993], [77.5103896, 23.1613385]]}, "properties": {"kind": "road", "name": "", "osm_id": 238253689, "osm_type": "way", "highway": "trunk"}}, {"type": "Feature", "geometry": {"type": "LineString", "coordinates": [[77.4741361, 23.3380623], [77.4742378, 23.338007], [77.4746608, 23.3377498], [77.4747102, 23.337723]]}, "properties": {"kind": "road", "name": "Bhopal Bypass", "osm_id": 238253690, "osm_type": "way", "highway": "trunk"}}, {"type": "Feature", "geometry": {"type": "LineString", "coordinates": [[77.501184, 23.3102083], [77.5009976, 23.3103947], [77.4924965, 23.3188975], [77.4913968, 23.320015], [77.4894948, 23.3219478], [77.485561, 23.3259453], [77.4826727, 23.3288802], [77.4810255, 23.330554], [77.4807599, 23.3308637]]}, "properties": {"kind": "road", "name": "Bhopal Bypass", "osm_id": 238253691, "osm_type": "way", "highway": "trunk"}}, {"type": "Feature", "geometry": {"type": "LineString", "coordinates": [[77.4778007, 23.3344195], [77.4768345, 23.3356567], [77.4765185, 23.3360675], [77.4760403, 23.3365785], [77.4755817, 23.3369945], [77.4746437, 23.3376269]]}, "properties": {"kind": "road", "name": "Bhopal Bypass", "osm_id": 238253692, "osm_type": "way", "highway": "trunk"}}, {"type": "Feature", "geometry": {"type": "LineString", "coordinates": [[77.4740747, 23.337983], [77.4735037, 23.3382637]]}, "properties": {"kind": "road", "name": "Bhopal Bypass", "osm_id": 238253693, "osm_type": "way", "highway": "trunk"}}, {"type": "Feature", "geometry": {"type": "LineString", "coordinates": [[77.457478, 23.3437345], [77.4579124, 23.3436263], [77.4619353, 23.3426243], [77.463273, 23.3422446], [77.463413, 23.3421981], [77.4645459, 23.3418221], [77.4650188, 23.3416652], [77.4681562, 23.3404832], [77.4731454, 23.3385376], [77.4735458, 23.3383632]]}, "properties": {"kind": "road", "name": "Bhopal Bypass", "osm_id": 238253694, "osm_type": "way", "highway": "trunk"}}, {"type": "Feature", "geometry": {"type": "LineString", "coordinates": [[77.3296376, 23.323064], [77.3280204, 23.3217682], [77.3275114, 23.3213245], [77.327192, 23.3210012], [77.3268563, 23.3205538], [77.3256431, 23.3186802], [77.324481, 23.3168154], [77.323987, 23.3159786], [77.3229751, 23.3143489], [77.3226886, 23.3140051], [77.3225657, 23.313856], [77.3224624, 23.3137185]]}, "properties": {"kind": "road", "name": "", "osm_id": 238378716, "osm_type": "way", "highway": "trunk"}}, {"type": "Feature", "geometry": {"type": "LineString", "coordinates": [[77.4007318, 23.3386675], [77.4003563, 23.338582], [77.3955806, 23.337713], [77.3954395, 23.3376874], [77.3948267, 23.337557], [77.3946808, 23.3375259], [77.3938935, 23.337322], [77.3929473, 23.3370769], [77.3926281, 23.3369942], [77.3919063, 23.3368663], [77.3918552, 23.3368573], [77.3900104, 23.336737], [77.389128, 23.3367149], [77.3884342, 23.3366804], [77.3877044, 23.3366441], [77.387288, 23.3366126], [77.385788, 23.3364991], [77.3854114, 23.3364806], [77.3803528, 23.3360459], [77.3798535, 23.3360102], [77.3793861, 23.3359794], [77.3788273, 23.3359554], [77.3788052, 23.3359544], [77.3782164, 23.3359573], [77.3781261, 23.3359577], [77.3778245, 23.3359681], [77.3777695, 23.3359705], [77.3762464, 23.3360279], [77.3760725, 23.3360248], [77.3759543, 23.3360227], [77.3755885, 23.336026], [77.3748109, 23.3359795]]}, "properties": {"kind": "road", "name": "Bhopal Bypass", "osm_id": 238378717, "osm_type": "way", "highway": "trunk"}}, {"type": "Feature", "geometry": {"type": "LineString", "coordinates": [[77.3748365, 23.3360861], [77.3755894, 23.3361302], [77.3759137, 23.3361421], [77.3762317, 23.3361391], [77.3771891, 23.3361064], [77.3781016, 23.3360748], [77.3787548, 23.3360649], [77.3793764, 23.3360897], [77.3803274, 23.3361676], [77.385384, 23.3366006], [77.3871096, 23.3367123], [77.3890988, 23.336841], [77.3891373, 23.3368426], [77.3893854, 23.3368584], [77.3918153, 23.3370128], [77.3925683, 23.337136], [77.3927956, 23.3371946], [77.3943074, 23.3375842], [77.3945962, 23.3376586], [77.3948753, 23.3377052], [77.395368, 23.3378315], [77.3955341, 23.3378606], [77.396603, 23.3380481], [77.3979494, 23.3382842], [77.4003089, 23.3387058], [77.4007144, 23.3388058]]}, "properties": {"kind": "road", "name": "Bhopal Bypass", "osm_id": 238378718, "osm_type": "way", "highway": "trunk"}}, {"type": "Feature", "geometry": {"type": "LineString", "coordinates": [[77.3745887, 23.3359616], [77.3738157, 23.3358829], [77.3730715, 23.3357797], [77.3722956, 23.3356747], [77.3717048, 23.3356106], [77.3671377, 23.3351916], [77.3646256, 23.3349717], [77.3629675, 23.3347749], [77.3627377, 23.334744], [77.362418, 23.334701], [77.3623494, 23.3346869], [77.3618568, 23.3345854], [77.3597758, 23.3341337], [77.3594408, 23.334061], [77.3582559, 23.3338038], [77.3567911, 23.3334858], [77.3534584, 23.3328933], [77.3525149, 23.3327255], [77.3512089, 23.3324934], [77.3509964, 23.3324667], [77.349944, 23.3322638], [77.3487552, 23.3320097]]}, "properties": {"kind": "road", "name": "", "osm_id": 238378719, "osm_type": "way", "highway": "trunk"}}, {"type": "Feature", "geometry": {"type": "LineString", "coordinates": [[77.3487246, 23.3321147], [77.3498364, 23.3323444], [77.3506192, 23.3324997], [77.3509807, 23.3325702], [77.3530992, 23.3328965], [77.353319, 23.3329304], [77.3534799, 23.3329615], [77.3563198, 23.3335103], [77.356526, 23.3335543], [77.361834, 23.3346879], [77.3622237, 23.3347707], [77.3623942, 23.334807], [77.362425, 23.3348113], [77.3629318, 23.3348824], [77.3634851, 23.3349441], [77.3639026, 23.3349907], [77.3646982, 23.3350794], [77.3647782, 23.3350883], [77.3656906, 23.3351687], [77.3699826, 23.3355835], [77.3723131, 23.3358043], [77.3730504, 23.3358946], [77.373798, 23.335994], [77.3739739, 23.336011], [77.374639, 23.3360747]]}, "properties": {"kind": "road", "name": "", "osm_id": 238378720, "osm_type": "way", "highway": "trunk"}}, {"type": "Feature", "geometry": {"type": "LineString", "coordinates": [[77.3444718, 23.3312328], [77.344407, 23.3312233], [77.3438206, 23.3311369], [77.3429283, 23.3309749], [77.3420791, 23.3307746], [77.3411398, 23.3305309], [77.3391417, 23.3300126], [77.3388497, 23.3299209], [77.3386553, 23.3298531], [77.3382597, 23.32969], [77.337754, 23.3294171], [77.3371827, 23.3290308], [77.3358809, 23.3280552], [77.333564, 23.3260614], [77.3331008, 23.3256821], [77.3325179, 23.3252373], [77.3320917, 23.3249173], [77.331503, 23.3244753], [77.3307038, 23.3238752], [77.3298805, 23.323257]]}, "properties": {"kind": "road", "name": "", "osm_id": 238378721, "osm_type": "way", "highway": "trunk"}}, {"type": "Feature", "geometry": {"type": "LineString", "coordinates": [[77.3298009, 23.3233551], [77.3302917, 23.3237216], [77.3324688, 23.3253469], [77.3330285, 23.325767], [77.3335033, 23.3261604], [77.3352906, 23.3276955], [77.3358039, 23.3281364], [77.3371279, 23.3291342], [77.3376818, 23.3295064], [77.3378731, 23.3296104], [77.3381971, 23.3297864], [77.338639, 23.3299636], [77.338814, 23.3300182], [77.3391138, 23.3301178], [77.3420474, 23.3308816], [77.342785, 23.3310543], [77.3429101, 23.3310836], [77.3438058, 23.3312465], [77.3444562, 23.3313475]]}, "properties": {"kind": "road", "name": "", "osm_id": 238378722, "osm_type": "way", "highway": "trunk"}}, {"type": "Feature", "geometry": {"type": "LineString", "coordinates": [[77.3227311, 23.3137403], [77.3226886, 23.3140051]]}, "properties": {"kind": "road", "name": "", "osm_id": 238378723, "osm_type": "way", "highway": "trunk_link"}}, {"type": "Feature", "geometry": {"type": "LineString", "coordinates": [[77.3447583, 23.3312729], [77.3446018, 23.3312494], [77.3444718, 23.3312328]]}, "properties": {"kind": "road", "name": "", "osm_id": 238378724, "osm_type": "way", "highway": "trunk"}}, {"type": "Feature", "geometry": {"type": "LineString", "coordinates": [[77.3444562, 23.3313475], [77.344591, 23.3313626], [77.3447419, 23.3313829]]}, "properties": {"kind": "road", "name": "", "osm_id": 238378725, "osm_type": "way", "highway": "trunk"}}, {"type": "Feature", "geometry": {"type": "LineString", "coordinates": [[77.3295416, 23.323152], [77.3298009, 23.3233551]]}, "properties": {"kind": "road", "name": "", "osm_id": 238378726, "osm_type": "way", "highway": "trunk"}}, {"type": "Feature", "geometry": {"type": "LineString", "coordinates": [[77.3298805, 23.323257], [77.3296376, 23.323064]]}, "properties": {"kind": "road", "name": "", "osm_id": 238378727, "osm_type": "way", "highway": "trunk"}}, {"type": "Feature", "geometry": {"type": "LineString", "coordinates": [[77.374639, 23.3360747], [77.3748365, 23.3360861]]}, "properties": {"kind": "road", "name": "", "osm_id": 238378728, "osm_type": "way", "highway": "trunk"}}, {"type": "Feature", "geometry": {"type": "LineString", "coordinates": [[77.3748109, 23.3359795], [77.3745887, 23.3359616]]}, "properties": {"kind": "road", "name": "", "osm_id": 238378729, "osm_type": "way", "highway": "trunk"}}, {"type": "Feature", "geometry": {"type": "LineString", "coordinates": [[77.3484459, 23.3320535], [77.3487246, 23.3321147]]}, "properties": {"kind": "road", "name": "", "osm_id": 238378730, "osm_type": "way", "highway": "trunk"}}, {"type": "Feature", "geometry": {"type": "LineString", "coordinates": [[77.3487552, 23.3320097], [77.3484734, 23.3319495]]}, "properties": {"kind": "road", "name": "", "osm_id": 238378731, "osm_type": "way", "highway": "trunk"}}, {"type": "Feature", "geometry": {"type": "LineString", "coordinates": [[77.3222967, 23.314039], [77.3226191, 23.3140775]]}, "properties": {"kind": "road", "name": "", "osm_id": 238378732, "osm_type": "way", "highway": "trunk_link"}}, {"type": "Feature", "geometry": {"type": "LineString", "coordinates": [[77.3484734, 23.3319495], [77.3468813, 23.3315919], [77.3457648, 23.3314095], [77.3447583, 23.3312729]]}, "properties": {"kind": "road", "name": "", "osm_id": 238378733, "osm_type": "way", "highway": "trunk"}}, {"type": "Feature", "geometry": {"type": "LineString", "coordinates": [[77.3447419, 23.3313829], [77.3457397, 23.3315123], [77.3467776, 23.3316871], [77.3484459, 23.3320535]]}, "properties": {"kind": "road", "name": "", "osm_id": 238378734, "osm_type": "way", "highway": "trunk"}}, {"type": "Feature", "geometry": {"type": "LineString", "coordinates": [[77.3222806, 23.3137207], [77.3224742, 23.3139202], [77.3226191, 23.3140775], [77.3244053, 23.316939], [77.3255353, 23.3187336], [77.3267599, 23.3206273], [77.3270957, 23.3210704], [77.3274257, 23.321416], [77.3275983, 23.3215731], [77.3279333, 23.3218449], [77.3295416, 23.323152]]}, "properties": {"kind": "road", "name": "", "osm_id": 238378735, "osm_type": "way", "highway": "trunk"}}, {"type": "Feature", "geometry": {"type": "LineString", "coordinates": [[77.3405705, 23.2988203], [77.3405376, 23.2991123]]}, "properties": {"kind": "road", "name": "", "osm_id": 238380903, "osm_type": "way", "highway": "primary_link"}}, {"type": "Feature", "geometry": {"type": "LineString", "coordinates": [[77.3412313, 23.2985295], [77.3408692, 23.2986603], [77.3408269, 23.2986636], [77.3406538, 23.2986231]]}, "properties": {"kind": "road", "name": "", "osm_id": 238380910, "osm_type": "way", "highway": "primary_link"}}, {"type": "Feature", "geometry": {"type": "LineString", "coordinates": [[77.3931101, 23.2568563], [77.3970382, 23.2552971]]}, "properties": {"kind": "road", "name": "VIP road", "osm_id": 238505269, "osm_type": "way", "highway": "primary"}}, {"type": "Feature", "geometry": {"type": "LineString", "coordinates": [[77.379437, 23.2611985], [77.3796581, 23.2611626]]}, "properties": {"kind": "road", "name": "VIP road", "osm_id": 238505271, "osm_type": "way", "highway": "primary"}}, {"type": "Feature", "geometry": {"type": "LineString", "coordinates": [[77.3807189, 23.2609119], [77.3807361, 23.2608953], [77.3807605, 23.2608739], [77.3808592, 23.2606606], [77.3809788, 23.2602256], [77.3811204, 23.2599227], [77.3813111, 23.259659], [77.3816725, 23.2593106], [77.38184, 23.2592038], [77.3821054, 23.2590756], [77.3822929, 23.2590274], [77.3841678, 23.2587378], [77.3844332, 23.2587378], [77.3846534, 23.2587938], [77.3848234, 23.25888], [77.3851213, 23.2590232], [77.3852943, 23.2591749], [77.3856797, 23.259789], [77.3858212, 23.2599155], [77.3860808, 23.2599877], [77.3865251, 23.2600636], [77.3867158, 23.2600491], [77.3868947, 23.2599877], [77.3883673, 23.2591063], [77.3898772, 23.2583783], [77.3900699, 23.2582627], [77.3910706, 23.2574318], [77.3912633, 23.257347], [77.3926474, 23.2570128], [77.3928706, 23.2569373], [77.3931101, 23.2568563]]}, "properties": {"kind": "road", "name": "VIP road", "osm_id": 238505279, "osm_type": "way", "highway": "primary"}}, {"type": "Feature", "geometry": {"type": "LineString", "coordinates": [[77.3796581, 23.2611626], [77.3804519, 23.2610399], [77.3805536, 23.2610146], [77.3806505, 23.2609662], [77.3807189, 23.2609119]]}, "properties": {"kind": "road", "name": "VIP road", "osm_id": 238505283, "osm_type": "way", "highway": "primary"}}, {"type": "Feature", "geometry": {"type": "LineString", "coordinates": [[77.4247771, 23.252059], [77.424458, 23.251676]]}, "properties": {"kind": "road", "name": "", "osm_id": 238506830, "osm_type": "way", "highway": "primary"}}, {"type": "Feature", "geometry": {"type": "LineString", "coordinates": [[77.424458, 23.251676], [77.4244164, 23.2516316], [77.4244047, 23.2516052], [77.4244164, 23.2515795], [77.4245239, 23.2515003], [77.4245429, 23.251469], [77.4245518, 23.2514389], [77.4245561, 23.2514116], [77.424536, 23.251361]]}, "properties": {"kind": "road", "name": "", "osm_id": 238506831, "osm_type": "way", "highway": "primary"}}, {"type": "Feature", "geometry": {"type": "LineString", "coordinates": [[77.3799479, 23.215053], [77.3799157, 23.215002], [77.3798672, 23.2149633], [77.3798077, 23.2149412], [77.3797436, 23.2149381], [77.3796819, 23.2149544], [77.3796293, 23.2149882], [77.3795915, 23.2150359], [77.3795728, 23.2150915], [77.3795745, 23.2151496], [77.3795964, 23.2152041], [77.3796361, 23.2152494], [77.3796896, 23.2152805], [77.3797511, 23.2152942], [77.3798141, 23.2152891], [77.379872, 23.2152657], [77.3799208, 23.2152238], [77.3799514, 23.2151693], [77.3799602, 23.2151109], [77.3799479, 23.215053]]}, "properties": {"kind": "road", "name": "", "osm_id": 238798570, "osm_type": "way", "highway": "primary"}}, {"type": "Feature", "geometry": {"type": "LineString", "coordinates": [[77.3772297, 23.2088252], [77.3775611, 23.2086911], [77.3777248, 23.2087153], [77.3778731, 23.208856], [77.3780062, 23.2092519], [77.3779824, 23.2094269], [77.3779721, 23.2095026], [77.3775027, 23.2116676], [77.3774759, 23.2119579], [77.3775276, 23.21225], [77.3776731, 23.212491], [77.3778252, 23.2125819], [77.3782531, 23.2128376], [77.378435, 23.2130646]]}, "properties": {"kind": "road", "name": "", "osm_id": 238798572, "osm_type": "way", "highway": "primary"}}, {"type": "Feature", "geometry": {"type": "LineString", "coordinates": [[77.3785029, 23.2130202], [77.3783107, 23.2127714], [77.3777475, 23.2124206], [77.3775959, 23.2121319], [77.3775932, 23.2117711], [77.3780524, 23.2096145], [77.3780859, 23.2094571], [77.3781158, 23.209294], [77.3779436, 23.2087707], [77.3778557, 23.2086495], [77.3778423, 23.208631], [77.3775939, 23.2085591], [77.3773144, 23.2086459], [77.3771496, 23.2087391], [77.377119, 23.208749], [77.3765337, 23.2089381], [77.3762911, 23.2089975], [77.3761809, 23.2090066], [77.3759923, 23.2090011], [77.3755666, 23.2089023], [77.3753235, 23.2088158], [77.3747916, 23.208647], [77.3747304, 23.2086362], [77.3745935, 23.2086077], [77.3744144, 23.2086057], [77.374205, 23.2086143], [77.3731845, 23.2087642], [77.3727224, 23.2088241], [77.3724373, 23.2088174], [77.371118, 23.2086609]]}, "properties": {"kind": "road", "name": "", "osm_id": 238798573, "osm_type": "way", "highway": "primary"}}, {"type": "Feature", "geometry": {"type": "LineString", "coordinates": [[77.3886322, 23.2274111], [77.3884069, 23.2271902], [77.3879735, 23.2268545], [77.3875351, 23.2264861], [77.3871535, 23.2261815], [77.3868276, 23.2259541], [77.3865327, 23.2257437], [77.3860939, 23.2252994], [77.3855941, 23.2248226], [77.3854844, 23.2247227], [77.3853977, 23.2246438], [77.3849675, 23.224252], [77.3846586, 23.2239707], [77.3845394, 23.2238527], [77.3834544, 23.2227781], [77.3834424, 23.2227658], [77.3819549, 23.2210049], [77.3818401, 23.2207784], [77.3817127, 23.2205176], [77.3815834, 23.2202031], [77.3814441, 23.2198147], [77.3812045, 23.2191865], [77.3808864, 23.2183538], [77.3801695, 23.2165131], [77.3800566, 23.2161709], [77.3799679, 23.2158947], [77.3798976, 23.2156226]]}, "properties": {"kind": "road", "name": "", "osm_id": 238798574, "osm_type": "way", "highway": "primary"}}, {"type": "Feature", "geometry": {"type": "LineString", "coordinates": [[77.3796503, 23.2153484], [77.3797519, 23.215667]]}, "properties": {"kind": "road", "name": "", "osm_id": 238798576, "osm_type": "way", "highway": "primary"}}, {"type": "Feature", "geometry": {"type": "LineString", "coordinates": [[77.3696414, 23.2070189], [77.3697352, 23.2071478]]}, "properties": {"kind": "road", "name": "", "osm_id": 238798577, "osm_type": "way", "highway": "primary"}}, {"type": "Feature", "geometry": {"type": "LineString", "coordinates": [[77.3794485, 23.2143911], [77.3786545, 23.2132399], [77.3785029, 23.2130202]]}, "properties": {"kind": "road", "name": "", "osm_id": 238798579, "osm_type": "way", "highway": "primary"}}, {"type": "Feature", "geometry": {"type": "LineString", "coordinates": [[77.3796361, 23.2152494], [77.3796503, 23.2153484]]}, "properties": {"kind": "road", "name": "", "osm_id": 238798580, "osm_type": "way", "highway": "primary"}}, {"type": "Feature", "geometry": {"type": "LineString", "coordinates": [[77.3798976, 23.2156226], [77.379872, 23.2152657]]}, "properties": {"kind": "road", "name": "", "osm_id": 238798581, "osm_type": "way", "highway": "primary"}}, {"type": "Feature", "geometry": {"type": "LineString", "coordinates": [[77.378435, 23.2130646], [77.3793759, 23.2144308]]}, "properties": {"kind": "road", "name": "", "osm_id": 238798584, "osm_type": "way", "highway": "primary"}}, {"type": "Feature", "geometry": {"type": "LineString", "coordinates": [[77.3683018, 23.2052646], [77.3690421, 23.2062587], [77.3696414, 23.2070189]]}, "properties": {"kind": "road", "name": "", "osm_id": 238798585, "osm_type": "way", "highway": "primary"}}, {"type": "Feature", "geometry": {"type": "LineString", "coordinates": [[77.3798077, 23.2149412], [77.3796342, 23.214618]]}, "properties": {"kind": "road", "name": "", "osm_id": 238798587, "osm_type": "way", "highway": "primary"}}, {"type": "Feature", "geometry": {"type": "LineString", "coordinates": [[77.3802302, 23.2148278], [77.3798899, 23.2147311], [77.3796342, 23.214618]]}, "properties": {"kind": "road", "name": "", "osm_id": 238798588, "osm_type": "way", "highway": "primary_link"}}, {"type": "Feature", "geometry": {"type": "LineString", "coordinates": [[77.3793759, 23.2144308], [77.3794611, 23.2145935], [77.3795915, 23.2150359]]}, "properties": {"kind": "road", "name": "", "osm_id": 238798589, "osm_type": "way", "highway": "primary"}}, {"type": "Feature", "geometry": {"type": "LineString", "coordinates": [[77.3648116, 23.2046345], [77.365418, 23.2046926], [77.3656333, 23.2047153], [77.3657644, 23.2047234], [77.3659462, 23.2047259], [77.3668017, 23.2048163], [77.3674264, 23.2048855], [77.3677401, 23.2049659], [77.3678208, 23.2049866], [77.3680223, 23.2050559], [77.368157, 23.2051435], [77.3683018, 23.2052646]]}, "properties": {"kind": "road", "name": "", "osm_id": 238798594, "osm_type": "way", "highway": "primary"}}, {"type": "Feature", "geometry": {"type": "LineString", "coordinates": [[77.5109913, 23.2526597], [77.5109075, 23.2526795], [77.5105724, 23.2527707], [77.5101208, 23.2528253], [77.5097484, 23.2528873], [77.5096683, 23.2528811], [77.5096147, 23.2528772], [77.5084301, 23.2527919], [77.5067914, 23.2526592], [77.5059778, 23.2525965], [77.5056213, 23.2525602], [77.5055746, 23.2525555], [77.5045967, 23.25249], [77.5044903, 23.2524844], [77.5043279, 23.2524759], [77.5042029, 23.2524642], [77.5039205, 23.2524378], [77.5036994, 23.2523778], [77.5035429, 23.2523353], [77.5032167, 23.2521302], [77.5031323, 23.2520301], [77.5021075, 23.2508137], [77.5017845, 23.2504306], [77.5012823, 23.2498348], [77.5012057, 23.249744], [77.5010967, 23.2496146], [77.500925, 23.2495042], [77.5008118, 23.2494602], [77.5006933, 23.2494253], [77.5005039, 23.2494202], [77.4989883, 23.2493686], [77.4983741, 23.2493482], [77.4975437, 23.2493202], [77.4973716, 23.2493149], [77.4966541, 23.2492905], [77.4963327, 23.2492796], [77.495723, 23.2492604], [77.4953815, 23.2492496], [77.4952332, 23.2492423], [77.4948687, 23.2492244], [77.4938697, 23.2492045], [77.4925995, 23.2491099], [77.4911597, 23.2489566], [77.4907673, 23.2489077], [77.4897331, 23.2487788], [77.4897001, 23.2487747], [77.4896841, 23.2487727], [77.4893036, 23.2487363], [77.48903, 23.248788], [77.4886678, 23.2490774], [77.4881961, 23.2496356], [77.4881352, 23.2497077], [77.4881036, 23.2497419], [77.4869088, 23.2510343], [77.4866149, 23.2513523], [77.4863729, 23.2516141], [77.4860602, 23.2518199], [77.485836, 23.251941], [77.4855982, 23.2520147], [77.4855733, 23.2520224], [77.4852132, 23.2519822], [77.4846772, 23.2518934], [77.4844454, 23.2518507], [77.4832428, 23.2516167], [77.481772, 23.2513425], [77.4817275, 23.2513392], [77.481287, 23.2513066], [77.4807977, 23.2512704], [77.480768, 23.2512682], [77.4803617, 23.251189], [77.480136, 23.251088], [77.4799465, 23.2510257], [77.4797043, 23.2509132]]}, "properties": {"kind": "road", "name": "Raisen Road", "osm_id": 240745682, "osm_type": "way", "highway": "primary"}}, {"type": "Feature", "geometry": {"type": "LineString", "coordinates": [[77.4357415, 23.2966979], [77.4361209, 23.2962451]]}, "properties": {"kind": "road", "name": "Ayodhya Bypass Road", "osm_id": 260648487, "osm_type": "way", "highway": "primary"}}, {"type": "Feature", "geometry": {"type": "LineString", "coordinates": [[77.4361209, 23.2962451], [77.4362809, 23.2958875], [77.4363791, 23.2955549], [77.4364295, 23.295144], [77.4364347, 23.2950603], [77.4364399, 23.2949759], [77.4364435, 23.2948538], [77.436437, 23.2946519], [77.4364299, 23.29443], [77.4363965, 23.2933864], [77.4363963, 23.2925356], [77.4364053, 23.292102], [77.4364084, 23.2920768], [77.4364746, 23.2915423], [77.4365487, 23.2912328], [77.4366323, 23.2909326], [77.436693, 23.2907539], [77.4368351, 23.2903676], [77.4369987, 23.2900312], [77.4370153, 23.2899971], [77.4371566, 23.2897648], [77.4371784, 23.289729], [77.4374445, 23.2893348], [77.437728, 23.2890092], [77.4392969, 23.2871867], [77.4396867, 23.2867616], [77.4400537, 23.2863075], [77.4411175, 23.2850493], [77.4416816, 23.2844761], [77.4425768, 23.283435], [77.4435392, 23.2822361], [77.4436753, 23.2820814], [77.4437791, 23.2819556], [77.4439728, 23.2817723], [77.444268, 23.2815142], [77.444345, 23.2814468], [77.4446607, 23.2812587], [77.4451387, 23.2810409], [77.4454787, 23.2809439], [77.4460433, 23.280813], [77.4472037, 23.2805657], [77.44866, 23.2802509], [77.4487109, 23.2802381], [77.4489001, 23.2801904], [77.4493968, 23.2800807], [77.4498917, 23.2799908], [77.4500419, 23.2799723], [77.450467, 23.2798528], [77.4509042, 23.2797309], [77.4523889, 23.2794044], [77.452431, 23.2793917], [77.4524982, 23.279377], [77.4530669, 23.2792396], [77.4539903, 23.2790426], [77.4547199, 23.2788666], [77.4553626, 23.2787269], [77.4555418, 23.2786973], [77.4557027, 23.2787084], [77.4558462, 23.2787232], [77.4559495, 23.2787195], [77.4561761, 23.2786874], [77.456266, 23.2786702], [77.4565168, 23.2786111], [77.4569754, 23.2784879], [77.4573496, 23.2784152], [77.4575592, 23.2783618], [77.4581797, 23.2782242], [77.4590528, 23.2780222], [77.4598226, 23.2778411], [77.4606876, 23.2776378], [77.4611114, 23.2775257], [77.4613944, 23.2774099], [77.4615888, 23.2773483], [77.4617632, 23.277283], [77.4618316, 23.2772535], [77.4619024, 23.2772128], [77.4621159, 23.2771082], [77.4623267, 23.2769915], [77.4624804, 23.2768965], [77.4626586, 23.2767789], [77.4628984, 23.2765814], [77.4630623, 23.2764298], [77.4633187, 23.2761832], [77.4635002, 23.2759791], [77.4635861, 23.2758766], [77.4636721, 23.2757273], [77.4636961, 23.2756497], [77.4637343, 23.2755568], [77.4646748, 23.2742419], [77.4652157, 23.2734641], [77.4654697, 23.273138], [77.4654965, 23.2731036], [77.4655719, 23.2730111], [77.4658368, 23.2726731], [77.466217, 23.2721878], [77.4663948, 23.2719609], [77.4667339, 23.2715361], [77.4669041, 23.271313], [77.4669398, 23.2712663], [77.4669498, 23.2712533], [77.4670718, 23.2710984], [77.4672417, 23.2708878], [77.4673788, 23.2707064], [77.4674805, 23.2705745], [77.4676229, 23.270392], [77.4679117, 23.270022], [77.4681497, 23.2697346], [77.4682503, 23.269605], [77.4682734, 23.269573], [77.468325, 23.269507], [77.468376, 23.2694401], [77.468793, 23.2688913], [77.4688219, 23.2688529], [77.4688983, 23.2687414], [77.4689057, 23.2687307], [77.4690023, 23.2686053], [77.4700768, 23.2672206], [77.4706973, 23.2664133], [77.4708814, 23.2661688], [77.4714282, 23.2654626], [77.4715019, 23.2653667], [77.4716664, 23.2651527], [77.4717049, 23.2651027], [77.4717751, 23.2650058], [77.4720136, 23.2647011], [77.4724481, 23.2641359], [77.4726703, 23.2638469], [77.4729606, 23.26349], [77.4731329, 23.2632451], [77.474023, 23.2621065], [77.4740599, 23.2620594], [77.4745029, 23.2614927], [77.4749587, 23.2609097], [77.4759061, 23.2597026], [77.4767906, 23.2585666], [77.4771364, 23.258165], [77.4774825, 23.2577252], [77.4775104, 23.2576893], [77.4775642, 23.2576085], [77.4777421, 23.2573675], [77.4780767, 23.2568263], [77.4781797, 23.2566449], [77.4782398, 23.2564872], [77.4782507, 23.2564453], [77.4783156, 23.2561979]]}, "properties": {"kind": "road", "name": "Ayodhya Bypass Road", "osm_id": 260648488, "osm_type": "way", "highway": "primary"}}, {"type": "Feature", "geometry": {"type": "LineString", "coordinates": [[77.4402113, 23.3069255], [77.4404394, 23.3070061], [77.4410356, 23.3072976], [77.4416973, 23.307665], [77.4432525, 23.3085195], [77.4441045, 23.3089904], [77.4448865, 23.3094226], [77.4451521, 23.3095802], [77.4457164, 23.309943], [77.4459864, 23.3101312], [77.446429, 23.3104514], [77.4467238, 23.3106801], [77.4483184, 23.311908], [77.4490133, 23.3124292], [77.449308, 23.3126633], [77.4501866, 23.3133613], [77.4508517, 23.3138564], [77.4512139, 23.3141052], [77.4515554, 23.3143239], [77.4519408, 23.3145707], [77.4528205, 23.315088], [77.4531298, 23.3152505], [77.4532738, 23.3153313], [77.454065, 23.3157752], [77.454918, 23.3162556], [77.4552586, 23.31646], [77.4559621, 23.3169281], [77.4562193, 23.3171359], [77.4566889, 23.3175392]]}, "properties": {"kind": "road", "name": "Bhopal Sanchi Road", "osm_id": 260648489, "osm_type": "way", "highway": "primary"}}, {"type": "Feature", "geometry": {"type": "LineString", "coordinates": [[77.4396871, 23.3067373], [77.4402113, 23.3069255]]}, "properties": {"kind": "road", "name": "Bhopal Sanchi Road", "osm_id": 260648490, "osm_type": "way", "highway": "primary"}}, {"type": "Feature", "geometry": {"type": "LineString", "coordinates": [[77.2438679, 23.1214643], [77.2448098, 23.121289], [77.249077, 23.1221305], [77.2567834, 23.1236274], [77.2572251, 23.1237132], [77.2572538, 23.1237211], [77.2580806, 23.1238839], [77.2596466, 23.1241922], [77.2611738, 23.1244928], [77.2617443, 23.1245959], [77.2619728, 23.1246578], [77.2621593, 23.1247197], [77.2649631, 23.1259642], [77.2661144, 23.1264719], [77.268658, 23.1276414], [77.2687321, 23.1276757], [77.2687948, 23.1277048], [77.2697875, 23.1281641], [77.2698471, 23.1281915], [77.2719294, 23.1291457], [77.2734309, 23.1297442], [77.2771845, 23.1312403], [77.2774119, 23.1313352], [77.2774516, 23.1313506], [77.2775648, 23.1313943], [77.2776913, 23.1314527], [77.2778494, 23.1315359]]}, "properties": {"kind": "road", "name": "", "osm_id": 260648503, "osm_type": "way", "highway": "primary"}}, {"type": "Feature", "geometry": {"type": "LineString", "coordinates": [[77.3147381, 23.3205345], [77.3145151, 23.3206774]]}, "properties": {"kind": "road", "name": "", "osm_id": 260648552, "osm_type": "way", "highway": "trunk"}}, {"type": "Feature", "geometry": {"type": "LineString", "coordinates": [[77.3145151, 23.3206774], [77.3142389, 23.3208244], [77.3135959, 23.321118], [77.3135534, 23.321132], [77.313459, 23.3211631], [77.3131887, 23.3212522], [77.3111954, 23.3216283], [77.3109419, 23.3216762], [77.3107303, 23.3217161], [77.3098995, 23.3218388], [77.3096104, 23.3219085], [77.3075906, 23.3228607], [77.3067299, 23.323228], [77.3052832, 23.3237953], [77.3044248, 23.324121], [77.3038605, 23.3243352], [77.3025226, 23.3248429], [77.3018434, 23.3251217], [77.3015418, 23.325239], [77.3006143, 23.3255647], [77.3005444, 23.3255926], [77.2991588, 23.3261451], [77.2981711, 23.3265318]]}, "properties": {"kind": "road", "name": "", "osm_id": 260648554, "osm_type": "way", "highway": "trunk"}}, {"type": "Feature", "geometry": {"type": "LineString", "coordinates": [[77.5098156, 23.106939], [77.5097035, 23.1070869], [77.5096704, 23.1071282], [77.5096154, 23.1072104], [77.5093145, 23.107664], [77.5091219, 23.1080083], [77.508893, 23.1085506], [77.5087614, 23.1089477], [77.5087114, 23.1091416], [77.5086346, 23.1094457], [77.5085375, 23.1100573], [77.5084557, 23.1105264], [77.5082268, 23.1120908], [77.5080782, 23.1127392], [77.5079905, 23.1129884], [77.5078872, 23.1131974], [77.5078638, 23.1132371]]}, "properties": {"kind": "road", "name": "", "osm_id": 260964402, "osm_type": "way", "highway": "trunk"}}, {"type": "Feature", "geometry": {"type": "LineString", "coordinates": [[77.5078638, 23.1132371], [77.5077323, 23.1134607], [77.5075799, 23.1136514], [77.5074288, 23.1138123], [77.5072982, 23.1139019], [77.507056, 23.1140576], [77.5066859, 23.1142317], [77.5062784, 23.114418], [77.5057738, 23.1146138], [77.5056824, 23.1146493], [77.5045145, 23.115161], [77.5043032, 23.1152625], [77.5040734, 23.1154179], [77.5039619, 23.1155134], [77.5039083, 23.1155593], [77.5037628, 23.1157102], [77.503708, 23.115767], [77.5034765, 23.1160299], [77.5031684, 23.1164398], [77.5030623, 23.1165762], [77.5030214, 23.1166288], [77.5027763, 23.1169594], [77.5025807, 23.1172163], [77.5022353, 23.1176712], [77.5020725, 23.1178958], [77.5009329, 23.1194136], [77.5005161, 23.1199688], [77.5001158, 23.120502], [77.4998032, 23.1209183], [77.4995033, 23.1213178], [77.4993699, 23.1214954], [77.4991229, 23.1218244], [77.4986737, 23.1224227], [77.4984605, 23.1227067], [77.4984188, 23.1227622], [77.4981892, 23.1230739], [77.4975731, 23.1239105], [77.4971757, 23.1244501], [77.4969506, 23.1247558], [77.4968422, 23.1249029], [77.4962231, 23.1257435], [77.4961477, 23.1258439], [77.4958054, 23.1262996], [77.4954569, 23.1267636], [77.4950759, 23.1272708], [77.4943279, 23.1282666], [77.4941786, 23.1284654], [77.4941378, 23.1285189], [77.4936378, 23.1292202], [77.4934206, 23.1295244], [77.493001, 23.130112], [77.4918654, 23.1316409], [77.4918111, 23.131714], [77.4912853, 23.1324181], [77.4905802, 23.1333622], [77.4903829, 23.1336264], [77.4898055, 23.1343996], [77.48957, 23.1347149], [77.4894682, 23.1348513], [77.4883403, 23.1363555], [77.4880964, 23.1366808], [77.4875564, 23.1374037], [77.4872656, 23.1377929], [77.4870828, 23.1380376], [77.4867691, 23.1384576]]}, "properties": {"kind": "road", "name": "", "osm_id": 260964403, "osm_type": "way", "highway": "trunk"}}, {"type": "Feature", "geometry": {"type": "LineString", "coordinates": [[77.4713103, 23.2490153], [77.4711264, 23.2489636], [77.4710451, 23.2489072], [77.4709716, 23.2487273]]}, "properties": {"kind": "road", "name": "", "osm_id": 282844642, "osm_type": "way", "highway": "primary_link"}}, {"type": "Feature", "geometry": {"type": "LineString", "coordinates": [[77.430258, 23.2335977], [77.4301649, 23.2336088], [77.4301036, 23.2336356], [77.4300466, 23.2336851], [77.4300166, 23.2337651], [77.4300125, 23.2337961], [77.4300237, 23.2338578], [77.4300557, 23.2339131], [77.4300873, 23.2339437], [77.4301094, 23.2339575], [77.4301252, 23.2339673], [77.4301678, 23.2339828], [77.4302566, 23.2339871], [77.4303129, 23.2339633], [77.4303757, 23.2339198], [77.4304068, 23.2338799], [77.4304252, 23.23382], [77.4304275, 23.2337571], [77.4304189, 23.2337315], [77.4304005, 23.2336774], [77.4303607, 23.2336469], [77.4303006, 23.2336142], [77.430258, 23.2335977]]}, "properties": {"kind": "road", "name": "DB Mall Square", "osm_id": 311215670, "osm_type": "way", "highway": "primary"}}, {"type": "Feature", "geometry": {"type": "LineString", "coordinates": [[77.441955, 23.2257863], [77.4419236, 23.2276949], [77.4419227, 23.2277467]]}, "properties": {"kind": "road", "name": "", "osm_id": 355741533, "osm_type": "way", "highway": "primary"}}, {"type": "Feature", "geometry": {"type": "LineString", "coordinates": [[77.4419205, 23.2299617], [77.4419457, 23.2303265], [77.4419373, 23.2305287], [77.4419364, 23.2306039], [77.4419294, 23.2312208], [77.4418975, 23.2315964]]}, "properties": {"kind": "road", "name": "", "osm_id": 355741536, "osm_type": "way", "highway": "primary"}}, {"type": "Feature", "geometry": {"type": "LineString", "coordinates": [[77.4419115, 23.2161662], [77.4418867, 23.2162493], [77.4418841, 23.2163692], [77.4418763, 23.2172687], [77.441929, 23.218644], [77.4420295, 23.2211559]]}, "properties": {"kind": "road", "name": "", "osm_id": 355741541, "osm_type": "way", "highway": "primary"}}, {"type": "Feature", "geometry": {"type": "LineString", "coordinates": [[77.4437694, 23.2818718], [77.4437286, 23.2819137], [77.4434663, 23.2822028], [77.4433399, 23.2823593], [77.4431797, 23.2825627], [77.4430605, 23.2826976], [77.4422699, 23.2836564], [77.4415756, 23.2843793], [77.4415445, 23.2844162], [77.4410845, 23.2849613], [77.4399883, 23.2862604], [77.4396619, 23.2866391], [77.4375321, 23.2891102], [77.4373764, 23.2892909], [77.4371068, 23.2896902], [77.4370808, 23.289733], [77.4369409, 23.2899628], [77.4367584, 23.2903382], [77.4366092, 23.2907296], [77.436551, 23.2909096], [77.4364635, 23.2912108], [77.4363923, 23.2915318], [77.4363144, 23.2920958], [77.4362971, 23.2925346], [77.4363054, 23.2930377], [77.4363088, 23.2933899], [77.4363167, 23.2942257], [77.4363228, 23.2948605], [77.4363181, 23.2950068], [77.4363144, 23.2951218], [77.4363134, 23.2953492], [77.4362799, 23.2955469], [77.4361973, 23.2958359], [77.4360126, 23.2961859]]}, "properties": {"kind": "road", "name": "Ayodhya Bypass Road", "osm_id": 355741936, "osm_type": "way", "highway": "primary"}}, {"type": "Feature", "geometry": {"type": "LineString", "coordinates": [[77.479575, 23.2509556], [77.4796725, 23.2510072], [77.479921, 23.2511006], [77.4800817, 23.251161], [77.4803412, 23.2512585], [77.4803931, 23.2512686], [77.4805948, 23.2513079], [77.4807531, 23.2513388], [77.4812838, 23.2514253], [77.4817048, 23.2514933], [77.4844287, 23.2519335], [77.484666, 23.2519718], [77.4852017, 23.2520533], [77.4855815, 23.2520957], [77.485643, 23.2520967], [77.4858687, 23.2520067], [77.4860288, 23.2519202], [77.4861029, 23.2518802], [77.4863551, 23.2517142], [77.4864262, 23.2516674], [77.4866816, 23.2514077], [77.4869618, 23.2510756], [77.4881692, 23.2497869], [77.4882673, 23.2496817], [77.4883471, 23.2495962], [77.4885077, 23.2494231], [77.4886635, 23.2492684], [77.4887577, 23.2491535], [77.4891235, 23.2488771], [77.489307, 23.2488435], [77.4895482, 23.2488409], [77.4896935, 23.2488482], [77.4897246, 23.2488506], [77.4907548, 23.2489924], [77.492592, 23.2491814], [77.4933422, 23.2492373], [77.4936267, 23.2492585], [77.4938652, 23.2492763], [77.494567, 23.2492984], [77.494645, 23.2493009], [77.4952325, 23.2493155], [77.4952873, 23.2493169], [77.4955346, 23.249323], [77.4956167, 23.2493272], [77.4957199, 23.2493325], [77.4958379, 23.2493385], [77.4964019, 23.2493562], [77.496879, 23.2493713], [77.4973688, 23.2493867], [77.4982962, 23.2494175], [77.4989907, 23.2494406], [77.4990602, 23.2494429], [77.5004918, 23.2494906], [77.5005353, 23.249492], [77.5006779, 23.2494967], [77.5007426, 23.2495187], [77.5008884, 23.2495684], [77.5009397, 23.2496014], [77.5010421, 23.2496672], [77.501128, 23.2497784], [77.5020442, 23.2508586], [77.5031584, 23.2521942], [77.5033638, 23.2523337], [77.5035855, 23.2524392], [77.503906, 23.2525088], [77.5043195, 23.2525617], [77.5044889, 23.2525824], [77.5059456, 23.2526862], [77.5068254, 23.2527489], [77.5084271, 23.2528621], [77.5096672, 23.2529591], [77.510188, 23.2529186], [77.5106032, 23.2528428], [77.5108975, 23.2527921], [77.5109257, 23.2527865], [77.5109897, 23.2527776], [77.5110243, 23.2527773]]}, "properties": {"kind": "road", "name": "Raisen Road", "osm_id": 355741937, "osm_type": "way", "highway": "primary"}}, {"type": "Feature", "geometry": {"type": "LineString", "coordinates": [[77.4309054, 23.2522011], [77.4309666, 23.2521735], [77.4310589, 23.2521667], [77.4311151, 23.2521732], [77.4326906, 23.2525159], [77.4329285, 23.2525592], [77.433859, 23.2527828], [77.4346645, 23.2529768], [77.4347622, 23.25299], [77.4349936, 23.2530223], [77.4352118, 23.2530528], [77.4356111, 23.2531043], [77.4357047, 23.2531194], [77.4357798, 23.2531266], [77.4358893, 23.2531371], [77.436083, 23.2531538], [77.4363639, 23.2531779], [77.4368307, 23.2531696], [77.4369001, 23.25317], [77.437521, 23.2531711], [77.4380117, 23.2531598], [77.4380647, 23.2531587], [77.4396126, 23.2531271], [77.4398407, 23.2531188], [77.4407802, 23.2531146], [77.4408529, 23.2531124], [77.4418295, 23.2530834], [77.4431083, 23.2530583], [77.4431948, 23.2530566], [77.4434389, 23.2530425], [77.4440966, 23.2530045], [77.4442975, 23.2529929], [77.4446583, 23.252972], [77.4450526, 23.252957], [77.4461258, 23.2529164], [77.4472319, 23.2528747], [77.4482388, 23.2527652], [77.4494596, 23.2525924], [77.4496923, 23.2525637], [77.4499305, 23.2525258], [77.4500092, 23.2525147], [77.450954, 23.2523582], [77.4514234, 23.2522725], [77.4546047, 23.2517284], [77.4558955, 23.2515081], [77.4560924, 23.2514745], [77.456189, 23.251458], [77.4563262, 23.2514385], [77.4596757, 23.2509775], [77.4598081, 23.2509535], [77.4611575, 23.2507179], [77.4623203, 23.2505407], [77.462847, 23.2504554], [77.4629337, 23.2504414], [77.4648027, 23.2501309], [77.466055, 23.2499397], [77.4660931, 23.2499339], [77.4661385, 23.2499278], [77.4669791, 23.2497954], [77.4670693, 23.2497805], [77.4692906, 23.2494257], [77.4697129, 23.2493586], [77.4707651, 23.2491929], [77.4708279, 23.2491821], [77.470917, 23.2491674], [77.4710157, 23.2491511], [77.4712718, 23.2491019], [77.4713398, 23.2490888], [77.4713695, 23.2490838], [77.4724054, 23.2489437], [77.4737787, 23.2489749], [77.4742776, 23.2489983], [77.4756034, 23.2490731], [77.4760445, 23.2491928], [77.4761007, 23.2492142], [77.4774775, 23.2498847], [77.4780012, 23.2501547], [77.4790105, 23.250673], [77.4792587, 23.2507989], [77.479575, 23.2509556]]}, "properties": {"kind": "road", "name": "", "osm_id": 355741940, "osm_type": "way", "highway": "primary"}}, {"type": "Feature", "geometry": {"type": "LineString", "coordinates": [[77.4432127, 23.2117081], [77.4431232, 23.2119115]]}, "properties": {"kind": "road", "name": "", "osm_id": 355937384, "osm_type": "way", "highway": "primary"}}, {"type": "Feature", "geometry": {"type": "LineString", "coordinates": [[77.4432393, 23.2119396], [77.443324, 23.2117398]]}, "properties": {"kind": "road", "name": "", "osm_id": 355937387, "osm_type": "way", "highway": "primary"}}, {"type": "Feature", "geometry": {"type": "LineString", "coordinates": [[77.4420459, 23.2160509], [77.4420693, 23.2159407], [77.4420908, 23.2158394], [77.4425172, 23.2141462], [77.4425771, 23.2139217], [77.4428434, 23.2129236], [77.4428827, 23.2128198], [77.4430317, 23.212414], [77.4430411, 23.2123883]]}, "properties": {"kind": "road", "name": "", "osm_id": 355937389, "osm_type": "way", "highway": "primary"}}, {"type": "Feature", "geometry": {"type": "LineString", "coordinates": [[77.4429408, 23.2123811], [77.4429178, 23.212456], [77.4427727, 23.2129059], [77.442446, 23.21413], [77.4420175, 23.2158145], [77.4419921, 23.2159324], [77.4419169, 23.2160465]]}, "properties": {"kind": "road", "name": "", "osm_id": 355937392, "osm_type": "way", "highway": "primary"}}, {"type": "Feature", "geometry": {"type": "LineString", "coordinates": [[77.4305696, 23.252105], [77.4305297, 23.2521416], [77.4304817, 23.2521783], [77.4304007, 23.252238], [77.4303577, 23.2522623], [77.4303028, 23.2522877], [77.430177, 23.2523252], [77.4294211, 23.2525466], [77.4288652, 23.2527132], [77.4285727, 23.2527613], [77.4282197, 23.2528376], [77.4278669, 23.2529081], [77.4273266, 23.2530121], [77.427207, 23.2530274], [77.4271864, 23.2530297], [77.4268765, 23.2530638], [77.4266191, 23.2530868], [77.4265605, 23.2531003]]}, "properties": {"kind": "road", "name": "", "osm_id": 360527747, "osm_type": "way", "highway": "primary"}}, {"type": "Feature", "geometry": {"type": "LineString", "coordinates": [[77.4419227, 23.2277467], [77.4419207, 23.227928], [77.4419169, 23.2281018]]}, "properties": {"kind": "road", "name": "", "osm_id": 360551293, "osm_type": "way", "highway": "primary"}}, {"type": "Feature", "geometry": {"type": "LineString", "coordinates": [[77.442028, 23.2299611], [77.4420316, 23.2298315], [77.4420515, 23.2285374], [77.4420599, 23.2282552], [77.4420559, 23.2281903], [77.4420585, 23.2281115]]}, "properties": {"kind": "road", "name": "", "osm_id": 360551294, "osm_type": "way", "highway": "primary"}}, {"type": "Feature", "geometry": {"type": "LineString", "coordinates": [[77.4420585, 23.2281115], [77.442065, 23.227714]]}, "properties": {"kind": "road", "name": "", "osm_id": 360551295, "osm_type": "way", "highway": "primary"}}, {"type": "Feature", "geometry": {"type": "LineString", "coordinates": [[77.4418975, 23.2315964], [77.4418763, 23.2317651]]}, "properties": {"kind": "road", "name": "", "osm_id": 360551296, "osm_type": "way", "highway": "primary"}}, {"type": "Feature", "geometry": {"type": "LineString", "coordinates": [[77.4419766, 23.2317558], [77.4419883, 23.2316105]]}, "properties": {"kind": "road", "name": "", "osm_id": 360551297, "osm_type": "way", "highway": "primary"}}, {"type": "Feature", "geometry": {"type": "LineString", "coordinates": [[77.4419169, 23.2281018], [77.4419171, 23.2282131], [77.4419172, 23.2282797], [77.4419199, 23.2296458], [77.4419205, 23.2299617]]}, "properties": {"kind": "road", "name": "", "osm_id": 360551298, "osm_type": "way", "highway": "primary"}}, {"type": "Feature", "geometry": {"type": "LineString", "coordinates": [[77.441766, 23.2332851], [77.4417814, 23.233261], [77.4418823, 23.2325865], [77.4419019, 23.2324554], [77.4419121, 23.2323912], [77.4419227, 23.232294], [77.441933, 23.2322023], [77.4419695, 23.2318289], [77.4419766, 23.2317558]]}, "properties": {"kind": "road", "name": "", "osm_id": 360551299, "osm_type": "way", "highway": "primary"}}, {"type": "Feature", "geometry": {"type": "LineString", "coordinates": [[77.4418763, 23.2317651], [77.4418672, 23.2318571], [77.4418293, 23.23219], [77.441814, 23.2323014], [77.4418051, 23.2323812], [77.4418024, 23.2324065], [77.4417444, 23.2329122], [77.4417091, 23.2330301], [77.4416521, 23.2331707], [77.4416461, 23.2332027], [77.4416458, 23.2332204]]}, "properties": {"kind": "road", "name": "", "osm_id": 360551300, "osm_type": "way", "highway": "primary"}}, {"type": "Feature", "geometry": {"type": "LineString", "coordinates": [[77.4356915, 23.2259418], [77.4347272, 23.2279704], [77.4344543, 23.2285212], [77.4342279, 23.2290046], [77.4341359, 23.2291988], [77.4340747, 23.2293296], [77.4339728, 23.2295046], [77.4337833, 23.2297707], [77.4335088, 23.2300839], [77.4332348, 23.2303875], [77.4331799, 23.2304408], [77.4329271, 23.2307049], [77.4327744, 23.2308579], [77.4326516, 23.2309837], [77.4325722, 23.2310739], [77.4322582, 23.2313932], [77.4321509, 23.2314984]]}, "properties": {"kind": "road", "name": "GG Flyover", "osm_id": 360551320, "osm_type": "way", "highway": "primary"}}, {"type": "Feature", "geometry": {"type": "LineString", "coordinates": [[77.4786271, 23.2549643], [77.4787305, 23.2545784]]}, "properties": {"kind": "road", "name": "Ayodhya Bypass Road", "osm_id": 363102995, "osm_type": "way", "highway": "primary"}}, {"type": "Feature", "geometry": {"type": "LineString", "coordinates": [[77.4787305, 23.2545784], [77.4790552, 23.2532777], [77.4792665, 23.2525005], [77.4792865, 23.252427], [77.47958, 23.2513473], [77.4796725, 23.2510072], [77.4797043, 23.2509132]]}, "properties": {"kind": "road", "name": "Ayodhya Bypass Road", "osm_id": 363102997, "osm_type": "way", "highway": "primary"}}, {"type": "Feature", "geometry": {"type": "LineString", "coordinates": [[77.4795983, 23.2508601], [77.479575, 23.2509556], [77.4794968, 23.2513153], [77.4794855, 23.2513585], [77.4792104, 23.2524005], [77.4791899, 23.2524696], [77.4789744, 23.2532597], [77.4787986, 23.2539895], [77.4786651, 23.2545426]]}, "properties": {"kind": "road", "name": "Ayodhya Bypass Road", "osm_id": 363102998, "osm_type": "way", "highway": "primary"}}, {"type": "Feature", "geometry": {"type": "LineString", "coordinates": [[77.441542, 23.2332785], [77.4415282, 23.2333106], [77.4415251, 23.2333449], [77.4415331, 23.2333786], [77.4415515, 23.2334086], [77.4415785, 23.2334325], [77.4416092, 23.2334472], [77.4416424, 23.2334537], [77.4416764, 23.2334518], [77.4417086, 23.2334418], [77.441741, 23.2334207], [77.4417648, 23.2333913], [77.4417775, 23.2333566], [77.4417779, 23.23332], [77.441766, 23.2332851], [77.4417451, 23.2332574], [77.4417164, 23.2332363], [77.4416824, 23.2332236], [77.4416458, 23.2332204], [77.4416204, 23.2332239], [77.4415963, 23.2332321], [77.4415654, 23.2332516], [77.441542, 23.2332785]]}, "properties": {"kind": "road", "name": "", "osm_id": 363109670, "osm_type": "way", "highway": "primary"}}, {"type": "Feature", "geometry": {"type": "LineString", "coordinates": [[77.4357678, 23.2444578], [77.4363264, 23.2440625], [77.4369488, 23.2436567], [77.4384466, 23.2427478], [77.4393637, 23.2421948], [77.439389, 23.2421795], [77.4397532, 23.2419891], [77.4398629, 23.2419168], [77.439945, 23.2418461], [77.4400089, 23.2417711], [77.4400405, 23.2416451], [77.4403181, 23.240088], [77.4404996, 23.2395246], [77.4405517, 23.2393466], [77.4408061, 23.2386455], [77.4409385, 23.2382731], [77.4410667, 23.2379269], [77.4411642, 23.2373346], [77.4415645, 23.2350325], [77.4415715, 23.2349577], [77.4416139, 23.2345034], [77.4416481, 23.2341112], [77.4416769, 23.233794], [77.4416889, 23.2336612], [77.4416977, 23.2335645], [77.4417086, 23.2334418]]}, "properties": {"kind": "road", "name": "", "osm_id": 363109672, "osm_type": "way", "highway": "primary"}}, {"type": "Feature", "geometry": {"type": "LineString", "coordinates": [[77.4416092, 23.2334472], [77.4415921, 23.2335624], [77.441586, 23.2336479], [77.4415506, 23.2341117], [77.4415068, 23.234495], [77.4415017, 23.2345536], [77.4414644, 23.2349492], [77.4414577, 23.2350205], [77.441058, 23.2373192], [77.4410106, 23.237614], [77.4409619, 23.2379034], [77.440833, 23.2382587], [77.4407242, 23.2385588], [77.440449, 23.2393172], [77.4403939, 23.2394927], [77.4402132, 23.2400656], [77.4399358, 23.2416313], [77.4398995, 23.2417492], [77.4398279, 23.2418256], [77.4397084, 23.2419069], [77.4396692, 23.2419273], [77.4393227, 23.2421316], [77.439242, 23.2421775], [77.438385, 23.2426559], [77.4378295, 23.2429996], [77.436898, 23.243583], [77.4363191, 23.2439673], [77.4362755, 23.2439975], [77.4357509, 23.2443614], [77.4354682, 23.2445671], [77.4352139, 23.2447531], [77.4348909, 23.2449894], [77.4345103, 23.2452678], [77.4342172, 23.2454712], [77.4339863, 23.2456389], [77.4338835, 23.2457218], [77.4334262, 23.2460595], [77.4325177, 23.2467212], [77.4323702, 23.2468185], [77.4323286, 23.2468506], [77.4322924, 23.2468925], [77.4322481, 23.2469553], [77.4321095, 23.2471806]]}, "properties": {"kind": "road", "name": "", "osm_id": 363109673, "osm_type": "way", "highway": "primary"}}, {"type": "Feature", "geometry": {"type": "LineString", "coordinates": [[77.432429, 23.2311728], [77.4324083, 23.2311941], [77.4323928, 23.2312189], [77.4323832, 23.2312461], [77.4323799, 23.2312746], [77.4323812, 23.2312935], [77.4323901, 23.2313251], [77.4324067, 23.2313539], [77.4324302, 23.2313784], [77.4324593, 23.2313971], [77.4324924, 23.2314091], [77.4325509, 23.2314124], [77.4325794, 23.2314062], [77.4326061, 23.2313951], [77.4326299, 23.2313794], [77.43265, 23.2313598], [77.4326656, 23.231337], [77.4326761, 23.2313119], [77.4326807, 23.2312889], [77.4326811, 23.2312654], [77.4326772, 23.2312423], [77.4326691, 23.2312201], [77.4326588, 23.2312019], [77.4326456, 23.2311853], [77.43263, 23.2311708], [77.4326121, 23.2311584], [77.4325925, 23.2311487], [77.4325423, 23.2311369], [77.4325126, 23.2311375], [77.4324823, 23.2311438], [77.432454, 23.2311558], [77.432429, 23.2311728]]}, "properties": {"kind": "road", "name": "", "osm_id": 363110849, "osm_type": "way", "highway": "primary"}}, {"type": "Feature", "geometry": {"type": "LineString", "coordinates": [[77.416859, 23.2789475], [77.4168647, 23.2789887], [77.4168882, 23.2790477], [77.4169222, 23.2790873], [77.4169655, 23.279114], [77.4170093, 23.2791311], [77.4170765, 23.2791422], [77.4171519, 23.2791402], [77.4174763, 23.279107]]}, "properties": {"kind": "road", "name": "Bhopal Sanchi Road", "osm_id": 363118030, "osm_type": "way", "highway": "primary"}}, {"type": "Feature", "geometry": {"type": "LineString", "coordinates": [[77.4168432, 23.2788375], [77.416859, 23.2789475]]}, "properties": {"kind": "road", "name": "Bhopal Sanchi Road", "osm_id": 363118033, "osm_type": "way", "highway": "primary"}}, {"type": "Feature", "geometry": {"type": "LineString", "coordinates": [[77.3980581, 23.2413407], [77.3982681, 23.2410328]]}, "properties": {"kind": "road", "name": "", "osm_id": 364164688, "osm_type": "way", "highway": "primary"}}, {"type": "Feature", "geometry": {"type": "LineString", "coordinates": [[77.3982681, 23.2410328], [77.3987486, 23.2405033], [77.3988087, 23.2404371]]}, "properties": {"kind": "road", "name": "", "osm_id": 364164690, "osm_type": "way", "highway": "primary"}}, {"type": "Feature", "geometry": {"type": "LineString", "coordinates": [[77.3932422, 23.2607441], [77.3935152, 23.2608541]]}, "properties": {"kind": "road", "name": "", "osm_id": 364863074, "osm_type": "way", "highway": "primary_link"}}, {"type": "Feature", "geometry": {"type": "LineString", "coordinates": [[77.5187731, 23.2510216], [77.5183136, 23.250898], [77.5180404, 23.2508562], [77.5177025, 23.250831], [77.5175292, 23.2508468], [77.5173223, 23.2508873], [77.5169353, 23.2510052], [77.5130737, 23.2521874], [77.5117123, 23.2525432]]}, "properties": {"kind": "road", "name": "", "osm_id": 364874593, "osm_type": "way", "highway": "trunk"}}, {"type": "Feature", "geometry": {"type": "LineString", "coordinates": [[77.5192268, 23.2510947], [77.5187731, 23.2510216]]}, "properties": {"kind": "road", "name": "", "osm_id": 364874594, "osm_type": "way", "highway": "trunk"}}, {"type": "Feature", "geometry": {"type": "LineString", "coordinates": [[77.5106032, 23.2528428], [77.5109119, 23.2529129], [77.5111435, 23.2530692]]}, "properties": {"kind": "road", "name": "", "osm_id": 364874698, "osm_type": "way", "highway": "trunk_link"}}, {"type": "Feature", "geometry": {"type": "LineString", "coordinates": [[77.5109825, 23.2523734], [77.5108566, 23.2525856], [77.5105724, 23.2527707]]}, "properties": {"kind": "road", "name": "", "osm_id": 364874707, "osm_type": "way", "highway": "trunk_link"}}, {"type": "Feature", "geometry": {"type": "LineString", "coordinates": [[77.3164867, 23.3073458], [77.3165537, 23.3072527]]}, "properties": {"kind": "road", "name": "", "osm_id": 365040881, "osm_type": "way", "highway": "trunk_link"}}, {"type": "Feature", "geometry": {"type": "LineString", "coordinates": [[77.3222967, 23.314039], [77.3224742, 23.3139202], [77.3225657, 23.313856]]}, "properties": {"kind": "road", "name": "", "osm_id": 365041137, "osm_type": "way", "highway": "trunk"}}, {"type": "Feature", "geometry": {"type": "LineString", "coordinates": [[77.4418889, 23.2160921], [77.4418877, 23.2161186], [77.4418954, 23.2161441], [77.4419115, 23.2161662], [77.4419327, 23.2161818], [77.441958, 23.2161911], [77.4419851, 23.2161931], [77.4420117, 23.2161878], [77.4420279, 23.2161803], [77.4420442, 23.2161683], [77.4420589, 23.2161506], [77.4420686, 23.2161275], [77.4420707, 23.2161028], [77.4420633, 23.2160773], [77.4420569, 23.2160639], [77.4420459, 23.2160509], [77.4420234, 23.2160348], [77.4419966, 23.2160259], [77.4419681, 23.2160249], [77.4419406, 23.216032], [77.4419169, 23.2160465], [77.4418989, 23.2160673], [77.4418889, 23.2160921]]}, "properties": {"kind": "road", "name": "", "osm_id": 365087252, "osm_type": "way", "highway": "primary"}}, {"type": "Feature", "geometry": {"type": "LineString", "coordinates": [[77.4142709, 23.2521187], [77.4142224, 23.2520942], [77.4141674, 23.2520888], [77.4141144, 23.252103], [77.4140713, 23.2521348], [77.4140447, 23.2521794], [77.4140387, 23.2522299], [77.4140542, 23.2522786], [77.414054, 23.2522862], [77.4141374, 23.2523426], [77.4141923, 23.2523481], [77.4142454, 23.2523339], [77.4142885, 23.2523021], [77.4143151, 23.2522575], [77.414321, 23.252207], [77.4143055, 23.2521582], [77.4142709, 23.2521187]]}, "properties": {"kind": "road", "name": "", "osm_id": 365100929, "osm_type": "way", "highway": "primary"}}, {"type": "Feature", "geometry": {"type": "LineString", "coordinates": [[77.4118346, 23.2539803], [77.4117588, 23.2540113], [77.4093587, 23.2546322], [77.4089735, 23.2547435]]}, "properties": {"kind": "road", "name": "Sultania Road", "osm_id": 365100930, "osm_type": "way", "highway": "primary"}}, {"type": "Feature", "geometry": {"type": "LineString", "coordinates": [[77.4088131, 23.2547296], [77.4088079, 23.2547398], [77.4088017, 23.2547519], [77.4087979, 23.2547763], [77.4088029, 23.2548033], [77.4088111, 23.2548173], [77.408817, 23.2548273], [77.4088323, 23.2548459], [77.408866, 23.2548571], [77.4088956, 23.2548596], [77.4089085, 23.2548595], [77.4089403, 23.2548455], [77.4089541, 23.254835], [77.40897, 23.2548152], [77.4089789, 23.254792], [77.4089801, 23.2547674], [77.4089735, 23.2547435], [77.4089585, 23.2547212], [77.4089367, 23.2547042], [77.4089102, 23.2546942], [77.4088817, 23.2546923], [77.4088351, 23.2547065], [77.4088219, 23.2547153], [77.4088131, 23.2547296]]}, "properties": {"kind": "road", "name": "", "osm_id": 365240069, "osm_type": "way", "highway": "primary"}}, {"type": "Feature", "geometry": {"type": "LineString", "coordinates": [[77.4089978, 23.2551199], [77.4093327, 23.2547439]]}, "properties": {"kind": "road", "name": "", "osm_id": 365240075, "osm_type": "way", "highway": "primary_link"}}, {"type": "Feature", "geometry": {"type": "LineString", "coordinates": [[77.4289253, 23.2997417], [77.4283476, 23.30005], [77.4277543, 23.3003054], [77.4273926, 23.3004935], [77.427225, 23.3005683]]}, "properties": {"kind": "road", "name": "Ayodhya Bypass Road", "osm_id": 365240080, "osm_type": "way", "highway": "primary"}}, {"type": "Feature", "geometry": {"type": "LineString", "coordinates": [[77.4346644, 23.297411], [77.4343082, 23.2975819], [77.4311225, 23.2990261], [77.4307326, 23.2991839], [77.4303459, 23.2993267]]}, "properties": {"kind": "road", "name": "Ayodhya Bypass Road Flyover", "osm_id": 365240082, "osm_type": "way", "highway": "primary"}}, {"type": "Feature", "geometry": {"type": "LineString", "coordinates": [[77.4356597, 23.296625], [77.4355808, 23.2967143], [77.4352639, 23.2970729], [77.4349894, 23.2972434]]}, "properties": {"kind": "road", "name": "Ayodhya Bypass Road", "osm_id": 365240083, "osm_type": "way", "highway": "primary"}}, {"type": "Feature", "geometry": {"type": "LineString", "coordinates": [[77.4174763, 23.279107], [77.4174521, 23.279076]]}, "properties": {"kind": "road", "name": "Bhopal Sanchi Road", "osm_id": 365240086, "osm_type": "way", "highway": "primary"}}, {"type": "Feature", "geometry": {"type": "LineString", "coordinates": [[77.4089541, 23.254835], [77.4093327, 23.2547439], [77.4098316, 23.2546061], [77.4108232, 23.2543516], [77.4112988, 23.2542377], [77.4116831, 23.2541389], [77.4118942, 23.2540466]]}, "properties": {"kind": "road", "name": "Sultania Road", "osm_id": 365240091, "osm_type": "way", "highway": "primary"}}, {"type": "Feature", "geometry": {"type": "LineString", "coordinates": [[77.4192193, 23.3033243], [77.4191792, 23.3032998], [77.4190959, 23.3032057], [77.4190176, 23.3031103]]}, "properties": {"kind": "road", "name": "", "osm_id": 365241937, "osm_type": "way", "highway": "primary_link"}}, {"type": "Feature", "geometry": {"type": "LineString", "coordinates": [[77.4189541, 23.303102], [77.4188653, 23.3031841], [77.4186785, 23.303294]]}, "properties": {"kind": "road", "name": "", "osm_id": 365241985, "osm_type": "way", "highway": "primary_link"}}, {"type": "Feature", "geometry": {"type": "LineString", "coordinates": [[77.4373148, 23.305692], [77.437465, 23.3057885], [77.4379703, 23.3060206], [77.4380411, 23.3060531], [77.4385833, 23.3062386], [77.4387458, 23.3063032], [77.4392532, 23.3065436], [77.4395022, 23.3066702], [77.4396871, 23.3067373]]}, "properties": {"kind": "road", "name": "Bhopal Sanchi Road", "osm_id": 365244472, "osm_type": "way", "highway": "primary"}}, {"type": "Feature", "geometry": {"type": "LineString", "coordinates": [[77.4289591, 23.2999264], [77.4290016, 23.2999572], [77.4290866, 23.2999966], [77.4291873, 23.3000049], [77.4292827, 23.2999704], [77.4293435, 23.299915], [77.4293789, 23.2998414], [77.4293839, 23.2997737], [77.4293693, 23.2997289]]}, "properties": {"kind": "road", "name": "", "osm_id": 365244475, "osm_type": "way", "highway": "primary"}}, {"type": "Feature", "geometry": {"type": "LineString", "coordinates": [[77.4293693, 23.2997289], [77.4293594, 23.2996958], [77.4293471, 23.2996805], [77.4293136, 23.299639], [77.4292428, 23.299596], [77.4291761, 23.2995802], [77.4290725, 23.2995917], [77.4289776, 23.2996506], [77.4289253, 23.2997417], [77.4289191, 23.2998098], [77.4289591, 23.2999264]]}, "properties": {"kind": "road", "name": "Bhopal Bypass", "osm_id": 365244476, "osm_type": "way", "highway": "primary"}}, {"type": "Feature", "geometry": {"type": "LineString", "coordinates": [[77.4300761, 23.299533], [77.4306575, 23.299303]]}, "properties": {"kind": "road", "name": "Ayodhya Bypass Road Flyover", "osm_id": 365244477, "osm_type": "way", "highway": "primary"}}, {"type": "Feature", "geometry": {"type": "LineString", "coordinates": [[77.4040974, 23.3026798], [77.4035875, 23.3027142], [77.4025546, 23.3027838], [77.4018336, 23.3028325], [77.4009649, 23.3028911], [77.400917, 23.3028943], [77.3999346, 23.3029606], [77.3996405, 23.3029828], [77.3986041, 23.3030353], [77.3985402, 23.303039], [77.3975918, 23.3030933], [77.3972237, 23.3030988], [77.3968123, 23.3031093], [77.3967354, 23.3031113], [77.3964718, 23.3031101], [77.3954767, 23.3030226], [77.39466, 23.3029358], [77.3936857, 23.3028347], [77.3928443, 23.302754], [77.3920193, 23.3026783], [77.3917233, 23.3026451], [77.3905659, 23.3025155], [77.3904019, 23.3025004], [77.3895378, 23.3024209], [77.3883921, 23.3023145], [77.3869666, 23.3021778], [77.3863809, 23.3021209], [77.3853423, 23.3020143], [77.3844987, 23.3019278], [77.3829125, 23.3017771], [77.3821034, 23.3017136], [77.3803908, 23.3015403], [77.380325, 23.3015362], [77.3794444, 23.3014565], [77.3781253, 23.3013379], [77.377739, 23.3013014], [77.3770937, 23.3012454], [77.3760269, 23.3011219], [77.3747832, 23.3010322], [77.3743092, 23.3010101], [77.373648, 23.3010206], [77.3735396, 23.3010257], [77.3722125, 23.3010875], [77.3719491, 23.3010998], [77.3706101, 23.3011531], [77.3666944, 23.3013397], [77.3651089, 23.3014187], [77.3634985, 23.3014765], [77.3634527, 23.3014765], [77.3628739, 23.3014683], [77.362622, 23.301457], [77.3621782, 23.3014238], [77.3620611, 23.3014039], [77.3617352, 23.3013425], [77.3615289, 23.3012794], [77.3609733, 23.3010638], [77.3605366, 23.3008579], [77.3597344, 23.3004798], [77.3596246, 23.3004252], [77.3582481, 23.2997403], [77.3573376, 23.2992832], [77.3567463, 23.2989864], [77.356639, 23.2989325], [77.3540001, 23.2976138], [77.3538988, 23.2975538], [77.3536623, 23.2974138], [77.3534557, 23.2972763]]}, "properties": {"kind": "road", "name": "Bhopal Bypass", "osm_id": 365244478, "osm_type": "way", "highway": "primary"}}, {"type": "Feature", "geometry": {"type": "LineString", "coordinates": [[77.4342137, 23.3015725], [77.4343065, 23.3017179], [77.4348765, 23.3025547], [77.4353374, 23.3032217], [77.4361882, 23.3044529], [77.4362876, 23.304619], [77.436433, 23.3047843], [77.4365483, 23.3049565], [77.4367221, 23.3051614], [77.4370249, 23.3054553], [77.4373148, 23.305692]]}, "properties": {"kind": "road", "name": "Bhopal Sanchi Road", "osm_id": 365244479, "osm_type": "way", "highway": "primary"}}, {"type": "Feature", "geometry": {"type": "LineString", "coordinates": [[77.4782262, 23.2562007], [77.4781615, 23.2564595], [77.4781599, 23.2564658], [77.4781032, 23.2566145], [77.4780051, 23.2567874], [77.4776641, 23.2573439], [77.4774992, 23.2575626], [77.4774163, 23.2576809], [77.4770471, 23.2581076], [77.4767219, 23.2585236], [77.4758363, 23.2596563], [77.4754432, 23.2601513], [77.4739953, 23.2620179], [77.4739585, 23.2620652], [77.4736046, 23.2625194], [77.4730652, 23.2632008], [77.4730618, 23.2632053], [77.4726059, 23.2637982], [77.4721529, 23.2643874], [77.471635, 23.2650611], [77.4716153, 23.2650867], [77.47141, 23.2653434], [77.470627, 23.2663724], [77.4700032, 23.2671837], [77.4689344, 23.2685739], [77.4688423, 23.2686937], [77.468757, 23.268815], [77.4682982, 23.2693987], [77.468251, 23.2694617], [77.4682157, 23.2695088], [77.4681812, 23.26956], [77.4673066, 23.2706685], [77.4670018, 23.271057], [77.4668749, 23.2712208], [77.4663274, 23.2719176], [77.4658194, 23.2725655], [77.4655121, 23.2729575], [77.4654291, 23.2730629], [77.4651416, 23.2734301], [77.4650988, 23.2734831], [77.4649251, 23.2736983], [77.4645865, 23.2742186], [77.4638386, 23.2751898], [77.4635903, 23.2754663], [77.4634862, 23.2755418]]}, "properties": {"kind": "road", "name": "Ayodhya Bypass Road", "osm_id": 365308646, "osm_type": "way", "highway": "primary"}}, {"type": "Feature", "geometry": {"type": "LineString", "coordinates": [[77.4605213, 23.1740917], [77.4603709, 23.1743244]]}, "properties": {"kind": "road", "name": "", "osm_id": 365460243, "osm_type": "way", "highway": "primary"}}, {"type": "Feature", "geometry": {"type": "LineString", "coordinates": [[77.4563691, 23.1806539], [77.4555692, 23.1819323], [77.4554779, 23.1820708], [77.4551733, 23.1825552], [77.4545889, 23.1834653], [77.4544407, 23.18371], [77.4542985, 23.1839313], [77.4540101, 23.1843814], [77.4537616, 23.1847728], [77.4535233, 23.1851529], [77.453352, 23.185425], [77.4527195, 23.1864064], [77.4526296, 23.1865479], [77.4522675, 23.1871084], [77.4521092, 23.1873689], [77.451939, 23.187666], [77.4517556, 23.1879929], [77.4514629, 23.1885568], [77.4513822, 23.1887512], [77.4513317, 23.1888968], [77.4512165, 23.189215], [77.4511066, 23.1895389], [77.4510295, 23.1897603], [77.4507335, 23.1905808], [77.4506228, 23.1908784], [77.4504469, 23.1913664], [77.4501425, 23.1921874], [77.4501219, 23.1922691], [77.4495629, 23.1938863], [77.4492019, 23.1949153], [77.4490049, 23.1954768], [77.4486538, 23.1964968], [77.4486198, 23.1965955], [77.4475259, 23.1997244], [77.4473451, 23.2002076], [77.4468737, 23.2015542], [77.4465154, 23.2025127], [77.4460873, 23.2036522], [77.4458897, 23.2041915], [77.444887, 23.2070175], [77.4445323, 23.2080009]]}, "properties": {"kind": "road", "name": "", "osm_id": 365460244, "osm_type": "way", "highway": "primary"}}, {"type": "Feature", "geometry": {"type": "LineString", "coordinates": [[77.4605, 23.1744171], [77.4606619, 23.1741508]]}, "properties": {"kind": "road", "name": "", "osm_id": 365460578, "osm_type": "way", "highway": "primary"}}, {"type": "Feature", "geometry": {"type": "LineString", "coordinates": [[77.4606619, 23.1741508], [77.4610941, 23.1734668], [77.4616236, 23.1726509], [77.4621368, 23.1718019], [77.4626891, 23.1709484], [77.4631008, 23.1703303], [77.4633893, 23.1698966], [77.4637011, 23.1694418], [77.4639315, 23.1691291], [77.4641144, 23.1688518], [77.4644827, 23.1683397], [77.4653518, 23.1671895], [77.4658266, 23.1665673], [77.4665478, 23.1656227], [77.466564, 23.1656015], [77.4670672, 23.1649553], [77.4671751, 23.1648167], [77.4673508, 23.1645933], [77.4677111, 23.1641352], [77.4679303, 23.1638257], [77.468448, 23.1631507], [77.4688779, 23.1626132], [77.4691232, 23.1623216], [77.469567, 23.1617463], [77.4701917, 23.1609363], [77.4707128, 23.1602509], [77.471054, 23.1597986], [77.4712187, 23.159564], [77.471324, 23.159406], [77.4714726, 23.1590558], [77.4715535, 23.1588494], [77.4716528, 23.1586543], [77.4718045, 23.1583776], [77.4720007, 23.1580678], [77.4723641, 23.1575583], [77.4728275, 23.1569305]]}, "properties": {"kind": "road", "name": "", "osm_id": 365460889, "osm_type": "way", "highway": "primary"}}, {"type": "Feature", "geometry": {"type": "LineString", "coordinates": [[77.4508807, 23.1905885], [77.4510016, 23.1902582], [77.4512694, 23.1894921], [77.4514443, 23.1890262], [77.451585, 23.1886789], [77.4517143, 23.1883993], [77.4518717, 23.1881201], [77.4523513, 23.1872774], [77.4524626, 23.1870941], [77.4529071, 23.1864023], [77.4532808, 23.185822], [77.4534878, 23.1854876], [77.4537467, 23.1850748], [77.4539345, 23.1847722], [77.4541119, 23.1844999], [77.4542281, 23.1843224], [77.4545358, 23.183834], [77.4548456, 23.1833394], [77.4550545, 23.1830234], [77.4552257, 23.1827613], [77.455527, 23.1822882], [77.4556259, 23.182129], [77.456139, 23.1813225], [77.4565248, 23.1807144]]}, "properties": {"kind": "road", "name": "", "osm_id": 365460905, "osm_type": "way", "highway": "primary"}}, {"type": "Feature", "geometry": {"type": "LineString", "coordinates": [[77.4786651, 23.2545426], [77.4786334, 23.2546623], [77.4785911, 23.2548204], [77.478553, 23.2549465]]}, "properties": {"kind": "road", "name": "Ayodhya Bypass Road", "osm_id": 365484252, "osm_type": "way", "highway": "primary"}}, {"type": "Feature", "geometry": {"type": "LineString", "coordinates": [[77.4142454, 23.2523339], [77.4146509, 23.252345]]}, "properties": {"kind": "road", "name": "", "osm_id": 365519739, "osm_type": "way", "highway": "primary"}}, {"type": "Feature", "geometry": {"type": "LineString", "coordinates": [[77.5103896, 23.1613385], [77.5102388, 23.1609954]]}, "properties": {"kind": "road", "name": "", "osm_id": 366248954, "osm_type": "way", "highway": "trunk"}}, {"type": "Feature", "geometry": {"type": "LineString", "coordinates": [[77.2688321, 23.2712472], [77.2692027, 23.2720647], [77.2705814, 23.2739633], [77.2708936, 23.2743719], [77.2714079, 23.2750576], [77.2727106, 23.2765683], [77.2729008, 23.2767889]]}, "properties": {"kind": "road", "name": "Bhopal Bypass Rd", "osm_id": 366267106, "osm_type": "way", "highway": "trunk"}}, {"type": "Feature", "geometry": {"type": "LineString", "coordinates": [[77.2689057, 23.271069], [77.2681023, 23.2692554], [77.2678958, 23.2687244], [77.2677429, 23.2683203], [77.2676866, 23.2680431], [77.2676812, 23.2679298], [77.2676758, 23.2678349], [77.2676826, 23.2674936], [77.2677071, 23.267264], [77.267751, 23.266905], [77.2677946, 23.2665573], [77.2678136, 23.2663395], [77.2678335, 23.2660799], [77.2678259, 23.2658516], [77.2678107, 23.2656504], [77.2677763, 23.2653525], [77.2676937, 23.264972], [77.2676726, 23.2648663], [77.2676467, 23.2647482], [77.2675917, 23.2645378], [77.2674475, 23.2641449], [77.2673015, 23.2637895], [77.267108, 23.2633879], [77.2669539, 23.2631068], [77.266852, 23.2629087], [77.2666585, 23.2625053], [77.266431, 23.2620514], [77.2662925, 23.2617874], [77.2658262, 23.2608132]]}, "properties": {"kind": "road", "name": "Bhopal Bypass flyover", "osm_id": 366267107, "osm_type": "way", "highway": "trunk"}}, {"type": "Feature", "geometry": {"type": "LineString", "coordinates": [[77.2594989, 23.247615], [77.2594367, 23.2478027], [77.2600504, 23.2491066], [77.2608912, 23.2508929], [77.2612157, 23.2516278]]}, "properties": {"kind": "road", "name": "", "osm_id": 366267378, "osm_type": "way", "highway": "trunk"}}, {"type": "Feature", "geometry": {"type": "LineString", "coordinates": [[77.2631035, 23.2556756], [77.2634968, 23.2564727], [77.26361, 23.2566751], [77.2639359, 23.2573003], [77.2641004, 23.2576104], [77.2644116, 23.2582177], [77.2644419, 23.258283], [77.2651327, 23.2597294]]}, "properties": {"kind": "road", "name": "", "osm_id": 366267434, "osm_type": "way", "highway": "trunk"}}, {"type": "Feature", "geometry": {"type": "LineString", "coordinates": [[77.2940664, 23.2893034], [77.2926672, 23.2882105], [77.2912579, 23.2870782], [77.2906203, 23.2865762], [77.2903215, 23.2863559], [77.2894143, 23.2857329], [77.289325, 23.2856715], [77.287923, 23.2847087], [77.2874087, 23.2844302], [77.2870096, 23.2842174], [77.2869715, 23.284206], [77.2859595, 23.2839433], [77.2850191, 23.283812], [77.2837036, 23.2836284], [77.2835956, 23.2836133], [77.2820798, 23.2834017], [77.2813108, 23.2831559], [77.2809855, 23.282968], [77.2807156, 23.2828112], [77.2793319, 23.2813728], [77.2787514, 23.2807693], [77.2783233, 23.2803372], [77.2779515, 23.2799377], [77.2779195, 23.2799066], [77.2777124, 23.2797048], [77.277608, 23.2796154], [77.2773939, 23.2794685], [77.2766377, 23.2789496], [77.2762862, 23.2787118], [77.2757854, 23.2784311], [77.2754752, 23.2782535], [77.2746862, 23.277833], [77.2741067, 23.2774798], [77.2738017, 23.2772771], [77.2732128, 23.2768859], [77.2729448, 23.2766709], [77.2722916, 23.2759105], [77.2717087, 23.2752518], [77.2712775, 23.2746927], [77.2710016, 23.2743153], [77.2697908, 23.2726591], [77.2695144, 23.2722677], [77.2692966, 23.2718804], [77.2692864, 23.2718623], [77.269175, 23.2716345], [77.2689057, 23.271069]]}, "properties": {"kind": "road", "name": "Bhopal Bypass Rd", "osm_id": 366267443, "osm_type": "way", "highway": "trunk"}}, {"type": "Feature", "geometry": {"type": "LineString", "coordinates": [[77.4360126, 23.2961859], [77.4356597, 23.296625]]}, "properties": {"kind": "road", "name": "Ayodhya Bypass Road", "osm_id": 366800434, "osm_type": "way", "highway": "primary"}}, {"type": "Feature", "geometry": {"type": "LineString", "coordinates": [[77.2992739, 23.2616965], [77.2982045, 23.2613247], [77.2973975, 23.2610209], [77.2959303, 23.2605032], [77.2945097, 23.2599906], [77.2936934, 23.259684], [77.2932887, 23.2595364], [77.2906442, 23.2585719], [77.2899761, 23.2583288], [77.2874378, 23.257412], [77.2848612, 23.25648], [77.2845743, 23.256376], [77.2829186, 23.2557658], [77.2825294, 23.2556181], [77.2824618, 23.2555975], [77.2823348, 23.2555543], [77.2820772, 23.2554558], [77.2819505, 23.2554091], [77.2801999, 23.2548326]]}, "properties": {"kind": "road", "name": "", "osm_id": 367194169, "osm_type": "way", "highway": "primary"}}, {"type": "Feature", "geometry": {"type": "LineString", "coordinates": [[77.3691067, 23.2728802], [77.3689125, 23.2728924], [77.3682825, 23.272932], [77.3672603, 23.2730096], [77.3670011, 23.2730338], [77.3666628, 23.2730646], [77.3663191, 23.2730891], [77.3661488, 23.2731046], [77.3659392, 23.2731348], [77.3658456, 23.2731492], [77.3657636, 23.2731684], [77.3656724, 23.2732185], [77.3649701, 23.2732513], [77.3646963, 23.2732627], [77.36414, 23.273272], [77.3635558, 23.2732772], [77.3630146, 23.2732969], [77.3628087, 23.2733108], [77.3620391, 23.2733864], [77.3619218, 23.2733987], [77.3613649, 23.2734474], [77.3608119, 23.2734946], [77.3599461, 23.2735617], [77.3597345, 23.2735824], [77.3588887, 23.2736632], [77.3588199, 23.273668], [77.3584727, 23.2736924], [77.3578554, 23.2737315], [77.3577623, 23.2737391], [77.357366, 23.273759], [77.3571054, 23.2737607], [77.3568321, 23.2737518], [77.3566128, 23.2737415], [77.3551081, 23.2737281], [77.3542903, 23.2737333], [77.3541375, 23.2737306], [77.3534889, 23.2737093], [77.3528944, 23.2736829], [77.351884, 23.2736207], [77.3512546, 23.2735943], [77.3501379, 23.2735474], [77.3497423, 23.2735364], [77.3486088, 23.2734436], [77.3482681, 23.2734126], [77.3481588, 23.2733984], [77.3474256, 23.273303], [77.3467868, 23.2731826], [77.3464171, 23.2731009], [77.3459159, 23.2729889], [77.3456583, 23.2729368], [77.3454132, 23.2728838], [77.3449614, 23.2727872], [77.3446354, 23.2727246], [77.3445479, 23.2727051], [77.3439216, 23.2725514], [77.3432848, 23.2724068], [77.3428834, 23.2723106], [77.3428098, 23.2722929], [77.3422856, 23.2721682], [77.3419393, 23.2720778], [77.3411989, 23.2719096], [77.3405017, 23.2717629], [77.3395103, 23.2715469], [77.3391926, 23.2714723], [77.3383461, 23.2712839], [77.3379658, 23.271203], [77.3376499, 23.2711192], [77.3372079, 23.2710218], [77.3364386, 23.2708723], [77.3361756, 23.2708203], [77.3357158, 23.2707361], [77.3350323, 23.2706078], [77.3346649, 23.2705437], [77.3344003, 23.2704986], [77.3338857, 23.2704196], [77.3334845, 23.2703423], [77.3333571, 23.270321], [77.3332685, 23.2703072], [77.3326619, 23.2702027], [77.332347, 23.2701521], [77.3315546, 23.2700334], [77.3313962, 23.2700113], [77.3304837, 23.2698544], [77.3298903, 23.2697569], [77.3295274, 23.2696972], [77.3286251, 23.2695683], [77.3284305, 23.2695405], [77.3282602, 23.2695162], [77.3275826, 23.2694194], [77.3264675, 23.2692479], [77.3263608, 23.2692315], [77.3258896, 23.2691654], [77.325815, 23.2691534], [77.325105, 23.2690394], [77.3247303, 23.2689775], [77.3245983, 23.2689557], [77.3231606, 23.2687257], [77.3230713, 23.2687115], [77.3218485, 23.2685168], [77.3217195, 23.2684955], [77.3216888, 23.2684908], [77.3213045, 23.2684314], [77.3206669, 23.2683329], [77.3182148, 23.2679544], [77.3170566, 23.2677948], [77.3167096, 23.267747], [77.316576, 23.2677286], [77.315564, 23.2675471], [77.3152431, 23.2674682], [77.3150798, 23.2674144], [77.3146658, 23.2672779], [77.3135056, 23.2668295], [77.3125138, 23.2664945], [77.3109739, 23.2659691], [77.3098241, 23.2655694], [77.3097156, 23.2655317], [77.3096472, 23.265508]]}, "properties": {"kind": "road", "name": "", "osm_id": 367194292, "osm_type": "way", "highway": "primary"}}, {"type": "Feature", "geometry": {"type": "LineString", "coordinates": [[77.5163287, 23.2737022], [77.5164423, 23.2738189], [77.5165852, 23.2740296]]}, "properties": {"kind": "road", "name": "", "osm_id": 367204141, "osm_type": "way", "highway": "trunk_link"}}, {"type": "Feature", "geometry": {"type": "LineString", "coordinates": [[77.5167324, 23.2740377], [77.5167813, 23.2738237], [77.5168356, 23.273713], [77.5168888, 23.2736341], [77.51703, 23.2735614]]}, "properties": {"kind": "road", "name": "", "osm_id": 367204178, "osm_type": "way", "highway": "trunk_link"}}, {"type": "Feature", "geometry": {"type": "LineString", "coordinates": [[77.3883335, 23.2272406], [77.3886019, 23.2274513]]}, "properties": {"kind": "road", "name": "", "osm_id": 367366920, "osm_type": "way", "highway": "primary"}}, {"type": "Feature", "geometry": {"type": "LineString", "coordinates": [[77.4254761, 23.3425481], [77.4247647, 23.3425125]]}, "properties": {"kind": "road", "name": "Bhopal Bypass", "osm_id": 367604975, "osm_type": "way", "highway": "trunk"}}, {"type": "Feature", "geometry": {"type": "LineString", "coordinates": [[77.4889702, 23.144406], [77.4889668, 23.1442994], [77.4889755, 23.1442513], [77.4890044, 23.1442008], [77.4890529, 23.1441511]]}, "properties": {"kind": "road", "name": "", "osm_id": 368559021, "osm_type": "way", "highway": "trunk_link"}}, {"type": "Feature", "geometry": {"type": "LineString", "coordinates": [[77.4303898, 23.23358], [77.430461, 23.2334745], [77.4306375, 23.2332547], [77.43084, 23.2330169], [77.4310479, 23.2327951], [77.4312632, 23.2325744], [77.431499, 23.2323237], [77.4318239, 23.2319685], [77.4321206, 23.2316464], [77.4322966, 23.2314635]]}, "properties": {"kind": "road", "name": "GG Flyover", "osm_id": 374424966, "osm_type": "way", "highway": "primary"}}, {"type": "Feature", "geometry": {"type": "LineString", "coordinates": [[77.4187407, 23.2313911], [77.4188193, 23.2313649], [77.4189695, 23.2313312], [77.4191471, 23.2312965], [77.4218874, 23.2311367], [77.4272294, 23.2308628], [77.4274604, 23.230851], [77.4275014, 23.2308491], [77.4276493, 23.2308421], [77.4279816, 23.2308313], [77.428422, 23.2308123], [77.4288172, 23.2308121], [77.4293287, 23.2307947], [77.430047, 23.2308002], [77.4301923, 23.2308165], [77.430473, 23.2308591], [77.4319491, 23.2311333], [77.4320984, 23.2311596], [77.4322033, 23.2311907], [77.4322812, 23.2312094], [77.4323832, 23.2312461]]}, "properties": {"kind": "road", "name": "Link Road 1", "osm_id": 374425583, "osm_type": "way", "highway": "primary"}}, {"type": "Feature", "geometry": {"type": "LineString", "coordinates": [[77.4183959, 23.2312979], [77.4184314, 23.2313779], [77.4184656, 23.2314071], [77.4184989, 23.2314249], [77.4185314, 23.2314422], [77.4186068, 23.2314515], [77.4186803, 23.2314335], [77.4187145, 23.2314095], [77.4187407, 23.2313911], [77.4187789, 23.2313306], [77.418789, 23.2312614], [77.4187695, 23.2311938], [77.4187233, 23.2311382], [77.4186834, 23.231116], [77.4186576, 23.2311032], [77.4185822, 23.2310939], [77.4185086, 23.2311118], [77.4184818, 23.2311306], [77.4184482, 23.2311542], [77.41841, 23.2312147], [77.4183959, 23.2312979]]}, "properties": {"kind": "road", "name": "Link Road 1", "osm_id": 374425584, "osm_type": "way", "highway": "primary"}}, {"type": "Feature", "geometry": {"type": "LineString", "coordinates": [[77.3887868, 23.2276514], [77.3888944, 23.2276894], [77.388947, 23.2277136], [77.3890569, 23.2277641], [77.3896125, 23.2281861], [77.3897326, 23.2282774], [77.3912406, 23.2294819], [77.3915604, 23.2297238], [77.3917326, 23.2298636], [77.3918593, 23.2299665], [77.3923115, 23.2303796], [77.3935804, 23.2314171], [77.3935974, 23.231431], [77.3937007, 23.2315136], [77.3939907, 23.2317455], [77.3940188, 23.2317679], [77.3941174, 23.2318466], [77.3944248, 23.232103], [77.3944566, 23.2321172], [77.3946823, 23.2322932], [77.3959599, 23.2333394], [77.3961482, 23.2334935], [77.3967512, 23.2340064], [77.3976739, 23.2347912], [77.3980212, 23.2350787], [77.3987049, 23.2356518], [77.3987728, 23.2357049], [77.3996616, 23.2364294], [77.400307, 23.236938], [77.4005597, 23.2371578], [77.4006081, 23.2371939], [77.4006773, 23.2372573], [77.400723, 23.2372964], [77.4008424, 23.2374018], [77.4009186, 23.2374576], [77.4009926, 23.2375268]]}, "properties": {"kind": "road", "name": "Bhadbhada Road", "osm_id": 374945625, "osm_type": "way", "highway": "primary"}}, {"type": "Feature", "geometry": {"type": "LineString", "coordinates": [[77.4010069, 23.2375644], [77.4010085, 23.2376367], [77.4009835, 23.2377338], [77.4009723, 23.2377595], [77.4008902, 23.2379473], [77.4007418, 23.2381992], [77.4005782, 23.2384273], [77.4003875, 23.2386117], [77.4003339, 23.2386653], [77.4000067, 23.2389924], [77.3994093, 23.2395896], [77.3987601, 23.2402458], [77.3986822, 23.2403165], [77.3986164, 23.2403854], [77.3984853, 23.2405225], [77.398394, 23.2406293], [77.3982926, 23.240748], [77.3981479, 23.2409636]]}, "properties": {"kind": "road", "name": "Subhash Yadav Marg", "osm_id": 374945628, "osm_type": "way", "highway": "primary"}}, {"type": "Feature", "geometry": {"type": "LineString", "coordinates": [[77.3979298, 23.2412747], [77.3977268, 23.2416144], [77.3976181, 23.2419072], [77.3975332, 23.2422], [77.3974468, 23.2426297], [77.3973456, 23.2431373], [77.3972785, 23.2433891], [77.3971639, 23.2436477], [77.397059, 23.2438222], [77.3970279, 23.2439017], [77.3969598, 23.2439875], [77.3968944, 23.2440631], [77.3968243, 23.2441295], [77.3967923, 23.2441575]]}, "properties": {"kind": "road", "name": "", "osm_id": 374945630, "osm_type": "way", "highway": "primary"}}, {"type": "Feature", "geometry": {"type": "LineString", "coordinates": [[77.3970541, 23.244279], [77.39702, 23.2442244], [77.3969946, 23.2442002], [77.3969482, 23.2441671], [77.3968657, 23.2441508], [77.3967923, 23.2441575], [77.3967181, 23.2441962], [77.3966614, 23.2442711], [77.3966492, 23.2442883], [77.3966439, 23.2443269], [77.3966543, 23.2444019], [77.3966951, 23.2444675], [77.3967408, 23.2445], [77.3967601, 23.2445137], [77.39678, 23.2445187], [77.3968394, 23.2445336], [77.396921, 23.2445241], [77.396991, 23.2444919], [77.3970428, 23.2444268], [77.3970644, 23.2443539], [77.3970541, 23.244279]]}, "properties": {"kind": "road", "name": "", "osm_id": 374945637, "osm_type": "way", "highway": "primary"}}, {"type": "Feature", "geometry": {"type": "LineString", "coordinates": [[77.4010201, 23.2374346], [77.4010013, 23.2374624], [77.4009919, 23.237494], [77.4009926, 23.2375268], [77.4009979, 23.2375462], [77.4010069, 23.2375644], [77.4010282, 23.2375899], [77.4010564, 23.237609], [77.4010893, 23.2376202], [77.401119, 23.2376227], [77.4011486, 23.2376186], [77.4011854, 23.237603], [77.4012144, 23.2375778], [77.4012332, 23.2375456], [77.40124, 23.2375095], [77.4012371, 23.2374836], [77.4012279, 23.2374591], [77.4012129, 23.237437], [77.4011879, 23.2374151], [77.4011573, 23.2374005], [77.4011234, 23.2373941], [77.401089, 23.2373964], [77.401067, 23.2374028], [77.4010467, 23.2374128], [77.4010201, 23.2374346]]}, "properties": {"kind": "road", "name": "", "osm_id": 374945639, "osm_type": "way", "highway": "primary"}}, {"type": "Feature", "geometry": {"type": "LineString", "coordinates": [[77.3981479, 23.2409636], [77.3979298, 23.2412747]]}, "properties": {"kind": "road", "name": "", "osm_id": 374945641, "osm_type": "way", "highway": "primary"}}, {"type": "Feature", "geometry": {"type": "LineString", "coordinates": [[77.4012129, 23.237437], [77.4012117, 23.2373809], [77.4012218, 23.2373171], [77.4012489, 23.237098], [77.4012541, 23.2370352]]}, "properties": {"kind": "road", "name": "Subhash Yadav Marg", "osm_id": 374945646, "osm_type": "way", "highway": "primary"}}, {"type": "Feature", "geometry": {"type": "LineString", "coordinates": [[77.3986556, 23.2536619], [77.3985045, 23.2527999], [77.3984731, 23.2526722], [77.3984337, 23.2525096], [77.3983664, 23.2523679], [77.3982797, 23.2522769], [77.3981505, 23.2521547], [77.3979688, 23.2520197], [77.397549, 23.2516735], [77.3960514, 23.2505253], [77.3959016, 23.2502726], [77.3958622, 23.2500751], [77.3958852, 23.2496752], [77.3959931, 23.2493063], [77.3960532, 23.2492218]]}, "properties": {"kind": "road", "name": "", "osm_id": 374945655, "osm_type": "way", "highway": "primary"}}, {"type": "Feature", "geometry": {"type": "LineString", "coordinates": [[77.4006773, 23.2372573], [77.4007478, 23.2373635], [77.4008192, 23.2374894], [77.400855, 23.2375743], [77.4008759, 23.2376559], [77.4008848, 23.2376906], [77.4009011, 23.2378247], [77.4008902, 23.2379473]]}, "properties": {"kind": "road", "name": "", "osm_id": 374945656, "osm_type": "way", "highway": "primary_link"}}, {"type": "Feature", "geometry": {"type": "LineString", "coordinates": [[77.396632, 23.2476498], [77.3963419, 23.2484887], [77.3962878, 23.2486599], [77.3962453, 23.2487562], [77.3961903, 23.2488387], [77.3959352, 23.2491537], [77.3958282, 23.2493279], [77.3957304, 23.2496717], [77.3957313, 23.2497021], [77.395743, 23.2500892], [77.3958191, 23.2503477], [77.3959529, 23.2506], [77.3963584, 23.250913], [77.3971744, 23.2515429]]}, "properties": {"kind": "road", "name": "", "osm_id": 374945658, "osm_type": "way", "highway": "primary"}}, {"type": "Feature", "geometry": {"type": "LineString", "coordinates": [[77.4011233, 23.2369046], [77.4011008, 23.23697], [77.4010797, 23.2370222], [77.4010432, 23.2370666], [77.4010208, 23.2370844], [77.4009713, 23.2371151], [77.4009113, 23.2371358], [77.4008186, 23.237148], [77.4007226, 23.2371358]]}, "properties": {"kind": "road", "name": "", "osm_id": 374945660, "osm_type": "way", "highway": "primary_link"}}, {"type": "Feature", "geometry": {"type": "LineString", "coordinates": [[77.4184482, 23.2311542], [77.4183668, 23.2311779], [77.4182462, 23.2312043], [77.4179786, 23.2312631], [77.41551, 23.2314859], [77.4152999, 23.2315155], [77.4132752, 23.2320593], [77.4123391, 23.2323017], [77.4120927, 23.2323796], [77.4120604, 23.2323894], [77.4100869, 23.2330199], [77.40942, 23.233201], [77.4087576, 23.2332635], [77.4085945, 23.2332789], [77.4084464, 23.2332932], [77.4083867, 23.2332977], [77.4071285, 23.2333928], [77.4055169, 23.2332772], [77.4047773, 23.2332213], [77.4044811, 23.2331932], [77.4042394, 23.2331745], [77.403352, 23.2331185], [77.4031284, 23.2331081], [77.4030681, 23.2331028], [77.4025899, 23.2330605], [77.4021095, 23.2330372], [77.4019389, 23.2330266], [77.4015888, 23.2330259], [77.4014315, 23.2330145]]}, "properties": {"kind": "road", "name": "Main Road 1", "osm_id": 374947124, "osm_type": "way", "highway": "primary"}}, {"type": "Feature", "geometry": {"type": "LineString", "coordinates": [[77.4019389, 23.2330266], [77.4018081, 23.2329714], [77.4017395, 23.232923], [77.40169, 23.2328613], [77.4016612, 23.2328012], [77.4016277, 23.2327102], [77.4015931, 23.232625]]}, "properties": {"kind": "road", "name": "", "osm_id": 374947129, "osm_type": "way", "highway": "primary_link"}}, {"type": "Feature", "geometry": {"type": "LineString", "coordinates": [[77.4015374, 23.233581], [77.401582, 23.2334754], [77.4016001, 23.2334235], [77.4016294, 23.2333634], [77.4016723, 23.2333053], [77.4017423, 23.2332451], [77.4017852, 23.2332202], [77.4019071, 23.2331648]]}, "properties": {"kind": "road", "name": "", "osm_id": 374947131, "osm_type": "way", "highway": "primary_link"}}, {"type": "Feature", "geometry": {"type": "LineString", "coordinates": [[77.3546206, 23.2945847], [77.3546213, 23.2944444], [77.3546144, 23.2943369], [77.3546032, 23.2942386], [77.3545448, 23.2939448], [77.3545162, 23.2938345], [77.3544787, 23.2937308], [77.3544348, 23.2936213], [77.3542777, 23.2932979], [77.3541141, 23.2930383], [77.3539617, 23.292806], [77.3529698, 23.2912304], [77.3519331, 23.2896699], [77.351869, 23.2895428], [77.3518489, 23.289459], [77.3518459, 23.2893931], [77.3518543, 23.2892988]]}, "properties": {"kind": "road", "name": "Airport Road Flyover", "osm_id": 375075088, "osm_type": "way", "highway": "primary"}}, {"type": "Feature", "geometry": {"type": "LineString", "coordinates": [[77.4237575, 23.2500479], [77.4236017, 23.2500659], [77.4231209, 23.2501215], [77.4224859, 23.2501863], [77.4224566, 23.2501932], [77.4224362, 23.2502006], [77.4224051, 23.2502315]]}, "properties": {"kind": "road", "name": "", "osm_id": 375220419, "osm_type": "way", "highway": "primary"}}, {"type": "Feature", "geometry": {"type": "LineString", "coordinates": [[77.4309199, 23.2520757], [77.4308874, 23.2520188], [77.4308336, 23.2519776], [77.4307668, 23.2519585], [77.4306972, 23.2519643], [77.4306352, 23.2519942], [77.4305904, 23.2520436], [77.4305696, 23.252105], [77.430576, 23.252169], [77.4305826, 23.252187], [77.4306085, 23.2522259], [77.4306164, 23.2522319], [77.4306622, 23.252267], [77.4307132, 23.2522805], [77.4307542, 23.2522852], [77.4307987, 23.2522803], [77.4308606, 23.2522505], [77.4309054, 23.2522011], [77.4309262, 23.2521397], [77.4309199, 23.2520757]]}, "properties": {"kind": "road", "name": "", "osm_id": 375220442, "osm_type": "way", "highway": "primary"}}, {"type": "Feature", "geometry": {"type": "LineString", "coordinates": [[77.4239313, 23.2500831], [77.423922, 23.2500507], [77.4238999, 23.250024], [77.4238815, 23.2500142], [77.4238683, 23.2500071], [77.4238322, 23.2500026], [77.4237969, 23.2500112], [77.4237679, 23.2500315], [77.4237575, 23.2500479], [77.4237495, 23.2500604], [77.4237446, 23.2500937], [77.4237539, 23.2501261], [77.423776, 23.2501528], [77.4237974, 23.2501642], [77.4238075, 23.2501696], [77.4238437, 23.2501742], [77.4238789, 23.2501656], [77.423908, 23.2501453], [77.4239172, 23.25013], [77.4239206, 23.2501214], [77.4239231, 23.2501151], [77.4239299, 23.2500998], [77.4239313, 23.2500831]]}, "properties": {"kind": "road", "name": "", "osm_id": 375220443, "osm_type": "way", "highway": "primary"}}, {"type": "Feature", "geometry": {"type": "LineString", "coordinates": [[77.4407519, 23.2165387], [77.4406642, 23.2166933], [77.4402344, 23.2173947], [77.4400198, 23.2177854], [77.4398078, 23.2181214], [77.4390703, 23.2193802], [77.4383557, 23.2206905], [77.437854, 23.2216455], [77.4373696, 23.2226277], [77.4369833, 23.2233747], [77.4369258, 23.223491], [77.436828, 23.2236792], [77.4356915, 23.2259418]]}, "properties": {"kind": "road", "name": "GG Flyover", "osm_id": 375220455, "osm_type": "way", "highway": "primary"}}, {"type": "Feature", "geometry": {"type": "LineString", "coordinates": [[77.4319491, 23.2311333], [77.4320624, 23.2311732], [77.4321109, 23.2312018], [77.4321494, 23.2312398], [77.4321915, 23.2312949], [77.432224, 23.2313655], [77.4322488, 23.2314437], [77.4322604, 23.2316451]]}, "properties": {"kind": "road", "name": "", "osm_id": 375496585, "osm_type": "way", "highway": "primary_link"}}, {"type": "Feature", "geometry": {"type": "LineString", "coordinates": [[77.484594, 23.1417235], [77.4843608, 23.1415525]]}, "properties": {"kind": "road", "name": "", "osm_id": 375498050, "osm_type": "way", "highway": "trunk_link"}}, {"type": "Feature", "geometry": {"type": "LineString", "coordinates": [[77.484572, 23.1418919], [77.4847157, 23.1419608], [77.4859217, 23.1427121], [77.4859678, 23.1427414], [77.4865634, 23.1431206], [77.4866007, 23.1431427], [77.487852, 23.1438827], [77.4882872, 23.1441245], [77.4884067, 23.1441986], [77.488439, 23.1442215], [77.4885364, 23.1442784], [77.4886122, 23.1443227], [77.4914106, 23.146046], [77.4919151, 23.1463739], [77.4925391, 23.1467337], [77.4929706, 23.1469903], [77.4939868, 23.1475946], [77.4940997, 23.1476615], [77.4947909, 23.1480713], [77.4950842, 23.1482492], [77.4965026, 23.1490638]]}, "properties": {"kind": "road", "name": "", "osm_id": 375498053, "osm_type": "way", "highway": "trunk"}}, {"type": "Feature", "geometry": {"type": "LineString", "coordinates": [[77.4743712, 23.3383417], [77.4761289, 23.3405155], [77.4765328, 23.3410432], [77.4768173, 23.3414018], [77.4772802, 23.3419853], [77.4776721, 23.3424644], [77.4785491, 23.3435601], [77.4785643, 23.3435791], [77.4803668, 23.3457757], [77.48062, 23.3460823], [77.4807071, 23.3461878], [77.4807408, 23.3462285], [77.4811849, 23.3467663], [77.4822451, 23.34805], [77.4830892, 23.3490721], [77.4842662, 23.3505737], [77.4842849, 23.3505944], [77.4846476, 23.3509964], [77.4848528, 23.3512522], [77.4849334, 23.3513527], [77.4852781, 23.3517824], [77.4854092, 23.3519476], [77.4856588, 23.3522621], [77.4859342, 23.3525917], [77.4861346, 23.3528212], [77.4864929, 23.3532422], [77.4866495, 23.3534887], [77.486869, 23.3538341], [77.4869435, 23.3539514], [77.4869703, 23.3539968], [77.487315, 23.3545811], [77.4875014, 23.354897], [77.4876023, 23.3550605], [77.4878288, 23.3554276], [77.4880057, 23.3557145], [77.4884992, 23.356532], [77.4886828, 23.3568339], [77.4890142, 23.3573791], [77.4892472, 23.3577479], [77.4893253, 23.3578716], [77.489517, 23.3581082], [77.4896365, 23.3582557], [77.4899905, 23.3585906], [77.4909117, 23.3593964], [77.4913531, 23.3597824], [77.4930804, 23.3612992], [77.4938046, 23.361942], [77.4950331, 23.3630326], [77.495171, 23.363153], [77.4961274, 23.363988], [77.4973221, 23.3650651], [77.4979191, 23.3656033], [77.498736, 23.3663993], [77.4988668, 23.3665206], [77.4991208, 23.3667851], [77.4991519, 23.366825], [77.4993354, 23.3670609], [77.4995928, 23.3674746], [77.4997691, 23.3678492], [77.4997967, 23.3679079], [77.500022, 23.3683019], [77.500036, 23.36832], [77.500258, 23.3686072], [77.5006121, 23.3690011], [77.501061, 23.3694335], [77.501921, 23.3702617], [77.5034031, 23.371706], [77.5039389, 23.3722281], [77.5040131, 23.3723004], [77.5043652, 23.3726521], [77.5045431, 23.3728299], [77.5046951, 23.3729817], [77.5047427, 23.3730292], [77.5053864, 23.3736496], [77.5057135, 23.3739814], [77.506395, 23.3746692]]}, "properties": {"kind": "road", "name": "Bhopal Sanchi Road", "osm_id": 375630063, "osm_type": "way", "highway": "primary"}}, {"type": "Feature", "geometry": {"type": "LineString", "coordinates": [[77.4740747, 23.337983], [77.4741361, 23.3380623]]}, "properties": {"kind": "road", "name": "Bhopal Sanchi Road", "osm_id": 375630064, "osm_type": "way", "highway": "primary"}}, {"type": "Feature", "geometry": {"type": "LineString", "coordinates": [[77.4741361, 23.3380623], [77.4741816, 23.338124], [77.4743712, 23.3383417]]}, "properties": {"kind": "road", "name": "Bhopal Sanchi Road", "osm_id": 375630065, "osm_type": "way", "highway": "primary"}}, {"type": "Feature", "geometry": {"type": "LineString", "coordinates": [[77.4738317, 23.3376681], [77.4739942, 23.3378727], [77.4740747, 23.337983]]}, "properties": {"kind": "road", "name": "Bhopal Sanchi Road", "osm_id": 375630066, "osm_type": "way", "highway": "primary"}}, {"type": "Feature", "geometry": {"type": "LineString", "coordinates": [[77.4421373, 23.3437706], [77.4456358, 23.3442269], [77.4462076, 23.3442781], [77.4468189, 23.3442847], [77.447752, 23.3442253], [77.4500888, 23.3440456], [77.4503932, 23.3440222], [77.4518401, 23.3439863], [77.4542923, 23.3441084], [77.455051, 23.34411], [77.4556803, 23.3440671], [77.4565451, 23.3439499], [77.4572427, 23.3437931]]}, "properties": {"kind": "road", "name": "Bhopal Bypass", "osm_id": 375630068, "osm_type": "way", "highway": "trunk"}}, {"type": "Feature", "geometry": {"type": "LineString", "coordinates": [[77.4735458, 23.3383632], [77.4739811, 23.3381464], [77.4741361, 23.3380623]]}, "properties": {"kind": "road", "name": "Bhopal Bypass", "osm_id": 375630069, "osm_type": "way", "highway": "trunk"}}, {"type": "Feature", "geometry": {"type": "LineString", "coordinates": [[77.4746437, 23.3376269], [77.4742282, 23.3378874], [77.4740747, 23.337983]]}, "properties": {"kind": "road", "name": "Bhopal Bypass", "osm_id": 375630070, "osm_type": "way", "highway": "trunk"}}, {"type": "Feature", "geometry": {"type": "LineString", "coordinates": [[77.4743712, 23.3383417], [77.4743466, 23.3382238], [77.4743517, 23.338069], [77.4744365, 23.3379347], [77.4746608, 23.3377498]]}, "properties": {"kind": "road", "name": "", "osm_id": 375630071, "osm_type": "way", "highway": "trunk_link"}}, {"type": "Feature", "geometry": {"type": "LineString", "coordinates": [[77.4747102, 23.337723], [77.4748298, 23.3376398], [77.4750899, 23.3374587], [77.475665, 23.3370497], [77.4760278, 23.3367917], [77.4769236, 23.3358379], [77.4778807, 23.334498]]}, "properties": {"kind": "road", "name": "Bhopal Bypass", "osm_id": 375630072, "osm_type": "way", "highway": "trunk"}}, {"type": "Feature", "geometry": {"type": "LineString", "coordinates": [[77.4421382, 23.3436302], [77.4398005, 23.3433047], [77.4387731, 23.3432201], [77.433133, 23.3429608], [77.4326845, 23.3429402], [77.4292292, 23.342736], [77.4254761, 23.3425481]]}, "properties": {"kind": "road", "name": "Bhopal Bypass", "osm_id": 375630073, "osm_type": "way", "highway": "trunk"}}, {"type": "Feature", "geometry": {"type": "LineString", "coordinates": [[77.4738317, 23.3376681], [77.4738686, 23.3377746], [77.473878, 23.337871], [77.4738649, 23.3379471], [77.473833, 23.3380225], [77.4737693, 23.3380947], [77.4735037, 23.3382637]]}, "properties": {"kind": "road", "name": "", "osm_id": 375630074, "osm_type": "way", "highway": "trunk_link"}}, {"type": "Feature", "geometry": {"type": "LineString", "coordinates": [[77.4735037, 23.3382637], [77.4730964, 23.3384458], [77.4727251, 23.3385891], [77.4713571, 23.339117], [77.4681115, 23.3403836], [77.4674313, 23.3406399], [77.4649766, 23.3415646], [77.4646432, 23.3416752], [77.4632357, 23.3421424], [77.4619026, 23.3425208], [77.4576003, 23.3435924], [77.45744, 23.3436323]]}, "properties": {"kind": "road", "name": "Bhopal Bypass", "osm_id": 375630075, "osm_type": "way", "highway": "trunk"}}, {"type": "Feature", "geometry": {"type": "LineString", "coordinates": [[77.3696866, 23.2725921], [77.3689168, 23.2714559], [77.3688536, 23.271354], [77.3688089, 23.2712521], [77.368775, 23.271163], [77.3687257, 23.2710087], [77.3683157, 23.2695394], [77.3681474, 23.268912], [77.3680392, 23.2686764], [77.3671451, 23.2673449], [77.3670698, 23.2669356], [77.3670613, 23.2667148], [77.3670943, 23.2665453], [77.3671277, 23.2664567], [77.3683843, 23.2634838], [77.3684674, 23.2632875], [77.3685961, 23.2630677], [77.3687344, 23.2629], [77.3702132, 23.2616389], [77.3703797, 23.2614837], [77.3704731, 23.2614079], [77.3705955, 23.2613371]]}, "properties": {"kind": "road", "name": "VIP road", "osm_id": 377451063, "osm_type": "way", "highway": "primary"}}, {"type": "Feature", "geometry": {"type": "LineString", "coordinates": [[77.3704449, 23.2613168], [77.370359, 23.2613733], [77.3702999, 23.2614318], [77.3701584, 23.2615716], [77.3688555, 23.2626946], [77.3686869, 23.2628402], [77.3685125, 23.2630568], [77.3683855, 23.2632445], [77.367037, 23.2664324], [77.3670132, 23.2664898], [77.3669763, 23.2667102], [77.3669803, 23.2668134], [77.3669854, 23.2669457], [77.3670614, 23.2673364], [77.3670762, 23.2674127], [77.3676508, 23.2682826], [77.3679444, 23.268727], [77.3680409, 23.2688977], [77.3683622, 23.2700328], [77.3686703, 23.271146], [77.3687042, 23.2712819], [77.3687473, 23.271371], [77.3687889, 23.2714531], [77.3690519, 23.2718282], [77.3690719, 23.2718567], [77.3694532, 23.2724654], [77.3695987, 23.2726976]]}, "properties": {"kind": "road", "name": "VIP road", "osm_id": 377451064, "osm_type": "way", "highway": "primary"}}, {"type": "Feature", "geometry": {"type": "LineString", "coordinates": [[77.3706861, 23.2612885], [77.3708174, 23.261259], [77.3709908, 23.2612248], [77.3711573, 23.261215], [77.3716639, 23.2611589], [77.3719602, 23.2610454], [77.3722506, 23.2608722], [77.3723888, 23.2608009], [77.3725277, 23.2607516], [77.3730972, 23.2605454], [77.3736796, 23.2604037], [77.3738246, 23.2603772], [77.373987, 23.2603741], [77.3745526, 23.2603932], [77.3751049, 23.2604246], [77.375398, 23.2603989], [77.3756837, 23.2603739], [77.3759656, 23.260357], [77.3761784, 23.2603638], [77.3762678, 23.2604012], [77.3765873, 23.2605462], [77.376781, 23.2606255], [77.377104, 23.2606382], [77.3773328, 23.2606416], [77.3777509, 23.2605642], [77.3780111, 23.2605139], [77.3784821, 23.2605232], [77.3786924, 23.2605648], [77.3787968, 23.2606089], [77.3788874, 23.2607189], [77.378949, 23.2608035], [77.3790148, 23.2608926], [77.3791016, 23.261023], [77.3791719, 23.2611246]]}, "properties": {"kind": "road", "name": "VIP road", "osm_id": 377451065, "osm_type": "way", "highway": "primary"}}, {"type": "Feature", "geometry": {"type": "LineString", "coordinates": [[77.3702132, 23.2616389], [77.370531, 23.2615194], [77.3705909, 23.2615071], [77.3706703, 23.261494]]}, "properties": {"kind": "road", "name": "", "osm_id": 377451066, "osm_type": "way", "highway": "primary_link"}}, {"type": "Feature", "geometry": {"type": "LineString", "coordinates": [[77.5111493, 23.2527444], [77.5111282, 23.2526967]]}, "properties": {"kind": "road", "name": "Bhopal Bypass Road", "osm_id": 384885347, "osm_type": "way", "highway": "trunk"}}, {"type": "Feature", "geometry": {"type": "LineString", "coordinates": [[77.3541908, 23.2958025], [77.3541027, 23.2959545], [77.3539157, 23.2962215], [77.3536366, 23.2965949], [77.3535384, 23.2966956], [77.35342, 23.296785], [77.3533497, 23.2968238], [77.3532817, 23.2968523], [77.3531726, 23.2968855], [77.3531033, 23.2968934], [77.3530224, 23.2968904], [77.3529032, 23.2968747], [77.3528272, 23.2968533], [77.3527383, 23.2968186], [77.3526729, 23.2967888], [77.351975, 23.2964186], [77.3518929, 23.2963772], [77.3518127, 23.2963375], [77.3517009, 23.2962889], [77.3515819, 23.2962449], [77.3514621, 23.2961954]]}, "properties": {"kind": "road", "name": "Airport Road Flyover", "osm_id": 385959876, "osm_type": "way", "highway": "primary"}}, {"type": "Feature", "geometry": {"type": "LineString", "coordinates": [[77.3534175, 23.2969241], [77.3535054, 23.2968731], [77.3536057, 23.296796], [77.3536576, 23.2967543], [77.3537337, 23.296672], [77.3538324, 23.2965382], [77.3540782, 23.2962113], [77.3542114, 23.2960113], [77.3543122, 23.2958368]]}, "properties": {"kind": "road", "name": "Airport Road Flyover", "osm_id": 385959877, "osm_type": "way", "highway": "primary"}}, {"type": "Feature", "geometry": {"type": "LineString", "coordinates": [[77.3532497, 23.2972419], [77.353247, 23.2972717], [77.3532544, 23.2973008], [77.3532699, 23.297325], [77.3532924, 23.2973441], [77.3533199, 23.2973565], [77.3533501, 23.297361], [77.3533805, 23.2973573], [77.3534083, 23.2973457], [77.3534314, 23.2973272], [77.3534477, 23.2973034], [77.3534557, 23.2972763], [77.3534555, 23.2972514], [77.3534471, 23.2972249], [77.353431, 23.2972017], [77.3534083, 23.2971836], [77.3533809, 23.2971722], [77.3533525, 23.2971675], [77.3533111, 23.2971758], [77.3532834, 23.2971915], [77.3532623, 23.2972143], [77.3532497, 23.2972419]]}, "properties": {"kind": "road", "name": "", "osm_id": 385959878, "osm_type": "way", "highway": "primary"}}, {"type": "Feature", "geometry": {"type": "LineString", "coordinates": [[77.3225925, 23.3137541], [77.3226997, 23.3136783], [77.3228344, 23.3135824], [77.3231367, 23.3133588], [77.3238153, 23.3128931], [77.32466, 23.3123191], [77.3254031, 23.3117815], [77.3259115, 23.3113855], [77.3266027, 23.3109318]]}, "properties": {"kind": "road", "name": "", "osm_id": 385959879, "osm_type": "way", "highway": "primary"}}, {"type": "Feature", "geometry": {"type": "LineString", "coordinates": [[77.3509327, 23.2960512], [77.3503281, 23.2958955], [77.3482789, 23.2953302], [77.3473736, 23.2951232], [77.3469283, 23.2950615], [77.346577, 23.2950517], [77.3462217, 23.2950912], [77.3458892, 23.2951588], [77.3455379, 23.2952536], [77.3452468, 23.2953719], [77.3449659, 23.2955008], [77.3448537, 23.2955616], [77.3446936, 23.2956652], [77.344426, 23.2958497], [77.3442265, 23.2960176], [77.3438668, 23.2963204], [77.3436411, 23.2965177], [77.3433206, 23.2967909], [77.3432296, 23.2968745], [77.3432046, 23.2968968], [77.3429797, 23.297098], [77.3427744, 23.2972803], [77.3424721, 23.2975743], [77.3423589, 23.2976699]]}, "properties": {"kind": "road", "name": "", "osm_id": 385959880, "osm_type": "way", "highway": "primary"}}, {"type": "Feature", "geometry": {"type": "LineString", "coordinates": [[77.4437074, 23.2105772], [77.443659, 23.2107282], [77.4436469, 23.2110425], [77.4436751, 23.2113322], [77.4437274, 23.2118375], [77.4437314, 23.2119657], [77.4437301, 23.2121037], [77.4436898, 23.212243], [77.4435946, 23.2123638], [77.4434833, 23.2124784], [77.4433174, 23.2125971], [77.4431417, 23.2126267], [77.442989, 23.2126399], [77.4427882, 23.2125947], [77.4426293, 23.2125324], [77.4424452, 23.2124974], [77.4422865, 23.2124797], [77.4421372, 23.2124813]]}, "properties": {"kind": "road", "name": "Habibganj Overbridge", "osm_id": 405602186, "osm_type": "way", "highway": "primary"}}, {"type": "Feature", "geometry": {"type": "LineString", "coordinates": [[77.4421372, 23.2124813], [77.4420596, 23.2124848], [77.4419283, 23.2125499], [77.441815, 23.2126177], [77.4417514, 23.212687], [77.4416648, 23.2127903], [77.4415601, 23.2129936], [77.4415195, 23.2132169]]}, "properties": {"kind": "road", "name": "Habibganj Overbridge", "osm_id": 405602187, "osm_type": "way", "highway": "primary"}}, {"type": "Feature", "geometry": {"type": "LineString", "coordinates": [[77.4146509, 23.252345], [77.4145768, 23.2522744], [77.4145073, 23.2522231], [77.4143055, 23.2521582]]}, "properties": {"kind": "road", "name": "", "osm_id": 414496388, "osm_type": "way", "highway": "primary"}}, {"type": "Feature", "geometry": {"type": "LineString", "coordinates": [[77.4665478, 23.1656227], [77.4667139, 23.1657458]]}, "properties": {"kind": "road", "name": "", "osm_id": 418555424, "osm_type": "way", "highway": "primary_link"}}, {"type": "Feature", "geometry": {"type": "LineString", "coordinates": [[77.3423015, 23.2978855], [77.3424522, 23.2977459], [77.3430057, 23.2972332], [77.3432694, 23.2969968], [77.3442036, 23.296162], [77.3442661, 23.2961102], [77.3445107, 23.2959073], [77.3447253, 23.2957496], [77.344901, 23.29564], [77.3450554, 23.2955625], [77.3451813, 23.2955049], [77.3454503, 23.2953892], [77.3456609, 23.2953145], [77.3460524, 23.2952196], [77.3464209, 23.295185], [77.3466821, 23.295169], [77.346948, 23.2951737], [77.3472508, 23.2952038], [77.3486098, 23.2955526], [77.3508117, 23.2961482], [77.3510368, 23.2962004]]}, "properties": {"kind": "road", "name": "", "osm_id": 459585857, "osm_type": "way", "highway": "primary"}}, {"type": "Feature", "geometry": {"type": "LineString", "coordinates": [[77.398675, 23.2542076], [77.39853, 23.2542625], [77.39829, 23.2543601], [77.398087, 23.254459], [77.3979467, 23.2545275], [77.3977664, 23.2546323], [77.3977213, 23.2546703], [77.3973866, 23.25497], [77.3972237, 23.2551269], [77.3969937, 23.2552252]]}, "properties": {"kind": "road", "name": "VIP road", "osm_id": 474927918, "osm_type": "way", "highway": "primary"}}, {"type": "Feature", "geometry": {"type": "LineString", "coordinates": [[77.4416231, 23.2132205], [77.4416688, 23.2130195], [77.4417801, 23.2128235], [77.4419576, 23.2126672], [77.4421222, 23.2126033], [77.4422612, 23.2125816], [77.4423556, 23.2125823], [77.4425175, 23.2126179], [77.4426935, 23.2126716], [77.4429466, 23.2127333], [77.4431487, 23.2127304], [77.4433666, 23.2126652], [77.4434759, 23.212582], [77.4436302, 23.2124661], [77.4437468, 23.2123305], [77.4438125, 23.2121949], [77.4438447, 23.2120199], [77.4438353, 23.2118572], [77.4437964, 23.2115737], [77.4437683, 23.2113593], [77.4437441, 23.2110487], [77.4437549, 23.2107664], [77.4438125, 23.2105945]]}, "properties": {"kind": "road", "name": "Habibganj Overbridge", "osm_id": 486305156, "osm_type": "way", "highway": "primary"}}, {"type": "Feature", "geometry": {"type": "LineString", "coordinates": [[77.4437683, 23.2113593], [77.4438166, 23.2112114], [77.4438541, 23.2111325], [77.4439399, 23.2110487], [77.4440311, 23.2109895], [77.4441277, 23.2109698], [77.4442189, 23.2109649], [77.4458531, 23.211054], [77.4459084, 23.2110562], [77.4459897, 23.2110595]]}, "properties": {"kind": "road", "name": "Habibganj Overbridge Ramp", "osm_id": 486305157, "osm_type": "way", "highway": "primary_link"}}, {"type": "Feature", "geometry": {"type": "LineString", "coordinates": [[77.3933064, 23.2669293], [77.3935372, 23.2669107], [77.3948452, 23.2668056], [77.3950569, 23.2668065]]}, "properties": {"kind": "road", "name": "", "osm_id": 495798979, "osm_type": "way", "highway": "primary"}}, {"type": "Feature", "geometry": {"type": "LineString", "coordinates": [[77.4044268, 23.2649332], [77.4042339, 23.2650067], [77.4025976, 23.2656475], [77.4015215, 23.2660241], [77.4012509, 23.2661035], [77.4006362, 23.2662904], [77.4004774, 23.2663497]]}, "properties": {"kind": "road", "name": "Hamidia Rd", "osm_id": 495798980, "osm_type": "way", "highway": "primary"}}, {"type": "Feature", "geometry": {"type": "LineString", "coordinates": [[77.4111238, 23.2639982], [77.4110942, 23.2640573], [77.4110974, 23.2641271], [77.4110945, 23.2641422], [77.4110903, 23.2641639], [77.4110831, 23.2641825], [77.4110618, 23.2642033], [77.4109806, 23.2642269], [77.4103979, 23.2642362], [77.4098725, 23.2642277], [77.4086615, 23.2642487], [77.4085688, 23.2642456], [77.408262, 23.2642525], [77.407818, 23.2642566], [77.4075214, 23.2642594], [77.4071173, 23.2642806], [77.4066863, 23.264306], [77.4064908, 23.2643267], [77.4062305, 23.264364], [77.4061338, 23.2643863], [77.4057971, 23.2644584], [77.4055959, 23.2645139], [77.4044268, 23.2649332]]}, "properties": {"kind": "road", "name": "Hamidiya road", "osm_id": 495798981, "osm_type": "way", "highway": "primary"}}, {"type": "Feature", "geometry": {"type": "LineString", "coordinates": [[77.4413445, 23.2145369], [77.4415038, 23.2138231], [77.4416004, 23.2133203], [77.4416231, 23.2132205]]}, "properties": {"kind": "road", "name": "Habibganj Overbridge", "osm_id": 495798982, "osm_type": "way", "highway": "primary"}}, {"type": "Feature", "geometry": {"type": "LineString", "coordinates": [[77.4415195, 23.2132169], [77.4414856, 23.213403], [77.4414756, 23.2134523], [77.4412556, 23.2145238]]}, "properties": {"kind": "road", "name": "Habibganj Overbridge", "osm_id": 495798983, "osm_type": "way", "highway": "primary"}}, {"type": "Feature", "geometry": {"type": "LineString", "coordinates": [[77.4438125, 23.2105945], [77.4443464, 23.2090008]]}, "properties": {"kind": "road", "name": "Habibganj Overbridge", "osm_id": 495798984, "osm_type": "way", "highway": "primary"}}, {"type": "Feature", "geometry": {"type": "LineString", "coordinates": [[77.4442171, 23.2089816], [77.4437074, 23.2105772]]}, "properties": {"kind": "road", "name": "Habibganj Overbridge", "osm_id": 495798985, "osm_type": "way", "highway": "primary"}}, {"type": "Feature", "geometry": {"type": "LineString", "coordinates": [[77.3224017, 23.3136378], [77.3222806, 23.3137207], [77.3219452, 23.3139333], [77.3218048, 23.3140394], [77.3214436, 23.3143108], [77.3206584, 23.3148621], [77.3204996, 23.3149822], [77.320347, 23.3150963], [77.3199298, 23.3154154], [77.3192869, 23.3159233], [77.3185733, 23.3164908], [77.3180909, 23.3168683], [77.3178662, 23.3170496], [77.317812, 23.317099], [77.3176484, 23.3172726], [77.3175918, 23.3173327], [77.3175344, 23.317397], [77.3172656, 23.3176983], [77.3171315, 23.3178524], [77.3170201, 23.3179804], [77.31626, 23.3190144], [77.3162027, 23.3190909], [77.3159058, 23.3194874], [77.3151766, 23.3201977], [77.3149894, 23.3203438], [77.3148029, 23.320477], [77.3147381, 23.3205345]]}, "properties": {"kind": "road", "name": "", "osm_id": 495798989, "osm_type": "way", "highway": "trunk"}}, {"type": "Feature", "geometry": {"type": "LineString", "coordinates": [[77.2554004, 23.2462267], [77.254966, 23.2461202], [77.2532148, 23.2455576], [77.2528793, 23.2454499], [77.2523686, 23.2452775], [77.2505882, 23.2446764], [77.2502293, 23.2445553], [77.250128, 23.24452], [77.2499008, 23.2444408], [77.2492781, 23.2442239], [77.2483759, 23.2439096], [77.2477519, 23.2436976], [77.2464438, 23.2432533], [77.2453762, 23.2428906], [77.244901, 23.2427025], [77.2441394, 23.2424011], [77.2437476, 23.2422482], [77.2434297, 23.2421241], [77.2430522, 23.2419767]]}, "properties": {"kind": "road", "name": "Dewas - Bhopal Corridor", "osm_id": 495798990, "osm_type": "way", "highway": "trunk"}}, {"type": "Feature", "geometry": {"type": "LineString", "coordinates": [[77.2597183, 23.2476816], [77.2594989, 23.247615], [77.2586615, 23.2472756], [77.2585929, 23.247247], [77.2578939, 23.2469712], [77.257835, 23.2469508], [77.2566551, 23.2465434], [77.2562349, 23.2464008], [77.255827, 23.2462972], [77.2557438, 23.2462835], [77.2556775, 23.2462725], [77.2554004, 23.2462267]]}, "properties": {"kind": "road", "name": "Dewas - Bhopal Corridor", "osm_id": 495798991, "osm_type": "way", "highway": "trunk"}}, {"type": "Feature", "geometry": {"type": "LineString", "coordinates": [[77.3936595, 23.2616691], [77.3937787, 23.2626807], [77.3937701, 23.2632169], [77.3936767, 23.2636796], [77.393298, 23.2662291], [77.3933066, 23.2665362], [77.3933074, 23.2665669], [77.3933064, 23.2669293]]}, "properties": {"kind": "road", "name": "Taj-ul-Masajid Road", "osm_id": 496609046, "osm_type": "way", "highway": "primary"}}, {"type": "Feature", "geometry": {"type": "LineString", "coordinates": [[77.3971744, 23.2515429], [77.3979964, 23.2532889], [77.3981385, 23.2535181], [77.3984148, 23.2538138], [77.3984942, 23.2539594]]}, "properties": {"kind": "road", "name": "Raja Bhoj Setu", "osm_id": 498204198, "osm_type": "way", "highway": "primary"}}, {"type": "Feature", "geometry": {"type": "LineString", "coordinates": [[77.3984942, 23.2539594], [77.3984967, 23.2540152], [77.39853, 23.2542625], [77.39855, 23.2544372]]}, "properties": {"kind": "road", "name": "", "osm_id": 498204199, "osm_type": "way", "highway": "primary"}}, {"type": "Feature", "geometry": {"type": "LineString", "coordinates": [[77.4614678, 23.172579], [77.4609664, 23.1733966], [77.4605213, 23.1740917]]}, "properties": {"kind": "road", "name": "", "osm_id": 780149897, "osm_type": "way", "highway": "primary"}}, {"type": "Feature", "geometry": {"type": "LineString", "coordinates": [[77.2561974, 23.2466585], [77.2570473, 23.2469585], [77.2576545, 23.2471729], [77.2586527, 23.2475252], [77.2587716, 23.2475682], [77.2592621, 23.2477411], [77.2594367, 23.2478027], [77.2596331, 23.2478564]]}, "properties": {"kind": "road", "name": "Dewas - Bhopal Corridor", "osm_id": 780153433, "osm_type": "way", "highway": "trunk"}}, {"type": "Feature", "geometry": {"type": "LineString", "coordinates": [[77.2599557, 23.248558], [77.2598706, 23.2482467], [77.2598622, 23.248199], [77.2598692, 23.2481511], [77.2598909, 23.2481071], [77.2599255, 23.2480707], [77.2599701, 23.248045], [77.2600208, 23.2480323], [77.2601065, 23.2480271]]}, "properties": {"kind": "road", "name": "", "osm_id": 780153434, "osm_type": "way", "highway": "trunk_link"}}, {"type": "Feature", "geometry": {"type": "LineString", "coordinates": [[77.3699738, 23.2733916], [77.3700465, 23.2732628], [77.3700882, 23.2731998], [77.370119, 23.2731632], [77.37016, 23.2731105], [77.3702193, 23.2730574], [77.3702649, 23.2730212], [77.3703087, 23.2729801]]}, "properties": {"kind": "road", "name": "", "osm_id": 780155361, "osm_type": "way", "highway": "primary_link"}}, {"type": "Feature", "geometry": {"type": "LineString", "coordinates": [[77.3693295, 23.2730969], [77.369485, 23.2731747], [77.369571, 23.2732248], [77.3696397, 23.2732754], [77.3696848, 23.2733131]]}, "properties": {"kind": "road", "name": "", "osm_id": 780155362, "osm_type": "way", "highway": "primary_link"}}, {"type": "Feature", "geometry": {"type": "LineString", "coordinates": [[77.3697422, 23.2730753], [77.3697866, 23.2732779]]}, "properties": {"kind": "road", "name": "", "osm_id": 780155363, "osm_type": "way", "highway": "primary"}}, {"type": "Feature", "geometry": {"type": "LineString", "coordinates": [[77.3699738, 23.2733916], [77.3699272, 23.2732361], [77.3699012, 23.2730432]]}, "properties": {"kind": "road", "name": "", "osm_id": 780155364, "osm_type": "way", "highway": "primary"}}, {"type": "Feature", "geometry": {"type": "LineString", "coordinates": [[77.3701015, 23.2727673], [77.3699322, 23.2727417], [77.3698796, 23.2727165], [77.3698202, 23.2726907], [77.3696866, 23.2725921]]}, "properties": {"kind": "road", "name": "", "osm_id": 780155365, "osm_type": "way", "highway": "primary_link"}}, {"type": "Feature", "geometry": {"type": "LineString", "coordinates": [[77.3703087, 23.2729801], [77.3707272, 23.2728942]]}, "properties": {"kind": "road", "name": "", "osm_id": 780155367, "osm_type": "way", "highway": "primary"}}, {"type": "Feature", "geometry": {"type": "LineString", "coordinates": [[77.3723209, 23.2724548], [77.3722106, 23.2724624], [77.3720572, 23.2724782], [77.3718214, 23.2725104], [77.3708332, 23.2727324], [77.3700139, 23.2729062], [77.3695786, 23.2729693], [77.3687954, 23.2730156], [77.3684746, 23.2730352], [77.3680951, 23.2730685], [77.3666729, 23.2731753], [77.3659613, 23.2732228]]}, "properties": {"kind": "road", "name": "Lalghati Flyover", "osm_id": 780155368, "osm_type": "way", "highway": "primary"}}, {"type": "Feature", "geometry": {"type": "LineString", "coordinates": [[77.3695987, 23.2726976], [77.3695471, 23.2727396], [77.3695233, 23.272757], [77.3694857, 23.2727817], [77.3694337, 23.2728035], [77.3693688, 23.2728208], [77.3692571, 23.2728427], [77.3691067, 23.2728802]]}, "properties": {"kind": "road", "name": "", "osm_id": 780155369, "osm_type": "way", "highway": "primary_link"}}, {"type": "Feature", "geometry": {"type": "LineString", "coordinates": [[77.2657122, 23.2609056], [77.2661701, 23.2618519], [77.2663088, 23.2621164], [77.2665353, 23.262568], [77.2667291, 23.262972], [77.2668327, 23.2631735], [77.266986, 23.263453], [77.267176, 23.2638475], [77.2673195, 23.2641967], [77.2674604, 23.264581], [77.267513, 23.2647822], [77.2675421, 23.2649168], [77.2675592, 23.2650021], [77.2676407, 23.2653772], [77.267674, 23.2656658], [77.2676888, 23.2658615], [77.267696, 23.2660796], [77.2676767, 23.2663311], [77.2676583, 23.2665432], [77.2675707, 23.2672363], [77.2675455, 23.2674818], [77.2675385, 23.26784], [77.2675441, 23.2679394], [77.2675499, 23.2680624], [77.2676105, 23.2683606], [77.2677675, 23.2687756], [77.2688321, 23.2712472]]}, "properties": {"kind": "road", "name": "Bhopal Bypass flyover", "osm_id": 917804418, "osm_type": "way", "highway": "trunk"}}, {"type": "Feature", "geometry": {"type": "LineString", "coordinates": [[77.4029176, 23.2761371], [77.4029641, 23.2763304]]}, "properties": {"kind": "road", "name": "Berasia Road", "osm_id": 952223694, "osm_type": "way", "highway": "primary"}}, {"type": "Feature", "geometry": {"type": "LineString", "coordinates": [[77.4004774, 23.2663497], [77.400537, 23.2664333], [77.4006437, 23.2673731], [77.4006497, 23.2674758], [77.4006819, 23.2679654], [77.4007297, 23.268603], [77.4008574, 23.26928], [77.4009923, 23.2699133], [77.4010306, 23.2700929], [77.4010447, 23.2701405], [77.401057, 23.2701864], [77.4010696, 23.2702238], [77.4011574, 23.2704987], [77.4012767, 23.2708722], [77.4013995, 23.271184], [77.4015357, 23.2715569], [77.4017961, 23.2722543], [77.4018964, 23.2725211], [77.401952, 23.2726965], [77.4021073, 23.2733082], [77.4021424, 23.2734539], [77.4021658, 23.2735615], [77.4022825, 23.2740176], [77.4024299, 23.2745974], [77.4026829, 23.2753632], [77.4028201, 23.2757784], [77.4029176, 23.2761371]]}, "properties": {"kind": "road", "name": "Berasia Road", "osm_id": 952223695, "osm_type": "way", "highway": "primary"}}, {"type": "Feature", "geometry": {"type": "LineString", "coordinates": [[77.3797519, 23.215667], [77.3800541, 23.2165479], [77.3804533, 23.2175882], [77.3808377, 23.2186055], [77.3810783, 23.2192249], [77.381199, 23.2195626], [77.3813052, 23.2198327], [77.3814795, 23.220292], [77.3817955, 23.2208849], [77.3819189, 23.2210682], [77.3828528, 23.2221937], [77.3833888, 23.2227993], [77.3839174, 23.2233484], [77.3842113, 23.2236434], [77.3844706, 23.2239037], [77.3847805, 23.2242147], [77.384886, 23.2243132], [77.3853963, 23.2247819], [77.385675, 23.2250484], [77.3858519, 23.225224], [77.3860107, 23.2253606], [77.3864986, 23.22578], [77.3867859, 23.2259957], [77.3871077, 23.2262373], [77.3874645, 23.2265176], [77.387551, 23.2265895], [77.3879357, 23.2269097], [77.3883335, 23.2272406]]}, "properties": {"kind": "road", "name": "", "osm_id": 952594348, "osm_type": "way", "highway": "primary"}}, {"type": "Feature", "geometry": {"type": "LineString", "coordinates": [[77.5593336, 23.2524969], [77.5589572, 23.2524965], [77.5586555, 23.252531], [77.5582709, 23.2526105], [77.5581553, 23.2526357], [77.5579669, 23.2526769], [77.5578044, 23.2527124], [77.5574355, 23.2528098], [77.5572265, 23.2528611], [77.5569082, 23.252945], [77.5565878, 23.2529956], [77.5565493, 23.2530017], [77.5561616, 23.2530493], [77.5556539, 23.2530364], [77.5554649, 23.2530227], [77.5553424, 23.2530114], [77.5551316, 23.2529797], [77.5548502, 23.2529513], [77.5543027, 23.2528491], [77.5535501, 23.2527318], [77.5532853, 23.25268], [77.5527951, 23.2525911], [77.5527531, 23.2525868], [77.5521033, 23.252486], [77.5505731, 23.2522202], [77.5502087, 23.2521576], [77.5475407, 23.2516996], [77.5474353, 23.2516833], [77.5450506, 23.2513132], [77.5422531, 23.2510197], [77.5420362, 23.250997], [77.5403412, 23.2508192], [77.5397693, 23.2507513], [77.538123, 23.2505967], [77.5378785, 23.2505737], [77.5369808, 23.2505039], [77.5364138, 23.2505409], [77.5357203, 23.2506884], [77.5351699, 23.2508104], [77.5343267, 23.2510073], [77.5336961, 23.2511554], [77.5322113, 23.2515041], [77.5320946, 23.2515259], [77.531689, 23.2516063], [77.5315149, 23.2516408], [77.5309001, 23.251766], [77.5305469, 23.2518568], [77.5297014, 23.2520058], [77.5295107, 23.2520516], [77.5275601, 23.2524179], [77.527216, 23.2524641], [77.5269027, 23.2524696], [77.5265843, 23.2524569], [77.525492, 23.2522089]]}, "properties": {"kind": "road", "name": "", "osm_id": 952915351, "osm_type": "way", "highway": "trunk"}}, {"type": "Feature", "geometry": {"type": "LineString", "coordinates": [[77.3608593, 23.2041736], [77.3602983, 23.2041364], [77.3596603, 23.2040569], [77.3595619, 23.2040329], [77.3592838, 23.2039124], [77.3591288, 23.2038323], [77.358888, 23.2037096], [77.3586375, 23.203582], [77.3583819, 23.2034392], [77.3579137, 23.2031804], [77.357578, 23.2029844]]}, "properties": {"kind": "road", "name": "", "osm_id": 953383371, "osm_type": "way", "highway": "primary"}}, {"type": "Feature", "geometry": {"type": "LineString", "coordinates": [[77.34342, 23.1934168], [77.3431405, 23.193343], [77.3431113, 23.1933317], [77.3425993, 23.192936], [77.3417894, 23.1922972], [77.3414828, 23.1920503], [77.341343, 23.1919378], [77.3412996, 23.1919028], [77.3403609, 23.1911471], [77.3403253, 23.1911184], [77.3402605, 23.1910662], [77.3401648, 23.1909848], [77.3400625, 23.1908979], [77.3399773, 23.1908254], [77.3398634, 23.1907286], [77.3394409, 23.1903694], [77.338794, 23.1898526], [77.3381675, 23.189352], [77.3380302, 23.1892423], [77.3379172, 23.1891479], [77.3375918, 23.1888758], [77.3375429, 23.1888349], [77.3374061, 23.1887205], [77.3373404, 23.1886656], [77.3372376, 23.188577], [77.3371256, 23.1884804], [77.3368893, 23.1882765], [77.3367963, 23.1881964], [77.3365624, 23.1879944], [77.3362154, 23.1876948], [77.3358981, 23.1874262], [77.3357706, 23.1873182], [77.3356297, 23.1871814], [77.3354873, 23.1870299], [77.3352745, 23.1867562], [77.3350831, 23.1865241], [77.3349096, 23.1863135], [77.3342135, 23.1854573], [77.333583, 23.1846997], [77.3334544, 23.1845362], [77.3331829, 23.1841907], [77.3331486, 23.1841465], [77.3330756, 23.1840523], [77.3328186, 23.1837208], [77.3326036, 23.1834434], [77.3325748, 23.1834099], [77.3316823, 23.1823682], [77.3310886, 23.18163], [77.3310443, 23.1815788], [77.3303031, 23.1807204], [77.3298064, 23.1801122], [77.3292445, 23.1794143], [77.3289978, 23.1790595], [77.3289144, 23.178956], [77.3286927, 23.17868], [77.3286076, 23.1785741], [77.3279807, 23.1777937], [77.3274433, 23.1771246], [77.3272008, 23.1768228], [77.3260367, 23.1753946], [77.3253857, 23.1746005], [77.3252737, 23.1744575], [77.324833, 23.1739713], [77.3243545, 23.1734685], [77.3241799, 23.173285], [77.3240152, 23.173112], [77.3231992, 23.1722544], [77.3230612, 23.1720871], [77.3223621, 23.1711595], [77.3221351, 23.1708961], [77.3217806, 23.1704849], [77.3212534, 23.1698732], [77.3211455, 23.1697513], [77.3207365, 23.1692855], [77.3202753, 23.1687602], [77.3194263, 23.1677425], [77.3190013, 23.1672708], [77.318787, 23.167009], [77.3186539, 23.1668685], [77.3185595, 23.1667674], [77.318446, 23.1666724], [77.3182938, 23.1665551], [77.3182358, 23.1665188], [77.3176309, 23.1661412], [77.3175375, 23.1660843], [77.3163394, 23.1653747], [77.3161113, 23.1652396], [77.3154813, 23.1648664], [77.3153085, 23.1647641], [77.3148361, 23.1644843], [77.3138537, 23.1639022], [77.313393, 23.1636277], [77.3126707, 23.1631973], [77.3115447, 23.1625263], [77.3094304, 23.1612482], [77.3090084, 23.1609964], [77.3086628, 23.1607956], [77.3062575, 23.1593484], [77.3051862, 23.1587167], [77.3043462, 23.1582215], [77.3043216, 23.1582017], [77.3024465, 23.1570754], [77.301718, 23.1566359], [77.2988044, 23.1548949], [77.2986316, 23.1547888], [77.2982087, 23.1545292], [77.2971485, 23.1538604], [77.295846, 23.1530908], [77.2951462, 23.1527063], [77.2950108, 23.1526279], [77.2947705, 23.1524826], [77.2943053, 23.1522179], [77.2939012, 23.1520071], [77.2920744, 23.1509435], [77.2919965, 23.1508961], [77.2919183, 23.1508327], [77.2918585, 23.1507623], [77.2917996, 23.1506683], [77.2917502, 23.1505784], [77.2917185, 23.1504803], [77.2913827, 23.1491219], [77.2911137, 23.1480069], [77.2909134, 23.1471763], [77.2905177, 23.145628], [77.2902587, 23.1446143], [77.2901387, 23.1441351], [77.2900361, 23.1437148], [77.2899665, 23.1434195], [77.289886, 23.1431014], [77.2898646, 23.1430112], [77.2892297, 23.1405547], [77.2891235, 23.1401438], [77.289045, 23.1398401], [77.2890043, 23.139663], [77.2889437, 23.1395771], [77.2889092, 23.1395282], [77.2868861, 23.1380156], [77.2862903, 23.1375874], [77.2859447, 23.1373396], [77.2857521, 23.1371957], [77.2836544, 23.1356986], [77.2821828, 23.1346484], [77.2798913, 23.1330115], [77.2798328, 23.1329696], [77.2794699, 23.1327101], [77.2790417, 23.132404], [77.2790067, 23.1323792], [77.2789912, 23.1323681], [77.2783885, 23.1319371], [77.2783508, 23.1319101], [77.2779209, 23.1315893], [77.2778494, 23.1315359]]}, "properties": {"kind": "road", "name": "", "osm_id": 953383372, "osm_type": "way", "highway": "primary"}}, {"type": "Feature", "geometry": {"type": "LineString", "coordinates": [[77.4566889, 23.3175392], [77.456805, 23.3176389]]}, "properties": {"kind": "road", "name": "Bhopal Sanchi Road", "osm_id": 954164001, "osm_type": "way", "highway": "primary"}}, {"type": "Feature", "geometry": {"type": "LineString", "coordinates": [[77.456805, 23.3176389], [77.4571328, 23.3179204], [77.4575509, 23.3182794], [77.4584455, 23.3190476], [77.4585701, 23.3191528], [77.4589831, 23.319511], [77.4593442, 23.3198429], [77.4595204, 23.3200073], [77.4598119, 23.3202929], [77.4598948, 23.3203635], [77.4600687, 23.320529], [77.4601553, 23.3206059], [77.4604531, 23.320884], [77.4605531, 23.3209773], [77.460758, 23.3212313], [77.4609833, 23.3215318], [77.4613178, 23.3220364], [77.4620218, 23.3231534], [77.4622029, 23.3234317], [77.462655, 23.3241034], [77.4630995, 23.3247949], [77.4631822, 23.324918], [77.4634711, 23.3253482], [77.4640375, 23.3262901], [77.4644344, 23.3268714], [77.4648529, 23.3272851], [77.465282, 23.3276964]]}, "properties": {"kind": "road", "name": "Bhopal Sanchi Road", "osm_id": 954164002, "osm_type": "way", "highway": "primary"}}, {"type": "Feature", "geometry": {"type": "LineString", "coordinates": [[77.2612157, 23.2516278], [77.2613226, 23.2518396]]}, "properties": {"kind": "road", "name": "", "osm_id": 954300842, "osm_type": "way", "highway": "trunk"}}, {"type": "Feature", "geometry": {"type": "LineString", "coordinates": [[77.2613226, 23.2518396], [77.2615912, 23.2524382], [77.261658, 23.2525866], [77.26228, 23.2539669], [77.2631035, 23.2556756]]}, "properties": {"kind": "road", "name": "", "osm_id": 954300843, "osm_type": "way", "highway": "trunk"}}, {"type": "Feature", "geometry": {"type": "LineString", "coordinates": [[77.2653759, 23.259914], [77.2652659, 23.2596737]]}, "properties": {"kind": "road", "name": "", "osm_id": 954300844, "osm_type": "way", "highway": "trunk"}}, {"type": "Feature", "geometry": {"type": "LineString", "coordinates": [[77.2658262, 23.2608132], [77.2657265, 23.260641], [77.2653759, 23.259914]]}, "properties": {"kind": "road", "name": "", "osm_id": 954300845, "osm_type": "way", "highway": "trunk"}}, {"type": "Feature", "geometry": {"type": "LineString", "coordinates": [[77.2651327, 23.2597294], [77.2652386, 23.2599531]]}, "properties": {"kind": "road", "name": "", "osm_id": 954300846, "osm_type": "way", "highway": "trunk"}}, {"type": "Feature", "geometry": {"type": "LineString", "coordinates": [[77.2652386, 23.2599531], [77.2655986, 23.2607159], [77.2657122, 23.2609056]]}, "properties": {"kind": "road", "name": "", "osm_id": 954300847, "osm_type": "way", "highway": "trunk"}}, {"type": "Feature", "geometry": {"type": "LineString", "coordinates": [[77.2745557, 23.2530091], [77.2746776, 23.2530469]]}, "properties": {"kind": "road", "name": "", "osm_id": 954300848, "osm_type": "way", "highway": "primary"}}, {"type": "Feature", "geometry": {"type": "LineString", "coordinates": [[77.2596331, 23.2478564], [77.2601065, 23.2480271], [77.2609035, 23.2483144], [77.2667315, 23.2504153], [77.2671219, 23.2505337], [77.2698109, 23.251422], [77.2717081, 23.2520626], [77.2734299, 23.252632], [77.2738994, 23.2527871], [77.2743052, 23.2529231], [77.2745557, 23.2530091]]}, "properties": {"kind": "road", "name": "", "osm_id": 954300849, "osm_type": "way", "highway": "primary"}}, {"type": "Feature", "geometry": {"type": "LineString", "coordinates": [[77.2747885, 23.2528308], [77.2745785, 23.2527713]]}, "properties": {"kind": "road", "name": "", "osm_id": 954300850, "osm_type": "way", "highway": "primary"}}, {"type": "Feature", "geometry": {"type": "LineString", "coordinates": [[77.2745785, 23.2527713], [77.2736496, 23.2524408], [77.2722606, 23.251985], [77.2704257, 23.2513568], [77.2701536, 23.2512636], [77.2694928, 23.2510374], [77.269456, 23.2510248], [77.2687416, 23.2508181], [77.2671704, 23.2502827], [77.2652923, 23.2496589], [77.2650706, 23.2495844], [77.262359, 23.2486792], [77.2620001, 23.2485594], [77.2611696, 23.2482416], [77.259831, 23.2477251], [77.2597183, 23.2476816]]}, "properties": {"kind": "road", "name": "", "osm_id": 954300851, "osm_type": "way", "highway": "primary"}}, {"type": "Feature", "geometry": {"type": "LineString", "coordinates": [[77.3141406, 23.3064846], [77.3150913, 23.3067353], [77.3152873, 23.3067982], [77.3153956, 23.3068329], [77.3156352, 23.3069215], [77.3158916, 23.3070109], [77.316153, 23.30714], [77.3162768, 23.3072084], [77.3164867, 23.3073458], [77.3165604, 23.3073848], [77.3167619, 23.307516], [77.3168335, 23.3075684], [77.3171425, 23.3078435], [77.3175802, 23.3083364], [77.3180139, 23.3088616], [77.3184787, 23.3094055], [77.3189842, 23.3099942], [77.3190861, 23.3101131], [77.3192674, 23.3103246], [77.319445, 23.3105319], [77.3199247, 23.3110758], [77.3203209, 23.3115334], [77.3204031, 23.3116284], [77.3209235, 23.3122021], [77.321448, 23.3127933], [77.321963, 23.313377], [77.3222162, 23.3136375], [77.3222806, 23.3137207]]}, "properties": {"kind": "road", "name": "Bhopal Bypass Rd", "osm_id": 954311108, "osm_type": "way", "highway": "trunk"}}, {"type": "Feature", "geometry": {"type": "LineString", "coordinates": [[77.2729008, 23.2767889], [77.2730438, 23.2769239]]}, "properties": {"kind": "road", "name": "Bhopal Bypass Rd", "osm_id": 954311109, "osm_type": "way", "highway": "trunk"}}, {"type": "Feature", "geometry": {"type": "LineString", "coordinates": [[77.2771685, 23.3352855], [77.2774969, 23.3350715], [77.2782313, 23.3345646], [77.2787586, 23.3341957], [77.2790947, 23.3339678], [77.2793408, 23.3338009], [77.2798388, 23.3334637], [77.2798894, 23.3334337], [77.2802999, 23.3331883], [77.2808308, 23.3328991], [77.2812502, 23.3327171], [77.2817634, 23.3325237], [77.2822394, 23.3323791], [77.2825172, 23.3323092], [77.2827806, 23.3322142], [77.2828641, 23.3321841], [77.2834162, 23.331994], [77.2839772, 23.3318234], [77.2842616, 23.3317325], [77.2843721, 23.3316962], [77.2844868, 23.3316593], [77.2849451, 23.3315082], [77.2851481, 23.3314411], [77.285476, 23.3313327], [77.2857991, 23.3312208], [77.2862086, 23.3310792], [77.2870279, 23.3308078], [77.2874337, 23.3306618], [77.2875931, 23.3306044], [77.2877729, 23.3305397], [77.2881445, 23.3304101], [77.2886206, 23.330244], [77.2894965, 23.3299336], [77.2902615, 23.3296702], [77.2905583, 23.329568], [77.2910606, 23.3293874], [77.2912768, 23.3293097], [77.2919286, 23.329095], [77.2920676, 23.3290466], [77.2927685, 23.3288027], [77.2934639, 23.3285651]]}, "properties": {"kind": "road", "name": "", "osm_id": 954502308, "osm_type": "way", "highway": "trunk"}}, {"type": "Feature", "geometry": {"type": "LineString", "coordinates": [[77.2981304, 23.3268154], [77.2983304, 23.3267358]]}, "properties": {"kind": "road", "name": "", "osm_id": 954502309, "osm_type": "way", "highway": "trunk"}}, {"type": "Feature", "geometry": {"type": "LineString", "coordinates": [[77.2983304, 23.3267358], [77.2987374, 23.3265733], [77.2992001, 23.3263878], [77.2994843, 23.3262738], [77.2995602, 23.3262434], [77.2998493, 23.3261308], [77.2999566, 23.326089], [77.3006308, 23.3258372], [77.3013989, 23.3255349], [77.3015602, 23.3254703], [77.3018945, 23.3253464], [77.302671, 23.3250492], [77.3029402, 23.3249532], [77.3035595, 23.3247208], [77.3044284, 23.3243861], [77.3050955, 23.3241326], [77.305614, 23.3239278], [77.3061343, 23.3237344], [77.3068112, 23.3234638], [77.307534, 23.3231429], [77.3083428, 23.3227724], [77.3089002, 23.3225157], [77.3095054, 23.3222589], [77.3096912, 23.3221891], [77.3099389, 23.3221094], [77.3100893, 23.3220595], [77.3104114, 23.3219941], [77.3109777, 23.3218982], [77.3112732, 23.3218543], [77.3114783, 23.321816], [77.3121562, 23.3216642], [77.3126942, 23.3215342], [77.3131596, 23.3214383], [77.3134825, 23.3213715], [77.3138958, 23.3212254], [77.3141926, 23.3211071], [77.314577, 23.3209031]]}, "properties": {"kind": "road", "name": "", "osm_id": 954502310, "osm_type": "way", "highway": "trunk"}}, {"type": "Feature", "geometry": {"type": "LineString", "coordinates": [[77.3149096, 23.3206944], [77.3153663, 23.3202894], [77.3154952, 23.3201598], [77.315562, 23.3200926], [77.3157244, 23.3199292], [77.3160341, 23.3195684], [77.3162817, 23.3192722], [77.3168039, 23.3185381], [77.3171223, 23.3181184], [77.3172694, 23.3179549], [77.3174727, 23.3177673], [77.3177753, 23.3175016], [77.3178601, 23.3174259], [77.3181019, 23.3172103], [77.3191024, 23.3164001], [77.3191457, 23.316365]]}, "properties": {"kind": "road", "name": "", "osm_id": 954502311, "osm_type": "way", "highway": "trunk"}}, {"type": "Feature", "geometry": {"type": "LineString", "coordinates": [[77.314577, 23.3209031], [77.3149096, 23.3206944]]}, "properties": {"kind": "road", "name": "", "osm_id": 954502312, "osm_type": "way", "highway": "trunk"}}, {"type": "Feature", "geometry": {"type": "LineString", "coordinates": [[77.3191457, 23.316365], [77.3219787, 23.3142738], [77.3222967, 23.314039]]}, "properties": {"kind": "road", "name": "", "osm_id": 954502313, "osm_type": "way", "highway": "trunk"}}, {"type": "Feature", "geometry": {"type": "LineString", "coordinates": [[77.168053, 23.3798167], [77.1694735, 23.3797301], [77.1706738, 23.3795528], [77.1729249, 23.3793299], [77.1755969, 23.3791664], [77.1770666, 23.3790326], [77.1774067, 23.378962], [77.1777872, 23.3788468], [77.1788075, 23.3783599], [77.1800706, 23.3777319], [77.181184, 23.3770481], [77.1825808, 23.3760299], [77.1833014, 23.3755096], [77.1840585, 23.3750971], [77.1853921, 23.374449], [77.1863986, 23.3739599], [77.1889735, 23.3729118], [77.1909614, 23.3721426], [77.1920099, 23.3716371], [77.1932974, 23.3709087], [77.1944229, 23.3701691], [77.1964067, 23.3686751], [77.1972488, 23.3679021], [77.1981071, 23.3671774], [77.198431, 23.3669469], [77.1989007, 23.3666087], [77.1998602, 23.3660921], [77.1999599, 23.3660484], [77.2000182, 23.3660218], [77.2001164, 23.3659823], [77.2018804, 23.3652262], [77.2036982, 23.3645089], [77.2048947, 23.3640783], [77.205973, 23.3637361], [77.2060721, 23.3637079], [77.2065094, 23.3635834], [77.2071263, 23.3634111], [77.207585, 23.3632781], [77.2082716, 23.3631107], [77.2100177, 23.3627339], [77.2109592, 23.3625369], [77.2115412, 23.3623941], [77.2127724, 23.3621282], [77.2132605, 23.3620075], [77.2141644, 23.3618303], [77.214776, 23.3617], [77.2149745, 23.3616554], [77.215248, 23.3615914], [77.2154868, 23.3615299], [77.2158069, 23.361452], [77.2160317, 23.3613828], [77.2161577, 23.3613464], [77.216219, 23.3613279], [77.2163424, 23.361291], [77.2168237, 23.3611217], [77.217485, 23.3608896], [77.2177747, 23.3607936], [77.2180778, 23.3606761], [77.2182947, 23.3605934], [77.219097, 23.360311], [77.219649, 23.3601172], [77.2202182, 23.3599219], [77.2204542, 23.3598358], [77.2207546, 23.3597176], [77.2210819, 23.3595944], [77.2218329, 23.3593851], [77.2221789, 23.3592916], [77.2225061, 23.3591709], [77.2233694, 23.3588291], [77.2244077, 23.3583812], [77.2246253, 23.3582873], [77.2265757, 23.3573986], [77.2282994, 23.3565595], [77.2293115, 23.3560542], [77.2297894, 23.3558473], [77.2303623, 23.3556004], [77.2307619, 23.3553936], [77.2310758, 23.3552606], [77.231344, 23.3551572], [77.2316658, 23.3550562], [77.2319046, 23.3549947], [77.2320467, 23.3549701], [77.232213, 23.354943], [77.2324035, 23.3549331], [77.2325537, 23.3549284], [77.2328728, 23.3549184], [77.2329694, 23.3549154], [77.2331142, 23.354911], [77.2336882, 23.3548937], [77.2351822, 23.3548026], [77.2362336, 23.3547386], [77.2372631, 23.3546881], [77.2376391, 23.3546696], [77.2384813, 23.3546155], [77.238889, 23.354581], [77.2392109, 23.3545564], [77.2394469, 23.3545268], [77.2396308, 23.3544981], [77.2398412, 23.3544653], [77.2405547, 23.3543372], [77.2410187, 23.3542584], [77.2413808, 23.3541944], [77.2414954, 23.3541715], [77.2418502, 23.3541008], [77.24262, 23.3539407], [77.2438592, 23.3536822], [77.2443902, 23.3535862], [77.2452646, 23.3534384], [77.2456783, 23.3533725], [77.247676, 23.3530543], [77.2480166, 23.3530001], [77.2481319, 23.3529755], [77.2483867, 23.3529237], [77.2485718, 23.3528794], [77.248714, 23.3528474], [77.2488642, 23.3528031], [77.2490787, 23.3527267], [77.2495025, 23.3525765], [77.2497413, 23.3524854], [77.250041, 23.3523676], [77.2502629, 23.3522712], [77.2504909, 23.3521678], [77.2507425, 23.3520315], [77.2517665, 23.3514635], [77.2530388, 23.3507514], [77.2535838, 23.3504264], [77.2549037, 23.3496393], [77.2551504, 23.3494933], [77.2554053, 23.3493426], [77.2574766, 23.3481176], [77.2583938, 23.3475751], [77.2599258, 23.3466514], [77.2608688, 23.3460829], [77.2633716, 23.3445867], [77.2635287, 23.3444928]]}, "properties": {"kind": "road", "name": "", "osm_id": 954516253, "osm_type": "way", "highway": "trunk"}}, {"type": "Feature", "geometry": {"type": "LineString", "coordinates": [[77.2727261, 23.3382583], [77.273362, 23.3378528], [77.2739652, 23.3374629], [77.2744835, 23.337113], [77.2748472, 23.3368651], [77.275409, 23.3365032], [77.2757901, 23.3362393], [77.2763062, 23.3358874], [77.2771685, 23.3352855]]}, "properties": {"kind": "road", "name": "", "osm_id": 954516254, "osm_type": "way", "highway": "trunk"}}, {"type": "Feature", "geometry": {"type": "LineString", "coordinates": [[77.2726736, 23.3381748], [77.2717523, 23.3387483], [77.2713453, 23.3390087], [77.2709403, 23.3392807], [77.2696948, 23.3401305], [77.2675837, 23.341571], [77.2671112, 23.3418969], [77.2670119, 23.3419611], [77.2667149, 23.3421637], [77.2654509, 23.3429699], [77.2645799, 23.3435089], [77.2639165, 23.3439194], [77.2634343, 23.3442561]]}, "properties": {"kind": "road", "name": "", "osm_id": 954516255, "osm_type": "way", "highway": "trunk"}}, {"type": "Feature", "geometry": {"type": "LineString", "coordinates": [[77.2771067, 23.3352242], [77.2762058, 23.3358358], [77.2759324, 23.3360195], [77.275827, 23.3360904], [77.2751353, 23.3365553], [77.2746249, 23.3368984], [77.2731008, 23.3379017], [77.2726736, 23.3381748]]}, "properties": {"kind": "road", "name": "", "osm_id": 954516256, "osm_type": "way", "highway": "trunk"}}, {"type": "Feature", "geometry": {"type": "LineString", "coordinates": [[77.3423589, 23.2976699], [77.3421463, 23.2978553], [77.3419503, 23.2980361], [77.3418339, 23.2981406], [77.3416297, 23.2983273], [77.3413089, 23.2986054], [77.3405787, 23.2992562], [77.3395819, 23.300108], [77.3392461, 23.3004125], [77.3385982, 23.3009518], [77.3380933, 23.3013916], [77.3373154, 23.3020762], [77.3366307, 23.3026752], [77.3364638, 23.3028145], [77.3349167, 23.3041419], [77.3340673, 23.3048504], [77.3330619, 23.3057061], [77.3325483, 23.3061499]]}, "properties": {"kind": "road", "name": "", "osm_id": 954591608, "osm_type": "way", "highway": "primary"}}, {"type": "Feature", "geometry": {"type": "LineString", "coordinates": [[77.3509566, 23.2959785], [77.350925, 23.2959696], [77.35041, 23.2958283], [77.3485834, 23.2953336], [77.3480932, 23.2952058], [77.3476238, 23.2950801], [77.3473347, 23.2950167], [77.3471428, 23.2949881], [77.3469509, 23.2949725], [77.3467369, 23.2949623], [77.3464364, 23.2949736], [77.3461713, 23.2950054], [77.3458701, 23.2950611], [77.3457195, 23.295095], [77.3455151, 23.2951571], [77.345313, 23.2952348], [77.3449526, 23.295404], [77.34488, 23.2954398], [77.3447557, 23.2955175], [77.3446891, 23.29556], [77.3446187, 23.2956049], [77.3443949, 23.2957649], [77.3441905, 23.2959333], [77.3436112, 23.2964323], [77.3434432, 23.296581], [77.3431482, 23.2968446], [77.3429331, 23.2970371], [77.3422985, 23.2976161], [77.3422314, 23.2976723], [77.3420813, 23.2977997], [77.34165, 23.2981656], [77.3414286, 23.298358], [77.3412313, 23.2985295], [77.3409798, 23.2987481], [77.3408514, 23.2988539], [77.3407002, 23.2989783], [77.3405376, 23.2991123], [77.3400441, 23.2995187], [77.3392906, 23.3001632], [77.3391832, 23.3002561], [77.3385529, 23.3008015], [77.338312, 23.301018], [77.3378129, 23.3014667], [77.3371201, 23.3020637], [77.3366118, 23.3025016], [77.3363486, 23.3027375], [77.3361756, 23.3028925], [77.3359051, 23.3031348], [77.335677, 23.3033392], [77.3355906, 23.303413], [77.3352907, 23.3036692], [77.3352751, 23.3036833], [77.3352211, 23.3037283], [77.3350773, 23.3038511], [77.3350119, 23.3039048], [77.3340058, 23.3047307], [77.3329009, 23.3057235], [77.3327403, 23.3058554], [77.3308179, 23.3074344], [77.3297342, 23.3082893], [77.3286551, 23.3091336], [77.3282945, 23.3094423], [77.3277719, 23.3098391], [77.3264373, 23.310777], [77.325277, 23.3115873], [77.3224017, 23.3136378]]}, "properties": {"kind": "road", "name": "", "osm_id": 954591610, "osm_type": "way", "highway": "primary"}}, {"type": "Feature", "geometry": {"type": "LineString", "coordinates": [[77.3225657, 23.313856], [77.3227311, 23.3137403], [77.3231561, 23.313443], [77.3237278, 23.3130289], [77.3258164, 23.3115692], [77.326153, 23.311341], [77.3267105, 23.3109447], [77.3277733, 23.3101708], [77.3279601, 23.3100348], [77.3283916, 23.3097115], [77.3286305, 23.3095142], [77.3287679, 23.3094008], [77.3300123, 23.3084323], [77.3312101, 23.3074812], [77.3315681, 23.3071911], [77.3318971, 23.3069185], [77.3331583, 23.30589], [77.3336248, 23.305522], [77.334251, 23.3049869], [77.3344634, 23.3047813], [77.3352458, 23.304115], [77.3353148, 23.3040562], [77.3354317, 23.3039579], [77.3355132, 23.3038855], [77.3359985, 23.3034708], [77.3362779, 23.3032269], [77.336959, 23.3026322], [77.3370669, 23.3025394], [77.3381695, 23.3015911], [77.3383593, 23.3014259], [77.3390967, 23.3007842], [77.3393506, 23.3005602], [77.3400117, 23.2999773], [77.3409367, 23.2992001], [77.341063, 23.2990839], [77.3412186, 23.2989584], [77.3421465, 23.2981623], [77.3424199, 23.2978876], [77.3424609, 23.2978465], [77.3426593, 23.2976662], [77.3436147, 23.2968667], [77.3443189, 23.2962338], [77.3445622, 23.2960197], [77.3446196, 23.2959728], [77.3448331, 23.2957983], [77.3449051, 23.2957522], [77.3453156, 23.2955484], [77.3456861, 23.2953938], [77.3457975, 23.2953581], [77.3459064, 23.2953294], [77.3461416, 23.2952938], [77.3463494, 23.2952639], [77.346704, 23.2952462], [77.3467649, 23.2952432], [77.3469438, 23.2952455], [77.3470314, 23.2952577], [77.3471591, 23.2952754], [77.3473355, 23.2953041], [77.3475795, 23.2953604], [77.3480989, 23.2955041], [77.3487224, 23.2956732], [77.3494179, 23.2958547], [77.3508529, 23.2962271], [77.3510182, 23.2962715]]}, "properties": {"kind": "road", "name": "", "osm_id": 954593994, "osm_type": "way", "highway": "primary"}}, {"type": "Feature", "geometry": {"type": "LineString", "coordinates": [[77.2933658, 23.3283525], [77.2919587, 23.3288207], [77.2918103, 23.3288718], [77.2917083, 23.3289088], [77.2913976, 23.3290215], [77.2909818, 23.3291723], [77.2899641, 23.3295322], [77.2882064, 23.3301383], [77.2880495, 23.3301924], [77.2853192, 23.3311341], [77.284892, 23.3312814], [77.2847522, 23.3313228], [77.2836415, 23.331652], [77.2816479, 23.3322844], [77.2811656, 23.3325178], [77.2803801, 23.3330196], [77.2793416, 23.3337032], [77.2792432, 23.3337738], [77.2771067, 23.3352242]]}, "properties": {"kind": "road", "name": "", "osm_id": 954609317, "osm_type": "way", "highway": "trunk"}}, {"type": "Feature", "geometry": {"type": "LineString", "coordinates": [[77.2981711, 23.3265318], [77.2980012, 23.3265983]]}, "properties": {"kind": "road", "name": "", "osm_id": 954609318, "osm_type": "way", "highway": "trunk"}}, {"type": "Feature", "geometry": {"type": "LineString", "coordinates": [[77.2920676, 23.3290466], [77.2919587, 23.3288207]]}, "properties": {"kind": "road", "name": "", "osm_id": 954814148, "osm_type": "way", "highway": "trunk_link"}}, {"type": "Feature", "geometry": {"type": "LineString", "coordinates": [[77.506395, 23.3746692], [77.5065404, 23.3748159]]}, "properties": {"kind": "road", "name": "Bhopal Sanchi Road", "osm_id": 954854399, "osm_type": "way", "highway": "primary"}}, {"type": "Feature", "geometry": {"type": "LineString", "coordinates": [[77.5065404, 23.3748159], [77.5067332, 23.3750041], [77.5068777, 23.3751367], [77.5071245, 23.3752845], [77.5074422, 23.3754524], [77.5074785, 23.3754716], [77.5081437, 23.3756489], [77.5090235, 23.3758852], [77.5097501, 23.3760984], [77.5103324, 23.3762693], [77.5128537, 23.3770079], [77.5150746, 23.3776874], [77.5191687, 23.3789312]]}, "properties": {"kind": "road", "name": "Bhopal Sanchi Road", "osm_id": 954854400, "osm_type": "way", "highway": "primary"}}, {"type": "Feature", "geometry": {"type": "LineString", "coordinates": [[77.5191687, 23.3789312], [77.5193194, 23.3789848]]}, "properties": {"kind": "road", "name": "Bhopal Sanchi Road", "osm_id": 954854401, "osm_type": "way", "highway": "primary"}}, {"type": "Feature", "geometry": {"type": "LineString", "coordinates": [[77.5193194, 23.3789848], [77.5219088, 23.3797555], [77.524591, 23.3806123], [77.5251679, 23.3808135], [77.5257667, 23.3809723], [77.5264425, 23.3811429], [77.5266188, 23.3812037], [77.5267904, 23.3812906], [77.526921, 23.3813776], [77.5270563, 23.3814776], [77.5272877, 23.3817555], [77.5275987, 23.3822007], [77.5276661, 23.3822692], [77.5277431, 23.3823203], [77.5278639, 23.382362], [77.5283057, 23.3824346], [77.5287727, 23.3825007], [77.5292215, 23.3825545], [77.5295434, 23.3825711], [77.5298536, 23.3825661], [77.5301546, 23.3825278], [77.5304932, 23.3824243], [77.5308052, 23.3823216], [77.5309953, 23.3822862], [77.5310885, 23.3822843], [77.5311893, 23.3822963], [77.5313985, 23.3823538], [77.5314879, 23.3823944], [77.5315759, 23.3824558], [77.5316828, 23.3825459], [77.5317868, 23.3826439], [77.5318813, 23.3827612], [77.5319344, 23.3828441], [77.5319615, 23.3828864], [77.532116, 23.3832051], [77.5322499, 23.3834298], [77.5322912, 23.3834992], [77.5325099, 23.383775], [77.532856, 23.3841644], [77.5329999, 23.3843226], [77.5332913, 23.3846431], [77.5335083, 23.3848903], [77.5337791, 23.3851966], [77.5341914, 23.3856631], [77.5349201, 23.3864415], [77.5354478, 23.3869919], [77.5359204, 23.3874847], [77.5363928, 23.3879684], [77.5364305, 23.3880158], [77.536663, 23.3883084], [77.5366824, 23.3883328], [77.5369292, 23.3887168], [77.5369587, 23.3887722], [77.5371652, 23.38916], [77.5374586, 23.3898441], [77.5375622, 23.3900856], [77.5382167, 23.3915922], [77.5387772, 23.3929055], [77.5388131, 23.3929895], [77.539032, 23.3935025], [77.5394161, 23.3943809], [77.5395338, 23.3946501], [77.539665, 23.39495], [77.5398245, 23.3953004], [77.5399241, 23.3955193], [77.5403732, 23.3965058], [77.5407808, 23.3974117], [77.5412513, 23.3984299], [77.5413491, 23.3986415], [77.5416499, 23.3992924], [77.5420576, 23.4001983], [77.5422278, 23.4005589], [77.5426477, 23.4014488], [77.5429228, 23.4020657], [77.5434299, 23.4032028], [77.543861, 23.4041153], [77.543978, 23.404314], [77.5444287, 23.4052395], [77.5447182, 23.4058464], [77.5450412, 23.4065237], [77.5456732, 23.4078487], [77.5459019, 23.4083201], [77.5464135, 23.4093748], [77.5471554, 23.410868], [77.5473576, 23.411275], [77.5478469, 23.412056], [77.5483232, 23.4127519], [77.54917, 23.4138756], [77.549718, 23.4146028], [77.5507265, 23.4160205], [77.5511277, 23.4163887], [77.5511573, 23.4164188], [77.5513702, 23.4166112], [77.5522071, 23.4171429], [77.5564986, 23.4194663], [77.5569268, 23.4196976], [77.5585776, 23.4205959], [77.5591309, 23.4208969]]}, "properties": {"kind": "road", "name": "Bhopal Sanchi Road", "osm_id": 954854402, "osm_type": "way", "highway": "primary"}}, {"type": "Feature", "geometry": {"type": "LineString", "coordinates": [[77.3555967, 23.2857741], [77.3560125, 23.2853691], [77.3564301, 23.2849875], [77.356916, 23.2845433], [77.3575566, 23.2839605], [77.3585178, 23.2830746], [77.3587451, 23.2828658], [77.3591371, 23.2824773], [77.3596715, 23.2819716], [77.3598602, 23.2817913]]}, "properties": {"kind": "road", "name": "Airport Road Flyover", "osm_id": 954859753, "osm_type": "way", "highway": "primary"}}, {"type": "Feature", "geometry": {"type": "LineString", "coordinates": [[77.3693838, 23.275184], [77.369487, 23.275082], [77.3697592, 23.2747923], [77.3699403, 23.2745814], [77.37004, 23.2744352], [77.3700912, 23.2743305], [77.3701209, 23.2742188]]}, "properties": {"kind": "road", "name": "Airport Road Flyover", "osm_id": 954859754, "osm_type": "way", "highway": "primary"}}, {"type": "Feature", "geometry": {"type": "LineString", "coordinates": [[77.3625949, 23.2793056], [77.3635136, 23.2786502], [77.3644667, 23.2780236], [77.3646017, 23.2779434], [77.3647437, 23.2778618], [77.364927, 23.2777654], [77.3652601, 23.2775989], [77.3665311, 23.2769692], [77.3670722, 23.2766618], [77.3685754, 23.2757619], [77.3687169, 23.2756747], [77.3689277, 23.2755405], [77.3690667, 23.2754472], [77.3693838, 23.275184]]}, "properties": {"kind": "road", "name": "Airport Road Flyover", "osm_id": 954859755, "osm_type": "way", "highway": "primary"}}, {"type": "Feature", "geometry": {"type": "LineString", "coordinates": [[77.2317048, 23.237737], [77.2317812, 23.2377696], [77.232903, 23.238248], [77.2340055, 23.2386754], [77.2341787, 23.2387425], [77.2360763, 23.239478], [77.237127, 23.239877], [77.2378879, 23.2400859], [77.2384088, 23.2402143], [77.2384858, 23.2402333], [77.2386038, 23.2402678], [77.2387191, 23.2403121], [77.2390386, 23.2404427], [77.2390783, 23.2404589], [77.239672, 23.2407015], [77.2405645, 23.2410663], [77.2409629, 23.2412219], [77.2415966, 23.2414694], [77.2416542, 23.2414919], [77.2425967, 23.2419088], [77.2429966, 23.2420857], [77.2431619, 23.2421588], [77.2432475, 23.2421967], [77.2441728, 23.242559], [77.2456534, 23.2430864], [77.246161, 23.2432583], [77.2470508, 23.2435596], [77.2489677, 23.2442026], [77.2496719, 23.2444388], [77.2502615, 23.2446366], [77.252536, 23.2454104], [77.2535447, 23.2457534], [77.2538771, 23.2458664], [77.2556643, 23.2464765], [77.2561974, 23.2466585]]}, "properties": {"kind": "road", "name": "Dewas - Bhopal Corridor", "osm_id": 954886144, "osm_type": "way", "highway": "trunk"}}, {"type": "Feature", "geometry": {"type": "LineString", "coordinates": [[77.3258049, 23.2692477], [77.325815, 23.2691534]]}, "properties": {"kind": "road", "name": "", "osm_id": 955216334, "osm_type": "way", "highway": "primary_link"}}, {"type": "Feature", "geometry": {"type": "LineString", "coordinates": [[77.2799713, 23.2548952], [77.2801266, 23.2549469]]}, "properties": {"kind": "road", "name": "", "osm_id": 955227238, "osm_type": "way", "highway": "primary"}}, {"type": "Feature", "geometry": {"type": "LineString", "coordinates": [[77.2746776, 23.2530469], [77.2749804, 23.2531493], [77.2750058, 23.2531583], [77.2756429, 23.2533637], [77.276075, 23.2535216], [77.2767981, 23.2537744], [77.2776574, 23.2541033], [77.2784997, 23.2543968], [77.2790141, 23.2545761], [77.2799279, 23.2548807], [77.2799713, 23.2548952]]}, "properties": {"kind": "road", "name": "", "osm_id": 955227239, "osm_type": "way", "highway": "primary"}}, {"type": "Feature", "geometry": {"type": "LineString", "coordinates": [[77.2801999, 23.2548326], [77.2799985, 23.2547663]]}, "properties": {"kind": "road", "name": "", "osm_id": 955227240, "osm_type": "way", "highway": "primary"}}, {"type": "Feature", "geometry": {"type": "LineString", "coordinates": [[77.2799985, 23.2547663], [77.2787783, 23.2543644], [77.2780268, 23.2540893], [77.2778563, 23.2540456], [77.2777061, 23.2539967], [77.2776639, 23.253983], [77.2775637, 23.2539543], [77.2766643, 23.253664], [77.2764092, 23.2535527], [77.2762981, 23.2535001], [77.2758546, 23.2532848], [77.2756273, 23.2531822], [77.2747885, 23.2528308]]}, "properties": {"kind": "road", "name": "", "osm_id": 955227241, "osm_type": "way", "highway": "primary"}}, {"type": "Feature", "geometry": {"type": "LineString", "coordinates": [[77.5135631, 23.2046081], [77.513816, 23.2054708], [77.5139897, 23.2065029]]}, "properties": {"kind": "road", "name": "Bhopal Bypass Road", "osm_id": 955304354, "osm_type": "way", "highway": "trunk"}}, {"type": "Feature", "geometry": {"type": "LineString", "coordinates": [[77.5135341, 23.2044664], [77.5135631, 23.2046081]]}, "properties": {"kind": "road", "name": "Bhopal Bypass Road", "osm_id": 955304355, "osm_type": "way", "highway": "trunk"}}, {"type": "Feature", "geometry": {"type": "LineString", "coordinates": [[77.5136783, 23.2044322], [77.5130411, 23.2017345], [77.5125845, 23.1998367], [77.5120648, 23.1974381], [77.5116136, 23.1950608], [77.5116055, 23.1950184], [77.5114795, 23.194373], [77.5113811, 23.1938969], [77.5113493, 23.1934257], [77.5113361, 23.1927793], [77.5113378, 23.1926471], [77.5113347, 23.191095], [77.5113343, 23.1908759], [77.5113384, 23.1907481], [77.5113372, 23.1898763], [77.5113349, 23.1880955]]}, "properties": {"kind": "road", "name": "", "osm_id": 955304356, "osm_type": "way", "highway": "trunk"}}, {"type": "Feature", "geometry": {"type": "LineString", "coordinates": [[77.5137117, 23.2045767], [77.5136783, 23.2044322]]}, "properties": {"kind": "road", "name": "", "osm_id": 955304357, "osm_type": "way", "highway": "trunk"}}, {"type": "Feature", "geometry": {"type": "LineString", "coordinates": [[77.5140857, 23.2064906], [77.5139315, 23.2054564], [77.5137117, 23.2045767]]}, "properties": {"kind": "road", "name": "", "osm_id": 955304358, "osm_type": "way", "highway": "trunk"}}, {"type": "Feature", "geometry": {"type": "LineString", "coordinates": [[77.5140983, 23.2066393], [77.5140857, 23.2064906]]}, "properties": {"kind": "road", "name": "", "osm_id": 955304359, "osm_type": "way", "highway": "trunk"}}, {"type": "Feature", "geometry": {"type": "LineString", "coordinates": [[77.5139897, 23.2065029], [77.5140113, 23.206653]]}, "properties": {"kind": "road", "name": "Bhopal Bypass Road", "osm_id": 955304360, "osm_type": "way", "highway": "trunk"}}, {"type": "Feature", "geometry": {"type": "LineString", "coordinates": [[77.5140113, 23.206653], [77.5140884, 23.2071279], [77.5151357, 23.2150418], [77.51513, 23.2153278], [77.5150708, 23.2155839], [77.5149506, 23.2158663], [77.514793, 23.2160698], [77.5147692, 23.2161005], [77.5143779, 23.2164355], [77.5126925, 23.2174495], [77.5122773, 23.2176993], [77.512054, 23.21788], [77.5118383, 23.2181633], [77.5117237, 23.2184299], [77.5116627, 23.2186799], [77.5116474, 23.2191483], [77.5116718, 23.2218492], [77.5116804, 23.2223362], [77.5116237, 23.2238267], [77.511574, 23.2251354], [77.5115117, 23.2267746], [77.5115055, 23.2269366], [77.5115558, 23.2282335], [77.5116704, 23.2311909], [77.5116696, 23.2312926], [77.5116534, 23.2328032], [77.5115774, 23.2339325], [77.5115229, 23.2347416], [77.5115001, 23.2356085], [77.5114967, 23.2357371], [77.5114716, 23.236689], [77.5114677, 23.2371549], [77.5114766, 23.237371], [77.511476, 23.2374658], [77.5114796, 23.2389149], [77.5114884, 23.2391853], [77.5115055, 23.2397221], [77.5115134, 23.2399598], [77.5115359, 23.2406534], [77.5115191, 23.2418026], [77.5114699, 23.2423924], [77.5114116, 23.2430922], [77.5113948, 23.2434779], [77.5113807, 23.2438032], [77.5110946, 23.2470404]]}, "properties": {"kind": "road", "name": "Bhopal Bypass Road", "osm_id": 955304361, "osm_type": "way", "highway": "trunk"}}, {"type": "Feature", "geometry": {"type": "LineString", "coordinates": [[77.2671112, 23.3418969], [77.2672544, 23.3420821]]}, "properties": {"kind": "road", "name": "", "osm_id": 955774111, "osm_type": "way", "highway": "trunk_link"}}, {"type": "Feature", "geometry": {"type": "LineString", "coordinates": [[77.2633777, 23.3442935], [77.2622083, 23.3449843], [77.2608203, 23.3458074], [77.2606076, 23.3459448], [77.2598334, 23.3464448], [77.2592279, 23.3467764], [77.2576651, 23.347722], [77.2565929, 23.3483759], [77.2560814, 23.3486878], [77.2552485, 23.3491713], [77.2551453, 23.3492291], [77.2546409, 23.3495115]]}, "properties": {"kind": "road", "name": "", "osm_id": 955824203, "osm_type": "way", "highway": "trunk"}}, {"type": "Feature", "geometry": {"type": "LineString", "coordinates": [[77.2634343, 23.3442561], [77.2633777, 23.3442935]]}, "properties": {"kind": "road", "name": "", "osm_id": 955824204, "osm_type": "way", "highway": "trunk"}}, {"type": "Feature", "geometry": {"type": "LineString", "coordinates": [[77.2635759, 23.3444641], [77.2640191, 23.3441946], [77.2651258, 23.3434985], [77.2660801, 23.3428784], [77.266799, 23.3424063], [77.2670561, 23.3422383], [77.2672012, 23.342124], [77.2672544, 23.3420821], [77.2674003, 23.3419743], [77.2674962, 23.3418903], [77.2678447, 23.3415622], [77.2680365, 23.3413902], [77.2685027, 23.3410541], [77.2692609, 23.34053], [77.2700713, 23.3399939], [77.2711831, 23.3392673], [77.2714088, 23.3391198], [77.2716678, 23.3389505], [77.2719425, 23.3387637], [77.2726282, 23.3383207], [77.2727261, 23.3382583]]}, "properties": {"kind": "road", "name": "", "osm_id": 955824205, "osm_type": "way", "highway": "trunk"}}, {"type": "Feature", "geometry": {"type": "LineString", "coordinates": [[77.2635287, 23.3444928], [77.2635759, 23.3444641]]}, "properties": {"kind": "road", "name": "", "osm_id": 955824206, "osm_type": "way", "highway": "trunk"}}, {"type": "Feature", "geometry": {"type": "LineString", "coordinates": [[77.5164857, 23.2732597], [77.5164128, 23.2733703], [77.5163797, 23.2734108], [77.516342, 23.2734589], [77.5162429, 23.2735669]]}, "properties": {"kind": "road", "name": "", "osm_id": 956459581, "osm_type": "way", "highway": "trunk_link"}}, {"type": "Feature", "geometry": {"type": "LineString", "coordinates": [[77.3780859, 23.2094571], [77.3779824, 23.2094269]]}, "properties": {"kind": "road", "name": "", "osm_id": 956460459, "osm_type": "way", "highway": "primary_link"}}, {"type": "Feature", "geometry": {"type": "LineString", "coordinates": [[77.3094441, 23.2655573], [77.3095976, 23.2656101]]}, "properties": {"kind": "road", "name": "", "osm_id": 956521383, "osm_type": "way", "highway": "primary"}}, {"type": "Feature", "geometry": {"type": "LineString", "coordinates": [[77.3095976, 23.2656101], [77.3096628, 23.2656343], [77.3097616, 23.2656702], [77.3101018, 23.2657939], [77.310387, 23.2658951], [77.3106799, 23.2660055], [77.311846, 23.2664014], [77.312065, 23.2664805], [77.3124617, 23.2666091], [77.3145802, 23.2673687], [77.3149007, 23.2674797], [77.3151164, 23.2675443], [77.31533, 23.2676117], [77.3160297, 23.2677592], [77.3166435, 23.267864], [77.3171917, 23.2679378], [77.317735, 23.2680202], [77.3188771, 23.268179], [77.3216658, 23.2686052], [77.3223182, 23.2687201], [77.3226694, 23.2687825], [77.3230583, 23.2688372], [77.3235457, 23.2689169], [77.3244953, 23.2690431], [77.3258049, 23.2692477], [77.3263614, 23.2693347], [77.3264535, 23.2693498], [77.3276243, 23.2695421], [77.328382, 23.2696666], [77.3285984, 23.2697021], [77.3297486, 23.2698703], [77.3305175, 23.2699929], [77.3311289, 23.2700992], [77.3315523, 23.2701701], [77.3333319, 23.2704449], [77.3334542, 23.2704659], [77.3338812, 23.2705363], [77.3343848, 23.2706292], [77.3350428, 23.2707483], [77.3356915, 23.2708738], [77.3360614, 23.2709348], [77.3363889, 23.2709961], [77.3364931, 23.2710158], [77.3369095, 23.2711183], [77.3372131, 23.2711764], [77.3378935, 23.2713287], [77.3382307, 23.2714033], [77.3386636, 23.2715022], [77.3391802, 23.2716093], [77.3411528, 23.2720535], [77.3418642, 23.2722113], [77.3422757, 23.2723091], [77.3430667, 23.2725214], [77.343749, 23.2726744], [77.3445119, 23.2728453], [77.3445976, 23.2728664], [77.3459202, 23.2731417], [77.3460935, 23.2731748], [77.3471278, 23.273403], [77.3474355, 23.2734663], [77.3480771, 23.273551], [77.3493124, 23.2736607], [77.34958, 23.2736673], [77.3528699, 23.2738121], [77.353505, 23.2738501], [77.3541402, 23.273867], [77.3549929, 23.2738656], [77.356029, 23.2738797], [77.3568819, 23.2739015], [77.3571316, 23.2739051], [77.3573255, 23.2739019], [77.3575581, 23.2738951], [77.3581781, 23.273862], [77.3585735, 23.2738289], [77.3587821, 23.2738086], [77.3591433, 23.2737795], [77.3593747, 23.2737659], [77.3607684, 23.2736378], [77.3618937, 23.2735456], [77.362839, 23.2734713], [77.3630185, 23.2734668], [77.3634791, 23.2734446], [77.364505, 23.2734283], [77.3656032, 23.2733715], [77.3657654, 23.2733553], [77.3658474, 23.273352], [77.3658735, 23.273351], [77.36594, 23.2733483], [77.3662421, 23.2733262], [77.3668709, 23.2732642], [77.3674399, 23.2731986], [77.3677375, 23.2731755], [77.3683078, 23.2731302], [77.3689216, 23.273106], [77.3691028, 23.2730989], [77.3693295, 23.2730969], [77.3697422, 23.2730753]]}, "properties": {"kind": "road", "name": "", "osm_id": 956521384, "osm_type": "way", "highway": "primary"}}, {"type": "Feature", "geometry": {"type": "LineString", "coordinates": [[77.5168742, 23.2734664], [77.5167564, 23.2733944], [77.5166948, 23.2733568], [77.5166398, 23.273315]]}, "properties": {"kind": "road", "name": "", "osm_id": 956533213, "osm_type": "way", "highway": "trunk_link"}}, {"type": "Feature", "geometry": {"type": "LineString", "coordinates": [[77.3094927, 23.2654549], [77.3091227, 23.265326], [77.3061488, 23.2642199], [77.3048212, 23.2637393], [77.3046398, 23.2636737], [77.3033292, 23.2631933], [77.3032724, 23.2631729], [77.3013569, 23.2624849], [77.3008726, 23.2623181], [77.3005891, 23.2622204], [77.299775, 23.2619103], [77.2997176, 23.2618858], [77.2992739, 23.2616965]]}, "properties": {"kind": "road", "name": "", "osm_id": 956579366, "osm_type": "way", "highway": "primary"}}, {"type": "Feature", "geometry": {"type": "LineString", "coordinates": [[77.3096472, 23.265508], [77.3094927, 23.2654549]]}, "properties": {"kind": "road", "name": "", "osm_id": 956579367, "osm_type": "way", "highway": "primary"}}, {"type": "Feature", "geometry": {"type": "LineString", "coordinates": [[77.487852, 23.1438827], [77.487863, 23.1440136], [77.4878607, 23.1440398], [77.4878545, 23.1440623], [77.4878117, 23.1441428]]}, "properties": {"kind": "road", "name": "", "osm_id": 957024496, "osm_type": "way", "highway": "trunk_link"}}, {"type": "Feature", "geometry": {"type": "LineString", "coordinates": [[77.4792587, 23.2507989], [77.4793606, 23.2509313], [77.479377, 23.2509581], [77.479414, 23.2510317], [77.4794494, 23.2511251], [77.479455, 23.2511596], [77.4794968, 23.2513153]]}, "properties": {"kind": "road", "name": "", "osm_id": 957049198, "osm_type": "way", "highway": "primary_link"}}, {"type": "Feature", "geometry": {"type": "LineString", "coordinates": [[77.47958, 23.2513473], [77.4797481, 23.2512398], [77.4798233, 23.2512024], [77.4799029, 23.2511775], [77.4800817, 23.251161]]}, "properties": {"kind": "road", "name": "", "osm_id": 957049199, "osm_type": "way", "highway": "primary_link"}}, {"type": "Feature", "geometry": {"type": "LineString", "coordinates": [[77.3595694, 23.3005066], [77.3596246, 23.3004252]]}, "properties": {"kind": "road", "name": "", "osm_id": 957068521, "osm_type": "way", "highway": "primary_link"}}, {"type": "Feature", "geometry": {"type": "LineString", "coordinates": [[77.5013184, 23.3102199], [77.5029796, 23.3085612], [77.5031384, 23.3084026], [77.5044469, 23.3070961], [77.5052911, 23.3061861], [77.5059638, 23.3054743], [77.5064918, 23.3049057], [77.5069819, 23.3042917], [77.507596, 23.3034698], [77.5087134, 23.3018711], [77.5093485, 23.3009445], [77.5097535, 23.3003201], [77.5104216, 23.2991591], [77.5106357, 23.2987871], [77.5113374, 23.2975638], [77.5118641, 23.2967823]]}, "properties": {"kind": "road", "name": "Bhopal Bypass", "osm_id": 957081630, "osm_type": "way", "highway": "trunk"}}, {"type": "Feature", "geometry": {"type": "LineString", "coordinates": [[77.5117728, 23.2967003], [77.5115091, 23.297091], [77.5112436, 23.2974845], [77.5105563, 23.2986653], [77.5095269, 23.3004321], [77.5091835, 23.3009318], [77.508603, 23.301808], [77.5079327, 23.3027369], [77.5074791, 23.3034053], [77.5068758, 23.304214], [77.5064119, 23.3048036], [77.5059264, 23.3053268], [77.5051346, 23.3061183], [77.5043802, 23.3070044], [77.501184, 23.3102083]]}, "properties": {"kind": "road", "name": "Bhopal Bypass", "osm_id": 957082051, "osm_type": "way", "highway": "trunk"}}, {"type": "Feature", "geometry": {"type": "LineString", "coordinates": [[77.512017, 23.2963497], [77.5117728, 23.2967003]]}, "properties": {"kind": "road", "name": "Bhopal Bypass", "osm_id": 957082052, "osm_type": "way", "highway": "trunk"}}, {"type": "Feature", "geometry": {"type": "LineString", "coordinates": [[77.5118641, 23.2967823], [77.5120707, 23.2965061]]}, "properties": {"kind": "road", "name": "Bhopal Bypass", "osm_id": 957082053, "osm_type": "way", "highway": "trunk"}}, {"type": "Feature", "geometry": {"type": "LineString", "coordinates": [[77.4807608, 23.3310646], [77.4808789, 23.3309262]]}, "properties": {"kind": "road", "name": "Bhopal Bypass", "osm_id": 957103603, "osm_type": "way", "highway": "trunk"}}, {"type": "Feature", "geometry": {"type": "LineString", "coordinates": [[77.4808789, 23.3309262], [77.4811375, 23.3306233], [77.4838702, 23.3278166], [77.483937, 23.3277492], [77.4841471, 23.327537], [77.4853462, 23.3263327], [77.4874588, 23.3241931], [77.4912813, 23.3203165], [77.4913578, 23.3202389], [77.49138, 23.3202164], [77.4925321, 23.3190782], [77.4925668, 23.319044], [77.4925802, 23.3190307], [77.494267, 23.3173001], [77.4952259, 23.3163373], [77.4956053, 23.3159564], [77.5012611, 23.3102774], [77.5013184, 23.3102199]]}, "properties": {"kind": "road", "name": "Bhopal Bypass", "osm_id": 957103604, "osm_type": "way", "highway": "trunk"}}, {"type": "Feature", "geometry": {"type": "LineString", "coordinates": [[77.4806444, 23.3309983], [77.4802859, 23.3314164], [77.4793862, 23.3327219], [77.4788009, 23.3334355], [77.4783718, 23.33385]]}, "properties": {"kind": "road", "name": "Bhopal Bypass", "osm_id": 957103605, "osm_type": "way", "highway": "trunk"}}, {"type": "Feature", "geometry": {"type": "LineString", "coordinates": [[77.4807599, 23.3308637], [77.4806444, 23.3309983]]}, "properties": {"kind": "road", "name": "Bhopal Bypass", "osm_id": 957103606, "osm_type": "way", "highway": "trunk"}}, {"type": "Feature", "geometry": {"type": "LineString", "coordinates": [[77.3903041, 23.2617163], [77.3894805, 23.2617252], [77.3887157, 23.2617445], [77.3881805, 23.2617948], [77.3876666, 23.2618554], [77.3870575, 23.2619845], [77.3861536, 23.2622026], [77.3857708, 23.2623227]]}, "properties": {"kind": "road", "name": "Main road Flyover", "osm_id": 957131409, "osm_type": "way", "highway": "primary"}}, {"type": "Feature", "geometry": {"type": "LineString", "coordinates": [[77.3853089, 23.2624651], [77.3851416, 23.2625172], [77.3848186, 23.2626244], [77.3846847, 23.2626723], [77.3844115, 23.2627943], [77.3839852, 23.2630066], [77.3832538, 23.2633948], [77.3824757, 23.2638694]]}, "properties": {"kind": "road", "name": "Main road", "osm_id": 957131410, "osm_type": "way", "highway": "primary"}}, {"type": "Feature", "geometry": {"type": "LineString", "coordinates": [[77.465282, 23.3276964], [77.4656918, 23.3280918]]}, "properties": {"kind": "road", "name": "Bhopal Sanchi Road", "osm_id": 957142408, "osm_type": "way", "highway": "primary"}}, {"type": "Feature", "geometry": {"type": "LineString", "coordinates": [[77.4656918, 23.3280918], [77.4657914, 23.3281887], [77.4659403, 23.3283286], [77.4666798, 23.3290237], [77.4671636, 23.3294785], [77.4675406, 23.3298921], [77.467655, 23.3300146], [77.4676686, 23.3300292], [77.4677282, 23.3300929], [77.4683612, 23.3308416], [77.4689612, 23.3315806], [77.4693207, 23.3320234], [77.4697496, 23.3325517], [77.470206, 23.3331138], [77.4715136, 23.3347591], [77.4718373, 23.3351664], [77.4720562, 23.3354409], [77.4727831, 23.3363528], [77.473043, 23.3366788], [77.4738317, 23.3376681]]}, "properties": {"kind": "road", "name": "Bhopal Sanchi Road", "osm_id": 957142409, "osm_type": "way", "highway": "primary"}}, {"type": "Feature", "geometry": {"type": "LineString", "coordinates": [[77.5116804, 23.2223362], [77.511793, 23.22234]]}, "properties": {"kind": "road", "name": "", "osm_id": 957146002, "osm_type": "way", "highway": "trunk_link"}}, {"type": "Feature", "geometry": {"type": "LineString", "coordinates": [[77.3707272, 23.2728942], [77.3711045, 23.2728242], [77.3716716, 23.2727346], [77.3722898, 23.2726445], [77.3742251, 23.2725702], [77.3745982, 23.2725357], [77.3747375, 23.2724956], [77.3748749, 23.2724316], [77.3749739, 23.2723564], [77.3750232, 23.2723098], [77.3751127, 23.2722178], [77.3751837, 23.2721302], [77.3753312, 23.271926], [77.3754972, 23.2717075], [77.3762055, 23.2708138], [77.3764984, 23.270433], [77.3768744, 23.2698101], [77.377267, 23.2692584], [77.377366, 23.269126], [77.37774, 23.2686077], [77.3779626, 23.2683235], [77.3782565, 23.2679749], [77.3789699, 23.2671913], [77.3797591, 23.2662977], [77.3803363, 23.265655], [77.3806386, 23.2653577], [77.3808761, 23.2651074], [77.3809377, 23.265054], [77.3810954, 23.2649069], [77.3813334, 23.2647209], [77.3817006, 23.2644945], [77.3822854, 23.2641559], [77.3827896, 23.2638467], [77.3833776, 23.2634882], [77.3837623, 23.2632793], [77.3843556, 23.2629784], [77.3847494, 23.2628023], [77.3848603, 23.2627551], [77.3851622, 23.2626287], [77.3853466, 23.2625382]]}, "properties": {"kind": "road", "name": "", "osm_id": 957400542, "osm_type": "way", "highway": "primary"}}, {"type": "Feature", "geometry": {"type": "LineString", "coordinates": [[77.4654457, 23.1666245], [77.4654942, 23.1666524], [77.4655465, 23.1666824]]}, "properties": {"kind": "road", "name": "", "osm_id": 957402491, "osm_type": "way", "highway": "primary_link"}}, {"type": "Feature", "geometry": {"type": "LineString", "coordinates": [[77.2892216, 23.2857536], [77.289325, 23.2856715]]}, "properties": {"kind": "road", "name": "", "osm_id": 957422211, "osm_type": "way", "highway": "trunk_link"}}, {"type": "Feature", "geometry": {"type": "LineString", "coordinates": [[77.2997873, 23.3003553], [77.2995985, 23.3002167]]}, "properties": {"kind": "road", "name": "", "osm_id": 957449935, "osm_type": "way", "highway": "trunk"}}, {"type": "Feature", "geometry": {"type": "LineString", "coordinates": [[77.3140723, 23.3063444], [77.3124657, 23.3057535], [77.3119504, 23.305555], [77.3111547, 23.3052486], [77.3110458, 23.3052088], [77.3092751, 23.3045437], [77.3090622, 23.3044845], [77.307938, 23.3040627], [77.3040893, 23.3026186], [77.3027279, 23.3021827], [77.3016949, 23.3016203], [77.3006596, 23.3009871], [77.2997873, 23.3003553]]}, "properties": {"kind": "road", "name": "", "osm_id": 957449936, "osm_type": "way", "highway": "trunk"}}, {"type": "Feature", "geometry": {"type": "LineString", "coordinates": [[77.2995192, 23.3003298], [77.2996917, 23.3004571]]}, "properties": {"kind": "road", "name": "Bhopal Bypass Rd", "osm_id": 957449937, "osm_type": "way", "highway": "trunk"}}, {"type": "Feature", "geometry": {"type": "LineString", "coordinates": [[77.2753813, 23.2783496], [77.2754592, 23.2783979], [77.2756936, 23.2785432], [77.2761487, 23.2788089], [77.2761891, 23.278833], [77.2767291, 23.2791555], [77.2771729, 23.2794333], [77.2776381, 23.2797885], [77.2776754, 23.2798252], [77.2777146, 23.2798638], [77.2799086, 23.2822094], [77.2806185, 23.2829008], [77.28084, 23.2830459], [77.281291, 23.2832828], [77.2821521, 23.2835143], [77.282888, 23.2836875], [77.283576, 23.2837765], [77.2849004, 23.283946], [77.2865869, 23.2842418], [77.2870096, 23.2844061], [77.2873135, 23.2845376], [77.2878194, 23.2848423], [77.2881569, 23.2850634], [77.2888386, 23.28551], [77.2891222, 23.2856957], [77.2892216, 23.2857536], [77.290264, 23.2865055], [77.2925812, 23.2883241], [77.2936836, 23.2892122], [77.2940025, 23.2894662]]}, "properties": {"kind": "road", "name": "Bhopal Bypass Rd", "osm_id": 957449938, "osm_type": "way", "highway": "trunk"}}, {"type": "Feature", "geometry": {"type": "LineString", "coordinates": [[77.2614606, 23.2517993], [77.2613566, 23.2515855]]}, "properties": {"kind": "road", "name": "", "osm_id": 957548059, "osm_type": "way", "highway": "trunk"}}, {"type": "Feature", "geometry": {"type": "LineString", "coordinates": [[77.2613566, 23.2515855], [77.2610107, 23.2508522], [77.2599557, 23.248558], [77.2596331, 23.2478564], [77.2597183, 23.2476816]]}, "properties": {"kind": "road", "name": "", "osm_id": 957548060, "osm_type": "way", "highway": "trunk"}}, {"type": "Feature", "geometry": {"type": "LineString", "coordinates": [[77.513784, 23.2585285], [77.5139228, 23.2588204]]}, "properties": {"kind": "road", "name": "Bhopal Bypass", "osm_id": 957574370, "osm_type": "way", "highway": "trunk"}}, {"type": "Feature", "geometry": {"type": "LineString", "coordinates": [[77.51405, 23.2587313], [77.5139246, 23.2585055], [77.5133341, 23.2572939], [77.5131828, 23.2569836]]}, "properties": {"kind": "road", "name": "Bhopal Bypass", "osm_id": 957574371, "osm_type": "way", "highway": "trunk"}}, {"type": "Feature", "geometry": {"type": "LineString", "coordinates": [[77.5141245, 23.258905], [77.51405, 23.2587313]]}, "properties": {"kind": "road", "name": "Bhopal Bypass", "osm_id": 957574374, "osm_type": "way", "highway": "trunk"}}, {"type": "Feature", "geometry": {"type": "LineString", "coordinates": [[77.5139228, 23.2588204], [77.514016, 23.2590084], [77.5144295, 23.25985], [77.5146772, 23.2602781], [77.5153774, 23.2614881]]}, "properties": {"kind": "road", "name": "Bhopal Bypass", "osm_id": 957574375, "osm_type": "way", "highway": "trunk"}}, {"type": "Feature", "geometry": {"type": "LineString", "coordinates": [[77.5129708, 23.2568315], [77.513064, 23.2570243]]}, "properties": {"kind": "road", "name": "Bhopal Bypass", "osm_id": 957574380, "osm_type": "way", "highway": "trunk"}}, {"type": "Feature", "geometry": {"type": "LineString", "coordinates": [[77.513064, 23.2570243], [77.5131573, 23.257217], [77.513784, 23.2585285]]}, "properties": {"kind": "road", "name": "Bhopal Bypass", "osm_id": 957574381, "osm_type": "way", "highway": "trunk"}}, {"type": "Feature", "geometry": {"type": "LineString", "coordinates": [[77.5131828, 23.2569836], [77.5130941, 23.2568014]]}, "properties": {"kind": "road", "name": "Bhopal Bypass", "osm_id": 957574382, "osm_type": "way", "highway": "trunk"}}, {"type": "Feature", "geometry": {"type": "LineString", "coordinates": [[77.5130941, 23.2568014], [77.5130864, 23.2567857], [77.512868, 23.2563376], [77.5119991, 23.2545546], [77.511375, 23.2532741], [77.5112806, 23.2530706], [77.5112144, 23.2529278], [77.5111493, 23.2527444]]}, "properties": {"kind": "road", "name": "Bhopal Bypass", "osm_id": 957574385, "osm_type": "way", "highway": "trunk"}}, {"type": "Feature", "geometry": {"type": "LineString", "coordinates": [[77.5114348, 23.2525746], [77.511311, 23.2524817], [77.5112551, 23.2524443], [77.5111789, 23.2523719], [77.5110975, 23.2522668]]}, "properties": {"kind": "road", "name": "", "osm_id": 957574394, "osm_type": "way", "highway": "trunk_link"}}, {"type": "Feature", "geometry": {"type": "LineString", "coordinates": [[77.5112806, 23.2530706], [77.5113211, 23.2529322], [77.5113491, 23.2528598], [77.5113847, 23.2527828], [77.5115145, 23.2526482]]}, "properties": {"kind": "road", "name": "", "osm_id": 957574395, "osm_type": "way", "highway": "trunk_link"}}, {"type": "Feature", "geometry": {"type": "LineString", "coordinates": [[77.525492, 23.2522089], [77.5254284, 23.2521936], [77.5251508, 23.252127], [77.5235498, 23.2517563], [77.5229088, 23.2516386], [77.5222177, 23.2515288]]}, "properties": {"kind": "road", "name": "", "osm_id": 957574396, "osm_type": "way", "highway": "trunk"}}, {"type": "Feature", "geometry": {"type": "LineString", "coordinates": [[77.5222177, 23.2515288], [77.5211473, 23.2513275], [77.5206862, 23.2512716], [77.5192268, 23.2510947]]}, "properties": {"kind": "road", "name": "", "osm_id": 957574397, "osm_type": "way", "highway": "trunk"}}, {"type": "Feature", "geometry": {"type": "LineString", "coordinates": [[77.5155545, 23.2617979], [77.5157837, 23.2621744], [77.5159296, 23.2625976], [77.5159903, 23.2630033], [77.516052, 23.2671424], [77.5160534, 23.2672362], [77.5160541, 23.267283], [77.5161021, 23.2705062], [77.5161893, 23.2711556], [77.5164857, 23.2732597], [77.5165219, 23.2735168], [77.5165387, 23.2736055], [77.5165608, 23.2736707], [77.5165622, 23.2737227], [77.5165852, 23.2740296], [77.5169586, 23.2762457], [77.5169811, 23.2763795], [77.5169911, 23.276494], [77.5170354, 23.2769988], [77.5170387, 23.2775727], [77.5170145, 23.2782359], [77.5166546, 23.2811026], [77.5165138, 23.2823302], [77.5164303, 23.2830952], [77.5164047, 23.2837338], [77.5164219, 23.2846027], [77.516444, 23.2853261], [77.5165066, 23.2870301], [77.5165148, 23.2878123], [77.5164932, 23.2880021], [77.5164203, 23.2884692], [77.5163161, 23.288811], [77.5160283, 23.2894947], [77.5154892, 23.2906034], [77.5150211, 23.2915984], [77.5148433, 23.2919763], [77.5145714, 23.2925118], [77.5143593, 23.292881], [77.51405, 23.2933986], [77.5138081, 23.2938034], [77.5134408, 23.2943608], [77.5133822, 23.2944408], [77.5127615, 23.2952888], [77.512017, 23.2963497]]}, "properties": {"kind": "road", "name": "Bhopal Bypass", "osm_id": 957574400, "osm_type": "way", "highway": "trunk"}}, {"type": "Feature", "geometry": {"type": "LineString", "coordinates": [[77.5153774, 23.2614881], [77.5155545, 23.2617979]]}, "properties": {"kind": "road", "name": "Bhopal Bypass", "osm_id": 957574401, "osm_type": "way", "highway": "trunk"}}, {"type": "Feature", "geometry": {"type": "LineString", "coordinates": [[77.5154798, 23.2614059], [77.5154507, 23.2613574], [77.5153257, 23.2611539], [77.5147919, 23.2602078], [77.5145592, 23.2597952], [77.5141245, 23.258905]]}, "properties": {"kind": "road", "name": "Bhopal Bypass", "osm_id": 957574402, "osm_type": "way", "highway": "trunk"}}, {"type": "Feature", "geometry": {"type": "LineString", "coordinates": [[77.5156523, 23.2617001], [77.5154798, 23.2614059]]}, "properties": {"kind": "road", "name": "Bhopal Bypass", "osm_id": 957574403, "osm_type": "way", "highway": "trunk"}}, {"type": "Feature", "geometry": {"type": "LineString", "coordinates": [[77.5110335, 23.2487712], [77.511031, 23.2489345]]}, "properties": {"kind": "road", "name": "Bhopal Bypass Road", "osm_id": 957580294, "osm_type": "way", "highway": "trunk"}}, {"type": "Feature", "geometry": {"type": "LineString", "coordinates": [[77.511031, 23.2489345], [77.5110285, 23.249097], [77.5110154, 23.2499438], [77.5110082, 23.2503131], [77.5109961, 23.250938], [77.5109945, 23.2511064], [77.5109922, 23.2513518], [77.5109825, 23.2523734], [77.5109913, 23.2526597]]}, "properties": {"kind": "road", "name": "Bhopal Bypass Road", "osm_id": 957580295, "osm_type": "way", "highway": "trunk"}}, {"type": "Feature", "geometry": {"type": "LineString", "coordinates": [[77.5111871, 23.2487773], [77.5112048, 23.2484542], [77.5112184, 23.247773], [77.5112519, 23.2472298]]}, "properties": {"kind": "road", "name": "Bhopal Bypass Road", "osm_id": 957580296, "osm_type": "way", "highway": "trunk"}}, {"type": "Feature", "geometry": {"type": "LineString", "coordinates": [[77.5111831, 23.2489343], [77.5111871, 23.2487773]]}, "properties": {"kind": "road", "name": "Bhopal Bypass Road", "osm_id": 957580297, "osm_type": "way", "highway": "trunk"}}, {"type": "Feature", "geometry": {"type": "LineString", "coordinates": [[77.5110946, 23.2470404], [77.511087, 23.2471267]]}, "properties": {"kind": "road", "name": "Bhopal Bypass Road", "osm_id": 957580298, "osm_type": "way", "highway": "trunk"}}, {"type": "Feature", "geometry": {"type": "LineString", "coordinates": [[77.5112519, 23.2472298], [77.5112582, 23.2471269]]}, "properties": {"kind": "road", "name": "Bhopal Bypass Road", "osm_id": 957580299, "osm_type": "way", "highway": "trunk"}}, {"type": "Feature", "geometry": {"type": "LineString", "coordinates": [[77.511087, 23.2471267], [77.5110881, 23.2475385], [77.5110851, 23.2479472], [77.5110364, 23.2486265], [77.5110335, 23.2487712]]}, "properties": {"kind": "road", "name": "Bhopal Bypass Road", "osm_id": 957580300, "osm_type": "way", "highway": "trunk"}}, {"type": "Feature", "geometry": {"type": "LineString", "coordinates": [[77.5112582, 23.2471269], [77.5113009, 23.2463484], [77.5114384, 23.2446263], [77.5115362, 23.2433038], [77.5115859, 23.2424995], [77.5116378, 23.2418285], [77.5116606, 23.2412857], [77.5116661, 23.2411551], [77.5116201, 23.2387961], [77.5116152, 23.2374901], [77.5116152, 23.2374402], [77.5116093, 23.2373527], [77.5115987, 23.2366892], [77.5116272, 23.2352977], [77.5116483, 23.2342696], [77.511798, 23.231872], [77.5117977, 23.2318629], [77.5117644, 23.2309353], [77.511686, 23.2287532], [77.5116352, 23.2273387], [77.5116874, 23.225444], [77.5117089, 23.2246641], [77.5117469, 23.2232865], [77.5117615, 23.2227645], [77.5117854, 23.2224424], [77.511793, 23.22234], [77.5117602, 23.2190345], [77.5117805, 23.2186859], [77.5118547, 23.2184031], [77.5119667, 23.2181662], [77.5121139, 23.2179777], [77.5123622, 23.2177693], [77.5127586, 23.217534], [77.5143976, 23.2165611], [77.5147296, 23.2162981], [77.5149456, 23.2160699], [77.5150805, 23.2158702], [77.5151723, 23.2156382], [77.5152344, 23.2154261], [77.5152587, 23.2151892], [77.5152425, 23.2149411], [77.5140983, 23.2066393]]}, "properties": {"kind": "road", "name": "Bhopal Bypass Road", "osm_id": 957580301, "osm_type": "way", "highway": "trunk"}}, {"type": "Feature", "geometry": {"type": "LineString", "coordinates": [[77.404055, 23.3242157], [77.4040342, 23.3246283]]}, "properties": {"kind": "road", "name": "", "osm_id": 957715174, "osm_type": "way", "highway": "primary"}}, {"type": "Feature", "geometry": {"type": "LineString", "coordinates": [[77.4040342, 23.3246283], [77.4039757, 23.3253862], [77.4039324, 23.3258231], [77.403909, 23.3259775], [77.4038875, 23.3261245], [77.4038308, 23.3264361], [77.4036704, 23.3266572], [77.4034, 23.327006], [77.403333, 23.327074], [77.4030271, 23.3274793], [77.402735, 23.3280381], [77.4027035, 23.3280983], [77.4025169, 23.3287757], [77.4024836, 23.3289366], [77.4024596, 23.3290576], [77.4024002, 23.3293568], [77.4018395, 23.3321802], [77.401715, 23.3328069], [77.4016469, 23.3331498], [77.401514, 23.3339813], [77.4015011, 23.3340487], [77.4014816, 23.3341701], [77.401455, 23.3343193], [77.4013294, 23.3350187], [77.4013219, 23.3350801], [77.4012084, 23.3357198], [77.401177, 23.3358819], [77.4010054, 23.3368765], [77.4007742, 23.3381888], [77.4007098, 23.3385418]]}, "properties": {"kind": "road", "name": "", "osm_id": 957715175, "osm_type": "way", "highway": "primary"}}, {"type": "Feature", "geometry": {"type": "LineString", "coordinates": [[77.404872, 23.3139871], [77.4050301, 23.3130711], [77.4050427, 23.3129637], [77.4050547, 23.3129146], [77.4051445, 23.3125467], [77.4051871, 23.3123719], [77.4051992, 23.3123226], [77.405252, 23.3121282], [77.405288, 23.3119193], [77.4052951, 23.3118131], [77.4052963, 23.3117334], [77.4052824, 23.3116485], [77.4052015, 23.3113362], [77.4051278, 23.3107822], [77.4050987, 23.3105642], [77.4050565, 23.3101851], [77.4050509, 23.3101348], [77.4050206, 23.3098623], [77.4050147, 23.3098094], [77.4049741, 23.3092908], [77.4049603, 23.3091154], [77.40494, 23.3088551], [77.4049377, 23.3088284], [77.4048772, 23.3081271], [77.4048752, 23.3081035], [77.4048115, 23.3074012], [77.4048063, 23.3073479], [77.404792, 23.3072031]]}, "properties": {"kind": "road", "name": "", "osm_id": 957715177, "osm_type": "way", "highway": "primary"}}, {"type": "Feature", "geometry": {"type": "LineString", "coordinates": [[77.404067, 23.3238635], [77.404055, 23.3242157]]}, "properties": {"kind": "road", "name": "", "osm_id": 957715179, "osm_type": "way", "highway": "primary"}}, {"type": "Feature", "geometry": {"type": "LineString", "coordinates": [[77.2935042, 23.3283065], [77.2933658, 23.3283525]]}, "properties": {"kind": "road", "name": "", "osm_id": 957743628, "osm_type": "way", "highway": "trunk"}}, {"type": "Feature", "geometry": {"type": "LineString", "coordinates": [[77.2980012, 23.3265983], [77.2958294, 23.3274485], [77.2955966, 23.3275427], [77.2946177, 23.32791], [77.2944228, 23.3279789], [77.2943565, 23.3280028], [77.2935042, 23.3283065]]}, "properties": {"kind": "road", "name": "", "osm_id": 957743629, "osm_type": "way", "highway": "trunk"}}, {"type": "Feature", "geometry": {"type": "LineString", "coordinates": [[77.2934639, 23.3285651], [77.2936016, 23.3285219]]}, "properties": {"kind": "road", "name": "", "osm_id": 957743630, "osm_type": "way", "highway": "trunk"}}, {"type": "Feature", "geometry": {"type": "LineString", "coordinates": [[77.2936016, 23.3285219], [77.2940451, 23.3283487], [77.2946868, 23.328143], [77.2948124, 23.3280954], [77.2951315, 23.3279759], [77.2951929, 23.3279529], [77.2957773, 23.3277346], [77.2962228, 23.327558], [77.2968775, 23.3273061], [77.2975482, 23.327051], [77.2980561, 23.3268446], [77.2981304, 23.3268154]]}, "properties": {"kind": "road", "name": "", "osm_id": 957743631, "osm_type": "way", "highway": "trunk"}}, {"type": "Feature", "geometry": {"type": "LineString", "coordinates": [[77.5110243, 23.2527773], [77.5111493, 23.2527444], [77.5115145, 23.2526482], [77.5116174, 23.2526234], [77.5116549, 23.2526049], [77.5117123, 23.2525432]]}, "properties": {"kind": "road", "name": "", "osm_id": 957816963, "osm_type": "way", "highway": "trunk"}}, {"type": "Feature", "geometry": {"type": "LineString", "coordinates": [[77.5117123, 23.2525432], [77.5116375, 23.2525409], [77.5115825, 23.252547], [77.5114348, 23.2525746], [77.5111139, 23.2526345], [77.5109913, 23.2526597]]}, "properties": {"kind": "road", "name": "", "osm_id": 957816964, "osm_type": "way", "highway": "trunk"}}, {"type": "Feature", "geometry": {"type": "LineString", "coordinates": [[77.427127, 23.300708], [77.4272662, 23.3006454]]}, "properties": {"kind": "road", "name": "Ayodhya Bypass Road", "osm_id": 957820699, "osm_type": "way", "highway": "primary"}}, {"type": "Feature", "geometry": {"type": "LineString", "coordinates": [[77.4272662, 23.3006454], [77.428157, 23.3002449], [77.4285576, 23.3000809], [77.4288815, 23.2999563], [77.4289591, 23.2999264]]}, "properties": {"kind": "road", "name": "Ayodhya Bypass Road", "osm_id": 957820700, "osm_type": "way", "highway": "primary"}}, {"type": "Feature", "geometry": {"type": "LineString", "coordinates": [[77.4271203, 23.300615], [77.4267998, 23.3007717], [77.4265218, 23.3008995], [77.4264599, 23.3009252], [77.4263353, 23.3009791], [77.4260516, 23.3010813], [77.4259233, 23.3011411], [77.425745, 23.3012242], [77.4253806, 23.3013656], [77.4249238, 23.301566], [77.4244962, 23.3017629], [77.4244356, 23.3017928], [77.4243669, 23.3018146], [77.4239351, 23.3019812], [77.4238357, 23.3020209], [77.4232608, 23.3022754], [77.422497, 23.3026206], [77.421816, 23.3029424], [77.4214336, 23.3030917], [77.4214054, 23.3031027], [77.4210384, 23.3031828], [77.4206458, 23.3032512], [77.4205679, 23.3032603], [77.4200632, 23.3033195], [77.4197552, 23.3033388], [77.419686, 23.3033431], [77.4193601, 23.3033384], [77.4192193, 23.3033243], [77.419004, 23.3033109], [77.4189396, 23.3033035], [77.4186785, 23.303294], [77.4185799, 23.3032936], [77.4183515, 23.3032655], [77.4171826, 23.3031361], [77.4171078, 23.3031298], [77.4167952, 23.3031018], [77.4161932, 23.3030502], [77.4159907, 23.3030329], [77.4155666, 23.3029929], [77.415159, 23.3029544], [77.4148943, 23.3029257], [77.4142664, 23.3028727], [77.4142252, 23.3028692], [77.4140889, 23.3028574], [77.4138342, 23.3028353], [77.4137396, 23.3028271], [77.4135105, 23.3027979], [77.4133341, 23.3027754], [77.4128985, 23.3027371], [77.4127587, 23.3027253], [77.4126849, 23.3027191], [77.4124452, 23.3026988], [77.4122726, 23.3026894], [77.4121461, 23.3026825], [77.4119086, 23.3026582], [77.4116086, 23.3026275], [77.4115947, 23.3026261], [77.4111889, 23.3025814], [77.4109601, 23.3025562], [77.4105599, 23.3025275], [77.4102464, 23.3025122], [77.4101263, 23.3025064], [77.4096081, 23.3025058], [77.4094031, 23.3025056], [77.4085846, 23.3025223], [77.4082949, 23.3025428], [77.4081335, 23.3025478], [77.407808, 23.3025578], [77.4075477, 23.3025667], [77.4073971, 23.3025661], [77.407147, 23.302565], [77.4070089, 23.3025712], [77.4068943, 23.3025763], [77.4066678, 23.3025827], [77.4060616, 23.3026], [77.4060188, 23.3026012], [77.4059701, 23.3026026], [77.4053531, 23.3026217], [77.405249, 23.3026227], [77.4048265, 23.3026267], [77.4044952, 23.3026299]]}, "properties": {"kind": "road", "name": "Ayodhya Bypass Road", "osm_id": 957820701, "osm_type": "way", "highway": "primary"}}, {"type": "Feature", "geometry": {"type": "LineString", "coordinates": [[77.427225, 23.3005683], [77.4271203, 23.300615]]}, "properties": {"kind": "road", "name": "Ayodhya Bypass Road", "osm_id": 957820702, "osm_type": "way", "highway": "primary"}}, {"type": "Feature", "geometry": {"type": "LineString", "coordinates": [[77.4817048, 23.2514933], [77.4817275, 23.2513392]]}, "properties": {"kind": "road", "name": "", "osm_id": 957833971, "osm_type": "way", "highway": "primary_link"}}, {"type": "Feature", "geometry": {"type": "LineString", "coordinates": [[77.4721375, 23.1576206], [77.471843, 23.1580462], [77.4717113, 23.1582518], [77.4715798, 23.1584757], [77.4714638, 23.1587025], [77.4712413, 23.15922], [77.4711124, 23.1594553], [77.4709796, 23.1596419], [77.4706459, 23.1601086], [77.470568, 23.160213], [77.4700936, 23.1608457], [77.4694287, 23.161667], [77.4688847, 23.1623727], [77.4683391, 23.1630713], [77.467916, 23.1636294], [77.4678447, 23.1637213], [77.4677581, 23.1638345], [77.467697, 23.1639143], [77.4675383, 23.1641215], [77.4667226, 23.1651516], [77.4662204, 23.1658047], [77.4657838, 23.1663788], [77.4655465, 23.1666824], [77.4651945, 23.1671418], [77.4648637, 23.1675701], [77.4645321, 23.1679951], [77.4643674, 23.1682138], [77.4642477, 23.1683703], [77.4637321, 23.1691391], [77.4636345, 23.1692981], [77.4633472, 23.1696777], [77.4627243, 23.1706283], [77.4624884, 23.1709856], [77.4621883, 23.1714532], [77.4614678, 23.172579]]}, "properties": {"kind": "road", "name": "", "osm_id": 957844995, "osm_type": "way", "highway": "primary"}}, {"type": "Feature", "geometry": {"type": "LineString", "coordinates": [[77.4277216, 23.2303715], [77.4275698, 23.2305405], [77.4275188, 23.2305815], [77.4274853, 23.2306021], [77.4271888, 23.2307441]]}, "properties": {"kind": "road", "name": "", "osm_id": 958145725, "osm_type": "way", "highway": "primary_link"}}, {"type": "Feature", "geometry": {"type": "LineString", "coordinates": [[77.4782971, 23.2559686], [77.4782262, 23.2562007]]}, "properties": {"kind": "road", "name": "Ayodhya Bypass Road", "osm_id": 958189527, "osm_type": "way", "highway": "primary"}}, {"type": "Feature", "geometry": {"type": "LineString", "coordinates": [[77.478553, 23.2549465], [77.4785258, 23.2550529], [77.4785185, 23.255081], [77.4784456, 23.2553625], [77.4783759, 23.2556316], [77.4783357, 23.2557904], [77.4782971, 23.2559686]]}, "properties": {"kind": "road", "name": "Ayodhya Bypass Road", "osm_id": 958189528, "osm_type": "way", "highway": "primary"}}, {"type": "Feature", "geometry": {"type": "LineString", "coordinates": [[77.4783156, 23.2561979], [77.4783814, 23.255951]]}, "properties": {"kind": "road", "name": "Ayodhya Bypass Road", "osm_id": 958189529, "osm_type": "way", "highway": "primary"}}, {"type": "Feature", "geometry": {"type": "LineString", "coordinates": [[77.4783814, 23.255951], [77.4784186, 23.255807], [77.4784594, 23.255647], [77.4785168, 23.2553971], [77.4785911, 23.2551044], [77.4786271, 23.2549643]]}, "properties": {"kind": "road", "name": "Ayodhya Bypass Road", "osm_id": 958189530, "osm_type": "way", "highway": "primary"}}, {"type": "Feature", "geometry": {"type": "LineString", "coordinates": [[77.4007098, 23.3385418], [77.4006916, 23.3386631], [77.400669, 23.3387954], [77.4006443, 23.338946]]}, "properties": {"kind": "road", "name": "", "osm_id": 958725577, "osm_type": "way", "highway": "primary"}}, {"type": "Feature", "geometry": {"type": "LineString", "coordinates": [[77.4006443, 23.338946], [77.4004087, 23.3404175], [77.4003326, 23.3408465], [77.4002919, 23.3410632], [77.400231, 23.3413846], [77.4001207, 23.3419874], [77.400019, 23.3425927], [77.3998077, 23.3437174], [77.3997851, 23.343833], [77.3997717, 23.3439219], [77.3996316, 23.3448244], [77.3995855, 23.3451216], [77.3995111, 23.3456007], [77.3993726, 23.347411], [77.3993722, 23.3474999], [77.3992995, 23.3493186], [77.3992581, 23.3506005], [77.3992577, 23.3514465], [77.3992542, 23.351483], [77.3992305, 23.3524145], [77.3992264, 23.3526801], [77.3991972, 23.3545952], [77.3992057, 23.3546965], [77.3991763, 23.3552724], [77.3991607, 23.3557797], [77.3991395, 23.3564693], [77.399095, 23.357913], [77.3991085, 23.3586033], [77.3991841, 23.3598528]]}, "properties": {"kind": "road", "name": "", "osm_id": 958725578, "osm_type": "way", "highway": "primary"}}, {"type": "Feature", "geometry": {"type": "LineString", "coordinates": [[77.3141612, 23.3063746], [77.3140723, 23.3063444]]}, "properties": {"kind": "road", "name": "", "osm_id": 958753983, "osm_type": "way", "highway": "trunk"}}, {"type": "Feature", "geometry": {"type": "LineString", "coordinates": [[77.3224017, 23.3136378], [77.3222029, 23.3133682], [77.32049, 23.3114072], [77.3194306, 23.3101943], [77.3191699, 23.3098958], [77.3180385, 23.308691], [77.3169346, 23.3075226], [77.3165537, 23.3072527], [77.3163478, 23.3071281], [77.3158895, 23.306924], [77.3141612, 23.3063746]]}, "properties": {"kind": "road", "name": "", "osm_id": 958753984, "osm_type": "way", "highway": "trunk"}}, {"type": "Feature", "geometry": {"type": "LineString", "coordinates": [[77.3140351, 23.3064572], [77.3141406, 23.3064846]]}, "properties": {"kind": "road", "name": "Bhopal Bypass Rd", "osm_id": 958753985, "osm_type": "way", "highway": "trunk"}}, {"type": "Feature", "geometry": {"type": "LineString", "coordinates": [[77.2996917, 23.3004571], [77.3002558, 23.300863], [77.3015097, 23.3016966], [77.3022009, 23.302063], [77.3028317, 23.302368], [77.3040199, 23.3027714], [77.304913, 23.303018], [77.3052043, 23.3031251], [77.3057979, 23.3033366], [77.3065623, 23.3036204], [77.3073415, 23.3039142], [77.3075462, 23.3039864], [77.30869, 23.3044108], [77.3096278, 23.3047531], [77.3104517, 23.3050792], [77.3110003, 23.3053075], [77.3111081, 23.3053505], [77.3113218, 23.3054389], [77.3119188, 23.3056864], [77.3120211, 23.3057152], [77.3133251, 23.3062239], [77.3139031, 23.3064164], [77.3140351, 23.3064572]]}, "properties": {"kind": "road", "name": "Bhopal Bypass Rd", "osm_id": 958753986, "osm_type": "way", "highway": "trunk"}}, {"type": "Feature", "geometry": {"type": "LineString", "coordinates": [[77.3955341, 23.3378606], [77.3955806, 23.337713]]}, "properties": {"kind": "road", "name": "", "osm_id": 958761533, "osm_type": "way", "highway": "trunk_link"}}, {"type": "Feature", "geometry": {"type": "LineString", "coordinates": [[77.3172694, 23.3179549], [77.3173292, 23.3178482], [77.3173646, 23.3178011], [77.3175062, 23.3176534]]}, "properties": {"kind": "road", "name": "", "osm_id": 958773519, "osm_type": "way", "highway": "primary"}}, {"type": "Feature", "geometry": {"type": "LineString", "coordinates": [[77.3174361, 23.3176203], [77.3173504, 23.317702], [77.3173097, 23.3177361], [77.3171315, 23.3178524]]}, "properties": {"kind": "road", "name": "", "osm_id": 958773520, "osm_type": "way", "highway": "primary"}}, {"type": "Feature", "geometry": {"type": "LineString", "coordinates": [[77.4280458, 23.2307019], [77.4279235, 23.2305484], [77.4278808, 23.2304868], [77.4278235, 23.2303597]]}, "properties": {"kind": "road", "name": "", "osm_id": 958803702, "osm_type": "way", "highway": "primary_link"}}, {"type": "Feature", "geometry": {"type": "LineString", "coordinates": [[77.4499977, 23.1922238], [77.4501219, 23.1922691]]}, "properties": {"kind": "road", "name": "", "osm_id": 958822715, "osm_type": "way", "highway": "primary_link"}}, {"type": "Feature", "geometry": {"type": "LineString", "coordinates": [[77.4437286, 23.2819137], [77.4437791, 23.2819556]]}, "properties": {"kind": "road", "name": "", "osm_id": 958823479, "osm_type": "way", "highway": "primary_link"}}, {"type": "Feature", "geometry": {"type": "LineString", "coordinates": [[77.3726856, 23.2724486], [77.3723209, 23.2724548]]}, "properties": {"kind": "road", "name": "Lalghati Flyover", "osm_id": 958832804, "osm_type": "way", "highway": "primary"}}, {"type": "Feature", "geometry": {"type": "LineString", "coordinates": [[77.3659613, 23.2732228], [77.3656724, 23.2732185]]}, "properties": {"kind": "road", "name": "Lalghati Flyover", "osm_id": 958832805, "osm_type": "way", "highway": "primary"}}, {"type": "Feature", "geometry": {"type": "LineString", "coordinates": [[77.3726856, 23.2724486], [77.3724604, 23.2723736], [77.3722726, 23.2723564], [77.3720688, 23.2723544], [77.3717624, 23.2723908], [77.3714854, 23.2724384], [77.3707019, 23.2726259], [77.3703349, 23.2727175], [77.3701015, 23.2727673]]}, "properties": {"kind": "road", "name": "", "osm_id": 959011229, "osm_type": "way", "highway": "primary"}}, {"type": "Feature", "geometry": {"type": "LineString", "coordinates": [[77.4244356, 23.3017928], [77.4244879, 23.3018901]]}, "properties": {"kind": "road", "name": "", "osm_id": 959031964, "osm_type": "way", "highway": "primary_link"}}, {"type": "Feature", "geometry": {"type": "LineString", "coordinates": [[77.4205786, 23.3033777], [77.4205679, 23.3032603]]}, "properties": {"kind": "road", "name": "", "osm_id": 959031966, "osm_type": "way", "highway": "primary_link"}}, {"type": "Feature", "geometry": {"type": "LineString", "coordinates": [[77.3517161, 23.2893655], [77.3517255, 23.2894935], [77.351747, 23.2895809], [77.3517946, 23.2896703], [77.3518913, 23.2898208], [77.3520501, 23.2900798], [77.3542059, 23.2934119], [77.354296, 23.2936046], [77.3543867, 23.2938482], [77.3544276, 23.2939724], [77.3544486, 23.2940474], [77.354479, 23.2942196], [77.354486, 23.2942889]]}, "properties": {"kind": "road", "name": "Airport Road", "osm_id": 959116931, "osm_type": "way", "highway": "primary"}}, {"type": "Feature", "geometry": {"type": "LineString", "coordinates": [[77.3528037, 23.2970654], [77.3530486, 23.2971063], [77.3532834, 23.2971915]]}, "properties": {"kind": "road", "name": "", "osm_id": 959122318, "osm_type": "way", "highway": "primary"}}, {"type": "Feature", "geometry": {"type": "LineString", "coordinates": [[77.3531406, 23.2967807], [77.3533111, 23.2971758]]}, "properties": {"kind": "road", "name": "", "osm_id": 959122319, "osm_type": "way", "highway": "primary"}}, {"type": "Feature", "geometry": {"type": "LineString", "coordinates": [[77.3513298, 23.2962836], [77.3514623, 23.2963283], [77.3516369, 23.2963901], [77.3517534, 23.296431], [77.3518739, 23.2964888], [77.3524056, 23.2967751], [77.3524923, 23.2968243], [77.3525694, 23.2968657], [77.3526318, 23.296896], [77.3526984, 23.2969252], [77.3527815, 23.2969562], [77.3528514, 23.2969782], [77.3529091, 23.2969929], [77.3529699, 23.2970034], [77.3530452, 23.2970112], [77.3531194, 23.2970098], [77.353198, 23.2969995], [77.3532546, 23.2969885], [77.353318, 23.2969689], [77.3534175, 23.2969241]]}, "properties": {"kind": "road", "name": "Airport Road Flyover", "osm_id": 959122321, "osm_type": "way", "highway": "primary"}}, {"type": "Feature", "geometry": {"type": "LineString", "coordinates": [[77.3604786, 23.3009516], [77.3605366, 23.3008579]]}, "properties": {"kind": "road", "name": "", "osm_id": 959769145, "osm_type": "way", "highway": "primary_link"}}, {"type": "Feature", "geometry": {"type": "LineString", "coordinates": [[77.3582481, 23.2997403], [77.3581992, 23.2998132]]}, "properties": {"kind": "road", "name": "", "osm_id": 959769146, "osm_type": "way", "highway": "primary_link"}}, {"type": "Feature", "geometry": {"type": "LineString", "coordinates": [[77.4046242, 23.3166115], [77.4045177, 23.3166015]]}, "properties": {"kind": "road", "name": "", "osm_id": 959982907, "osm_type": "way", "highway": "primary_link"}}, {"type": "Feature", "geometry": {"type": "LineString", "coordinates": [[77.4050987, 23.3105642], [77.4050258, 23.3105715]]}, "properties": {"kind": "road", "name": "", "osm_id": 959982909, "osm_type": "way", "highway": "primary_link"}}, {"type": "Feature", "geometry": {"type": "LineString", "coordinates": [[77.3701015, 23.2727673], [77.3698146, 23.272804]]}, "properties": {"kind": "road", "name": "", "osm_id": 960023461, "osm_type": "way", "highway": "primary"}}, {"type": "Feature", "geometry": {"type": "LineString", "coordinates": [[77.3936595, 23.2616691], [77.3936684, 23.2615004], [77.3936071, 23.2608911], [77.3935402, 23.2605734], [77.3935159, 23.2604538]]}, "properties": {"kind": "road", "name": "Taj-ul-Masajid Road", "osm_id": 960023465, "osm_type": "way", "highway": "primary"}}, {"type": "Feature", "geometry": {"type": "LineString", "coordinates": [[77.3934425, 23.2604938], [77.3934673, 23.2606165], [77.3935152, 23.2608541], [77.3935953, 23.2615189], [77.3936595, 23.2616691]]}, "properties": {"kind": "road", "name": "Taj-ul-Masajid Road", "osm_id": 960023466, "osm_type": "way", "highway": "primary"}}, {"type": "Feature", "geometry": {"type": "LineString", "coordinates": [[77.3905864, 23.2617859], [77.390805, 23.2617506], [77.3911015, 23.2616916], [77.3912715, 23.2616392], [77.391279, 23.2616369], [77.3914459, 23.261565], [77.3916899, 23.2614867], [77.3917463, 23.2614659], [77.3920915, 23.2613387], [77.3927971, 23.2609934], [77.3932422, 23.2607441], [77.3934673, 23.2606165], [77.3935402, 23.2605734]]}, "properties": {"kind": "road", "name": "Main road", "osm_id": 960023467, "osm_type": "way", "highway": "primary"}}, {"type": "Feature", "geometry": {"type": "LineString", "coordinates": [[77.38576, 23.2624054], [77.3861961, 23.2622835], [77.3870815, 23.2620637], [77.3876877, 23.2619346], [77.3882043, 23.2618747], [77.3887199, 23.2618331], [77.3895011, 23.2618187], [77.3903079, 23.2618119]]}, "properties": {"kind": "road", "name": "Main road Flyover", "osm_id": 960023468, "osm_type": "way", "highway": "primary"}}, {"type": "Feature", "geometry": {"type": "LineString", "coordinates": [[77.4322966, 23.2314635], [77.4326487, 23.2310963], [77.4328496, 23.2308886], [77.4331091, 23.2306255], [77.433276, 23.2304459], [77.4334507, 23.2302602], [77.4336502, 23.2300497], [77.4337482, 23.2299275], [77.4338823, 23.229761], [77.4340158, 23.2295641], [77.4341044, 23.2294231], [77.4341914, 23.2292599], [77.4342355, 23.2291843], [77.4342838, 23.2290871], [77.4345817, 23.2284559], [77.4348179, 23.2279506], [77.4351313, 23.2272741], [77.4354159, 23.2266989], [77.4356582, 23.2261894], [77.4359321, 23.2256313], [77.4366537, 23.2242608], [77.4370142, 23.2235104], [77.4370621, 23.2234139], [77.4372545, 23.2230209], [77.4375415, 23.2224565], [77.4378132, 23.2219064], [77.4384679, 23.2206357], [77.4391957, 23.2193079], [77.4395122, 23.2187461], [77.4398735, 23.218152], [77.4399403, 23.2180494], [77.4401023, 23.2177811], [77.4402237, 23.2175672], [77.4403481, 23.2173617], [77.4404859, 23.2171352], [77.4406635, 23.2168286], [77.4407722, 23.216649]]}, "properties": {"kind": "road", "name": "GG Flyover", "osm_id": 960082035, "osm_type": "way", "highway": "primary"}}, {"type": "Feature", "geometry": {"type": "LineString", "coordinates": [[77.4301406, 23.2339968], [77.4300877, 23.2341695], [77.4300481, 23.234323], [77.4299962, 23.2345373], [77.4299738, 23.2347083], [77.4299622, 23.2348177], [77.4299554, 23.2350279], [77.4299598, 23.2352879], [77.4299785, 23.2354376]]}, "properties": {"kind": "road", "name": "GG Flyover", "osm_id": 960084037, "osm_type": "way", "highway": "primary"}}, {"type": "Feature", "geometry": {"type": "LineString", "coordinates": [[77.4300618, 23.2354981], [77.4300408, 23.2352314], [77.430042, 23.2350059], [77.430047, 23.2348129], [77.430063, 23.2346665], [77.4301052, 23.234481], [77.430152, 23.2342789], [77.4302324, 23.2340529], [77.430244, 23.234013], [77.4302862, 23.2338808], [77.4303129, 23.233797], [77.4303898, 23.23358]]}, "properties": {"kind": "road", "name": "GG Flyover", "osm_id": 960084038, "osm_type": "way", "highway": "primary"}}, {"type": "Feature", "geometry": {"type": "LineString", "coordinates": [[77.2556643, 23.2464765], [77.2557438, 23.2462835]]}, "properties": {"kind": "road", "name": "", "osm_id": 960711453, "osm_type": "way", "highway": "trunk_link"}}, {"type": "Feature", "geometry": {"type": "LineString", "coordinates": [[77.4224051, 23.2502315], [77.4222119, 23.2502648], [77.4220596, 23.250279], [77.4211832, 23.2504586], [77.4204027, 23.2505929], [77.4203405, 23.2506036], [77.4202817, 23.2506201], [77.4198537, 23.2507402], [77.4195258, 23.2508773], [77.4191256, 23.251043], [77.4190227, 23.251081], [77.4184743, 23.2513186], [77.4179419, 23.2515492], [77.4178163, 23.2515791], [77.4173039, 23.2517008], [77.4163983, 23.2518575], [77.4153996, 23.2521313], [77.4146778, 23.2523374], [77.4146509, 23.252345]]}, "properties": {"kind": "road", "name": "", "osm_id": 960814073, "osm_type": "way", "highway": "primary"}}, {"type": "Feature", "geometry": {"type": "LineString", "coordinates": [[77.4224051, 23.2502315], [77.4224361, 23.2502391], [77.4224757, 23.25024], [77.4231054, 23.2501981], [77.4237539, 23.2501261]]}, "properties": {"kind": "road", "name": "", "osm_id": 960814074, "osm_type": "way", "highway": "primary"}}, {"type": "Feature", "geometry": {"type": "LineString", "coordinates": [[77.4237974, 23.2501642], [77.4238347, 23.2502797], [77.423927, 23.250424], [77.4239955, 23.2505236], [77.424114, 23.2507139], [77.4244475, 23.2512951], [77.424536, 23.251361]]}, "properties": {"kind": "road", "name": "", "osm_id": 960814076, "osm_type": "way", "highway": "primary"}}, {"type": "Feature", "geometry": {"type": "LineString", "coordinates": [[77.424536, 23.251361], [77.4245166, 23.2512682], [77.4242784, 23.2508604], [77.4240165, 23.2504376], [77.4239669, 23.2503336], [77.4239278, 23.2502084], [77.423908, 23.2501453]]}, "properties": {"kind": "road", "name": "", "osm_id": 960814077, "osm_type": "way", "highway": "primary"}}, {"type": "Feature", "geometry": {"type": "LineString", "coordinates": [[77.4241798, 23.2499929], [77.424276, 23.2499548], [77.4243122, 23.249943], [77.4244173, 23.2499119], [77.4248679, 23.2498207], [77.4251395, 23.2497535], [77.4254042, 23.2496775], [77.4261166, 23.2494094], [77.4263837, 23.2492992], [77.4263886, 23.2492971], [77.426829, 23.2491097], [77.426911, 23.2490726], [77.4273869, 23.2488574], [77.4274893, 23.2488023], [77.4275399, 23.248767], [77.427569, 23.2487553]]}, "properties": {"kind": "road", "name": "", "osm_id": 960814078, "osm_type": "way", "highway": "primary"}}, {"type": "Feature", "geometry": {"type": "LineString", "coordinates": [[77.4239206, 23.2501214], [77.423967, 23.2501028], [77.4241258, 23.2500392], [77.4241798, 23.2499929]]}, "properties": {"kind": "road", "name": "", "osm_id": 960814079, "osm_type": "way", "highway": "primary"}}, {"type": "Feature", "geometry": {"type": "LineString", "coordinates": [[77.4309245, 23.2384844], [77.4309593, 23.2385821], [77.4309489, 23.2386848], [77.4310839, 23.2389158], [77.4311471, 23.2391144], [77.43124, 23.2394045], [77.4312507, 23.2394359], [77.4313467, 23.2397633], [77.4313794, 23.2398802], [77.4314811, 23.2402234], [77.4316021, 23.2406181], [77.4316793, 23.2408754], [77.4319144, 23.2415827], [77.4319615, 23.2417407], [77.4320168, 23.2419353], [77.4322387, 23.2426593], [77.4323385, 23.2430236], [77.4323709, 23.243142], [77.4326066, 23.243969], [77.432671, 23.2441635], [77.4326994, 23.2442751], [77.4327602, 23.2444967], [77.4328073, 23.244783], [77.4327992, 23.2449654], [77.4327828, 23.2450529], [77.4327066, 23.2451772], [77.4324515, 23.2454558], [77.4322358, 23.2456914], [77.4316098, 23.2463661], [77.4315656, 23.2464083], [77.4314713, 23.2464885], [77.4314594, 23.2464986], [77.4313072, 23.2466051], [77.4311527, 23.2467], [77.4304672, 23.2471209]]}, "properties": {"kind": "road", "name": "", "osm_id": 960814101, "osm_type": "way", "highway": "primary"}}, {"type": "Feature", "geometry": {"type": "LineString", "coordinates": [[77.4315622, 23.2465958], [77.4316462, 23.2465236], [77.4318543, 23.2463222], [77.43242, 23.2456964], [77.4325383, 23.2455798], [77.4326144, 23.2455048], [77.4327459, 23.2453751], [77.4328397, 23.2452531], [77.4328875, 23.2451556], [77.4329123, 23.2450775], [77.4329317, 23.2450109], [77.4329477, 23.24491], [77.4329406, 23.2447426], [77.4329173, 23.2445952], [77.432893, 23.2444758], [77.4328328, 23.2442282], [77.4327543, 23.2439186], [77.4327311, 23.2438272], [77.4325329, 23.2431826], [77.4325014, 23.2430743], [77.4324763, 23.2429991], [77.4323158, 23.2424945], [77.4320542, 23.2415683], [77.4319848, 23.2413819], [77.4318158, 23.2408002], [77.4316086, 23.2401466], [77.4315034, 23.2397476], [77.431378, 23.2393701], [77.4312253, 23.2388135], [77.4311823, 23.2386566], [77.4310331, 23.2381128], [77.4309726, 23.2379138], [77.4308789, 23.2376049], [77.4307232, 23.2371217], [77.4304506, 23.236236], [77.4302982, 23.2357244], [77.4302432, 23.2355038], [77.4302016, 23.235261], [77.4301909, 23.2350712], [77.4301949, 23.2349492], [77.4302177, 23.234667], [77.430262, 23.234423], [77.4302982, 23.2342616], [77.4303129, 23.2339633]]}, "properties": {"kind": "road", "name": "", "osm_id": 960814102, "osm_type": "way", "highway": "primary"}}, {"type": "Feature", "geometry": {"type": "LineString", "coordinates": [[77.4265501, 23.2531026], [77.4264511, 23.2531277], [77.4261639, 23.2530789], [77.4258106, 23.2530054], [77.4256432, 23.2529598], [77.4255566, 23.2529051], [77.4255153, 23.2528687], [77.4253447, 23.2527179], [77.424997, 23.2523242], [77.4249853, 23.2523071], [77.4247771, 23.252059]]}, "properties": {"kind": "road", "name": "", "osm_id": 960956264, "osm_type": "way", "highway": "primary"}}, {"type": "Feature", "geometry": {"type": "LineString", "coordinates": [[77.4265605, 23.2531003], [77.4267289, 23.2531241], [77.4267925, 23.2531225], [77.4269995, 23.2531111], [77.4271811, 23.2530825], [77.4273639, 23.2530537], [77.4278194, 23.2529737], [77.4282119, 23.2528994], [77.4282748, 23.2528875], [77.428373, 23.252869], [77.4285347, 23.2528335], [77.4285973, 23.2528198], [77.4288848, 23.2527525], [77.4289761, 23.2527312], [77.4294301, 23.2526068], [77.4294697, 23.2525955], [77.4298075, 23.2524884], [77.4306085, 23.2522259]]}, "properties": {"kind": "road", "name": "", "osm_id": 960956267, "osm_type": "way", "highway": "primary"}}, {"type": "Feature", "geometry": {"type": "LineString", "coordinates": [[77.3224624, 23.3137185], [77.3224017, 23.3136378]]}, "properties": {"kind": "road", "name": "", "osm_id": 961469736, "osm_type": "way", "highway": "trunk"}}, {"type": "Feature", "geometry": {"type": "LineString", "coordinates": [[77.3175062, 23.3176534], [77.3178749, 23.3173189], [77.3179552, 23.3172472], [77.3180138, 23.3171901], [77.3193938, 23.3160715], [77.3201847, 23.3154726], [77.3221565, 23.3140637], [77.3225459, 23.3137867], [77.3225925, 23.3137541]]}, "properties": {"kind": "road", "name": "", "osm_id": 961469737, "osm_type": "way", "highway": "primary"}}, {"type": "Feature", "geometry": {"type": "LineString", "coordinates": [[77.404734, 23.3139922], [77.4046575, 23.3146847], [77.4045951, 23.3152438], [77.4045227, 23.3164756], [77.4045177, 23.3166015], [77.4045102, 23.3167873], [77.4044936, 23.3169183], [77.4044595, 23.3173901], [77.4042817, 23.3189546], [77.4042515, 23.3192519], [77.4041978, 23.319906], [77.4041525, 23.3207002], [77.4041447, 23.3207864], [77.4041117, 23.3212855], [77.4040922, 23.3215628], [77.4040436, 23.3226555], [77.4040368, 23.322741], [77.4040226, 23.3233998], [77.4040259, 23.3236588], [77.404067, 23.3238635]]}, "properties": {"kind": "road", "name": "", "osm_id": 962134828, "osm_type": "way", "highway": "primary"}}, {"type": "Feature", "geometry": {"type": "LineString", "coordinates": [[77.404067, 23.3238635], [77.4041332, 23.3236416], [77.4041473, 23.3233991], [77.4041264, 23.3230277], [77.4042068, 23.3215431], [77.404208, 23.3215168], [77.4042011, 23.3211919], [77.4042241, 23.3208279], [77.4043082, 23.320103], [77.4043307, 23.3199152], [77.4043702, 23.3193902], [77.4043744, 23.3193503], [77.4043875, 23.3192252], [77.4044712, 23.3184241], [77.4044753, 23.3183846], [77.4044864, 23.3182947], [77.4045489, 23.317786], [77.4045547, 23.3177392], [77.404575, 23.3173902], [77.4046006, 23.3170642], [77.4046039, 23.3170229], [77.4046148, 23.3167681], [77.4046242, 23.3166115], [77.4046493, 23.3161944], [77.4046523, 23.3161454], [77.4047446, 23.3151929], [77.4047485, 23.3151531], [77.404835, 23.31423], [77.4048396, 23.3141817], [77.4048492, 23.314124], [77.404872, 23.3139871]]}, "properties": {"kind": "road", "name": "", "osm_id": 962134829, "osm_type": "way", "highway": "primary"}}, {"type": "Feature", "geometry": {"type": "LineString", "coordinates": [[77.4445323, 23.2080009], [77.4444824, 23.2080144], [77.444424, 23.2080446], [77.4443463, 23.2081078], [77.4442352, 23.2084458], [77.4438662, 23.2095376], [77.443854, 23.2095761], [77.4437742, 23.2098273], [77.443564, 23.210489], [77.4434697, 23.2107797], [77.4434371, 23.2108935], [77.4433619, 23.2113294], [77.4433082, 23.2114847], [77.4432127, 23.2117081]]}, "properties": {"kind": "road", "name": "", "osm_id": 962264370, "osm_type": "way", "highway": "primary"}}, {"type": "Feature", "geometry": {"type": "LineString", "coordinates": [[77.4446834, 23.2080366], [77.4447535, 23.2078611], [77.4450011, 23.2071505], [77.4451669, 23.2066536], [77.4461047, 23.2040436], [77.4462298, 23.2036795], [77.4470206, 23.2015908], [77.4475311, 23.2002013], [77.4476781, 23.1997647], [77.4478042, 23.1994108], [77.4481451, 23.1984051], [77.4487453, 23.1966694], [77.4491658, 23.1954829], [77.4495663, 23.1943086], [77.4497656, 23.1937312], [77.4502246, 23.1924721], [77.4502994, 23.1922358], [77.4505897, 23.1914475], [77.4507852, 23.1908763], [77.4508807, 23.1905885]]}, "properties": {"kind": "road", "name": "", "osm_id": 962264371, "osm_type": "way", "highway": "primary"}}, {"type": "Feature", "geometry": {"type": "LineString", "coordinates": [[77.4174521, 23.279076], [77.4171018, 23.2790909], [77.4170474, 23.2790873], [77.4170062, 23.2790775], [77.4169815, 23.279069], [77.4169651, 23.2790588], [77.4169412, 23.2790405], [77.4169231, 23.2789989], [77.4169127, 23.2789499]]}, "properties": {"kind": "road", "name": "", "osm_id": 963623212, "osm_type": "way", "highway": "primary"}}, {"type": "Feature", "geometry": {"type": "LineString", "coordinates": [[77.4174763, 23.279107], [77.4176035, 23.2792592], [77.4176531, 23.2793048], [77.4178167, 23.2795245], [77.418077, 23.2797977], [77.4183299, 23.2800618], [77.4183783, 23.2801049], [77.4188437, 23.2806126], [77.4191133, 23.2809468], [77.4191835, 23.2810317], [77.4193967, 23.2812896], [77.4194662, 23.2813876], [77.420054, 23.2821234], [77.4202612, 23.2823827], [77.4206418, 23.2828636], [77.4216561, 23.2841451], [77.4223304, 23.284997], [77.4230697, 23.2859309], [77.4239712, 23.2870195], [77.4240109, 23.2870674], [77.4241991, 23.287306], [77.4251936, 23.2886017], [77.4252927, 23.2887139], [77.4256728, 23.2891894], [77.4271896, 23.2910869], [77.4274636, 23.2914428], [77.4277904, 23.2918674], [77.4281195, 23.292383], [77.4283875, 23.2927953], [77.4287002, 23.2932313], [77.4288369, 23.2934334], [77.4301673, 23.2954365], [77.4304917, 23.2959423], [77.4307001, 23.2962191], [77.4315014, 23.2974421], [77.4317202, 23.2977761], [77.4318005, 23.2978986], [77.4321227, 23.2983904], [77.4323239, 23.2986966], [77.4323874, 23.2987941], [77.43339, 23.3003349], [77.4335551, 23.3005756], [77.4338866, 23.3010556], [77.4342137, 23.3015725]]}, "properties": {"kind": "road", "name": "Bhopal Sanchi Road", "osm_id": 963623213, "osm_type": "way", "highway": "primary"}}, {"type": "Feature", "geometry": {"type": "LineString", "coordinates": [[77.416902, 23.2788362], [77.4168808, 23.2786541], [77.4168603, 23.2785178], [77.4168115, 23.2783279]]}, "properties": {"kind": "road", "name": "", "osm_id": 963623214, "osm_type": "way", "highway": "primary"}}, {"type": "Feature", "geometry": {"type": "LineString", "coordinates": [[77.4169127, 23.2789499], [77.416902, 23.2788362]]}, "properties": {"kind": "road", "name": "", "osm_id": 963623215, "osm_type": "way", "highway": "primary"}}, {"type": "Feature", "geometry": {"type": "LineString", "coordinates": [[77.4167529, 23.2782439], [77.4167414, 23.278348], [77.4168432, 23.2788375]]}, "properties": {"kind": "road", "name": "Bhopal Sanchi Road", "osm_id": 963623217, "osm_type": "way", "highway": "primary"}}, {"type": "Feature", "geometry": {"type": "LineString", "coordinates": [[77.3937007, 23.2315136], [77.3937453, 23.232008]]}, "properties": {"kind": "road", "name": "", "osm_id": 963627367, "osm_type": "way", "highway": "primary_link"}}, {"type": "Feature", "geometry": {"type": "LineString", "coordinates": [[77.3938595, 23.2321016], [77.3942259, 23.2320929], [77.3944248, 23.232103]]}, "properties": {"kind": "road", "name": "", "osm_id": 963627368, "osm_type": "way", "highway": "primary_link"}}, {"type": "Feature", "geometry": {"type": "LineString", "coordinates": [[77.4131186, 23.2721659], [77.413353, 23.2725726]]}, "properties": {"kind": "road", "name": "Bhopal Sanchi Road", "osm_id": 964818577, "osm_type": "way", "highway": "primary"}}, {"type": "Feature", "geometry": {"type": "LineString", "coordinates": [[77.4048813, 23.2652755], [77.4058606, 23.2658814], [77.4061911, 23.2660999], [77.4062742, 23.266163], [77.4063296, 23.2661995], [77.4075879, 23.2670283], [77.4085277, 23.2676299], [77.4085816, 23.2676644], [77.4086158, 23.2676863], [77.4088737, 23.2678699]]}, "properties": {"kind": "road", "name": "Bhopal Sanchi Road", "osm_id": 964818578, "osm_type": "way", "highway": "primary"}}, {"type": "Feature", "geometry": {"type": "LineString", "coordinates": [[77.2736849, 23.2773874], [77.2738017, 23.2772771]]}, "properties": {"kind": "road", "name": "", "osm_id": 966185205, "osm_type": "way", "highway": "trunk_link"}}, {"type": "Feature", "geometry": {"type": "LineString", "coordinates": [[77.2708936, 23.2743719], [77.2710016, 23.2743153]]}, "properties": {"kind": "road", "name": "", "osm_id": 966185794, "osm_type": "way", "highway": "trunk_link"}}, {"type": "Feature", "geometry": {"type": "LineString", "coordinates": [[77.468251, 23.2694617], [77.468325, 23.269507]]}, "properties": {"kind": "road", "name": "", "osm_id": 967745985, "osm_type": "way", "highway": "primary_link"}}, {"type": "Feature", "geometry": {"type": "LineString", "coordinates": [[77.3975351, 23.2439786], [77.3974671, 23.2439574], [77.397393, 23.2439205], [77.3973117, 23.2438609], [77.3972674, 23.2437953]]}, "properties": {"kind": "road", "name": "", "osm_id": 967820185, "osm_type": "way", "highway": "primary_link"}}, {"type": "Feature", "geometry": {"type": "LineString", "coordinates": [[77.4089085, 23.2548595], [77.4089978, 23.2551199], [77.4103196, 23.256792], [77.410426, 23.2570966], [77.4104578, 23.257626], [77.4104651, 23.2577486], [77.4104592, 23.2578405], [77.4104021, 23.2587376], [77.4104274, 23.25881], [77.4104999, 23.2590177], [77.4105868, 23.2592346]]}, "properties": {"kind": "road", "name": "", "osm_id": 967820193, "osm_type": "way", "highway": "primary"}}, {"type": "Feature", "geometry": {"type": "LineString", "coordinates": [[77.398014, 23.254713], [77.3982339, 23.2546969], [77.3983429, 23.2547228], [77.3984168, 23.2547761], [77.398586, 23.254934]]}, "properties": {"kind": "road", "name": "", "osm_id": 967840327, "osm_type": "way", "highway": "primary_link"}}, {"type": "Feature", "geometry": {"type": "LineString", "coordinates": [[77.3984967, 23.2540152], [77.3984308, 23.2540823], [77.398377, 23.2541312], [77.3983273, 23.2542021], [77.398087, 23.254459]]}, "properties": {"kind": "road", "name": "", "osm_id": 967840328, "osm_type": "way", "highway": "primary_link"}}, {"type": "Feature", "geometry": {"type": "LineString", "coordinates": [[77.4035331, 23.2923752], [77.4035425, 23.2925302], [77.4035514, 23.2926196], [77.4035846, 23.2930468], [77.4036047, 23.2932166], [77.4036253, 23.29339], [77.4036001, 23.293879], [77.40362, 23.2944911], [77.4036316, 23.29461], [77.4036443, 23.2948162], [77.4036489, 23.294891], [77.4036607, 23.2950845], [77.4037055, 23.2956842], [77.4037105, 23.295923], [77.403722, 23.2962537], [77.4037725, 23.2965748], [77.4037789, 23.2967669], [77.4038305, 23.2972455], [77.403839, 23.2973243], [77.4038556, 23.2974735], [77.4038862, 23.2979122], [77.4039815, 23.2987715], [77.4040009, 23.2989752], [77.4040165, 23.2991587], [77.40404, 23.2993676], [77.404067, 23.2995977], [77.404072, 23.2996707], [77.4040761, 23.2999687], [77.4041019, 23.3002589], [77.4041558, 23.3007213], [77.40418, 23.3010285], [77.4042168, 23.301439], [77.4042927, 23.3022396], [77.4043211, 23.3025249]]}, "properties": {"kind": "road", "name": "Berasia Road", "osm_id": 968081963, "osm_type": "way", "highway": "primary"}}, {"type": "Feature", "geometry": {"type": "LineString", "coordinates": [[77.4033804, 23.27875], [77.4033805, 23.278772], [77.4033882, 23.2787928], [77.4034028, 23.2788102], [77.4034227, 23.2788224], [77.4034458, 23.2788281], [77.4034703, 23.2788266], [77.4034929, 23.2788178], [77.4035111, 23.2788026], [77.4035228, 23.2787828], [77.4035268, 23.2787605], [77.4035227, 23.2787383], [77.4035107, 23.2787185], [77.4034924, 23.2787035], [77.4034697, 23.2786948], [77.4034452, 23.2786935], [77.4034221, 23.2786993], [77.403414, 23.2787044], [77.4034024, 23.2787117], [77.4033879, 23.2787292], [77.4033835, 23.2787414], [77.4033804, 23.27875]]}, "properties": {"kind": "road", "name": "", "osm_id": 968081964, "osm_type": "way", "highway": "primary"}}, {"type": "Feature", "geometry": {"type": "LineString", "coordinates": [[77.4034697, 23.2786948], [77.4032971, 23.2776232], [77.4031876, 23.277071], [77.4030889, 23.2766105], [77.4030783, 23.2765604], [77.4030239, 23.2763116]]}, "properties": {"kind": "road", "name": "Berasia Road", "osm_id": 968081965, "osm_type": "way", "highway": "primary"}}, {"type": "Feature", "geometry": {"type": "LineString", "coordinates": [[77.4030239, 23.2763116], [77.4029777, 23.2761176]]}, "properties": {"kind": "road", "name": "Berasia Road", "osm_id": 968081966, "osm_type": "way", "highway": "primary"}}, {"type": "Feature", "geometry": {"type": "LineString", "coordinates": [[77.4029777, 23.2761176], [77.4028766, 23.2757623], [77.4027446, 23.2753425], [77.4024896, 23.2745876], [77.4022006, 23.2734375], [77.4020097, 23.2726725], [77.4018513, 23.2722256], [77.4015971, 23.2715483], [77.4015885, 23.271525], [77.4013467, 23.2708705], [77.4012322, 23.2704756], [77.4011478, 23.2701848], [77.401132, 23.2700851], [77.4009474, 23.269268], [77.4008122, 23.2685631], [77.4007802, 23.2679655], [77.4006995, 23.2667961], [77.400691, 23.2666884], [77.4006896, 23.2666596], [77.4006754, 23.2663745], [77.4006362, 23.2662904]]}, "properties": {"kind": "road", "name": "Berasia Road", "osm_id": 968081967, "osm_type": "way", "highway": "primary"}}, {"type": "Feature", "geometry": {"type": "LineString", "coordinates": [[77.4006754, 23.2663745], [77.4008401, 23.2663143], [77.4012722, 23.2661564], [77.4015587, 23.2660517], [77.4016285, 23.266027], [77.4026181, 23.2656937], [77.4045281, 23.2650002], [77.4058154, 23.2645398], [77.4061537, 23.2644505], [77.4067636, 23.2643498], [77.407521, 23.2643245], [77.4078232, 23.2643204], [77.4082634, 23.2643171], [77.4085717, 23.2643118], [77.4086294, 23.2643113], [77.4098667, 23.264299], [77.4109932, 23.2642885], [77.4110575, 23.2642783], [77.4110814, 23.2642673], [77.4111008, 23.2642559], [77.4111252, 23.2642332]]}, "properties": {"kind": "road", "name": "Hamidia Rd", "osm_id": 968081968, "osm_type": "way", "highway": "primary"}}, {"type": "Feature", "geometry": {"type": "LineString", "coordinates": [[77.4012722, 23.2661564], [77.4012509, 23.2661035]]}, "properties": {"kind": "road", "name": "", "osm_id": 968081970, "osm_type": "way", "highway": "primary_link"}}, {"type": "Feature", "geometry": {"type": "LineString", "coordinates": [[77.4004774, 23.2663497], [77.4002372, 23.2664817]]}, "properties": {"kind": "road", "name": "", "osm_id": 968107064, "osm_type": "way", "highway": "primary"}}, {"type": "Feature", "geometry": {"type": "LineString", "coordinates": [[77.4002372, 23.2664817], [77.400537, 23.2664333]]}, "properties": {"kind": "road", "name": "", "osm_id": 968107067, "osm_type": "way", "highway": "primary"}}, {"type": "Feature", "geometry": {"type": "LineString", "coordinates": [[77.3796342, 23.214618], [77.3794485, 23.2143911]]}, "properties": {"kind": "road", "name": "", "osm_id": 1062683994, "osm_type": "way", "highway": "primary"}}, {"type": "Feature", "geometry": {"type": "LineString", "coordinates": [[77.4098667, 23.264299], [77.4098725, 23.2642277]]}, "properties": {"kind": "road", "name": "", "osm_id": 1076827192, "osm_type": "way", "highway": "primary_link"}}, {"type": "Feature", "geometry": {"type": "LineString", "coordinates": [[77.4868006, 23.1386926], [77.4869793, 23.1384686], [77.4872152, 23.1381736], [77.4874847, 23.1378122], [77.4877119, 23.1375058], [77.4882307, 23.1367697], [77.4885941, 23.1363543], [77.4886894, 23.1362454], [77.4899136, 23.1346473], [77.4907214, 23.1335928], [77.4908355, 23.1334447], [77.4921521, 23.1316666], [77.4931809, 23.1302584], [77.4936803, 23.129558], [77.494358, 23.1286592], [77.4944002, 23.1286032], [77.4952593, 23.1274638], [77.4953241, 23.1273709], [77.496127, 23.1262204], [77.497445, 23.1243613], [77.49834, 23.1231541], [77.4985613, 23.1228697], [77.4993915, 23.1217387]]}, "properties": {"kind": "road", "name": "", "osm_id": 1095784715, "osm_type": "way", "highway": "trunk"}}, {"type": "Feature", "geometry": {"type": "LineString", "coordinates": [[77.4867691, 23.1384576], [77.4864532, 23.1386706], [77.4858236, 23.1395079], [77.4852928, 23.1402045], [77.4851686, 23.1403791], [77.4848906, 23.1407782], [77.4843608, 23.1415525], [77.4842482, 23.1417005]]}, "properties": {"kind": "road", "name": "", "osm_id": 1095784718, "osm_type": "way", "highway": "trunk"}}, {"type": "Feature", "geometry": {"type": "LineString", "coordinates": [[77.4738102, 23.1554893], [77.4736863, 23.15565], [77.4729558, 23.1565462], [77.472778, 23.1567644], [77.4727707, 23.1567743], [77.4726226, 23.1569758], [77.4721375, 23.1576206]]}, "properties": {"kind": "road", "name": "", "osm_id": 1095784719, "osm_type": "way", "highway": "primary"}}, {"type": "Feature", "geometry": {"type": "LineString", "coordinates": [[77.4728275, 23.1569305], [77.4728846, 23.156854], [77.4728944, 23.1568409], [77.4730742, 23.1566369], [77.4732493, 23.1564383], [77.4738964, 23.155704], [77.4740716, 23.155444], [77.4817509, 23.1453316], [77.4823894, 23.1444828], [77.4829549, 23.1437311]]}, "properties": {"kind": "road", "name": "", "osm_id": 1096388615, "osm_type": "way", "highway": "primary"}}, {"type": "Feature", "geometry": {"type": "LineString", "coordinates": [[77.4828115, 23.1437103], [77.4821635, 23.1445837], [77.4791344, 23.1486663], [77.4738102, 23.1554893]]}, "properties": {"kind": "road", "name": "", "osm_id": 1096388617, "osm_type": "way", "highway": "primary"}}, {"type": "Feature", "geometry": {"type": "LineString", "coordinates": [[77.4845046, 23.1418437], [77.484594, 23.1417235], [77.4846654, 23.1416276], [77.4851765, 23.1409585], [77.4855332, 23.1404915], [77.4862214, 23.1395905], [77.4864433, 23.1393005], [77.4867482, 23.1389021], [77.4867765, 23.1387891], [77.4868006, 23.1386926]]}, "properties": {"kind": "road", "name": "", "osm_id": 1096388618, "osm_type": "way", "highway": "trunk"}}, {"type": "Feature", "geometry": {"type": "LineString", "coordinates": [[77.2730438, 23.2769239], [77.2736849, 23.2773874], [77.2739342, 23.2775431], [77.2753813, 23.2783496]]}, "properties": {"kind": "road", "name": "Bhopal Bypass Rd", "osm_id": 1105211164, "osm_type": "way", "highway": "trunk"}}, {"type": "Feature", "geometry": {"type": "LineString", "coordinates": [[77.361673, 23.204256], [77.361276, 23.2042199], [77.3608593, 23.2041736]]}, "properties": {"kind": "road", "name": "", "osm_id": 1125783377, "osm_type": "way", "highway": "primary"}}, {"type": "Feature", "geometry": {"type": "LineString", "coordinates": [[77.4730742, 23.1566369], [77.4729558, 23.1565462]]}, "properties": {"kind": "road", "name": "", "osm_id": 1130878564, "osm_type": "way", "highway": "primary_link"}}, {"type": "Feature", "geometry": {"type": "LineString", "coordinates": [[77.3533525, 23.2971675], [77.3532052, 23.2967685]]}, "properties": {"kind": "road", "name": "", "osm_id": 1189128756, "osm_type": "way", "highway": "primary"}}, {"type": "Feature", "geometry": {"type": "LineString", "coordinates": [[77.3532052, 23.2967685], [77.3531406, 23.2967807]]}, "properties": {"kind": "road", "name": "", "osm_id": 1189128760, "osm_type": "way", "highway": "primary"}}, {"type": "Feature", "geometry": {"type": "LineString", "coordinates": [[77.4603709, 23.1743244], [77.460064, 23.1748054], [77.4595399, 23.1756581], [77.4589693, 23.1765717], [77.4583623, 23.1775123], [77.4575709, 23.178772], [77.4573061, 23.1791813], [77.4571096, 23.1795025], [77.4563691, 23.1806539]]}, "properties": {"kind": "road", "name": "", "osm_id": 1189514315, "osm_type": "way", "highway": "primary"}}, {"type": "Feature", "geometry": {"type": "LineString", "coordinates": [[77.4565248, 23.1807144], [77.4568948, 23.1801179], [77.4574503, 23.1792451], [77.4578292, 23.1786903], [77.4578892, 23.1785896], [77.4586087, 23.1774505]]}, "properties": {"kind": "road", "name": "", "osm_id": 1189514317, "osm_type": "way", "highway": "primary"}}, {"type": "Feature", "geometry": {"type": "LineString", "coordinates": [[77.4152982, 23.2768926], [77.4153371, 23.276915], [77.4155939, 23.2771497], [77.4161549, 23.2776852], [77.4162367, 23.2777578], [77.416448, 23.2779453], [77.4166153, 23.278102], [77.4167529, 23.2782439], [77.4168115, 23.2783279]]}, "properties": {"kind": "road", "name": "Bhopal Sanchi Road", "osm_id": 1195527889, "osm_type": "way", "highway": "primary"}}, {"type": "Feature", "geometry": {"type": "LineString", "coordinates": [[77.4149814, 23.2766735], [77.4150923, 23.2767657], [77.415133, 23.2768245], [77.4152982, 23.2768926]]}, "properties": {"kind": "road", "name": "Bhopal Sanchi Road", "osm_id": 1195527890, "osm_type": "way", "highway": "primary"}}, {"type": "Feature", "geometry": {"type": "LineString", "coordinates": [[77.4265605, 23.2531003], [77.4265501, 23.2531026]]}, "properties": {"kind": "road", "name": "", "osm_id": 1204666264, "osm_type": "way", "highway": "primary"}}, {"type": "Feature", "geometry": {"type": "LineString", "coordinates": [[77.4321095, 23.2471806], [77.4315513, 23.2478646], [77.4314308, 23.2480393], [77.4313791, 23.2481444], [77.4313448, 23.248271], [77.4310347, 23.2497605], [77.4309547, 23.2502027], [77.4309634, 23.2503589], [77.4310009, 23.2504378], [77.4309852, 23.2505148], [77.4309547, 23.2506841], [77.4309125, 23.2508722], [77.4307289, 23.2517406], [77.4307113, 23.2518151], [77.4306726, 23.2519109], [77.4306513, 23.251956], [77.4306352, 23.2519942]]}, "properties": {"kind": "road", "name": "", "osm_id": 1207062863, "osm_type": "way", "highway": "primary"}}, {"type": "Feature", "geometry": {"type": "LineString", "coordinates": [[77.427569, 23.2487553], [77.4276955, 23.2487233], [77.4284097, 23.2483465], [77.428638, 23.248224], [77.4291616, 23.2479431], [77.430534, 23.2471996]]}, "properties": {"kind": "road", "name": "", "osm_id": 1207062864, "osm_type": "way", "highway": "primary"}}, {"type": "Feature", "geometry": {"type": "LineString", "coordinates": [[77.4314713, 23.2464885], [77.4315622, 23.2465958]]}, "properties": {"kind": "road", "name": "", "osm_id": 1207062865, "osm_type": "way", "highway": "primary_link"}}, {"type": "Feature", "geometry": {"type": "LineString", "coordinates": [[77.430534, 23.2471996], [77.431232, 23.2467879], [77.4312689, 23.2467723], [77.4314621, 23.2466644], [77.4315622, 23.2465958]]}, "properties": {"kind": "road", "name": "", "osm_id": 1209712376, "osm_type": "way", "highway": "primary"}}, {"type": "Feature", "geometry": {"type": "LineString", "coordinates": [[77.4304672, 23.2471209], [77.4303413, 23.2471928], [77.4301507, 23.2473004], [77.4295171, 23.2476356], [77.4290017, 23.2479082], [77.4285359, 23.2481648], [77.4276648, 23.2486678], [77.427569, 23.2487553]]}, "properties": {"kind": "road", "name": "", "osm_id": 1209712377, "osm_type": "way", "highway": "primary"}}, {"type": "Feature", "geometry": {"type": "LineString", "coordinates": [[77.3434018, 23.1934693], [77.343686, 23.1935502], [77.3447419, 23.193852], [77.3449754, 23.1939235], [77.345086, 23.1939573], [77.3453246, 23.1940286], [77.3457199, 23.1941258], [77.3465095, 23.19432], [77.3468483, 23.1944115], [77.348359, 23.1948139], [77.3485178, 23.1948562], [77.3486825, 23.1949085], [77.348839, 23.1949758], [77.3489711, 23.195058], [77.3490667, 23.1951458], [77.3491988, 23.1952953], [77.3500872, 23.1962251], [77.3502396, 23.1963846], [77.350388, 23.1965397], [77.3514917, 23.1977653], [77.351769, 23.1980707], [77.3521991, 23.1985445], [77.353067, 23.1995227], [77.3536342, 23.2001288], [77.3548029, 23.2014315], [77.3550124, 23.2016609], [77.3552482, 23.2018388], [77.3552848, 23.2018664], [77.3554027, 23.2019312], [77.3562552, 23.2023989], [77.3563745, 23.2024601], [77.3565776, 23.2025644], [77.3573176, 23.2029444], [77.3578786, 23.2032658], [77.358895, 23.2038076], [77.3590129, 23.2038829], [77.3592628, 23.2039904], [77.3593198, 23.204015], [77.3595637, 23.2041084], [77.3599377, 23.2041831], [77.3603667, 23.2042149], [77.3606923, 23.2042469], [77.3614869, 23.2043252], [77.362039, 23.2043783], [77.3624176, 23.2044136]]}, "properties": {"kind": "road", "name": "", "osm_id": 1209725177, "osm_type": "way", "highway": "primary"}}, {"type": "Feature", "geometry": {"type": "LineString", "coordinates": [[77.3624291, 23.204318], [77.361673, 23.204256]]}, "properties": {"kind": "road", "name": "", "osm_id": 1209725178, "osm_type": "way", "highway": "primary"}}, {"type": "Feature", "geometry": {"type": "LineString", "coordinates": [[77.357578, 23.2029844], [77.3571801, 23.2027763], [77.357037, 23.2026979], [77.3568039, 23.2025635], [77.3566357, 23.2024764], [77.3564295, 23.2023696], [77.356321, 23.2023134], [77.3556054, 23.2019404], [77.3554214, 23.2018346], [77.3553309, 23.2017809], [77.3552042, 23.2016954], [77.3550435, 23.2015586], [77.3549014, 23.2013882], [77.3548701, 23.2013576], [77.3543349, 23.2007573], [77.3531952, 23.19952], [77.3523757, 23.1986256], [77.3518342, 23.1980443], [77.3517685, 23.1979691], [77.3508506, 23.196952], [77.3502815, 23.196317], [77.3501551, 23.196183], [77.3497992, 23.1957963], [77.3493801, 23.1953478], [77.3491267, 23.195067], [77.3490191, 23.194976], [77.348906, 23.1949107], [77.3486839, 23.1948196], [77.3483614, 23.1947362], [77.3481179, 23.1946733], [77.3473797, 23.1944764], [77.3468453, 23.1943339], [77.3468169, 23.1943268], [77.3458169, 23.1940528], [77.3453635, 23.1939374], [77.3452446, 23.1939057], [77.3449367, 23.1938215], [77.3438717, 23.1935385], [77.343579, 23.193455], [77.34342, 23.1934168]]}, "properties": {"kind": "road", "name": "", "osm_id": 1209725179, "osm_type": "way", "highway": "primary"}}, {"type": "Feature", "geometry": {"type": "LineString", "coordinates": [[77.400537, 23.2664333], [77.4006754, 23.2663745]]}, "properties": {"kind": "road", "name": "Hamidia Rd", "osm_id": 1213211052, "osm_type": "way", "highway": "primary"}}, {"type": "Feature", "geometry": {"type": "LineString", "coordinates": [[77.4460082, 23.280751], [77.4455195, 23.2808429], [77.4451283, 23.2809445], [77.4446695, 23.2811585], [77.4443338, 23.2813632], [77.4441012, 23.2815418], [77.4437694, 23.2818718]]}, "properties": {"kind": "road", "name": "Ayodhya Bypass Road", "osm_id": 1238257573, "osm_type": "way", "highway": "primary"}}, {"type": "Feature", "geometry": {"type": "LineString", "coordinates": [[77.4957199, 23.2493325], [77.495723, 23.2492604]]}, "properties": {"kind": "road", "name": "", "osm_id": 1262806722, "osm_type": "way", "highway": "primary_link"}}, {"type": "Feature", "geometry": {"type": "LineString", "coordinates": [[77.4952332, 23.2492423], [77.4952325, 23.2493155]]}, "properties": {"kind": "road", "name": "", "osm_id": 1262806723, "osm_type": "way", "highway": "primary_link"}}, {"type": "Feature", "geometry": {"type": "LineString", "coordinates": [[77.441929, 23.218644], [77.4420704, 23.2186353]]}, "properties": {"kind": "road", "name": "", "osm_id": 1263645166, "osm_type": "way", "highway": "primary_link"}}, {"type": "Feature", "geometry": {"type": "LineString", "coordinates": [[77.4418823, 23.2325865], [77.4419626, 23.2325008], [77.4420243, 23.2324478], [77.4420967, 23.2323985], [77.4421678, 23.2323516], [77.4422391, 23.2323097]]}, "properties": {"kind": "road", "name": "", "osm_id": 1263646411, "osm_type": "way", "highway": "primary_link"}}, {"type": "Feature", "geometry": {"type": "LineString", "coordinates": [[77.3705477, 23.2612694], [77.3704449, 23.2613168]]}, "properties": {"kind": "road", "name": "VIP road", "osm_id": 1263665995, "osm_type": "way", "highway": "primary"}}, {"type": "Feature", "geometry": {"type": "LineString", "coordinates": [[77.3705477, 23.2612694], [77.3705495, 23.2612914], [77.3705592, 23.2613116], [77.3705758, 23.2613276], [77.3705955, 23.2613371], [77.3706175, 23.2613404], [77.3706395, 23.2613373], [77.3706593, 23.261328], [77.370675, 23.2613135], [77.370685, 23.2612952], [77.3706861, 23.2612885], [77.3706883, 23.261275], [77.3706846, 23.2612549], [77.3706742, 23.2612368], [77.3706566, 23.2612216], [77.3706346, 23.2612128], [77.3706106, 23.2612113], [77.3705875, 23.2612172], [77.3705679, 23.26123], [77.3705541, 23.2612481], [77.3705477, 23.2612694]]}, "properties": {"kind": "road", "name": "", "osm_id": 1263665997, "osm_type": "way", "highway": "primary"}}, {"type": "Feature", "geometry": {"type": "LineString", "coordinates": [[77.4111252, 23.2642332], [77.4111522, 23.2641862], [77.411157, 23.264167], [77.4111604, 23.2640444], [77.4111238, 23.2639982]]}, "properties": {"kind": "road", "name": "", "osm_id": 1263674906, "osm_type": "way", "highway": "primary"}}, {"type": "Feature", "geometry": {"type": "LineString", "coordinates": [[77.3697565, 23.2069543], [77.369168, 23.2061906], [77.3687723, 23.205625], [77.3683924, 23.205172], [77.3683439, 23.2051142], [77.3681839, 23.2050031], [77.3680284, 23.2049323], [77.3678044, 23.2048593], [77.3676482, 23.2048168], [77.3674322, 23.2047755], [77.3669956, 23.2047197], [77.366755, 23.2046895], [77.3657061, 23.2045977], [77.3656834, 23.2045957], [77.3655018, 23.2045801], [77.3648251, 23.2045216], [77.3642196, 23.2044693], [77.3641978, 23.2044672], [77.3641386, 23.2044613], [77.3640672, 23.2044542], [77.3638659, 23.2044343], [77.3636671, 23.2044167], [77.3636386, 23.2044142], [77.3632712, 23.2043818], [77.36322, 23.2043772], [77.3625022, 23.2043262], [77.3624291, 23.204318]]}, "properties": {"kind": "road", "name": "", "osm_id": 1263683744, "osm_type": "way", "highway": "primary"}}, {"type": "Feature", "geometry": {"type": "LineString", "coordinates": [[77.3640541, 23.2045633], [77.3640672, 23.2044542]]}, "properties": {"kind": "road", "name": "", "osm_id": 1263683746, "osm_type": "way", "highway": "primary_link"}}, {"type": "Feature", "geometry": {"type": "LineString", "coordinates": [[77.3624176, 23.2044136], [77.3626026, 23.2044389], [77.3631027, 23.2044792], [77.3631587, 23.2044802], [77.3632713, 23.2044896], [77.3633879, 23.2045059], [77.363645, 23.204531], [77.363708, 23.2045389], [77.3640541, 23.2045633], [77.364162, 23.2045709], [77.3642582, 23.204583], [77.3648116, 23.2046345]]}, "properties": {"kind": "road", "name": "", "osm_id": 1263683748, "osm_type": "way", "highway": "primary"}}, {"type": "Feature", "geometry": {"type": "LineString", "coordinates": [[77.3709951, 23.2085448], [77.3709695, 23.2085054], [77.3698496, 23.2070783]]}, "properties": {"kind": "road", "name": "", "osm_id": 1263683749, "osm_type": "way", "highway": "primary"}}, {"type": "Feature", "geometry": {"type": "LineString", "coordinates": [[77.3698496, 23.2070783], [77.3698069, 23.2070233], [77.3697565, 23.2069543]]}, "properties": {"kind": "road", "name": "", "osm_id": 1263683750, "osm_type": "way", "highway": "primary"}}, {"type": "Feature", "geometry": {"type": "LineString", "coordinates": [[77.3709945, 23.2088008], [77.3710412, 23.2087885], [77.3710805, 23.2087624], [77.371108, 23.2087256], [77.3711201, 23.2086824], [77.371118, 23.2086609], [77.3711156, 23.2086379], [77.371095, 23.2085975], [77.3710606, 23.208566], [77.3710167, 23.208547], [77.3709951, 23.2085448], [77.3709729, 23.2085426], [77.3709299, 23.2085508], [77.3708917, 23.2085708], [77.370862, 23.2086007], [77.3708438, 23.2086375], [77.3708389, 23.2086776], [77.3708476, 23.2087172], [77.3708692, 23.2087524], [77.3709015, 23.2087798], [77.370946, 23.2087978], [77.3709945, 23.2088008]]}, "properties": {"kind": "road", "name": "", "osm_id": 1263687702, "osm_type": "way", "highway": "primary"}}, {"type": "Feature", "geometry": {"type": "LineString", "coordinates": [[77.3541402, 23.273867], [77.3541374, 23.2737931], [77.3541375, 23.2737306]]}, "properties": {"kind": "road", "name": "", "osm_id": 1263693753, "osm_type": "way", "highway": "primary_link"}}, {"type": "Feature", "geometry": {"type": "LineString", "coordinates": [[77.3431482, 23.2968446], [77.3432046, 23.2968968]]}, "properties": {"kind": "road", "name": "", "osm_id": 1263695576, "osm_type": "way", "highway": "primary_link"}}, {"type": "Feature", "geometry": {"type": "LineString", "coordinates": [[77.3424199, 23.2978876], [77.3424522, 23.2977459]]}, "properties": {"kind": "road", "name": "", "osm_id": 1263695577, "osm_type": "way", "highway": "primary_link"}}, {"type": "Feature", "geometry": {"type": "LineString", "coordinates": [[77.4487109, 23.2802381], [77.4486821, 23.2801197]]}, "properties": {"kind": "road", "name": "", "osm_id": 1263695739, "osm_type": "way", "highway": "primary_link"}}, {"type": "Feature", "geometry": {"type": "LineString", "coordinates": [[77.4489001, 23.2801904], [77.4488675, 23.2800779]]}, "properties": {"kind": "road", "name": "", "osm_id": 1263696276, "osm_type": "way", "highway": "primary_link"}}, {"type": "Feature", "geometry": {"type": "LineString", "coordinates": [[77.377739, 23.3013014], [77.37773, 23.3013919]]}, "properties": {"kind": "road", "name": "", "osm_id": 1263711359, "osm_type": "way", "highway": "primary_link"}}, {"type": "Feature", "geometry": {"type": "LineString", "coordinates": [[77.3781215, 23.3014294], [77.3781253, 23.3013379]]}, "properties": {"kind": "road", "name": "", "osm_id": 1263711360, "osm_type": "way", "highway": "primary_link"}}, {"type": "Feature", "geometry": {"type": "LineString", "coordinates": [[77.3697422, 23.2730753], [77.3699012, 23.2730432]]}, "properties": {"kind": "road", "name": "Lal Ghati Sqaure", "osm_id": 1263990496, "osm_type": "way", "highway": "primary"}}, {"type": "Feature", "geometry": {"type": "LineString", "coordinates": [[77.3699012, 23.2730432], [77.3698146, 23.272804]]}, "properties": {"kind": "road", "name": "Lal Ghati Sqaure", "osm_id": 1263990497, "osm_type": "way", "highway": "primary"}}, {"type": "Feature", "geometry": {"type": "LineString", "coordinates": [[77.3696556, 23.2728297], [77.3697422, 23.2730753]]}, "properties": {"kind": "road", "name": "Lal Ghati Sqaure", "osm_id": 1263990498, "osm_type": "way", "highway": "primary"}}, {"type": "Feature", "geometry": {"type": "LineString", "coordinates": [[77.3696848, 23.2733131], [77.3697866, 23.2732779]]}, "properties": {"kind": "road", "name": "", "osm_id": 1263990499, "osm_type": "way", "highway": "primary_link"}}, {"type": "Feature", "geometry": {"type": "LineString", "coordinates": [[77.4586087, 23.1774505], [77.4589032, 23.1769621], [77.4594534, 23.1760675], [77.4598688, 23.1754044], [77.4605, 23.1744171]]}, "properties": {"kind": "road", "name": "", "osm_id": 1263991281, "osm_type": "way", "highway": "primary"}}, {"type": "Feature", "geometry": {"type": "LineString", "coordinates": [[77.3546224, 23.2864605], [77.353759, 23.2873418], [77.3532148, 23.2878327], [77.3522745, 23.2886268], [77.3519272, 23.2889391], [77.3518131, 23.289065], [77.3517509, 23.289176], [77.3517299, 23.2892642], [77.3517161, 23.2893655]]}, "properties": {"kind": "road", "name": "", "osm_id": 1264025932, "osm_type": "way", "highway": "primary"}}, {"type": "Feature", "geometry": {"type": "LineString", "coordinates": [[77.3615938, 23.2800131], [77.3613575, 23.2802258], [77.3605699, 23.280954]]}, "properties": {"kind": "road", "name": "", "osm_id": 1264025933, "osm_type": "way", "highway": "primary"}}, {"type": "Feature", "geometry": {"type": "LineString", "coordinates": [[77.3599203, 23.2817329], [77.3604288, 23.2812379], [77.3609912, 23.2807139], [77.3621477, 23.2796959], [77.3623448, 23.2795129], [77.3624209, 23.2794499]]}, "properties": {"kind": "road", "name": "Airport Road", "osm_id": 1264025934, "osm_type": "way", "highway": "primary"}}, {"type": "Feature", "geometry": {"type": "LineString", "coordinates": [[77.3526736, 23.2884672], [77.3532423, 23.2879418], [77.3533728, 23.2878202], [77.3537839, 23.2874375], [77.3538907, 23.2873381], [77.3551863, 23.2861372], [77.3552979, 23.2860384], [77.3554781, 23.2858826]]}, "properties": {"kind": "road", "name": "Airport Road", "osm_id": 1264025935, "osm_type": "way", "highway": "primary"}}, {"type": "Feature", "geometry": {"type": "LineString", "coordinates": [[77.4867691, 23.1384576], [77.4865796, 23.1387111], [77.4863516, 23.1390164]]}, "properties": {"kind": "road", "name": "", "osm_id": 1264034170, "osm_type": "way", "highway": "primary"}}, {"type": "Feature", "geometry": {"type": "LineString", "coordinates": [[77.4863516, 23.1390164], [77.4861855, 23.1392387], [77.4859278, 23.1395791], [77.4853931, 23.1402859], [77.4852706, 23.1404383], [77.4828115, 23.1437103]]}, "properties": {"kind": "road", "name": "", "osm_id": 1264034171, "osm_type": "way", "highway": "primary"}}, {"type": "Feature", "geometry": {"type": "LineString", "coordinates": [[77.4864379, 23.1391487], [77.4867613, 23.1387418], [77.4868006, 23.1386926]]}, "properties": {"kind": "road", "name": "", "osm_id": 1264034172, "osm_type": "way", "highway": "primary"}}, {"type": "Feature", "geometry": {"type": "LineString", "coordinates": [[77.4829549, 23.1437311], [77.4850888, 23.1408947], [77.485426, 23.1404492], [77.4863487, 23.139261], [77.4864379, 23.1391487]]}, "properties": {"kind": "road", "name": "", "osm_id": 1264034173, "osm_type": "way", "highway": "primary"}}, {"type": "Feature", "geometry": {"type": "LineString", "coordinates": [[77.404792, 23.3072031], [77.4047355, 23.3066304], [77.4047322, 23.306597], [77.4046508, 23.3058664], [77.4046458, 23.3058207], [77.4046329, 23.3056656], [77.4045807, 23.3050383], [77.404578, 23.3050058], [77.4045487, 23.3046743], [77.4045454, 23.3046369], [77.4045272, 23.3043539], [77.4045014, 23.3039494], [77.404487, 23.3037244], [77.404473, 23.303543], [77.404452, 23.3032698], [77.4044265, 23.3028817]]}, "properties": {"kind": "road", "name": "", "osm_id": 1264382640, "osm_type": "way", "highway": "primary"}}, {"type": "Feature", "geometry": {"type": "LineString", "coordinates": [[77.4993915, 23.1217387], [77.499962, 23.1209615], [77.5010204, 23.1195777], [77.501163, 23.1193873], [77.502154, 23.1180718], [77.5027, 23.1173423], [77.5033177, 23.116546], [77.5039188, 23.1157623], [77.5042341, 23.1154635], [77.5046273, 23.115256], [77.5059207, 23.1147163], [77.5062373, 23.1145904], [77.5071601, 23.1141754], [77.507587, 23.113865], [77.5078146, 23.1136145], [77.5079986, 23.1133015]]}, "properties": {"kind": "road", "name": "", "osm_id": 1264396410, "osm_type": "way", "highway": "trunk"}}, {"type": "Feature", "geometry": {"type": "LineString", "coordinates": [[77.5139458, 23.1014619], [77.5136251, 23.1018573], [77.5132916, 23.1023046], [77.5130066, 23.1026868], [77.5127449, 23.1030377], [77.5126241, 23.1031997], [77.5124134, 23.1034824], [77.5123552, 23.1035604], [77.5120781, 23.1039319], [77.5114944, 23.1047147], [77.511113, 23.1052217], [77.5109669, 23.1054187], [77.5106281, 23.1058661], [77.5100347, 23.1066497]]}, "properties": {"kind": "road", "name": "", "osm_id": 1264396412, "osm_type": "way", "highway": "trunk"}}, {"type": "Feature", "geometry": {"type": "LineString", "coordinates": [[77.5102021, 23.1066854], [77.5111721, 23.1053618], [77.511255, 23.1052629], [77.5121987, 23.1039769], [77.512306, 23.103849], [77.5125457, 23.1035222], [77.5127558, 23.1032435], [77.5140611, 23.1015233]]}, "properties": {"kind": "road", "name": "", "osm_id": 1264396413, "osm_type": "way", "highway": "trunk"}}, {"type": "Feature", "geometry": {"type": "LineString", "coordinates": [[77.5100347, 23.1066497], [77.5098975, 23.1068309], [77.5098901, 23.1068406], [77.5098156, 23.106939]]}, "properties": {"kind": "road", "name": "", "osm_id": 1264399814, "osm_type": "way", "highway": "trunk"}}, {"type": "Feature", "geometry": {"type": "LineString", "coordinates": [[77.5099533, 23.107025], [77.5100357, 23.1069125], [77.5102021, 23.1066854]]}, "properties": {"kind": "road", "name": "", "osm_id": 1264399816, "osm_type": "way", "highway": "trunk"}}, {"type": "Feature", "geometry": {"type": "LineString", "coordinates": [[77.5079986, 23.1133015], [77.5081399, 23.1130611], [77.5083188, 23.1124516], [77.5084204, 23.111887], [77.508518, 23.111229], [77.5088595, 23.1091649], [77.50914, 23.1083423], [77.5094977, 23.1076392], [77.5098758, 23.1071307], [77.5099533, 23.107025]]}, "properties": {"kind": "road", "name": "", "osm_id": 1264399819, "osm_type": "way", "highway": "trunk"}}, {"type": "Feature", "geometry": {"type": "LineString", "coordinates": [[77.5100357, 23.1069125], [77.5101772, 23.1068763]]}, "properties": {"kind": "road", "name": "", "osm_id": 1264399821, "osm_type": "way", "highway": "trunk_link"}}, {"type": "Feature", "geometry": {"type": "LineString", "coordinates": [[77.3510182, 23.2962715], [77.3513375, 23.2963666], [77.3516293, 23.2964743], [77.3518079, 23.2965503], [77.3526468, 23.2969965], [77.3528037, 23.2970654], [77.3532544, 23.2973008]]}, "properties": {"kind": "road", "name": "", "osm_id": 1264403720, "osm_type": "way", "highway": "primary"}}, {"type": "Feature", "geometry": {"type": "LineString", "coordinates": [[77.3510368, 23.2962004], [77.3510182, 23.2962715]]}, "properties": {"kind": "road", "name": "", "osm_id": 1264403721, "osm_type": "way", "highway": "primary_link"}}, {"type": "Feature", "geometry": {"type": "LineString", "coordinates": [[77.3531406, 23.2967807], [77.353085, 23.296772], [77.3528158, 23.2967145], [77.3522994, 23.2964648], [77.3518875, 23.2962614], [77.3515048, 23.2961292], [77.3509566, 23.2959785]]}, "properties": {"kind": "road", "name": "", "osm_id": 1264403722, "osm_type": "way", "highway": "primary"}}, {"type": "Feature", "geometry": {"type": "LineString", "coordinates": [[77.3509566, 23.2959785], [77.3509327, 23.2960512]]}, "properties": {"kind": "road", "name": "", "osm_id": 1264403723, "osm_type": "way", "highway": "primary_link"}}, {"type": "Feature", "geometry": {"type": "LineString", "coordinates": [[77.3514621, 23.2961954], [77.3509327, 23.2960512]]}, "properties": {"kind": "road", "name": "Airport Road Flyover", "osm_id": 1264403724, "osm_type": "way", "highway": "primary"}}, {"type": "Feature", "geometry": {"type": "LineString", "coordinates": [[77.3544951, 23.2944288], [77.3544961, 23.2945793], [77.3544877, 23.2948349], [77.3544717, 23.2949768], [77.3544393, 23.2951578], [77.3544168, 23.295243], [77.354297, 23.2955788], [77.3541908, 23.2958025]]}, "properties": {"kind": "road", "name": "Airport Road Flyover", "osm_id": 1264403725, "osm_type": "way", "highway": "primary"}}, {"type": "Feature", "geometry": {"type": "LineString", "coordinates": [[77.3543122, 23.2958368], [77.3543999, 23.295661], [77.3544746, 23.2954606], [77.3545009, 23.2953794], [77.3545428, 23.2952294], [77.3546002, 23.2949217], [77.3546158, 23.2947431], [77.3546206, 23.2945847]]}, "properties": {"kind": "road", "name": "Airport Road Flyover", "osm_id": 1264403726, "osm_type": "way", "highway": "primary"}}, {"type": "Feature", "geometry": {"type": "LineString", "coordinates": [[77.3544276, 23.2942938], [77.354486, 23.2942889]]}, "properties": {"kind": "road", "name": "", "osm_id": 1264403727, "osm_type": "way", "highway": "primary_link"}}, {"type": "Feature", "geometry": {"type": "LineString", "coordinates": [[77.4445323, 23.2080009], [77.4446834, 23.2080366]]}, "properties": {"kind": "road", "name": "", "osm_id": 1264411050, "osm_type": "way", "highway": "primary_link"}}, {"type": "Feature", "geometry": {"type": "LineString", "coordinates": [[77.442035, 23.2218939], [77.4419968, 23.2237272], [77.4419957, 23.2237805], [77.4419893, 23.2240962], [77.441955, 23.2257863]]}, "properties": {"kind": "road", "name": "", "osm_id": 1288259316, "osm_type": "way", "highway": "primary"}}, {"type": "Feature", "geometry": {"type": "LineString", "coordinates": [[77.4431232, 23.2119115], [77.4430577, 23.2120673], [77.443022, 23.2121518], [77.4429968, 23.2122113], [77.4429408, 23.2123811]]}, "properties": {"kind": "road", "name": "", "osm_id": 1288259317, "osm_type": "way", "highway": "primary"}}, {"type": "Feature", "geometry": {"type": "LineString", "coordinates": [[77.4430411, 23.2123883], [77.4431075, 23.2122333], [77.4431249, 23.212193], [77.4431266, 23.2121891], [77.4431615, 23.2121089], [77.4432393, 23.2119396]]}, "properties": {"kind": "road", "name": "", "osm_id": 1288259318, "osm_type": "way", "highway": "primary"}}, {"type": "Feature", "geometry": {"type": "LineString", "coordinates": [[77.4420295, 23.2211559], [77.4420308, 23.2212012], [77.4420407, 23.221562], [77.442035, 23.2218939]]}, "properties": {"kind": "road", "name": "", "osm_id": 1288259319, "osm_type": "way", "highway": "primary"}}, {"type": "Feature", "geometry": {"type": "LineString", "coordinates": [[77.4420967, 23.2257887], [77.4421383, 23.2237331], [77.4421522, 23.2230508], [77.4421599, 23.2226902], [77.4421757, 23.2218985]]}, "properties": {"kind": "road", "name": "", "osm_id": 1288259320, "osm_type": "way", "highway": "primary"}}, {"type": "Feature", "geometry": {"type": "LineString", "coordinates": [[77.4006896, 23.2666596], [77.4007522, 23.2664831], [77.4008401, 23.2663143]]}, "properties": {"kind": "road", "name": "", "osm_id": 1304608322, "osm_type": "way", "highway": "primary_link"}}, {"type": "Feature", "geometry": {"type": "LineString", "coordinates": [[77.4127535, 23.3028144], [77.4127587, 23.3027253]]}, "properties": {"kind": "road", "name": "", "osm_id": 1304796848, "osm_type": "way", "highway": "primary_link"}}, {"type": "Feature", "geometry": {"type": "LineString", "coordinates": [[77.4122658, 23.3027702], [77.4122726, 23.3026894]]}, "properties": {"kind": "road", "name": "", "osm_id": 1304797183, "osm_type": "way", "highway": "primary_link"}}, {"type": "Feature", "geometry": {"type": "LineString", "coordinates": [[77.4293839, 23.2997737], [77.4299092, 23.2995991]]}, "properties": {"kind": "road", "name": "Ayodhya Bypass Road", "osm_id": 1317503988, "osm_type": "way", "highway": "primary"}}, {"type": "Feature", "geometry": {"type": "LineString", "coordinates": [[77.4299092, 23.2995991], [77.4300761, 23.299533]]}, "properties": {"kind": "road", "name": "Ayodhya Bypass Road Flyover", "osm_id": 1317503989, "osm_type": "way", "highway": "primary"}}, {"type": "Feature", "geometry": {"type": "LineString", "coordinates": [[77.4349894, 23.2972434], [77.4346644, 23.297411]]}, "properties": {"kind": "road", "name": "Ayodhya Bypass Road Flyover", "osm_id": 1317503990, "osm_type": "way", "highway": "primary"}}, {"type": "Feature", "geometry": {"type": "LineString", "coordinates": [[77.4353299, 23.2971456], [77.4355702, 23.2969104], [77.4356924, 23.2967609], [77.4357415, 23.2966979]]}, "properties": {"kind": "road", "name": "Ayodhya Bypass Road", "osm_id": 1317503991, "osm_type": "way", "highway": "primary"}}, {"type": "Feature", "geometry": {"type": "LineString", "coordinates": [[77.3903079, 23.2618119], [77.3905514, 23.2617915], [77.3905864, 23.2617859]]}, "properties": {"kind": "road", "name": "Main road Flyover", "osm_id": 1317504762, "osm_type": "way", "highway": "primary"}}, {"type": "Feature", "geometry": {"type": "LineString", "coordinates": [[77.3905154, 23.2616991], [77.3903041, 23.2617163]]}, "properties": {"kind": "road", "name": "Main road Flyover", "osm_id": 1317504763, "osm_type": "way", "highway": "primary"}}, {"type": "Feature", "geometry": {"type": "LineString", "coordinates": [[77.3857708, 23.2623227], [77.3853089, 23.2624651]]}, "properties": {"kind": "road", "name": "Main road Flyover", "osm_id": 1317504764, "osm_type": "way", "highway": "primary"}}, {"type": "Feature", "geometry": {"type": "LineString", "coordinates": [[77.3853466, 23.2625382], [77.38576, 23.2624054]]}, "properties": {"kind": "road", "name": "Main road Flyover", "osm_id": 1317504765, "osm_type": "way", "highway": "primary"}}, {"type": "Feature", "geometry": {"type": "LineString", "coordinates": [[77.4459897, 23.2110595], [77.4460594, 23.2110599], [77.4461823, 23.2110551]]}, "properties": {"kind": "road", "name": "Habibganj Overbridge Ramp", "osm_id": 1317511431, "osm_type": "way", "highway": "primary_link"}}, {"type": "Feature", "geometry": {"type": "LineString", "coordinates": [[77.4443464, 23.2090008], [77.4446373, 23.2081324], [77.4446834, 23.2080366]]}, "properties": {"kind": "road", "name": "Habibganj Overbridge", "osm_id": 1317511432, "osm_type": "way", "highway": "primary"}}, {"type": "Feature", "geometry": {"type": "LineString", "coordinates": [[77.4445323, 23.2080009], [77.4444879, 23.2081341], [77.4442171, 23.2089816]]}, "properties": {"kind": "road", "name": "Habibganj Overbridge", "osm_id": 1317511433, "osm_type": "way", "highway": "primary"}}, {"type": "Feature", "geometry": {"type": "LineString", "coordinates": [[77.4410076, 23.2160466], [77.4410458, 23.2158753], [77.4410872, 23.2156898]]}, "properties": {"kind": "road", "name": "Habibganj Overbridge", "osm_id": 1317512246, "osm_type": "way", "highway": "primary"}}, {"type": "Feature", "geometry": {"type": "LineString", "coordinates": [[77.4409875, 23.2156745], [77.4409156, 23.2160461]]}, "properties": {"kind": "road", "name": "Habibganj Overbridge", "osm_id": 1317512247, "osm_type": "way", "highway": "primary"}}, {"type": "Feature", "geometry": {"type": "LineString", "coordinates": [[77.4409156, 23.2160461], [77.4409072, 23.2160951], [77.4408867, 23.2161916]]}, "properties": {"kind": "road", "name": "Habibganj Overbridge", "osm_id": 1317512248, "osm_type": "way", "highway": "primary"}}, {"type": "Feature", "geometry": {"type": "LineString", "coordinates": [[77.4409894, 23.2161216], [77.4410076, 23.2160466]]}, "properties": {"kind": "road", "name": "Habibganj Overbridge", "osm_id": 1317512249, "osm_type": "way", "highway": "primary"}}, {"type": "Feature", "geometry": {"type": "LineString", "coordinates": [[77.4412556, 23.2145238], [77.4411611, 23.2149842], [77.4409875, 23.2156745]]}, "properties": {"kind": "road", "name": "Habibganj Overbridge", "osm_id": 1317512250, "osm_type": "way", "highway": "primary"}}, {"type": "Feature", "geometry": {"type": "LineString", "coordinates": [[77.4410872, 23.2156898], [77.4413445, 23.2145369]]}, "properties": {"kind": "road", "name": "Habibganj Overbridge", "osm_id": 1317512251, "osm_type": "way", "highway": "primary"}}, {"type": "Feature", "geometry": {"type": "LineString", "coordinates": [[77.3701209, 23.2742188], [77.3701304, 23.2741524], [77.3701384, 23.2740852], [77.3701274, 23.2739403], [77.370119, 23.2738745], [77.3700996, 23.2737975], [77.3700362, 23.2735903]]}, "properties": {"kind": "road", "name": "", "osm_id": 1317513838, "osm_type": "way", "highway": "primary"}}, {"type": "Feature", "geometry": {"type": "LineString", "coordinates": [[77.3693588, 23.2750379], [77.3693035, 23.2750858]]}, "properties": {"kind": "road", "name": "Airport Road Flyover", "osm_id": 1317513839, "osm_type": "way", "highway": "primary"}}, {"type": "Feature", "geometry": {"type": "LineString", "coordinates": [[77.3624209, 23.2794499], [77.3625949, 23.2793056]]}, "properties": {"kind": "road", "name": "Airport Road Flyover", "osm_id": 1317513840, "osm_type": "way", "highway": "primary"}}, {"type": "Feature", "geometry": {"type": "LineString", "coordinates": [[77.3625097, 23.2792136], [77.3621737, 23.2794911], [77.3615938, 23.2800131]]}, "properties": {"kind": "road", "name": "Airport Road Flyover", "osm_id": 1317513841, "osm_type": "way", "highway": "primary"}}, {"type": "Feature", "geometry": {"type": "LineString", "coordinates": [[77.3598602, 23.2817913], [77.3599203, 23.2817329]]}, "properties": {"kind": "road", "name": "Airport Road Flyover", "osm_id": 1317514119, "osm_type": "way", "highway": "primary"}}, {"type": "Feature", "geometry": {"type": "LineString", "coordinates": [[77.3605699, 23.280954], [77.3603992, 23.2811077], [77.3601234, 23.2813703], [77.3599891, 23.2814982]]}, "properties": {"kind": "road", "name": "Airport Road Flyover", "osm_id": 1317514120, "osm_type": "way", "highway": "primary"}}, {"type": "Feature", "geometry": {"type": "LineString", "coordinates": [[77.3554781, 23.2858826], [77.3555967, 23.2857741]]}, "properties": {"kind": "road", "name": "Airport Road Flyover", "osm_id": 1317514121, "osm_type": "way", "highway": "primary"}}, {"type": "Feature", "geometry": {"type": "LineString", "coordinates": [[77.3546963, 23.286393], [77.3546224, 23.2864605]]}, "properties": {"kind": "road", "name": "Airport Road Flyover", "osm_id": 1317514122, "osm_type": "way", "highway": "primary"}}, {"type": "Feature", "geometry": {"type": "LineString", "coordinates": [[77.3510368, 23.2962004], [77.3513298, 23.2962836]]}, "properties": {"kind": "road", "name": "Airport Road Flyover", "osm_id": 1317516148, "osm_type": "way", "highway": "primary"}}, {"type": "Feature", "geometry": {"type": "LineString", "coordinates": [[77.354486, 23.2942889], [77.3544951, 23.2944288]]}, "properties": {"kind": "road", "name": "Airport Road Flyover", "osm_id": 1317516149, "osm_type": "way", "highway": "primary"}}, {"type": "Feature", "geometry": {"type": "LineString", "coordinates": [[77.3518543, 23.2892988], [77.3518948, 23.2891834], [77.3519799, 23.2890574], [77.352066, 23.2889731], [77.3521862, 23.2888718], [77.3524357, 23.2886675], [77.3526736, 23.2884672]]}, "properties": {"kind": "road", "name": "Airport Road Flyover", "osm_id": 1317516150, "osm_type": "way", "highway": "primary"}}, {"type": "Feature", "geometry": {"type": "LineString", "coordinates": [[77.4524164, 23.2792976], [77.4508332, 23.2796656], [77.4504657, 23.2797654], [77.4503973, 23.2798073], [77.450286, 23.2798504], [77.4502082, 23.2798812], [77.4501117, 23.2799144], [77.4499977, 23.2799366], [77.4498864, 23.2799477], [77.4498166, 23.2799378], [77.4497522, 23.2799391], [77.4496208, 23.279944], [77.4488675, 23.2800779], [77.4486821, 23.2801197], [77.4486401, 23.2801292], [77.4471859, 23.2804807], [77.4465065, 23.2806268], [77.4460082, 23.280751]]}, "properties": {"kind": "road", "name": "Ayodhya Bypass Road", "osm_id": 1318099786, "osm_type": "way", "highway": "primary"}}, {"type": "Feature", "geometry": {"type": "LineString", "coordinates": [[77.4524935, 23.2792738], [77.4524164, 23.2792976]]}, "properties": {"kind": "road", "name": "Ayodhya Bypass Road", "osm_id": 1318099788, "osm_type": "way", "highway": "primary"}}, {"type": "Feature", "geometry": {"type": "LineString", "coordinates": [[77.4119386, 23.2540181], [77.411944, 23.2540016], [77.4119431, 23.2539843], [77.4119361, 23.2539684], [77.4119238, 23.2539554], [77.4119074, 23.2539469], [77.4118896, 23.2539438], [77.4118717, 23.2539461], [77.4118554, 23.2539536], [77.4118427, 23.2539654], [77.4118346, 23.2539803], [77.4118322, 23.2539968], [77.4118357, 23.2540132], [77.4118447, 23.2540277], [77.4118582, 23.2540388], [77.4118755, 23.2540455], [77.4118942, 23.2540466], [77.4119122, 23.2540419], [77.4119196, 23.2540372], [77.4119276, 23.2540321], [77.4119386, 23.2540181]]}, "properties": {"kind": "road", "name": "", "osm_id": 1333668196, "osm_type": "way", "highway": "primary"}}, {"type": "Feature", "geometry": {"type": "LineString", "coordinates": [[77.414054, 23.2522862], [77.4139787, 23.2523616], [77.4137303, 23.2525653], [77.4133589, 23.2528564], [77.4123372, 23.2536125], [77.4118896, 23.2539438]]}, "properties": {"kind": "road", "name": "Sultania Road", "osm_id": 1333668197, "osm_type": "way", "highway": "primary"}}, {"type": "Feature", "geometry": {"type": "LineString", "coordinates": [[77.411944, 23.2540016], [77.4124134, 23.2537147], [77.412646, 23.2535623], [77.4128091, 23.2534484], [77.4131352, 23.2532262], [77.4132078, 23.2531707], [77.4132384, 23.2531479], [77.4134798, 23.2529718], [77.4135576, 23.2529099], [77.4135721, 23.2528975], [77.4139422, 23.2525757], [77.4141761, 23.2523724], [77.4141923, 23.2523481]]}, "properties": {"kind": "road", "name": "Sultania Road", "osm_id": 1333668198, "osm_type": "way", "highway": "primary"}}, {"type": "Feature", "geometry": {"type": "LineString", "coordinates": [[77.4034703, 23.2788266], [77.4035998, 23.2796667], [77.4036448, 23.2803915], [77.4036666, 23.2806566], [77.4036948, 23.280999], [77.4037165, 23.281598], [77.4036357, 23.2822133], [77.4035077, 23.2829465], [77.4034144, 23.2834913], [77.4033096, 23.2841828], [77.4032295, 23.284587], [77.4031917, 23.2849357], [77.4031604, 23.2851942], [77.4031525, 23.2852741], [77.4031324, 23.2854913], [77.403129, 23.2855389]]}, "properties": {"kind": "road", "name": "Berasia Road", "osm_id": 1338624694, "osm_type": "way", "highway": "primary"}}, {"type": "Feature", "geometry": {"type": "LineString", "coordinates": [[77.4098212, 23.2686069], [77.4105815, 23.2691149], [77.41092, 23.2693269], [77.4111504, 23.2694955], [77.4114798, 23.2697644], [77.4116515, 23.2699064], [77.4118431, 23.2700991], [77.4119708, 23.2702976], [77.4120857, 23.2704761], [77.4125946, 23.2712888], [77.4128044, 23.2716209], [77.4131186, 23.2721659]]}, "properties": {"kind": "road", "name": "Bhopal Sanchi Road", "osm_id": 1356376926, "osm_type": "way", "highway": "primary"}}, {"type": "Feature", "geometry": {"type": "LineString", "coordinates": [[77.4088737, 23.2678699], [77.4089548, 23.267994], [77.4090256, 23.2680703], [77.4091378, 23.2681495], [77.4092262, 23.2681996], [77.4093265, 23.2682366]]}, "properties": {"kind": "road", "name": "", "osm_id": 1356376927, "osm_type": "way", "highway": "primary"}}, {"type": "Feature", "geometry": {"type": "LineString", "coordinates": [[77.4093265, 23.2682366], [77.4092894, 23.268146], [77.4092113, 23.2680525], [77.4091062, 23.2679667], [77.4089839, 23.267892], [77.4088737, 23.2678699]]}, "properties": {"kind": "road", "name": "", "osm_id": 1356376928, "osm_type": "way", "highway": "primary"}}, {"type": "Feature", "geometry": {"type": "LineString", "coordinates": [[77.4098067, 23.2684891], [77.4097786, 23.2684706], [77.4097453, 23.2684616], [77.4097107, 23.2684632], [77.4096786, 23.2684751], [77.4096531, 23.2684954], [77.4096361, 23.2685221], [77.4096292, 23.2685524], [77.4096333, 23.2685832], [77.4096479, 23.2686111], [77.4096714, 23.2686333], [77.4097015, 23.2686473], [77.4097348, 23.2686518], [77.409768, 23.2686463], [77.4097982, 23.2686307], [77.4098212, 23.2686069], [77.4098344, 23.2685775], [77.4098363, 23.2685457], [77.4098267, 23.2685151], [77.4098067, 23.2684891]]}, "properties": {"kind": "road", "name": "", "osm_id": 1356376929, "osm_type": "way", "highway": "primary"}}, {"type": "Feature", "geometry": {"type": "LineString", "coordinates": [[77.4093265, 23.2682366], [77.4096531, 23.2684954]]}, "properties": {"kind": "road", "name": "", "osm_id": 1356376930, "osm_type": "way", "highway": "primary"}}, {"type": "Feature", "geometry": {"type": "LineString", "coordinates": [[77.4044268, 23.2649332], [77.4045281, 23.2650002], [77.4046277, 23.2650967]]}, "properties": {"kind": "road", "name": "Bhopal Sanchi Road", "osm_id": 1356376932, "osm_type": "way", "highway": "primary"}}, {"type": "Feature", "geometry": {"type": "LineString", "coordinates": [[77.4046277, 23.2650967], [77.4046546, 23.2651464], [77.4047375, 23.2652124], [77.4048258, 23.2652648], [77.4048813, 23.2652755]]}, "properties": {"kind": "road", "name": "Bhopal Sanchi Road", "osm_id": 1356376933, "osm_type": "way", "highway": "primary"}}, {"type": "Feature", "geometry": {"type": "LineString", "coordinates": [[77.4048813, 23.2652755], [77.4048538, 23.2652211], [77.4047781, 23.2651595], [77.404696, 23.2651071], [77.4046277, 23.2650967]]}, "properties": {"kind": "road", "name": "", "osm_id": 1356376934, "osm_type": "way", "highway": "primary"}}, {"type": "Feature", "geometry": {"type": "LineString", "coordinates": [[77.517662, 23.0965485], [77.5170436, 23.0973397], [77.5163342, 23.0982914], [77.5163059, 23.0983294], [77.5162003, 23.0984655], [77.5159936, 23.0987377], [77.5158465, 23.0989315], [77.5156868, 23.0991418], [77.5153389, 23.0996], [77.5151351, 23.0998684], [77.5145915, 23.100613], [77.5144391, 23.1008176], [77.5143303, 23.1009637], [77.514079, 23.1013047], [77.5139458, 23.1014619]]}, "properties": {"kind": "road", "name": "", "osm_id": 1361623441, "osm_type": "way", "highway": "trunk"}}, {"type": "Feature", "geometry": {"type": "LineString", "coordinates": [[77.5140611, 23.1015233], [77.5144397, 23.1010243], [77.5145469, 23.100883], [77.5147086, 23.1006629], [77.5156548, 23.0993843], [77.5164665, 23.0982896], [77.5175791, 23.0968745], [77.5178002, 23.0966001]]}, "properties": {"kind": "road", "name": "", "osm_id": 1361623449, "osm_type": "way", "highway": "trunk"}}, {"type": "Feature", "geometry": {"type": "LineString", "coordinates": [[77.4197552, 23.3033388], [77.4197562, 23.3034273]]}, "properties": {"kind": "road", "name": "", "osm_id": 1365262504, "osm_type": "way", "highway": "primary_link"}}, {"type": "Feature", "geometry": {"type": "LineString", "coordinates": [[77.39678, 23.2445187], [77.3967565, 23.2445905], [77.3967673, 23.2446461], [77.3968005, 23.2447364], [77.3970736, 23.2453841], [77.3971698, 23.2456202], [77.3972175, 23.2457635], [77.3972373, 23.2458467], [77.3972576, 23.2459909], [77.3972597, 23.2460746], [77.3972595, 23.2461522], [77.3972482, 23.2462724], [77.3972265, 23.246384], [77.3971907, 23.2464989], [77.3971516, 23.2465993], [77.3971119, 23.2466895], [77.396794, 23.2472895], [77.396632, 23.2476498]]}, "properties": {"kind": "road", "name": "", "osm_id": 1416953871, "osm_type": "way", "highway": "primary"}}, {"type": "Feature", "geometry": {"type": "LineString", "coordinates": [[77.294286, 23.2896816], [77.2946687, 23.290047], [77.2949673, 23.2902925], [77.2953435, 23.2906506], [77.2955345, 23.2910815], [77.295648, 23.2913718], [77.2957468, 23.2917985], [77.295817, 23.292034], [77.2960032, 23.2936434], [77.2962644, 23.2957824], [77.2962709, 23.295836], [77.2964695, 23.2974824], [77.2966318, 23.2979381], [77.2971136, 23.2984577], [77.2980767, 23.2991937], [77.2991163, 23.2999994], [77.2995192, 23.3003298]]}, "properties": {"kind": "road", "name": "Bhopal Bypass Rd", "osm_id": 1418387882, "osm_type": "way", "highway": "trunk"}}, {"type": "Feature", "geometry": {"type": "LineString", "coordinates": [[77.2995985, 23.3002167], [77.297494, 23.2986161], [77.2968797, 23.2980616], [77.2967713, 23.297847], [77.2966597, 23.2976578], [77.2964375, 23.2958278], [77.2960942, 23.2932353], [77.2958469, 23.2913947], [77.2954932, 23.2905652], [77.2950984, 23.2901638], [77.2943394, 23.2895186]]}, "properties": {"kind": "road", "name": "Bhopal Bypass Rd", "osm_id": 1418387883, "osm_type": "way", "highway": "trunk"}}, {"type": "Feature", "geometry": {"type": "LineString", "coordinates": [[77.2943394, 23.2895186], [77.2940664, 23.2893034]]}, "properties": {"kind": "road", "name": "Bhopal Bypass Rd", "osm_id": 1418387884, "osm_type": "way", "highway": "trunk"}}, {"type": "Feature", "geometry": {"type": "LineString", "coordinates": [[77.2940025, 23.2894662], [77.294286, 23.2896816]]}, "properties": {"kind": "road", "name": "Bhopal Bypass Rd", "osm_id": 1418387885, "osm_type": "way", "highway": "trunk"}}, {"type": "Feature", "geometry": {"type": "LineString", "coordinates": [[77.4407722, 23.216649], [77.4408257, 23.2165486], [77.4409023, 23.2164001], [77.4409364, 23.216307], [77.4409684, 23.2162004], [77.4409894, 23.2161216]]}, "properties": {"kind": "road", "name": "", "osm_id": 1453517975, "osm_type": "way", "highway": "primary"}}, {"type": "Feature", "geometry": {"type": "LineString", "coordinates": [[77.4408867, 23.2161916], [77.4408732, 23.2162516], [77.4408641, 23.2162934], [77.4407519, 23.2165387]]}, "properties": {"kind": "road", "name": "", "osm_id": 1453517976, "osm_type": "way", "highway": "primary"}}, {"type": "Feature", "geometry": {"type": "LineString", "coordinates": [[77.4324924, 23.2314091], [77.4324347, 23.2314648], [77.4322604, 23.2316451], [77.4320894, 23.2318221], [77.4319569, 23.2319592], [77.4318668, 23.2320437], [77.4313155, 23.2326138], [77.4306603, 23.2333287], [77.4304685, 23.2335579], [77.4304005, 23.2336774]]}, "properties": {"kind": "road", "name": "", "osm_id": 1453517978, "osm_type": "way", "highway": "primary"}}, {"type": "Feature", "geometry": {"type": "LineString", "coordinates": [[77.4299785, 23.2354376], [77.429994, 23.2355462], [77.4300769, 23.2358821], [77.4301773, 23.2362097], [77.4302502, 23.2364774], [77.4304429, 23.2371091], [77.4304742, 23.237208], [77.4306775, 23.2378042], [77.430729, 23.2379615], [77.4309245, 23.2384844]]}, "properties": {"kind": "road", "name": "", "osm_id": 1453517983, "osm_type": "way", "highway": "primary"}}, {"type": "Feature", "geometry": {"type": "LineString", "coordinates": [[77.4311823, 23.2386566], [77.4310921, 23.2386172], [77.4310257, 23.2385605]]}, "properties": {"kind": "road", "name": "", "osm_id": 1453517984, "osm_type": "way", "highway": "primary"}}, {"type": "Feature", "geometry": {"type": "LineString", "coordinates": [[77.4310257, 23.2385605], [77.4309795, 23.2384453], [77.4307835, 23.2378707], [77.4306916, 23.2375864], [77.430557, 23.237169], [77.430279, 23.2362493], [77.4301172, 23.2357296], [77.4300618, 23.2354981]]}, "properties": {"kind": "road", "name": "", "osm_id": 1453517985, "osm_type": "way", "highway": "primary"}}, {"type": "Feature", "geometry": {"type": "LineString", "coordinates": [[77.4301094, 23.2339575], [77.4300165, 23.2341704], [77.429924, 23.2345154], [77.4298824, 23.2348682], [77.4298704, 23.235033], [77.4298738, 23.2353133], [77.4299129, 23.2355507], [77.4299361, 23.2356492], [77.4299857, 23.23585], [77.4301723, 23.2364952], [77.4303731, 23.2371315], [77.4306007, 23.2378265], [77.4307783, 23.2383295], [77.4308253, 23.2384462], [77.4309044, 23.2385993], [77.4309489, 23.2386848]]}, "properties": {"kind": "road", "name": "", "osm_id": 1453517986, "osm_type": "way", "highway": "primary"}}, {"type": "Feature", "geometry": {"type": "LineString", "coordinates": [[77.4328052, 23.2310586], [77.4323047, 23.2311153]]}, "properties": {"kind": "road", "name": "", "osm_id": 1476805531, "osm_type": "way", "highway": "primary_link"}}, {"type": "Feature", "geometry": {"type": "LineString", "coordinates": [[77.4820971, 23.1445352], [77.4821635, 23.1445837]]}, "properties": {"kind": "road", "name": "", "osm_id": 1476856438, "osm_type": "way", "highway": "primary_link"}}, {"type": "Feature", "geometry": {"type": "LineString", "coordinates": [[77.5146772, 23.2602781], [77.5147919, 23.2602078]]}, "properties": {"kind": "road", "name": "", "osm_id": 1476859370, "osm_type": "way", "highway": "trunk_link"}}, {"type": "Feature", "geometry": {"type": "LineString", "coordinates": [[77.4033006, 23.2883292], [77.40335, 23.288983], [77.4033538, 23.289065], [77.4033883, 23.2895488], [77.4034055, 23.2897802], [77.4034283, 23.2901577], [77.4034601, 23.2908959], [77.4034656, 23.2909849], [77.403504, 23.2916054], [77.4035134, 23.2918943], [77.4035331, 23.2923752]]}, "properties": {"kind": "road", "name": "Berasia Road", "osm_id": 1477354127, "osm_type": "way", "highway": "primary"}}, {"type": "Feature", "geometry": {"type": "LineString", "coordinates": [[77.403129, 23.2855389], [77.4031148, 23.2858232], [77.4031126, 23.285906], [77.4031113, 23.2861527], [77.4031157, 23.2862877], [77.403156, 23.2867954], [77.4032046, 23.2874287], [77.4032151, 23.2875453], [77.4032813, 23.2881133], [77.4032972, 23.2882852], [77.4033006, 23.2883292]]}, "properties": {"kind": "road", "name": "Berasia Road", "osm_id": 1477355446, "osm_type": "way", "highway": "primary"}}, {"type": "Feature", "geometry": {"type": "LineString", "coordinates": [[77.4558955, 23.2515081], [77.4560185, 23.2516004], [77.4560779, 23.2516735], [77.4561227, 23.2517401]]}, "properties": {"kind": "road", "name": "", "osm_id": 1484807142, "osm_type": "way", "highway": "primary"}}, {"type": "Feature", "geometry": {"type": "LineString", "coordinates": [[77.3563745, 23.2024601], [77.3564295, 23.2023696]]}, "properties": {"kind": "road", "name": "", "osm_id": 1512385595, "osm_type": "way", "highway": "primary_link"}}, {"type": "Feature", "geometry": {"type": "LineString", "coordinates": [[77.3565776, 23.2025644], [77.3566357, 23.2024764]]}, "properties": {"kind": "road", "name": "", "osm_id": 1512385596, "osm_type": "way", "highway": "primary_link"}}, {"type": "Feature", "geometry": {"type": "LineString", "coordinates": [[77.3325892, 23.306226], [77.3330684, 23.3058363], [77.3341947, 23.3049043], [77.334434, 23.3046964], [77.3352133, 23.3040342], [77.3353461, 23.3039152], [77.3354903, 23.3037974], [77.3357632, 23.3035667], [77.3363592, 23.3030712], [77.3365898, 23.3028726], [77.3370176, 23.3024991], [77.3384549, 23.3012449], [77.3393465, 23.3005037], [77.3406506, 23.2993416], [77.3408415, 23.2991805], [77.3409756, 23.2990601], [77.341279, 23.2987911], [77.3414789, 23.2986201], [77.3417484, 23.29839], [77.3418907, 23.2982685], [77.3420428, 23.2981271], [77.3423015, 23.2978855]]}, "properties": {"kind": "road", "name": "", "osm_id": 1527479842, "osm_type": "way", "highway": "primary"}}, {"type": "Feature", "geometry": {"type": "LineString", "coordinates": [[77.3325483, 23.3061499], [77.3318246, 23.306739], [77.3290683, 23.3089161], [77.3283143, 23.309531], [77.3281474, 23.3096583], [77.3264854, 23.3108762]]}, "properties": {"kind": "road", "name": "", "osm_id": 1527479844, "osm_type": "way", "highway": "primary"}}, {"type": "Feature", "geometry": {"type": "LineString", "coordinates": [[77.3264854, 23.3108762], [77.3261236, 23.3111389], [77.325259, 23.3117339], [77.3221864, 23.3139129], [77.3206068, 23.3150312], [77.3203792, 23.3151944], [77.3201301, 23.3153854], [77.3178518, 23.3172058], [77.3177947, 23.3172612], [77.3177515, 23.3173037], [77.3174361, 23.3176203]]}, "properties": {"kind": "road", "name": "", "osm_id": 1527479845, "osm_type": "way", "highway": "primary"}}, {"type": "Feature", "geometry": {"type": "LineString", "coordinates": [[77.3266027, 23.3109318], [77.3277176, 23.3100948], [77.3279136, 23.3099542], [77.3285784, 23.3094577], [77.3292701, 23.3088843], [77.3309406, 23.3075668], [77.3325892, 23.306226]]}, "properties": {"kind": "road", "name": "", "osm_id": 1527479847, "osm_type": "way", "highway": "primary"}}, {"type": "Feature", "geometry": {"type": "LineString", "coordinates": [[77.4303459, 23.2993267], [77.4298743, 23.2994886], [77.4297198, 23.2995364], [77.4293136, 23.299639]]}, "properties": {"kind": "road", "name": "Ayodhya Bypass Road Flyover", "osm_id": 1527505034, "osm_type": "way", "highway": "primary"}}, {"type": "Feature", "geometry": {"type": "LineString", "coordinates": [[77.4109656, 23.2614328], [77.4110008, 23.2623219], [77.4110021, 23.2628304], [77.4110136, 23.2628945], [77.411105, 23.2635837], [77.4111238, 23.2639982]]}, "properties": {"kind": "road", "name": "", "osm_id": 1527955533, "osm_type": "way", "highway": "primary"}}, {"type": "Feature", "geometry": {"type": "LineString", "coordinates": [[77.4013857, 23.2354038], [77.4014814, 23.2342138], [77.401486, 23.2341656], [77.4014933, 23.2341012], [77.4015032, 23.2339874], [77.4015374, 23.233581], [77.4015625, 23.2332824], [77.4015755, 23.2331934], [77.4015888, 23.2330259]]}, "properties": {"kind": "road", "name": "Subhash Yadav Marg", "osm_id": 1528105657, "osm_type": "way", "highway": "primary"}}, {"type": "Feature", "geometry": {"type": "LineString", "coordinates": [[77.4012541, 23.2370352], [77.4012835, 23.2366729], [77.4013031, 23.2364313], [77.4013049, 23.2364089], [77.4013857, 23.2354038]]}, "properties": {"kind": "road", "name": "Subhash Yadav Marg", "osm_id": 1528105665, "osm_type": "way", "highway": "primary"}}, {"type": "Feature", "geometry": {"type": "LineString", "coordinates": [[77.4011365, 23.2367614], [77.4011233, 23.2369046], [77.4010968, 23.2372033], [77.401091, 23.2372744], [77.401089, 23.2373964]]}, "properties": {"kind": "road", "name": "Subhash Yadav Marg", "osm_id": 1528479770, "osm_type": "way", "highway": "primary"}}, {"type": "Feature", "geometry": {"type": "LineString", "coordinates": [[77.4013743, 23.2341559], [77.4013709, 23.234209], [77.4012741, 23.2352634], [77.4011365, 23.2367614]]}, "properties": {"kind": "road", "name": "Subhash Yadav Marg", "osm_id": 1528479772, "osm_type": "way", "highway": "primary"}}, {"type": "Feature", "geometry": {"type": "LineString", "coordinates": [[77.3960532, 23.2492218], [77.3963035, 23.2489226], [77.3963709, 23.2488101], [77.3964114, 23.2487273], [77.396648, 23.2479965], [77.3966635, 23.2479428], [77.3966941, 23.24785], [77.3967583, 23.2476912], [77.3973243, 23.24658], [77.3973626, 23.2464785], [77.3973912, 23.2463503], [77.3974137, 23.2461788], [77.3974153, 23.2459715], [77.3973869, 23.2458066], [77.397356, 23.2456841], [77.397321, 23.2455965], [77.3970032, 23.2448192], [77.3969757, 23.244725], [77.3969656, 23.2446366], [77.3969829, 23.2445462], [77.396991, 23.2444919]]}, "properties": {"kind": "road", "name": "", "osm_id": 1529001895, "osm_type": "way", "highway": "primary"}}, {"type": "Feature", "geometry": {"type": "LineString", "coordinates": [[77.4276592, 23.2312185], [77.4277011, 23.2311135], [77.4277675, 23.2310038], [77.4278131, 23.2309502], [77.4278346, 23.2309262], [77.4278768, 23.2308929], [77.4279816, 23.2308313]]}, "properties": {"kind": "road", "name": "", "osm_id": 1537134403, "osm_type": "way", "highway": "primary_link"}}, {"type": "Feature", "geometry": {"type": "LineString", "coordinates": [[77.4272294, 23.2308628], [77.427329, 23.2309299], [77.4274001, 23.230978], [77.4274376, 23.2310118], [77.4274711, 23.231042], [77.4275076, 23.2310968]]}, "properties": {"kind": "road", "name": "", "osm_id": 1537134404, "osm_type": "way", "highway": "primary_link"}}, {"type": "Feature", "geometry": {"type": "LineString", "coordinates": [[77.3696556, 23.2728297], [77.3691067, 23.2728802]]}, "properties": {"kind": "road", "name": "", "osm_id": 1548071377, "osm_type": "way", "highway": "primary"}}, {"type": "Feature", "geometry": {"type": "LineString", "coordinates": [[77.3695987, 23.2726976], [77.3696556, 23.2728297]]}, "properties": {"kind": "road", "name": "VIP road", "osm_id": 1548071378, "osm_type": "way", "highway": "primary"}}, {"type": "Feature", "geometry": {"type": "LineString", "coordinates": [[77.3698146, 23.272804], [77.3696866, 23.2725921]]}, "properties": {"kind": "road", "name": "VIP road", "osm_id": 1548071379, "osm_type": "way", "highway": "primary"}}, {"type": "Feature", "geometry": {"type": "LineString", "coordinates": [[77.3700362, 23.2735903], [77.3699738, 23.2733916]]}, "properties": {"kind": "road", "name": "", "osm_id": 1548071380, "osm_type": "way", "highway": "primary"}}, {"type": "Feature", "geometry": {"type": "LineString", "coordinates": [[77.3699012, 23.2730432], [77.3703087, 23.2729801]]}, "properties": {"kind": "road", "name": "", "osm_id": 1548071381, "osm_type": "way", "highway": "primary"}}, {"type": "Feature", "geometry": {"type": "LineString", "coordinates": [[77.4634862, 23.2755418], [77.4633712, 23.2756137], [77.4632692, 23.275679], [77.4631459, 23.2757924], [77.4629956, 23.2759636], [77.4627489, 23.2762137], [77.4625558, 23.2763825], [77.4622969, 23.276571], [77.4620501, 23.2767307]]}, "properties": {"kind": "road", "name": "Ayodhya Bypass Road", "osm_id": 1559140248, "osm_type": "way", "highway": "primary"}}, {"type": "Feature", "geometry": {"type": "LineString", "coordinates": [[77.4620501, 23.2767307], [77.4618208, 23.2768457], [77.4615084, 23.2770206], [77.4613944, 23.2770637], [77.4612764, 23.2771167], [77.4609786, 23.2772029], [77.4602276, 23.2773828], [77.4596, 23.2775233], [77.4589589, 23.2776797], [77.4578606, 23.2779618], [77.4568963, 23.2781762], [77.4567112, 23.2782131], [77.4564189, 23.2782747], [77.4563263, 23.278292], [77.4561855, 23.2783105], [77.4561265, 23.2783142], [77.455641, 23.2784226], [77.4552065, 23.2785285], [77.4546526, 23.278664], [77.4539016, 23.2788377], [77.4535328, 23.2789178], [77.453333, 23.2789819], [77.4532445, 23.2790225], [77.4531801, 23.2790656], [77.4531211, 23.2791088], [77.4530661, 23.2791432], [77.4529789, 23.2791691], [77.4524935, 23.2792738]]}, "properties": {"kind": "road", "name": "Ayodhya Bypass Road", "osm_id": 1559140249, "osm_type": "way", "highway": "primary"}}, {"type": "Feature", "geometry": {"type": "LineString", "coordinates": [[77.4618316, 23.2772535], [77.4618785, 23.2772042], [77.4618973, 23.2771721], [77.4619147, 23.2771204], [77.4619241, 23.2770637], [77.4619308, 23.2769984], [77.4619456, 23.276911], [77.4619657, 23.2768531], [77.4619965, 23.2767878], [77.4620501, 23.2767307]]}, "properties": {"kind": "road", "name": "", "osm_id": 1559140250, "osm_type": "way", "highway": "primary_link"}}], "properties": {"source": "OpenStreetMap via Overpass", "retrieved": "2026-09-18"}}