{"type": "FeatureCollection", "features": [{"type": "Feature", "geometry": {"type": "Point", "coordinates": [77.4718503, 23.2319713]}, "properties": {"kind": "amenity", "group": "Bus stops & stations", "name": "", "osm_id": 315915998, "osm_type": "node", "osm_tag": "highway=bus_stop"}}, {"type": "Feature", "geometry": {"type": "Point", "coordinates": [77.4421383, 23.2237331]}, "properties": {"kind": "amenity", "group": "Bus stops & stations", "name": "", "osm_id": 331214851, "osm_type": "node", "osm_tag": "highway=bus_stop"}}, {"type": "Feature", "geometry": {"type": "Point", "coordinates": [77.4728721, 23.244591]}, "properties": {"kind": "amenity", "group": "Bus stops & stations", "name": "", "osm_id": 366153108, "osm_type": "node", "osm_tag": "highway=bus_stop"}}, {"type": "Feature", "geometry": {"type": "Point", "coordinates": [77.4711147, 23.2479332]}, "properties": {"kind": "amenity", "group": "Bus stops & stations", "name": "", "osm_id": 366153126, "osm_type": "node", "osm_tag": "highway=bus_stop"}}, {"type": "Feature", "geometry": {"type": "Point", "coordinates": [77.3802723, 23.2639205]}, "properties": {"kind": "amenity", "group": "Food & eating out", "name": "Filfora", "osm_id": 779408544, "osm_type": "node", "osm_tag": "amenity=restaurant"}}, {"type": "Feature", "geometry": {"type": "Point", "coordinates": [77.434891, 23.1888064]}, "properties": {"kind": "amenity", "group": "Shops & markets", "name": "Reliance Fresh", "osm_id": 1825724987, "osm_type": "node", "osm_tag": "shop=supermarket"}}, {"type": "Feature", "geometry": {"type": "Point", "coordinates": [77.4078191, 23.2728555]}, "properties": {"kind": "amenity", "group": "Food & eating out", "name": "Pizza palace", "osm_id": 2624040051, "osm_type": "node", "osm_tag": "amenity=cafe"}}, {"type": "Feature", "geometry": {"type": "Point", "coordinates": [77.3955631, 23.2150398]}, "properties": {"kind": "amenity", "group": "Police & fire", "name": "Police Station Kamla Nagar", "osm_id": 2651558951, "osm_type": "node", "osm_tag": "amenity=police"}}, {"type": "Feature", "geometry": {"type": "Point", "coordinates": [77.3927618, 23.2129562]}, "properties": {"kind": "amenity", "group": "Post offices", "name": "Nehru Nagar Post Office", "osm_id": 2651562884, "osm_type": "node", "osm_tag": "amenity=post_office"}}, {"type": "Feature", "geometry": {"type": "Point", "coordinates": [77.393713, 23.212639]}, "properties": {"kind": "amenity", "group": "Banks & ATMs", "name": "State Bank of India", "osm_id": 2651563576, "osm_type": "node", "osm_tag": "amenity=bank"}}, {"type": "Feature", "geometry": {"type": "Point", "coordinates": [77.3948938, 23.2105889]}, "properties": {"kind": "amenity", "group": "Banks & ATMs", "name": "ATM - Punjab National Bank", "osm_id": 2651569237, "osm_type": "node", "osm_tag": "amenity=atm"}}, {"type": "Feature", "geometry": {"type": "Point", "coordinates": [77.3947737, 23.2104247]}, "properties": {"kind": "amenity", "group": "Banks & ATMs", "name": "ATM - Axis Bank", "osm_id": 2651569882, "osm_type": "node", "osm_tag": "amenity=atm"}}, {"type": "Feature", "geometry": {"type": "Point", "coordinates": [77.4339722, 23.234239]}, "properties": {"kind": "amenity", "group": "Food & eating out", "name": "Manohar Dairy & Restaurant", "osm_id": 3168001695, "osm_type": "node", "osm_tag": "amenity=restaurant"}}, {"type": "Feature", "geometry": {"type": "Point", "coordinates": [77.38671, 23.2268792]}, "properties": {"kind": "amenity", "group": "Police & fire", "name": "Police Wireless Headquarters", "osm_id": 3168001883, "osm_type": "node", "osm_tag": "amenity=police"}}, {"type": "Feature", "geometry": {"type": "Point", "coordinates": [77.4112473, 23.2574182]}, "properties": {"kind": "amenity", "group": "Food & eating out", "name": "Shree Krishna Chaat", "osm_id": 3199068614, "osm_type": "node", "osm_tag": "amenity=restaurant"}}, {"type": "Feature", "geometry": {"type": "Point", "coordinates": [77.456599, 23.278113]}, "properties": {"kind": "amenity", "group": "Fuel stations", "name": "BPCL", "osm_id": 3436606548, "osm_type": "node", "osm_tag": "amenity=fuel"}}, {"type": "Feature", "geometry": {"type": "Point", "coordinates": [77.4489195, 23.2806265]}, "properties": {"kind": "amenity", "group": "Fuel stations", "name": "HP", "osm_id": 3436607780, "osm_type": "node", "osm_tag": "amenity=fuel"}}, {"type": "Feature", "geometry": {"type": "Point", "coordinates": [77.4852634, 23.2301588]}, "properties": {"kind": "amenity", "group": "Bus stops & stations", "name": "Awadhpuri Bus Stop", "osm_id": 3612640748, "osm_type": "node", "osm_tag": "highway=bus_stop"}}, {"type": "Feature", "geometry": {"type": "Point", "coordinates": [77.4729115, 23.2390814]}, "properties": {"kind": "amenity", "group": "Bus stops & stations", "name": "", "osm_id": 3612641504, "osm_type": "node", "osm_tag": "highway=bus_stop"}}, {"type": "Feature", "geometry": {"type": "Point", "coordinates": [77.4727762, 23.2445642]}, "properties": {"kind": "amenity", "group": "Bus stops & stations", "name": "", "osm_id": 3612641511, "osm_type": "node", "osm_tag": "highway=bus_stop"}}, {"type": "Feature", "geometry": {"type": "Point", "coordinates": [77.4710079, 23.2479578]}, "properties": {"kind": "amenity", "group": "Bus stops & stations", "name": "", "osm_id": 3612641515, "osm_type": "node", "osm_tag": "highway=bus_stop"}}, {"type": "Feature", "geometry": {"type": "Point", "coordinates": [77.4710157, 23.2491511]}, "properties": {"kind": "amenity", "group": "Bus stops & stations", "name": "", "osm_id": 3612844037, "osm_type": "node", "osm_tag": "highway=bus_stop"}}, {"type": "Feature", "geometry": {"type": "Point", "coordinates": [77.4629337, 23.2504414]}, "properties": {"kind": "amenity", "group": "Bus stops & stations", "name": "", "osm_id": 3612844057, "osm_type": "node", "osm_tag": "highway=bus_stop"}}, {"type": "Feature", "geometry": {"type": "Point", "coordinates": [77.4419968, 23.2237272]}, "properties": {"kind": "amenity", "group": "Bus stops & stations", "name": "", "osm_id": 3612846729, "osm_type": "node", "osm_tag": "highway=bus_stop"}}, {"type": "Feature", "geometry": {"type": "Point", "coordinates": [77.4414411, 23.233226]}, "properties": {"kind": "amenity", "group": "Bus stops & stations", "name": "", "osm_id": 3614504468, "osm_type": "node", "osm_tag": "highway=bus_stop"}}, {"type": "Feature", "geometry": {"type": "Point", "coordinates": [77.4056239, 23.2168806]}, "properties": {"kind": "amenity", "group": "Banks & ATMs", "name": "SBI ATM MANIT", "osm_id": 3648626443, "osm_type": "node", "osm_tag": "amenity=atm"}}, {"type": "Feature", "geometry": {"type": "Point", "coordinates": [77.4718727, 23.2321179]}, "properties": {"kind": "amenity", "group": "Bus stops & stations", "name": "", "osm_id": 3669639779, "osm_type": "node", "osm_tag": "highway=bus_stop"}}, {"type": "Feature", "geometry": {"type": "Point", "coordinates": [77.441464, 23.2334599]}, "properties": {"kind": "amenity", "group": "Bus stops & stations", "name": "", "osm_id": 3673109430, "osm_type": "node", "osm_tag": "highway=bus_stop"}}, {"type": "Feature", "geometry": {"type": "Point", "coordinates": [77.4039269, 23.2171718]}, "properties": {"kind": "amenity", "group": "Food & eating out", "name": "Amul", "osm_id": 3673314738, "osm_type": "node", "osm_tag": "amenity=cafe"}}, {"type": "Feature", "geometry": {"type": "Point", "coordinates": [77.4062995, 23.2153081]}, "properties": {"kind": "amenity", "group": "Food & eating out", "name": "MANIT Canteen", "osm_id": 3673314739, "osm_type": "node", "osm_tag": "amenity=restaurant"}}, {"type": "Feature", "geometry": {"type": "Point", "coordinates": [77.4065564, 23.2155435]}, "properties": {"kind": "amenity", "group": "Food & eating out", "name": "Nescafe", "osm_id": 3673314740, "osm_type": "node", "osm_tag": "amenity=cafe"}}, {"type": "Feature", "geometry": {"type": "Point", "coordinates": [77.4060322, 23.2174585]}, "properties": {"kind": "amenity", "group": "Food & eating out", "name": "Nescafe", "osm_id": 3673314741, "osm_type": "node", "osm_tag": "amenity=cafe"}}, {"type": "Feature", "geometry": {"type": "Point", "coordinates": [77.4034979, 23.2206389]}, "properties": {"kind": "amenity", "group": "Food & eating out", "name": "Pandit ji", "osm_id": 3673314742, "osm_type": "node", "osm_tag": "amenity=cafe"}}, {"type": "Feature", "geometry": {"type": "Point", "coordinates": [77.4061658, 23.2170798]}, "properties": {"kind": "amenity", "group": "Banks & ATMs", "name": "State Bank of India", "osm_id": 3673314743, "osm_type": "node", "osm_tag": "amenity=bank"}}, {"type": "Feature", "geometry": {"type": "Point", "coordinates": [77.4059222, 23.2171302]}, "properties": {"kind": "amenity", "group": "Post offices", "name": "", "osm_id": 3680461616, "osm_type": "node", "osm_tag": "amenity=post_office"}}, {"type": "Feature", "geometry": {"type": "Point", "coordinates": [77.4491281, 23.1941502]}, "properties": {"kind": "amenity", "group": "Fuel stations", "name": "Capital Petrol Pump", "osm_id": 3688904329, "osm_type": "node", "osm_tag": "amenity=fuel"}}, {"type": "Feature", "geometry": {"type": "Point", "coordinates": [77.443575, 23.2096726]}, "properties": {"kind": "amenity", "group": "Fuel stations", "name": "", "osm_id": 3688904330, "osm_type": "node", "osm_tag": "amenity=fuel"}}, {"type": "Feature", "geometry": {"type": "Point", "coordinates": [77.3920974, 23.2125903]}, "properties": {"kind": "amenity", "group": "Fuel stations", "name": "", "osm_id": 3688904331, "osm_type": "node", "osm_tag": "amenity=fuel"}}, {"type": "Feature", "geometry": {"type": "Point", "coordinates": [77.4263148, 23.2155762]}, "properties": {"kind": "amenity", "group": "Fuel stations", "name": "", "osm_id": 3688904332, "osm_type": "node", "osm_tag": "amenity=fuel"}}, {"type": "Feature", "geometry": {"type": "Point", "coordinates": [77.4278887, 23.2168716]}, "properties": {"kind": "amenity", "group": "Fuel stations", "name": "", "osm_id": 3688904333, "osm_type": "node", "osm_tag": "amenity=fuel"}}, {"type": "Feature", "geometry": {"type": "Point", "coordinates": [77.4228454, 23.2256927]}, "properties": {"kind": "amenity", "group": "Fuel stations", "name": "", "osm_id": 3688904334, "osm_type": "node", "osm_tag": "amenity=fuel"}}, {"type": "Feature", "geometry": {"type": "Point", "coordinates": [77.4345002, 23.2294507]}, "properties": {"kind": "amenity", "group": "Fuel stations", "name": "", "osm_id": 3688904336, "osm_type": "node", "osm_tag": "amenity=fuel"}}, {"type": "Feature", "geometry": {"type": "Point", "coordinates": [77.4023146, 23.2333282]}, "properties": {"kind": "amenity", "group": "Fuel stations", "name": "Indian Oil", "osm_id": 3688904340, "osm_type": "node", "osm_tag": "amenity=fuel"}}, {"type": "Feature", "geometry": {"type": "Point", "coordinates": [77.4027691, 23.2334291]}, "properties": {"kind": "amenity", "group": "Fuel stations", "name": "Hindustan Petroleum", "osm_id": 3688904341, "osm_type": "node", "osm_tag": "amenity=fuel"}}, {"type": "Feature", "geometry": {"type": "Point", "coordinates": [77.4287711, 23.2354886]}, "properties": {"kind": "amenity", "group": "Fuel stations", "name": "Hindustan Petroleum", "osm_id": 3688904344, "osm_type": "node", "osm_tag": "amenity=fuel"}}, {"type": "Feature", "geometry": {"type": "Point", "coordinates": [77.4110894, 23.2453223]}, "properties": {"kind": "amenity", "group": "Fuel stations", "name": "", "osm_id": 3688904381, "osm_type": "node", "osm_tag": "amenity=fuel"}}, {"type": "Feature", "geometry": {"type": "Point", "coordinates": [77.3964197, 23.2478292]}, "properties": {"kind": "amenity", "group": "Fuel stations", "name": "", "osm_id": 3688904382, "osm_type": "node", "osm_tag": "amenity=fuel"}}, {"type": "Feature", "geometry": {"type": "Point", "coordinates": [77.4713623, 23.2487337]}, "properties": {"kind": "amenity", "group": "Fuel stations", "name": "", "osm_id": 3688904383, "osm_type": "node", "osm_tag": "amenity=fuel"}}, {"type": "Feature", "geometry": {"type": "Point", "coordinates": [77.4791044, 23.251042]}, "properties": {"kind": "amenity", "group": "Fuel stations", "name": "", "osm_id": 3688904384, "osm_type": "node", "osm_tag": "amenity=fuel"}}, {"type": "Feature", "geometry": {"type": "Point", "coordinates": [77.4310631, 23.2524948]}, "properties": {"kind": "amenity", "group": "Fuel stations", "name": "", "osm_id": 3688904385, "osm_type": "node", "osm_tag": "amenity=fuel"}}, {"type": "Feature", "geometry": {"type": "Point", "coordinates": [77.4284737, 23.2531552]}, "properties": {"kind": "amenity", "group": "Fuel stations", "name": "", "osm_id": 3688904386, "osm_type": "node", "osm_tag": "amenity=fuel"}}, {"type": "Feature", "geometry": {"type": "Point", "coordinates": [77.4277867, 23.2166118]}, "properties": {"kind": "amenity", "group": "Police & fire", "name": "", "osm_id": 3688914912, "osm_type": "node", "osm_tag": "amenity=police"}}, {"type": "Feature", "geometry": {"type": "Point", "coordinates": [77.4544299, 23.231424]}, "properties": {"kind": "amenity", "group": "Police & fire", "name": "", "osm_id": 3688916338, "osm_type": "node", "osm_tag": "amenity=police"}}, {"type": "Feature", "geometry": {"type": "Point", "coordinates": [77.4290026, 23.2350194]}, "properties": {"kind": "amenity", "group": "Police & fire", "name": "", "osm_id": 3688916357, "osm_type": "node", "osm_tag": "amenity=police"}}, {"type": "Feature", "geometry": {"type": "Point", "coordinates": [77.3921488, 23.2445563]}, "properties": {"kind": "amenity", "group": "Police & fire", "name": "", "osm_id": 3688916384, "osm_type": "node", "osm_tag": "amenity=police"}}, {"type": "Feature", "geometry": {"type": "Point", "coordinates": [77.429701, 23.2610879]}, "properties": {"kind": "amenity", "group": "Police & fire", "name": "Ashoka Nagar Police Station", "osm_id": 3688916386, "osm_type": "node", "osm_tag": "amenity=police"}}, {"type": "Feature", "geometry": {"type": "Point", "coordinates": [77.4456426, 23.2165104]}, "properties": {"kind": "amenity", "group": "Banks & ATMs", "name": "", "osm_id": 3691341112, "osm_type": "node", "osm_tag": "amenity=atm"}}, {"type": "Feature", "geometry": {"type": "Point", "coordinates": [77.4869279, 23.227614]}, "properties": {"kind": "amenity", "group": "Banks & ATMs", "name": "", "osm_id": 3691341114, "osm_type": "node", "osm_tag": "amenity=atm"}}, {"type": "Feature", "geometry": {"type": "Point", "coordinates": [77.4662714, 23.2283925]}, "properties": {"kind": "amenity", "group": "Banks & ATMs", "name": "", "osm_id": 3691341115, "osm_type": "node", "osm_tag": "amenity=atm"}}, {"type": "Feature", "geometry": {"type": "Point", "coordinates": [77.4662398, 23.228434]}, "properties": {"kind": "amenity", "group": "Banks & ATMs", "name": "", "osm_id": 3691341116, "osm_type": "node", "osm_tag": "amenity=atm"}}, {"type": "Feature", "geometry": {"type": "Point", "coordinates": [77.485743, 23.229586]}, "properties": {"kind": "amenity", "group": "Banks & ATMs", "name": "", "osm_id": 3691341117, "osm_type": "node", "osm_tag": "amenity=atm"}}, {"type": "Feature", "geometry": {"type": "Point", "coordinates": [77.4857451, 23.2296242]}, "properties": {"kind": "amenity", "group": "Banks & ATMs", "name": "", "osm_id": 3691341118, "osm_type": "node", "osm_tag": "amenity=atm"}}, {"type": "Feature", "geometry": {"type": "Point", "coordinates": [77.4858283, 23.2302126]}, "properties": {"kind": "amenity", "group": "Banks & ATMs", "name": "", "osm_id": 3691341119, "osm_type": "node", "osm_tag": "amenity=atm"}}, {"type": "Feature", "geometry": {"type": "Point", "coordinates": [77.485847, 23.2304647]}, "properties": {"kind": "amenity", "group": "Banks & ATMs", "name": "", "osm_id": 3691341120, "osm_type": "node", "osm_tag": "amenity=atm"}}, {"type": "Feature", "geometry": {"type": "Point", "coordinates": [77.4304512, 23.2305472]}, "properties": {"kind": "amenity", "group": "Banks & ATMs", "name": "", "osm_id": 3691341121, "osm_type": "node", "osm_tag": "amenity=atm"}}, {"type": "Feature", "geometry": {"type": "Point", "coordinates": [77.4575595, 23.2313525]}, "properties": {"kind": "amenity", "group": "Banks & ATMs", "name": "", "osm_id": 3691341122, "osm_type": "node", "osm_tag": "amenity=atm"}}, {"type": "Feature", "geometry": {"type": "Point", "coordinates": [77.4424839, 23.2314931]}, "properties": {"kind": "amenity", "group": "Banks & ATMs", "name": "", "osm_id": 3691341123, "osm_type": "node", "osm_tag": "amenity=atm"}}, {"type": "Feature", "geometry": {"type": "Point", "coordinates": [77.4414089, 23.2336866]}, "properties": {"kind": "amenity", "group": "Banks & ATMs", "name": "", "osm_id": 3691341124, "osm_type": "node", "osm_tag": "amenity=atm"}}, {"type": "Feature", "geometry": {"type": "Point", "coordinates": [77.4330306, 23.2348593]}, "properties": {"kind": "amenity", "group": "Banks & ATMs", "name": "", "osm_id": 3691343325, "osm_type": "node", "osm_tag": "amenity=atm"}}, {"type": "Feature", "geometry": {"type": "Point", "coordinates": [77.4727938, 23.2404192]}, "properties": {"kind": "amenity", "group": "Banks & ATMs", "name": "", "osm_id": 3691343326, "osm_type": "node", "osm_tag": "amenity=atm"}}, {"type": "Feature", "geometry": {"type": "Point", "coordinates": [77.4739467, 23.2447962]}, "properties": {"kind": "amenity", "group": "Banks & ATMs", "name": "", "osm_id": 3691343327, "osm_type": "node", "osm_tag": "amenity=atm"}}, {"type": "Feature", "geometry": {"type": "Point", "coordinates": [77.466554, 23.245227]}, "properties": {"kind": "amenity", "group": "Banks & ATMs", "name": "", "osm_id": 3691343328, "osm_type": "node", "osm_tag": "amenity=atm"}}, {"type": "Feature", "geometry": {"type": "Point", "coordinates": [77.4715966, 23.2486933]}, "properties": {"kind": "amenity", "group": "Banks & ATMs", "name": "", "osm_id": 3691343330, "osm_type": "node", "osm_tag": "amenity=atm"}}, {"type": "Feature", "geometry": {"type": "Point", "coordinates": [77.4711245, 23.2493517]}, "properties": {"kind": "amenity", "group": "Banks & ATMs", "name": "", "osm_id": 3691343331, "osm_type": "node", "osm_tag": "amenity=atm"}}, {"type": "Feature", "geometry": {"type": "Point", "coordinates": [77.4460981, 23.2192442]}, "properties": {"kind": "amenity", "group": "Banks & ATMs", "name": "", "osm_id": 3691350810, "osm_type": "node", "osm_tag": "amenity=bank"}}, {"type": "Feature", "geometry": {"type": "Point", "coordinates": [77.4874779, 23.2295421]}, "properties": {"kind": "amenity", "group": "Banks & ATMs", "name": "", "osm_id": 3691350811, "osm_type": "node", "osm_tag": "amenity=bank"}}, {"type": "Feature", "geometry": {"type": "Point", "coordinates": [77.4670396, 23.2296161]}, "properties": {"kind": "amenity", "group": "Banks & ATMs", "name": "", "osm_id": 3691350812, "osm_type": "node", "osm_tag": "amenity=bank"}}, {"type": "Feature", "geometry": {"type": "Point", "coordinates": [77.4858297, 23.2301559]}, "properties": {"kind": "amenity", "group": "Banks & ATMs", "name": "", "osm_id": 3691350813, "osm_type": "node", "osm_tag": "amenity=bank"}}, {"type": "Feature", "geometry": {"type": "Point", "coordinates": [77.4740309, 23.2448964]}, "properties": {"kind": "amenity", "group": "Banks & ATMs", "name": "", "osm_id": 3691350824, "osm_type": "node", "osm_tag": "amenity=bank"}}, {"type": "Feature", "geometry": {"type": "Point", "coordinates": [77.4563262, 23.2514385]}, "properties": {"kind": "amenity", "group": "Bus stops & stations", "name": "", "osm_id": 3692790130, "osm_type": "node", "osm_tag": "highway=bus_stop"}}, {"type": "Feature", "geometry": {"type": "Point", "coordinates": [77.4024992, 23.2387189]}, "properties": {"kind": "amenity", "group": "Food & eating out", "name": "Bapu Ki Kutia", "osm_id": 3702865866, "osm_type": "node", "osm_tag": "amenity=restaurant"}}, {"type": "Feature", "geometry": {"type": "Point", "coordinates": [77.4045514, 23.2616682]}, "properties": {"kind": "amenity", "group": "Shops & markets", "name": "Spices etc", "osm_id": 3702865867, "osm_type": "node", "osm_tag": "amenity=marketplace"}}, {"type": "Feature", "geometry": {"type": "Point", "coordinates": [77.4453994, 23.2231876]}, "properties": {"kind": "amenity", "group": "Bus stops & stations", "name": "", "osm_id": 3714581130, "osm_type": "node", "osm_tag": "highway=bus_stop"}}, {"type": "Feature", "geometry": {"type": "Point", "coordinates": [77.4722115, 23.2319361]}, "properties": {"kind": "amenity", "group": "Bus stops & stations", "name": "", "osm_id": 3778131475, "osm_type": "node", "osm_tag": "highway=bus_stop"}}, {"type": "Feature", "geometry": {"type": "Point", "coordinates": [77.4722667, 23.2320517]}, "properties": {"kind": "amenity", "group": "Bus stops & stations", "name": "", "osm_id": 3778131504, "osm_type": "node", "osm_tag": "highway=bus_stop"}}, {"type": "Feature", "geometry": {"type": "Point", "coordinates": [77.434356, 23.2329518]}, "properties": {"kind": "amenity", "group": "Bus stops & stations", "name": "", "osm_id": 3778151196, "osm_type": "node", "osm_tag": "highway=bus_stop"}}, {"type": "Feature", "geometry": {"type": "Point", "coordinates": [77.4349921, 23.2333481]}, "properties": {"kind": "amenity", "group": "Bus stops & stations", "name": "", "osm_id": 3778151240, "osm_type": "node", "osm_tag": "highway=bus_stop"}}, {"type": "Feature", "geometry": {"type": "Point", "coordinates": [77.4351436, 23.2334944]}, "properties": {"kind": "amenity", "group": "Bus stops & stations", "name": "", "osm_id": 3778151255, "osm_type": "node", "osm_tag": "highway=bus_stop"}}, {"type": "Feature", "geometry": {"type": "Point", "coordinates": [77.3767929, 23.245143]}, "properties": {"kind": "amenity", "group": "Places of worship", "name": "Sah Ali shah  upper lake", "osm_id": 3787513308, "osm_type": "node", "osm_tag": "amenity=place_of_worship"}}, {"type": "Feature", "geometry": {"type": "Point", "coordinates": [77.4325413, 23.2316339]}, "properties": {"kind": "amenity", "group": "Bus stops & stations", "name": "", "osm_id": 3788596866, "osm_type": "node", "osm_tag": "highway=bus_stop"}}, {"type": "Feature", "geometry": {"type": "Point", "coordinates": [77.4455134, 23.2231756]}, "properties": {"kind": "amenity", "group": "Bus stops & stations", "name": "", "osm_id": 3788868567, "osm_type": "node", "osm_tag": "highway=bus_stop"}}, {"type": "Feature", "geometry": {"type": "Point", "coordinates": [77.4659329, 23.2292889]}, "properties": {"kind": "amenity", "group": "Bus stops & stations", "name": "", "osm_id": 3788868571, "osm_type": "node", "osm_tag": "highway=bus_stop"}}, {"type": "Feature", "geometry": {"type": "Point", "coordinates": [77.4730204, 23.2396993]}, "properties": {"kind": "amenity", "group": "Bus stops & stations", "name": "", "osm_id": 3788868576, "osm_type": "node", "osm_tag": "highway=bus_stop"}}, {"type": "Feature", "geometry": {"type": "Point", "coordinates": [77.4705665, 23.2491476]}, "properties": {"kind": "amenity", "group": "Bus stops & stations", "name": "", "osm_id": 3788868577, "osm_type": "node", "osm_tag": "highway=bus_stop"}}, {"type": "Feature", "geometry": {"type": "Point", "coordinates": [77.4646987, 23.2756184]}, "properties": {"kind": "amenity", "group": "Shops & markets", "name": "Satellite Plaza", "osm_id": 3892037804, "osm_type": "node", "osm_tag": "shop=mall"}}, {"type": "Feature", "geometry": {"type": "Point", "coordinates": [77.3910805, 23.263067]}, "properties": {"kind": "amenity", "group": "Shops & markets", "name": "Muslim market", "osm_id": 3912415718, "osm_type": "node", "osm_tag": "amenity=marketplace"}}, {"type": "Feature", "geometry": {"type": "Point", "coordinates": [77.3927354, 23.2307837]}, "properties": {"kind": "amenity", "group": "Bus stops & stations", "name": "", "osm_id": 4116282428, "osm_type": "node", "osm_tag": "highway=bus_stop"}}, {"type": "Feature", "geometry": {"type": "Point", "coordinates": [77.3922914, 23.2610876]}, "properties": {"kind": "amenity", "group": "Bus stops & stations", "name": "", "osm_id": 4116282430, "osm_type": "node", "osm_tag": "highway=bus_stop"}}, {"type": "Feature", "geometry": {"type": "Point", "coordinates": [77.4144961, 23.2517681]}, "properties": {"kind": "amenity", "group": "Bus stops & stations", "name": "", "osm_id": 4116329934, "osm_type": "node", "osm_tag": "highway=bus_stop"}}, {"type": "Feature", "geometry": {"type": "Point", "coordinates": [77.3989952, 23.2357649]}, "properties": {"kind": "amenity", "group": "Bus stops & stations", "name": "", "osm_id": 4116330112, "osm_type": "node", "osm_tag": "highway=bus_stop"}}, {"type": "Feature", "geometry": {"type": "Point", "coordinates": [77.3931911, 23.2309298]}, "properties": {"kind": "amenity", "group": "Bus stops & stations", "name": "", "osm_id": 4116330113, "osm_type": "node", "osm_tag": "highway=bus_stop"}}, {"type": "Feature", "geometry": {"type": "Point", "coordinates": [77.3949353, 23.2589242]}, "properties": {"kind": "amenity", "group": "Bus stops & stations", "name": "", "osm_id": 4116330217, "osm_type": "node", "osm_tag": "highway=bus_stop"}}, {"type": "Feature", "geometry": {"type": "Point", "coordinates": [77.3888935, 23.2277848]}, "properties": {"kind": "amenity", "group": "Bus stops & stations", "name": "", "osm_id": 4116330817, "osm_type": "node", "osm_tag": "highway=bus_stop"}}, {"type": "Feature", "geometry": {"type": "Point", "coordinates": [77.396814, 23.2449876]}, "properties": {"kind": "amenity", "group": "Bus stops & stations", "name": "", "osm_id": 4116331294, "osm_type": "node", "osm_tag": "highway=bus_stop"}}, {"type": "Feature", "geometry": {"type": "Point", "coordinates": [77.4116529, 23.2645284]}, "properties": {"kind": "amenity", "group": "Bus stops & stations", "name": "", "osm_id": 4116348689, "osm_type": "node", "osm_tag": "highway=bus_stop"}}, {"type": "Feature", "geometry": {"type": "Point", "coordinates": [77.4014821, 23.2346309]}, "properties": {"kind": "amenity", "group": "Bus stops & stations", "name": "", "osm_id": 4116350389, "osm_type": "node", "osm_tag": "highway=bus_stop"}}, {"type": "Feature", "geometry": {"type": "Point", "coordinates": [77.3959842, 23.2577729]}, "properties": {"kind": "amenity", "group": "Food & eating out", "name": "Raju Tea Stall", "osm_id": 4116350390, "osm_type": "node", "osm_tag": "amenity=cafe"}}, {"type": "Feature", "geometry": {"type": "Point", "coordinates": [77.3981702, 23.2361096]}, "properties": {"kind": "amenity", "group": "Bus stops & stations", "name": "", "osm_id": 4116351689, "osm_type": "node", "osm_tag": "highway=bus_stop"}}, {"type": "Feature", "geometry": {"type": "Point", "coordinates": [77.4332685, 23.2325897]}, "properties": {"kind": "amenity", "group": "Food & eating out", "name": "Milan Restaurant", "osm_id": 4117028790, "osm_type": "node", "osm_tag": "amenity=restaurant"}}, {"type": "Feature", "geometry": {"type": "Point", "coordinates": [77.4189959, 23.1984437]}, "properties": {"kind": "amenity", "group": "Places of worship", "name": "Hanuman Mandir", "osm_id": 4157370640, "osm_type": "node", "osm_tag": "amenity=place_of_worship"}}, {"type": "Feature", "geometry": {"type": "Point", "coordinates": [77.4289859, 23.2275566]}, "properties": {"kind": "amenity", "group": "Shops & markets", "name": "Hari OM Sweets", "osm_id": 4417390020, "osm_type": "node", "osm_tag": "shop=supermarket"}}, {"type": "Feature", "geometry": {"type": "Point", "coordinates": [77.429072, 23.2278298]}, "properties": {"kind": "amenity", "group": "Shops & markets", "name": "Sandeep General Store", "osm_id": 4427863955, "osm_type": "node", "osm_tag": "shop=convenience"}}, {"type": "Feature", "geometry": {"type": "Point", "coordinates": [77.4405408, 23.2411558]}, "properties": {"kind": "amenity", "group": "Fuel stations", "name": "", "osm_id": 4476232060, "osm_type": "node", "osm_tag": "amenity=fuel"}}, {"type": "Feature", "geometry": {"type": "Point", "coordinates": [77.4349899, 23.2533461]}, "properties": {"kind": "amenity", "group": "Fuel stations", "name": "", "osm_id": 4476233023, "osm_type": "node", "osm_tag": "amenity=fuel"}}, {"type": "Feature", "geometry": {"type": "Point", "coordinates": [77.3676249, 23.2734597]}, "properties": {"kind": "amenity", "group": "Fuel stations", "name": "", "osm_id": 4476233688, "osm_type": "node", "osm_tag": "amenity=fuel"}}, {"type": "Feature", "geometry": {"type": "Point", "coordinates": [77.4451417, 23.2228062]}, "properties": {"kind": "amenity", "group": "Food & eating out", "name": "Chote Nawab", "osm_id": 4476584889, "osm_type": "node", "osm_tag": "amenity=restaurant"}}, {"type": "Feature", "geometry": {"type": "Point", "coordinates": [77.4452758, 23.2224525]}, "properties": {"kind": "amenity", "group": "Food & eating out", "name": "Mama Sweets", "osm_id": 4476584890, "osm_type": "node", "osm_tag": "amenity=restaurant"}}, {"type": "Feature", "geometry": {"type": "Point", "coordinates": [77.4449821, 23.222466]}, "properties": {"kind": "amenity", "group": "Food & eating out", "name": "Sunshine Tea Stall", "osm_id": 4476584892, "osm_type": "node", "osm_tag": "amenity=restaurant"}}, {"type": "Feature", "geometry": {"type": "Point", "coordinates": [77.4453003, 23.2223697]}, "properties": {"kind": "amenity", "group": "Food & eating out", "name": "", "osm_id": 4476584894, "osm_type": "node", "osm_tag": "amenity=restaurant"}}, {"type": "Feature", "geometry": {"type": "Point", "coordinates": [77.445304, 23.2228148]}, "properties": {"kind": "amenity", "group": "Food & eating out", "name": "Nashta Ghar", "osm_id": 4476584941, "osm_type": "node", "osm_tag": "amenity=restaurant"}}, {"type": "Feature", "geometry": {"type": "Point", "coordinates": [77.4453087, 23.2228854]}, "properties": {"kind": "amenity", "group": "Food & eating out", "name": "", "osm_id": 4476584942, "osm_type": "node", "osm_tag": "amenity=restaurant"}}, {"type": "Feature", "geometry": {"type": "Point", "coordinates": [77.3467184, 23.2175537]}, "properties": {"kind": "amenity", "group": "Banks & ATMs", "name": "", "osm_id": 4511471790, "osm_type": "node", "osm_tag": "amenity=atm"}}, {"type": "Feature", "geometry": {"type": "Point", "coordinates": [77.3465958, 23.2176762]}, "properties": {"kind": "amenity", "group": "Banks & ATMs", "name": "", "osm_id": 4511471795, "osm_type": "node", "osm_tag": "amenity=bank"}}, {"type": "Feature", "geometry": {"type": "Point", "coordinates": [77.5121444, 23.2226493]}, "properties": {"kind": "amenity", "group": "Fuel stations", "name": "", "osm_id": 4513346577, "osm_type": "node", "osm_tag": "amenity=fuel"}}, {"type": "Feature", "geometry": {"type": "Point", "coordinates": [77.3623026, 23.2039138]}, "properties": {"kind": "amenity", "group": "Food & eating out", "name": "Sakshi Dhaba", "osm_id": 4634761636, "osm_type": "node", "osm_tag": "amenity=restaurant"}}, {"type": "Feature", "geometry": {"type": "Point", "coordinates": [77.3976796, 23.2324287]}, "properties": {"kind": "amenity", "group": "Banks & ATMs", "name": "", "osm_id": 4652876192, "osm_type": "node", "osm_tag": "amenity=atm"}}, {"type": "Feature", "geometry": {"type": "Point", "coordinates": [77.417671, 23.1843253]}, "properties": {"kind": "amenity", "group": "Shops & markets", "name": "Reliance Fresh ", "osm_id": 4781122634, "osm_type": "node", "osm_tag": "shop=mall"}}, {"type": "Feature", "geometry": {"type": "Point", "coordinates": [77.4176204, 23.1831615]}, "properties": {"kind": "amenity", "group": "Shops & markets", "name": "Apoorti Super Market ", "osm_id": 4781126850, "osm_type": "node", "osm_tag": "shop=supermarket"}}, {"type": "Feature", "geometry": {"type": "Point", "coordinates": [77.4173463, 23.1880894]}, "properties": {"kind": "amenity", "group": "Shops & markets", "name": "Vishal Mega Mart", "osm_id": 4781130080, "osm_type": "node", "osm_tag": "shop=supermarket"}}, {"type": "Feature", "geometry": {"type": "Point", "coordinates": [77.4165957, 23.1701205]}, "properties": {"kind": "amenity", "group": "Police & fire", "name": "Kolar Police Station ", "osm_id": 4781141175, "osm_type": "node", "osm_tag": "amenity=police"}}, {"type": "Feature", "geometry": {"type": "Point", "coordinates": [77.4387491, 23.1792359]}, "properties": {"kind": "amenity", "group": "Fuel stations", "name": "Petrol Station ", "osm_id": 4781177702, "osm_type": "node", "osm_tag": "amenity=fuel"}}, {"type": "Feature", "geometry": {"type": "Point", "coordinates": [77.4339926, 23.1888436]}, "properties": {"kind": "amenity", "group": "Shops & markets", "name": "Big Bazaar", "osm_id": 4781225329, "osm_type": "node", "osm_tag": "shop=supermarket"}}, {"type": "Feature", "geometry": {"type": "Point", "coordinates": [77.4260222, 23.2112631]}, "properties": {"kind": "amenity", "group": "Shops & markets", "name": "Banskhedi ", "osm_id": 4782928530, "osm_type": "node", "osm_tag": "amenity=marketplace"}}, {"type": "Feature", "geometry": {"type": "Point", "coordinates": [77.436394, 23.2098149]}, "properties": {"kind": "amenity", "group": "Bus stops & stations", "name": "11 No", "osm_id": 4782929318, "osm_type": "node", "osm_tag": "highway=bus_stop"}}, {"type": "Feature", "geometry": {"type": "Point", "coordinates": [77.4308489, 23.2094494]}, "properties": {"kind": "amenity", "group": "Places of worship", "name": "Hanuman Mandir", "osm_id": 4782930482, "osm_type": "node", "osm_tag": "amenity=place_of_worship"}}, {"type": "Feature", "geometry": {"type": "Point", "coordinates": [77.4276641, 23.2160954]}, "properties": {"kind": "amenity", "group": "Police & fire", "name": "Police Station ", "osm_id": 4782931245, "osm_type": "node", "osm_tag": "amenity=police"}}, {"type": "Feature", "geometry": {"type": "Point", "coordinates": [77.43532, 23.214371]}, "properties": {"kind": "amenity", "group": "Shops & markets", "name": "10 Number Market ", "osm_id": 4782933528, "osm_type": "node", "osm_tag": "amenity=marketplace"}}, {"type": "Feature", "geometry": {"type": "Point", "coordinates": [77.4301138, 23.2133273]}, "properties": {"kind": "amenity", "group": "Civic & community", "name": "Mom 2 Mom", "osm_id": 4782933733, "osm_type": "node", "osm_tag": "amenity=kindergarten"}}, {"type": "Feature", "geometry": {"type": "Point", "coordinates": [77.4363201, 23.2241819]}, "properties": {"kind": "amenity", "group": "Shops & markets", "name": "Mansarovar Complex ", "osm_id": 4782966399, "osm_type": "node", "osm_tag": "amenity=marketplace"}}, {"type": "Feature", "geometry": {"type": "Point", "coordinates": [77.433448, 23.2231769]}, "properties": {"kind": "amenity", "group": "Bus stops & stations", "name": "7 Number ", "osm_id": 4782968321, "osm_type": "node", "osm_tag": "highway=bus_stop"}}, {"type": "Feature", "geometry": {"type": "Point", "coordinates": [77.4337613, 23.2331056]}, "properties": {"kind": "amenity", "group": "Shops & markets", "name": "Jyoti Complex", "osm_id": 4782968334, "osm_type": "node", "osm_tag": "amenity=marketplace"}}, {"type": "Feature", "geometry": {"type": "Point", "coordinates": [77.3984428, 23.2425348]}, "properties": {"kind": "amenity", "group": "Civic & community", "name": "Ravindra Bhavan", "osm_id": 4782996117, "osm_type": "node", "osm_tag": "amenity=community_centre"}}, {"type": "Feature", "geometry": {"type": "Point", "coordinates": [77.3962695, 23.2440025]}, "properties": {"kind": "amenity", "group": "Civic & community", "name": "Hindi Bhavan", "osm_id": 4782998268, "osm_type": "node", "osm_tag": "amenity=community_centre"}}, {"type": "Feature", "geometry": {"type": "Point", "coordinates": [77.3962473, 23.2440035]}, "properties": {"kind": "amenity", "group": "Civic & community", "name": "Gandhi Bhavan", "osm_id": 4783000272, "osm_type": "node", "osm_tag": "amenity=community_centre"}}, {"type": "Feature", "geometry": {"type": "Point", "coordinates": [77.4321822, 23.1865101]}, "properties": {"kind": "amenity", "group": "Police & fire", "name": "ShahPura Police Station ", "osm_id": 4787612298, "osm_type": "node", "osm_tag": "amenity=police"}}, {"type": "Feature", "geometry": {"type": "Point", "coordinates": [77.4873724, 23.2295521]}, "properties": {"kind": "amenity", "group": "Shops & markets", "name": "Apporti Super Market", "osm_id": 4792120952, "osm_type": "node", "osm_tag": "shop=supermarket"}}, {"type": "Feature", "geometry": {"type": "Point", "coordinates": [77.4542855, 23.2795529]}, "properties": {"kind": "amenity", "group": "Places of worship", "name": "Shri Batukeshwar Mahadev Temple", "osm_id": 4792262111, "osm_type": "node", "osm_tag": "amenity=place_of_worship"}}, {"type": "Feature", "geometry": {"type": "Point", "coordinates": [77.4302, 23.1976519]}, "properties": {"kind": "amenity", "group": "Banks & ATMs", "name": "State Bank of India", "osm_id": 4798865876, "osm_type": "node", "osm_tag": "amenity=bank"}}, {"type": "Feature", "geometry": {"type": "Point", "coordinates": [77.4289049, 23.1991531]}, "properties": {"kind": "amenity", "group": "Civic & community", "name": "Shahpura Community Hall", "osm_id": 4798867418, "osm_type": "node", "osm_tag": "amenity=community_centre"}}, {"type": "Feature", "geometry": {"type": "Point", "coordinates": [77.4304789, 23.2021429]}, "properties": {"kind": "amenity", "group": "Shops & markets", "name": "Shaitan Singh market", "osm_id": 4798868254, "osm_type": "node", "osm_tag": "amenity=marketplace"}}, {"type": "Feature", "geometry": {"type": "Point", "coordinates": [77.4136664, 23.2535775]}, "properties": {"kind": "amenity", "group": "Shops & markets", "name": "Lily Cinema", "osm_id": 4807055199, "osm_type": "node", "osm_tag": "shop=mall"}}, {"type": "Feature", "geometry": {"type": "Point", "coordinates": [77.4141613, 23.2504034]}, "properties": {"kind": "amenity", "group": "Police & fire", "name": "Mahila Thana", "osm_id": 4807056149, "osm_type": "node", "osm_tag": "amenity=police"}}, {"type": "Feature", "geometry": {"type": "Point", "coordinates": [77.4131788, 23.2498836]}, "properties": {"kind": "amenity", "group": "Police & fire", "name": "PHQ", "osm_id": 4807060821, "osm_type": "node", "osm_tag": "amenity=police"}}, {"type": "Feature", "geometry": {"type": "Point", "coordinates": [77.4194899, 23.2530368]}, "properties": {"kind": "amenity", "group": "Shops & markets", "name": "Galla Mandi", "osm_id": 4836528136, "osm_type": "node", "osm_tag": "amenity=marketplace"}}, {"type": "Feature", "geometry": {"type": "Point", "coordinates": [77.4137198, 23.2536024]}, "properties": {"kind": "amenity", "group": "Shops & markets", "name": "Lily Mall", "osm_id": 4836532446, "osm_type": "node", "osm_tag": "shop=mall"}}, {"type": "Feature", "geometry": {"type": "Point", "coordinates": [77.4227228, 23.2609529]}, "properties": {"kind": "amenity", "group": "Parks & sport", "name": "Naveen Nagar Park", "osm_id": 4836547093, "osm_type": "node", "osm_tag": "leisure=park"}}, {"type": "Feature", "geometry": {"type": "Point", "coordinates": [77.4190789, 23.2563331]}, "properties": {"kind": "amenity", "group": "Places of worship", "name": "Masjid Ashbagh", "osm_id": 4836553353, "osm_type": "node", "osm_tag": "amenity=place_of_worship"}}, {"type": "Feature", "geometry": {"type": "Point", "coordinates": [77.4163689, 23.2570256]}, "properties": {"kind": "amenity", "group": "Places of worship", "name": "Bethlehem Church", "osm_id": 4836560233, "osm_type": "node", "osm_tag": "amenity=place_of_worship"}}, {"type": "Feature", "geometry": {"type": "Point", "coordinates": [77.4090963, 23.2580282]}, "properties": {"kind": "amenity", "group": "Civic & community", "name": "Maulana Azad Library", "osm_id": 4836562395, "osm_type": "node", "osm_tag": "amenity=library"}}, {"type": "Feature", "geometry": {"type": "Point", "coordinates": [77.4111334, 23.2622674]}, "properties": {"kind": "amenity", "group": "Food & eating out", "name": "Zam Zam Fast Food", "osm_id": 4836567202, "osm_type": "node", "osm_tag": "amenity=fast_food"}}, {"type": "Feature", "geometry": {"type": "Point", "coordinates": [77.4084157, 23.2640849]}, "properties": {"kind": "amenity", "group": "Food & eating out", "name": "Manohar Dairy", "osm_id": 4836583097, "osm_type": "node", "osm_tag": "amenity=fast_food"}}, {"type": "Feature", "geometry": {"type": "Point", "coordinates": [77.4041738, 23.2658772]}, "properties": {"kind": "amenity", "group": "Places of worship", "name": "Kali Mandir", "osm_id": 4836591093, "osm_type": "node", "osm_tag": "amenity=place_of_worship"}}, {"type": "Feature", "geometry": {"type": "Point", "coordinates": [77.3622843, 23.2041578]}, "properties": {"kind": "amenity", "group": "Food & eating out", "name": "Sakshi dhabha", "osm_id": 4890963906, "osm_type": "node", "osm_tag": "amenity=restaurant"}}, {"type": "Feature", "geometry": {"type": "Point", "coordinates": [77.4084612, 23.2641182]}, "properties": {"kind": "amenity", "group": "Food & eating out", "name": "Manohar dairy & Restaurant", "osm_id": 5057501123, "osm_type": "node", "osm_tag": "amenity=restaurant"}}, {"type": "Feature", "geometry": {"type": "Point", "coordinates": [77.436396, 23.1885081]}, "properties": {"kind": "amenity", "group": "Shops & markets", "name": "Evening Vegetable Market", "osm_id": 5180260467, "osm_type": "node", "osm_tag": "amenity=marketplace"}}, {"type": "Feature", "geometry": {"type": "Point", "coordinates": [77.4168018, 23.1705923]}, "properties": {"kind": "amenity", "group": "Police & fire", "name": "Nyayapura Police Station", "osm_id": 5180263070, "osm_type": "node", "osm_tag": "amenity=police"}}, {"type": "Feature", "geometry": {"type": "Point", "coordinates": [77.414491, 23.16135]}, "properties": {"kind": "amenity", "group": "Parks & sport", "name": "Sanskar Upvan", "osm_id": 5180266718, "osm_type": "node", "osm_tag": "leisure=park"}}, {"type": "Feature", "geometry": {"type": "Point", "coordinates": [77.4332746, 23.1925884]}, "properties": {"kind": "amenity", "group": "Food & eating out", "name": "Wood Wind Bakery Lounge", "osm_id": 5180288580, "osm_type": "node", "osm_tag": "amenity=restaurant"}}, {"type": "Feature", "geometry": {"type": "Point", "coordinates": [77.3874912, 23.2426214]}, "properties": {"kind": "amenity", "group": "Food & eating out", "name": "Bhopal Express", "osm_id": 5180325707, "osm_type": "node", "osm_tag": "amenity=restaurant"}}, {"type": "Feature", "geometry": {"type": "Point", "coordinates": [77.4212302, 23.2249863]}, "properties": {"kind": "amenity", "group": "Parks & sport", "name": "Jawahar Bal Udyan", "osm_id": 5182171151, "osm_type": "node", "osm_tag": "leisure=park"}}, {"type": "Feature", "geometry": {"type": "Point", "coordinates": [77.3665171, 23.2730797]}, "properties": {"kind": "amenity", "group": "Bus stops & stations", "name": "Verma travels- boarding point", "osm_id": 5271875522, "osm_type": "node", "osm_tag": "highway=bus_stop"}}, {"type": "Feature", "geometry": {"type": "Point", "coordinates": [77.3664054, 23.2730709]}, "properties": {"kind": "amenity", "group": "Bus stops & stations", "name": "Charted Bus-Chartered Bus Boarding Point", "osm_id": 5271890023, "osm_type": "node", "osm_tag": "highway=bus_stop"}}, {"type": "Feature", "geometry": {"type": "Point", "coordinates": [77.3560413, 23.2024194]}, "properties": {"kind": "amenity", "group": "Food & eating out", "name": "Meena Hotel", "osm_id": 5291293110, "osm_type": "node", "osm_tag": "amenity=restaurant"}}, {"type": "Feature", "geometry": {"type": "Point", "coordinates": [77.3432065, 23.2722728]}, "properties": {"kind": "amenity", "group": "Banks & ATMs", "name": "", "osm_id": 5474550942, "osm_type": "node", "osm_tag": "amenity=atm"}}, {"type": "Feature", "geometry": {"type": "Point", "coordinates": [77.3447569, 23.2682792]}, "properties": {"kind": "amenity", "group": "Parks & sport", "name": "Borevan Bairagarh", "osm_id": 5474550943, "osm_type": "node", "osm_tag": "leisure=park"}}, {"type": "Feature", "geometry": {"type": "Point", "coordinates": [77.3417691, 23.2697691]}, "properties": {"kind": "amenity", "group": "Banks & ATMs", "name": "State Bank of India", "osm_id": 5474556980, "osm_type": "node", "osm_tag": "amenity=bank"}}, {"type": "Feature", "geometry": {"type": "Point", "coordinates": [77.3460173, 23.2657076]}, "properties": {"kind": "amenity", "group": "Food & eating out", "name": "CanteenS Hg C Canteen", "osm_id": 5474591282, "osm_type": "node", "osm_tag": "amenity=restaurant"}}, {"type": "Feature", "geometry": {"type": "Point", "coordinates": [77.3435595, 23.2647082]}, "properties": {"kind": "amenity", "group": "Shops & markets", "name": "Pradeep Kirana", "osm_id": 5474628461, "osm_type": "node", "osm_tag": "shop=convenience"}}, {"type": "Feature", "geometry": {"type": "Point", "coordinates": [77.3439176, 23.2644519]}, "properties": {"kind": "amenity", "group": "Shops & markets", "name": "Neelam Kirana", "osm_id": 5474628462, "osm_type": "node", "osm_tag": "shop=convenience"}}, {"type": "Feature", "geometry": {"type": "Point", "coordinates": [77.3421531, 23.2674863]}, "properties": {"kind": "amenity", "group": "Bus stops & stations", "name": "Durga Walo Ki Bus", "osm_id": 5474639533, "osm_type": "node", "osm_tag": "highway=bus_stop"}}, {"type": "Feature", "geometry": {"type": "Point", "coordinates": [77.3412159, 23.2680468]}, "properties": {"kind": "amenity", "group": "Places of worship", "name": "Jay Shiv Mandir", "osm_id": 5474639534, "osm_type": "node", "osm_tag": "amenity=place_of_worship"}}, {"type": "Feature", "geometry": {"type": "Point", "coordinates": [77.3410101, 23.2681329]}, "properties": {"kind": "amenity", "group": "Shops & markets", "name": "Hindal Kirana", "osm_id": 5474639536, "osm_type": "node", "osm_tag": "shop=convenience"}}, {"type": "Feature", "geometry": {"type": "Point", "coordinates": [77.346795, 23.2734988]}, "properties": {"kind": "amenity", "group": "Banks & ATMs", "name": "", "osm_id": 5474661000, "osm_type": "node", "osm_tag": "amenity=atm"}}, {"type": "Feature", "geometry": {"type": "Point", "coordinates": [77.3482334, 23.2737474]}, "properties": {"kind": "amenity", "group": "Food & eating out", "name": "Narmada Restaurant", "osm_id": 5474661001, "osm_type": "node", "osm_tag": "amenity=restaurant"}}, {"type": "Feature", "geometry": {"type": "Point", "coordinates": [77.3434453, 23.2728403]}, "properties": {"kind": "amenity", "group": "Banks & ATMs", "name": "Canara Bank, Bairagarh, Bhopal", "osm_id": 5474661002, "osm_type": "node", "osm_tag": "amenity=bank"}}, {"type": "Feature", "geometry": {"type": "Point", "coordinates": [77.343516, 23.273127]}, "properties": {"kind": "amenity", "group": "Food & eating out", "name": "Chaifeteria", "osm_id": 5474661003, "osm_type": "node", "osm_tag": "amenity=cafe"}}, {"type": "Feature", "geometry": {"type": "Point", "coordinates": [77.3422434, 23.2730307]}, "properties": {"kind": "amenity", "group": "Shops & markets", "name": "Corporation Market", "osm_id": 5474661005, "osm_type": "node", "osm_tag": "amenity=marketplace"}}, {"type": "Feature", "geometry": {"type": "Point", "coordinates": [77.3414511, 23.2724775]}, "properties": {"kind": "amenity", "group": "Banks & ATMs", "name": "ICICI Bank ATM", "osm_id": 5474694551, "osm_type": "node", "osm_tag": "amenity=atm"}}, {"type": "Feature", "geometry": {"type": "Point", "coordinates": [77.3410415, 23.2733442]}, "properties": {"kind": "amenity", "group": "Places of worship", "name": "Mata Temple", "osm_id": 5474694553, "osm_type": "node", "osm_tag": "amenity=place_of_worship"}}, {"type": "Feature", "geometry": {"type": "Point", "coordinates": [77.340484, 23.2731047]}, "properties": {"kind": "amenity", "group": "Shops & markets", "name": "Dharam Prakash Kirana Store", "osm_id": 5474694555, "osm_type": "node", "osm_tag": "shop=supermarket"}}, {"type": "Feature", "geometry": {"type": "Point", "coordinates": [77.339681, 23.2729798]}, "properties": {"kind": "amenity", "group": "Food & eating out", "name": "Canteen", "osm_id": 5474694556, "osm_type": "node", "osm_tag": "amenity=restaurant"}}, {"type": "Feature", "geometry": {"type": "Point", "coordinates": [77.3388156, 23.2721881]}, "properties": {"kind": "amenity", "group": "Food & eating out", "name": "Shagun", "osm_id": 5474694561, "osm_type": "node", "osm_tag": "amenity=restaurant"}}, {"type": "Feature", "geometry": {"type": "Point", "coordinates": [77.3387186, 23.2720598]}, "properties": {"kind": "amenity", "group": "Places of worship", "name": "Shiv Mandir", "osm_id": 5474694563, "osm_type": "node", "osm_tag": "amenity=place_of_worship"}}, {"type": "Feature", "geometry": {"type": "Point", "coordinates": [77.3389223, 23.2720189]}, "properties": {"kind": "amenity", "group": "Places of worship", "name": "shankar ji ka Mandir", "osm_id": 5474694564, "osm_type": "node", "osm_tag": "amenity=place_of_worship"}}, {"type": "Feature", "geometry": {"type": "Point", "coordinates": [77.3391585, 23.2714206]}, "properties": {"kind": "amenity", "group": "Banks & ATMs", "name": "Allahabad Bank", "osm_id": 5474715700, "osm_type": "node", "osm_tag": "amenity=bank"}}, {"type": "Feature", "geometry": {"type": "Point", "coordinates": [77.3379136, 23.2715369]}, "properties": {"kind": "amenity", "group": "Shops & markets", "name": "Nehru Colony Market", "osm_id": 5474715701, "osm_type": "node", "osm_tag": "shop=supermarket"}}, {"type": "Feature", "geometry": {"type": "Point", "coordinates": [77.3377732, 23.271651]}, "properties": {"kind": "amenity", "group": "Food & eating out", "name": "New Darbar", "osm_id": 5474715702, "osm_type": "node", "osm_tag": "amenity=restaurant"}}, {"type": "Feature", "geometry": {"type": "Point", "coordinates": [77.3384221, 23.2708541]}, "properties": {"kind": "amenity", "group": "Food & eating out", "name": "SHUDDH BARFI HOUSE", "osm_id": 5474715703, "osm_type": "node", "osm_tag": "amenity=restaurant"}}, {"type": "Feature", "geometry": {"type": "Point", "coordinates": [77.3382266, 23.2708393]}, "properties": {"kind": "amenity", "group": "Shops & markets", "name": "MG Market", "osm_id": 5474715704, "osm_type": "node", "osm_tag": "amenity=marketplace"}}, {"type": "Feature", "geometry": {"type": "Point", "coordinates": [77.3375086, 23.2706723]}, "properties": {"kind": "amenity", "group": "Banks & ATMs", "name": "State Bank Of India - Chanchal Chouraha Branch", "osm_id": 5474715705, "osm_type": "node", "osm_tag": "amenity=bank"}}, {"type": "Feature", "geometry": {"type": "Point", "coordinates": [77.335769, 23.2706744]}, "properties": {"kind": "amenity", "group": "Banks & ATMs", "name": "Punjab National Bank", "osm_id": 5474726790, "osm_type": "node", "osm_tag": "amenity=bank"}}, {"type": "Feature", "geometry": {"type": "Point", "coordinates": [77.3360359, 23.2699155]}, "properties": {"kind": "amenity", "group": "Banks & ATMs", "name": "ICICI BANK - Bairagarh Branch", "osm_id": 5474726791, "osm_type": "node", "osm_tag": "amenity=bank"}}, {"type": "Feature", "geometry": {"type": "Point", "coordinates": [77.3359347, 23.269664]}, "properties": {"kind": "amenity", "group": "Food & eating out", "name": "The taste of Nepal", "osm_id": 5474726792, "osm_type": "node", "osm_tag": "amenity=restaurant"}}, {"type": "Feature", "geometry": {"type": "Point", "coordinates": [77.3366871, 23.26985]}, "properties": {"kind": "amenity", "group": "Banks & ATMs", "name": "Central Bank Of India - Bairagarh Branch", "osm_id": 5474726793, "osm_type": "node", "osm_tag": "amenity=bank"}}, {"type": "Feature", "geometry": {"type": "Point", "coordinates": [77.337527, 23.269795]}, "properties": {"kind": "amenity", "group": "Shops & markets", "name": "Arti Fashion Mall", "osm_id": 5474726794, "osm_type": "node", "osm_tag": "shop=mall"}}, {"type": "Feature", "geometry": {"type": "Point", "coordinates": [77.3341813, 23.2703721]}, "properties": {"kind": "amenity", "group": "Banks & ATMs", "name": "Bhopal Co-Operative Central Bank Limited - Bairagarh Branch", "osm_id": 5474726796, "osm_type": "node", "osm_tag": "amenity=bank"}}, {"type": "Feature", "geometry": {"type": "Point", "coordinates": [77.3335162, 23.2705011]}, "properties": {"kind": "amenity", "group": "Places of worship", "name": "Kalka Mandir", "osm_id": 5474726797, "osm_type": "node", "osm_tag": "amenity=place_of_worship"}}, {"type": "Feature", "geometry": {"type": "Point", "coordinates": [77.3324784, 23.2701572]}, "properties": {"kind": "amenity", "group": "Banks & ATMs", "name": "Bank Of India - Bairagarh Branch", "osm_id": 5474726799, "osm_type": "node", "osm_tag": "amenity=bank"}}, {"type": "Feature", "geometry": {"type": "Point", "coordinates": [77.3322708, 23.271821]}, "properties": {"kind": "amenity", "group": "Banks & ATMs", "name": "ICICI BANK ATM", "osm_id": 5479329617, "osm_type": "node", "osm_tag": "amenity=bank"}}, {"type": "Feature", "geometry": {"type": "Point", "coordinates": [77.3312162, 23.2721674]}, "properties": {"kind": "amenity", "group": "Shops & markets", "name": "Bhavesh Kirana Store", "osm_id": 5479329618, "osm_type": "node", "osm_tag": "shop=convenience"}}, {"type": "Feature", "geometry": {"type": "Point", "coordinates": [77.3210879, 23.2683053]}, "properties": {"kind": "amenity", "group": "Food & eating out", "name": "Evergreen Restaurant", "osm_id": 5479358205, "osm_type": "node", "osm_tag": "amenity=restaurant"}}, {"type": "Feature", "geometry": {"type": "Point", "coordinates": [77.3183906, 23.2681517]}, "properties": {"kind": "amenity", "group": "Places of worship", "name": "Shiv Temple", "osm_id": 5479358207, "osm_type": "node", "osm_tag": "amenity=place_of_worship"}}, {"type": "Feature", "geometry": {"type": "Point", "coordinates": [77.3178278, 23.2704453]}, "properties": {"kind": "amenity", "group": "Shops & markets", "name": "Gala Mandi", "osm_id": 5479358208, "osm_type": "node", "osm_tag": "amenity=marketplace"}}, {"type": "Feature", "geometry": {"type": "Point", "coordinates": [77.3163605, 23.2678765]}, "properties": {"kind": "amenity", "group": "Shops & markets", "name": "Jai Mata Di Kirana Store", "osm_id": 5479368201, "osm_type": "node", "osm_tag": "shop=convenience"}}, {"type": "Feature", "geometry": {"type": "Point", "coordinates": [77.3089227, 23.2703202]}, "properties": {"kind": "amenity", "group": "Food & eating out", "name": "CHIRAYU BACKSIDE CANTEEN", "osm_id": 5479412159, "osm_type": "node", "osm_tag": "amenity=restaurant"}}, {"type": "Feature", "geometry": {"type": "Point", "coordinates": [77.3096414, 23.265888]}, "properties": {"kind": "amenity", "group": "Banks & ATMs", "name": "Axis Bank", "osm_id": 5479412164, "osm_type": "node", "osm_tag": "amenity=bank"}}, {"type": "Feature", "geometry": {"type": "Point", "coordinates": [77.3109278, 23.266302]}, "properties": {"kind": "amenity", "group": "Shops & markets", "name": "Sai Provision", "osm_id": 5479412165, "osm_type": "node", "osm_tag": "shop=convenience"}}, {"type": "Feature", "geometry": {"type": "Point", "coordinates": [77.3230776, 23.2761534]}, "properties": {"kind": "amenity", "group": "Shops & markets", "name": "Prajapati Kirana", "osm_id": 5479440653, "osm_type": "node", "osm_tag": "shop=supermarket"}}, {"type": "Feature", "geometry": {"type": "Point", "coordinates": [77.3354587, 23.2714463]}, "properties": {"kind": "amenity", "group": "Banks & ATMs", "name": "State Bank of India", "osm_id": 5479492108, "osm_type": "node", "osm_tag": "amenity=bank"}}, {"type": "Feature", "geometry": {"type": "Point", "coordinates": [77.3360919, 23.2723762]}, "properties": {"kind": "amenity", "group": "Places of worship", "name": "Radhe Krishna Mandir", "osm_id": 5479582587, "osm_type": "node", "osm_tag": "amenity=place_of_worship"}}, {"type": "Feature", "geometry": {"type": "Point", "coordinates": [77.4141863, 23.2682532]}, "properties": {"kind": "amenity", "group": "Banks & ATMs", "name": "", "osm_id": 6125893367, "osm_type": "node", "osm_tag": "amenity=atm"}}, {"type": "Feature", "geometry": {"type": "Point", "coordinates": [77.4106362, 23.2627604]}, "properties": {"kind": "amenity", "group": "Banks & ATMs", "name": "", "osm_id": 6125893368, "osm_type": "node", "osm_tag": "amenity=bank"}}, {"type": "Feature", "geometry": {"type": "Point", "coordinates": [77.4107398, 23.2438143]}, "properties": {"kind": "amenity", "group": "Police & fire", "name": "Police Control Room", "osm_id": 6125893369, "osm_type": "node", "osm_tag": "amenity=police"}}, {"type": "Feature", "geometry": {"type": "Point", "coordinates": [77.4021137, 23.2374828]}, "properties": {"kind": "amenity", "group": "Banks & ATMs", "name": "", "osm_id": 6125893370, "osm_type": "node", "osm_tag": "amenity=bank"}}, {"type": "Feature", "geometry": {"type": "Point", "coordinates": [77.4024464, 23.2386604]}, "properties": {"kind": "amenity", "group": "Food & eating out", "name": "Gandhi Dham", "osm_id": 6125893371, "osm_type": "node", "osm_tag": "amenity=restaurant"}}, {"type": "Feature", "geometry": {"type": "Point", "coordinates": [77.4185927, 23.2307003]}, "properties": {"kind": "amenity", "group": "Banks & ATMs", "name": "", "osm_id": 6125893373, "osm_type": "node", "osm_tag": "amenity=atm"}}, {"type": "Feature", "geometry": {"type": "Point", "coordinates": [77.4392183, 23.2216266]}, "properties": {"kind": "amenity", "group": "Banks & ATMs", "name": "", "osm_id": 6125893374, "osm_type": "node", "osm_tag": "amenity=atm"}}, {"type": "Feature", "geometry": {"type": "Point", "coordinates": [77.4142689, 23.2682307]}, "properties": {"kind": "amenity", "group": "Banks & ATMs", "name": "", "osm_id": 6125893826, "osm_type": "node", "osm_tag": "amenity=atm"}}, {"type": "Feature", "geometry": {"type": "Point", "coordinates": [77.4113856, 23.2457391]}, "properties": {"kind": "amenity", "group": "Banks & ATMs", "name": "", "osm_id": 6125893827, "osm_type": "node", "osm_tag": "amenity=atm"}}, {"type": "Feature", "geometry": {"type": "Point", "coordinates": [77.4193232, 23.2260126]}, "properties": {"kind": "amenity", "group": "Banks & ATMs", "name": "", "osm_id": 6125893831, "osm_type": "node", "osm_tag": "amenity=atm"}}, {"type": "Feature", "geometry": {"type": "Point", "coordinates": [77.4390976, 23.2221632]}, "properties": {"kind": "amenity", "group": "Banks & ATMs", "name": "", "osm_id": 6125893832, "osm_type": "node", "osm_tag": "amenity=atm"}}, {"type": "Feature", "geometry": {"type": "Point", "coordinates": [77.4108463, 23.2589167]}, "properties": {"kind": "amenity", "group": "Banks & ATMs", "name": "", "osm_id": 6125894178, "osm_type": "node", "osm_tag": "amenity=atm"}}, {"type": "Feature", "geometry": {"type": "Point", "coordinates": [77.4018192, 23.2359564]}, "properties": {"kind": "amenity", "group": "Food & eating out", "name": "Saatvik", "osm_id": 6125894179, "osm_type": "node", "osm_tag": "amenity=restaurant"}}, {"type": "Feature", "geometry": {"type": "Point", "coordinates": [77.402213, 23.2377581]}, "properties": {"kind": "amenity", "group": "Pharmacies", "name": "Shri Medicals", "osm_id": 6125894181, "osm_type": "node", "osm_tag": "amenity=pharmacy"}}, {"type": "Feature", "geometry": {"type": "Point", "coordinates": [77.4011924, 23.2345984]}, "properties": {"kind": "amenity", "group": "Banks & ATMs", "name": "", "osm_id": 6126857759, "osm_type": "node", "osm_tag": "amenity=bank"}}, {"type": "Feature", "geometry": {"type": "Point", "coordinates": [77.4020091, 23.2369867]}, "properties": {"kind": "amenity", "group": "Banks & ATMs", "name": "", "osm_id": 6126857760, "osm_type": "node", "osm_tag": "amenity=bank"}}, {"type": "Feature", "geometry": {"type": "Point", "coordinates": [77.4006669, 23.2365447]}, "properties": {"kind": "amenity", "group": "Food & eating out", "name": "Kwality", "osm_id": 6126858593, "osm_type": "node", "osm_tag": "amenity=restaurant"}}, {"type": "Feature", "geometry": {"type": "Point", "coordinates": [77.4008009, 23.2360415]}, "properties": {"kind": "amenity", "group": "Food & eating out", "name": "Taste of Khatta Meetha", "osm_id": 6126858595, "osm_type": "node", "osm_tag": "amenity=fast_food"}}, {"type": "Feature", "geometry": {"type": "Point", "coordinates": [77.4011896, 23.2347051]}, "properties": {"kind": "amenity", "group": "Food & eating out", "name": "Keventers", "osm_id": 6126858596, "osm_type": "node", "osm_tag": "amenity=fast_food"}}, {"type": "Feature", "geometry": {"type": "Point", "coordinates": [77.3924587, 23.2473003]}, "properties": {"kind": "amenity", "group": "Civic & community", "name": "", "osm_id": 6126858598, "osm_type": "node", "osm_tag": "amenity=library"}}, {"type": "Feature", "geometry": {"type": "Point", "coordinates": [77.4014337, 23.2362844]}, "properties": {"kind": "amenity", "group": "Food & eating out", "name": "Brijwasi", "osm_id": 6126858599, "osm_type": "node", "osm_tag": "amenity=fast_food"}}, {"type": "Feature", "geometry": {"type": "Point", "coordinates": [77.4014749, 23.2366441]}, "properties": {"kind": "amenity", "group": "Banks & ATMs", "name": "State Bank of India Panchanan Bhawan Branch", "osm_id": 6126859418, "osm_type": "node", "osm_tag": "amenity=bank"}}, {"type": "Feature", "geometry": {"type": "Point", "coordinates": [77.4011993, 23.2345461]}, "properties": {"kind": "amenity", "group": "Banks & ATMs", "name": "", "osm_id": 6126859419, "osm_type": "node", "osm_tag": "amenity=atm"}}, {"type": "Feature", "geometry": {"type": "Point", "coordinates": [77.3966662, 23.2341306]}, "properties": {"kind": "amenity", "group": "Banks & ATMs", "name": "", "osm_id": 6128499441, "osm_type": "node", "osm_tag": "amenity=bank"}}, {"type": "Feature", "geometry": {"type": "Point", "coordinates": [77.4024327, 23.2358375]}, "properties": {"kind": "amenity", "group": "Food & eating out", "name": "Wah Ji Wah", "osm_id": 6128500470, "osm_type": "node", "osm_tag": "amenity=fast_food"}}, {"type": "Feature", "geometry": {"type": "Point", "coordinates": [77.4340247, 23.2301413]}, "properties": {"kind": "amenity", "group": "Banks & ATMs", "name": "", "osm_id": 6128500471, "osm_type": "node", "osm_tag": "amenity=bank"}}, {"type": "Feature", "geometry": {"type": "Point", "coordinates": [77.4358262, 23.226577]}, "properties": {"kind": "amenity", "group": "Fuel stations", "name": "", "osm_id": 6128501002, "osm_type": "node", "osm_tag": "amenity=fuel"}}, {"type": "Feature", "geometry": {"type": "Point", "coordinates": [77.4005044, 23.2354495]}, "properties": {"kind": "amenity", "group": "Food & eating out", "name": "Aadarsh Namkeen", "osm_id": 6128501130, "osm_type": "node", "osm_tag": "amenity=fast_food"}}, {"type": "Feature", "geometry": {"type": "Point", "coordinates": [77.4017207, 23.2348644]}, "properties": {"kind": "amenity", "group": "Food & eating out", "name": "Indian Coffee House", "osm_id": 6128501143, "osm_type": "node", "osm_tag": "amenity=restaurant"}}, {"type": "Feature", "geometry": {"type": "Point", "coordinates": [77.4876589, 23.1882338]}, "properties": {"kind": "amenity", "group": "Banks & ATMs", "name": "canara bank", "osm_id": 6388256799, "osm_type": "node", "osm_tag": "amenity=bank"}}, {"type": "Feature", "geometry": {"type": "Point", "coordinates": [77.4277272, 23.2057113]}, "properties": {"kind": "amenity", "group": "Food & eating out", "name": "Snack street", "osm_id": 6558076685, "osm_type": "node", "osm_tag": "amenity=fast_food"}}, {"type": "Feature", "geometry": {"type": "Point", "coordinates": [77.4173985, 23.197983]}, "properties": {"kind": "amenity", "group": "Food & eating out", "name": "chappan bhog", "osm_id": 6562093331, "osm_type": "node", "osm_tag": "amenity=cafe"}}, {"type": "Feature", "geometry": {"type": "Point", "coordinates": [77.417417, 23.1979462]}, "properties": {"kind": "amenity", "group": "Shops & markets", "name": "am pm", "osm_id": 6562093332, "osm_type": "node", "osm_tag": "shop=supermarket"}}, {"type": "Feature", "geometry": {"type": "Point", "coordinates": [77.417141, 23.1986708]}, "properties": {"kind": "amenity", "group": "Banks & ATMs", "name": "", "osm_id": 6562093338, "osm_type": "node", "osm_tag": "amenity=atm"}}, {"type": "Feature", "geometry": {"type": "Point", "coordinates": [77.417142, 23.1988923]}, "properties": {"kind": "amenity", "group": "Banks & ATMs", "name": "", "osm_id": 6562093339, "osm_type": "node", "osm_tag": "amenity=atm"}}, {"type": "Feature", "geometry": {"type": "Point", "coordinates": [77.4175626, 23.1975403]}, "properties": {"kind": "amenity", "group": "Banks & ATMs", "name": "", "osm_id": 6562093340, "osm_type": "node", "osm_tag": "amenity=atm"}}, {"type": "Feature", "geometry": {"type": "Point", "coordinates": [77.4176355, 23.1963246]}, "properties": {"kind": "amenity", "group": "Parks & sport", "name": "SWARNA JAYANTI PARK", "osm_id": 6562093341, "osm_type": "node", "osm_tag": "leisure=park"}}, {"type": "Feature", "geometry": {"type": "Point", "coordinates": [77.4079532, 23.2058492]}, "properties": {"kind": "amenity", "group": "Banks & ATMs", "name": "", "osm_id": 6562093344, "osm_type": "node", "osm_tag": "amenity=atm"}}, {"type": "Feature", "geometry": {"type": "Point", "coordinates": [77.4338981, 23.2048388]}, "properties": {"kind": "amenity", "group": "Parks & sport", "name": "Ashoka Society Ground", "osm_id": 7006500678, "osm_type": "node", "osm_tag": "leisure=park"}}, {"type": "Feature", "geometry": {"type": "Point", "coordinates": [77.4099759, 23.3417372]}, "properties": {"kind": "amenity", "group": "Shops & markets", "name": "Bhoomi Agro", "osm_id": 7281704574, "osm_type": "node", "osm_tag": "shop=supermarket"}}, {"type": "Feature", "geometry": {"type": "Point", "coordinates": [77.4335931, 23.2233907]}, "properties": {"kind": "amenity", "group": "Food & eating out", "name": "Vishnu Chinese", "osm_id": 8137059703, "osm_type": "node", "osm_tag": "amenity=fast_food"}}, {"type": "Feature", "geometry": {"type": "Point", "coordinates": [77.4276323, 23.2174899]}, "properties": {"kind": "amenity", "group": "Food & eating out", "name": "Amer Bakery Hut", "osm_id": 8137059712, "osm_type": "node", "osm_tag": "amenity=restaurant"}}, {"type": "Feature", "geometry": {"type": "Point", "coordinates": [77.4278007, 23.2176296]}, "properties": {"kind": "amenity", "group": "Food & eating out", "name": "Cremeore", "osm_id": 8137059713, "osm_type": "node", "osm_tag": "amenity=fast_food"}}, {"type": "Feature", "geometry": {"type": "Point", "coordinates": [77.4282732, 23.2180977]}, "properties": {"kind": "amenity", "group": "Shops & markets", "name": "Ravishankar market", "osm_id": 8137059714, "osm_type": "node", "osm_tag": "shop=supermarket"}}, {"type": "Feature", "geometry": {"type": "Point", "coordinates": [77.4283718, 23.2182525]}, "properties": {"kind": "amenity", "group": "Food & eating out", "name": "Bombay Tea Stall", "osm_id": 8137059715, "osm_type": "node", "osm_tag": "amenity=cafe"}}, {"type": "Feature", "geometry": {"type": "Point", "coordinates": [77.4274557, 23.2172068]}, "properties": {"kind": "amenity", "group": "Food & eating out", "name": "Cafe Coffee Day", "osm_id": 8137059716, "osm_type": "node", "osm_tag": "amenity=cafe"}}, {"type": "Feature", "geometry": {"type": "Point", "coordinates": [77.425644, 23.2164554]}, "properties": {"kind": "amenity", "group": "Food & eating out", "name": "Milan", "osm_id": 8137094017, "osm_type": "node", "osm_tag": "amenity=fast_food"}}, {"type": "Feature", "geometry": {"type": "Point", "coordinates": [77.4347955, 23.2143128]}, "properties": {"kind": "amenity", "group": "Food & eating out", "name": "sagar gaire", "osm_id": 8137094019, "osm_type": "node", "osm_tag": "amenity=fast_food"}}, {"type": "Feature", "geometry": {"type": "Point", "coordinates": [77.4364072, 23.2144324]}, "properties": {"kind": "amenity", "group": "Shops & markets", "name": "Dati electronics", "osm_id": 8137094020, "osm_type": "node", "osm_tag": "shop=supermarket"}}, {"type": "Feature", "geometry": {"type": "Point", "coordinates": [77.4363738, 23.2142392]}, "properties": {"kind": "amenity", "group": "Food & eating out", "name": "Chappan bhog", "osm_id": 8137094021, "osm_type": "node", "osm_tag": "amenity=fast_food"}}, {"type": "Feature", "geometry": {"type": "Point", "coordinates": [77.4365473, 23.2144937]}, "properties": {"kind": "amenity", "group": "Shops & markets", "name": "school uniforms", "osm_id": 8137094022, "osm_type": "node", "osm_tag": "shop=supermarket"}}, {"type": "Feature", "geometry": {"type": "Point", "coordinates": [77.4367208, 23.2093969]}, "properties": {"kind": "amenity", "group": "Food & eating out", "name": "shiva bakery", "osm_id": 8137094023, "osm_type": "node", "osm_tag": "amenity=fast_food"}}, {"type": "Feature", "geometry": {"type": "Point", "coordinates": [77.4367242, 23.209909]}, "properties": {"kind": "amenity", "group": "Food & eating out", "name": "bora sports", "osm_id": 8137094024, "osm_type": "node", "osm_tag": "amenity=fast_food"}}, {"type": "Feature", "geometry": {"type": "Point", "coordinates": [77.436634, 23.2093458]}, "properties": {"kind": "amenity", "group": "Shops & markets", "name": "krish general stores", "osm_id": 8137094025, "osm_type": "node", "osm_tag": "shop=supermarket"}}, {"type": "Feature", "geometry": {"type": "Point", "coordinates": [77.4362248, 23.2092038]}, "properties": {"kind": "amenity", "group": "Shops & markets", "name": "tapti jewels", "osm_id": 8137094026, "osm_type": "node", "osm_tag": "shop=supermarket"}}, {"type": "Feature", "geometry": {"type": "Point", "coordinates": [77.436279, 23.2095077]}, "properties": {"kind": "amenity", "group": "Shops & markets", "name": "mayurika clothes", "osm_id": 8137094027, "osm_type": "node", "osm_tag": "shop=supermarket"}}, {"type": "Feature", "geometry": {"type": "Point", "coordinates": [77.4362248, 23.2091066]}, "properties": {"kind": "amenity", "group": "Food & eating out", "name": "charri foods", "osm_id": 8137094028, "osm_type": "node", "osm_tag": "amenity=fast_food"}}, {"type": "Feature", "geometry": {"type": "Point", "coordinates": [77.4355423, 23.2076553]}, "properties": {"kind": "amenity", "group": "Parks & sport", "name": "eden park", "osm_id": 8137094029, "osm_type": "node", "osm_tag": "leisure=park"}}, {"type": "Feature", "geometry": {"type": "Point", "coordinates": [77.4361873, 23.2086861]}, "properties": {"kind": "amenity", "group": "Shops & markets", "name": "vikas emporium", "osm_id": 8137094031, "osm_type": "node", "osm_tag": "shop=supermarket"}}, {"type": "Feature", "geometry": {"type": "Point", "coordinates": [77.4361996, 23.2090637]}, "properties": {"kind": "amenity", "group": "Shops & markets", "name": "rakesh stationary", "osm_id": 8137094032, "osm_type": "node", "osm_tag": "shop=supermarket"}}, {"type": "Feature", "geometry": {"type": "Point", "coordinates": [77.4368158, 23.2088598]}, "properties": {"kind": "amenity", "group": "Food & eating out", "name": "china bowl", "osm_id": 8137094033, "osm_type": "node", "osm_tag": "amenity=restaurant"}}, {"type": "Feature", "geometry": {"type": "Point", "coordinates": [77.4366063, 23.2089995]}, "properties": {"kind": "amenity", "group": "Food & eating out", "name": "gokul sweets", "osm_id": 8137094034, "osm_type": "node", "osm_tag": "amenity=fast_food"}}, {"type": "Feature", "geometry": {"type": "Point", "coordinates": [77.4363064, 23.2081953]}, "properties": {"kind": "amenity", "group": "Shops & markets", "name": "rajesh stationary", "osm_id": 8137094035, "osm_type": "node", "osm_tag": "shop=supermarket"}}, {"type": "Feature", "geometry": {"type": "Point", "coordinates": [77.4363927, 23.2077535]}, "properties": {"kind": "amenity", "group": "Shops & markets", "name": "MK photo studio", "osm_id": 8137094036, "osm_type": "node", "osm_tag": "shop=supermarket"}}, {"type": "Feature", "geometry": {"type": "Point", "coordinates": [77.4363475, 23.2076553]}, "properties": {"kind": "amenity", "group": "Shops & markets", "name": "krisna studios", "osm_id": 8137094037, "osm_type": "node", "osm_tag": "shop=supermarket"}}, {"type": "Feature", "geometry": {"type": "Point", "coordinates": [77.4369802, 23.2073533]}, "properties": {"kind": "amenity", "group": "Places of worship", "name": "Sai temple", "osm_id": 8137094038, "osm_type": "node", "osm_tag": "amenity=place_of_worship"}}, {"type": "Feature", "geometry": {"type": "Point", "coordinates": [77.437165, 23.2060998]}, "properties": {"kind": "amenity", "group": "Food & eating out", "name": "e-7 resturant", "osm_id": 8137094039, "osm_type": "node", "osm_tag": "amenity=restaurant"}}, {"type": "Feature", "geometry": {"type": "Point", "coordinates": [77.4364739, 23.2072269]}, "properties": {"kind": "amenity", "group": "Shops & markets", "name": "suresh opticals", "osm_id": 8137094040, "osm_type": "node", "osm_tag": "shop=supermarket"}}, {"type": "Feature", "geometry": {"type": "Point", "coordinates": [77.4365194, 23.2070177]}, "properties": {"kind": "amenity", "group": "Food & eating out", "name": "chai kapi", "osm_id": 8137094041, "osm_type": "node", "osm_tag": "amenity=cafe"}}, {"type": "Feature", "geometry": {"type": "Point", "coordinates": [77.4372427, 23.205507]}, "properties": {"kind": "amenity", "group": "Banks & ATMs", "name": "Axis Bank", "osm_id": 8137094042, "osm_type": "node", "osm_tag": "amenity=bank"}}, {"type": "Feature", "geometry": {"type": "Point", "coordinates": [77.4371011, 23.2058881]}, "properties": {"kind": "amenity", "group": "Shops & markets", "name": "uday stores", "osm_id": 8137094043, "osm_type": "node", "osm_tag": "shop=supermarket"}}, {"type": "Feature", "geometry": {"type": "Point", "coordinates": [77.4365599, 23.2052002]}, "properties": {"kind": "amenity", "group": "Shops & markets", "name": "yashu sorces", "osm_id": 8137094044, "osm_type": "node", "osm_tag": "shop=supermarket"}}, {"type": "Feature", "geometry": {"type": "Point", "coordinates": [77.4356546, 23.2070084]}, "properties": {"kind": "amenity", "group": "Shops & markets", "name": "pogu toys", "osm_id": 8137094045, "osm_type": "node", "osm_tag": "shop=supermarket"}}, {"type": "Feature", "geometry": {"type": "Point", "coordinates": [77.4367116, 23.2106573]}, "properties": {"kind": "amenity", "group": "Shops & markets", "name": "Tommy stores", "osm_id": 8137094046, "osm_type": "node", "osm_tag": "shop=supermarket"}}, {"type": "Feature", "geometry": {"type": "Point", "coordinates": [77.4271679, 23.2168626]}, "properties": {"kind": "amenity", "group": "Shops & markets", "name": "Niki bawa", "osm_id": 8137094048, "osm_type": "node", "osm_tag": "shop=supermarket"}}, {"type": "Feature", "geometry": {"type": "Point", "coordinates": [77.4270667, 23.2167836]}, "properties": {"kind": "amenity", "group": "Shops & markets", "name": "woodland", "osm_id": 8137094049, "osm_type": "node", "osm_tag": "shop=supermarket"}}, {"type": "Feature", "geometry": {"type": "Point", "coordinates": [77.4279822, 23.2178062]}, "properties": {"kind": "amenity", "group": "Shops & markets", "name": "Kabul stores", "osm_id": 8137094050, "osm_type": "node", "osm_tag": "shop=supermarket"}}, {"type": "Feature", "geometry": {"type": "Point", "coordinates": [77.4277799, 23.2182989]}, "properties": {"kind": "amenity", "group": "Shops & markets", "name": "rolling stores", "osm_id": 8137094052, "osm_type": "node", "osm_tag": "shop=supermarket"}}, {"type": "Feature", "geometry": {"type": "Point", "coordinates": [77.4269555, 23.2166907]}, "properties": {"kind": "amenity", "group": "Food & eating out", "name": "blue cafe", "osm_id": 8137094053, "osm_type": "node", "osm_tag": "amenity=cafe"}}, {"type": "Feature", "geometry": {"type": "Point", "coordinates": [77.4573907, 23.2688475]}, "properties": {"kind": "amenity", "group": "Shops & markets", "name": "Minal Mall", "osm_id": 8831186871, "osm_type": "node", "osm_tag": "shop=mall"}}, {"type": "Feature", "geometry": {"type": "Point", "coordinates": [77.4654043, 23.2769159]}, "properties": {"kind": "amenity", "group": "Places of worship", "name": "Hanuman mandir", "osm_id": 8892137341, "osm_type": "node", "osm_tag": "amenity=place_of_worship"}}, {"type": "Feature", "geometry": {"type": "Point", "coordinates": [77.4676448, 23.2766302]}, "properties": {"kind": "amenity", "group": "Parks & sport", "name": "Maharishi ground", "osm_id": 8892140225, "osm_type": "node", "osm_tag": "leisure=park"}}, {"type": "Feature", "geometry": {"type": "Point", "coordinates": [77.4653336, 23.2770863]}, "properties": {"kind": "amenity", "group": "Police & fire", "name": "", "osm_id": 8892172816, "osm_type": "node", "osm_tag": "amenity=police"}}, {"type": "Feature", "geometry": {"type": "Point", "coordinates": [77.4657795, 23.2765789]}, "properties": {"kind": "amenity", "group": "Post offices", "name": "Post office ayodhya nagar", "osm_id": 8909659305, "osm_type": "node", "osm_tag": "amenity=post_office"}}, {"type": "Feature", "geometry": {"type": "Point", "coordinates": [77.468172, 23.2770816]}, "properties": {"kind": "amenity", "group": "Parks & sport", "name": "Stone Park", "osm_id": 8909659799, "osm_type": "node", "osm_tag": "leisure=park"}}, {"type": "Feature", "geometry": {"type": "Point", "coordinates": [77.4708611, 23.2741682]}, "properties": {"kind": "amenity", "group": "Places of worship", "name": "Jain Mandir", "osm_id": 8909898723, "osm_type": "node", "osm_tag": "amenity=place_of_worship"}}, {"type": "Feature", "geometry": {"type": "Point", "coordinates": [77.4665477, 23.2727442]}, "properties": {"kind": "amenity", "group": "Shops & markets", "name": "Ganesh Galaxy", "osm_id": 8909898725, "osm_type": "node", "osm_tag": "shop=mall"}}, {"type": "Feature", "geometry": {"type": "Point", "coordinates": [77.4674452, 23.2713001]}, "properties": {"kind": "amenity", "group": "Banks & ATMs", "name": "Punjab National Bank", "osm_id": 8909898726, "osm_type": "node", "osm_tag": "amenity=bank"}}, {"type": "Feature", "geometry": {"type": "Point", "coordinates": [77.4680163, 23.2704706]}, "properties": {"kind": "amenity", "group": "Banks & ATMs", "name": "Bank of Baroda", "osm_id": 8909898727, "osm_type": "node", "osm_tag": "amenity=bank"}}, {"type": "Feature", "geometry": {"type": "Point", "coordinates": [77.4687069, 23.2699696]}, "properties": {"kind": "amenity", "group": "Fuel stations", "name": "Indian Oil", "osm_id": 8909898728, "osm_type": "node", "osm_tag": "amenity=fuel"}}, {"type": "Feature", "geometry": {"type": "Point", "coordinates": [77.4695176, 23.2686368]}, "properties": {"kind": "amenity", "group": "Shops & markets", "name": "Pinky stores Mponline", "osm_id": 8909898730, "osm_type": "node", "osm_tag": "shop=general"}}, {"type": "Feature", "geometry": {"type": "Point", "coordinates": [77.5327789, 23.1339795]}, "properties": {"kind": "amenity", "group": "Bus stops & stations", "name": "Bangrasiya", "osm_id": 9399273217, "osm_type": "node", "osm_tag": "highway=bus_stop"}}, {"type": "Feature", "geometry": {"type": "Point", "coordinates": [77.4821904, 23.1445152]}, "properties": {"kind": "amenity", "group": "Bus stops & stations", "name": "11 \u092e\u0940\u0932", "osm_id": 9406565117, "osm_type": "node", "osm_tag": "highway=bus_stop"}}, {"type": "Feature", "geometry": {"type": "Point", "coordinates": [77.532734, 23.1396539]}, "properties": {"kind": "amenity", "group": "Post offices", "name": "Bangrasiya Post office", "osm_id": 9406586017, "osm_type": "node", "osm_tag": "amenity=post_office"}}, {"type": "Feature", "geometry": {"type": "Point", "coordinates": [77.5378134, 23.1403543]}, "properties": {"kind": "amenity", "group": "Parks & sport", "name": "", "osm_id": 9406586117, "osm_type": "node", "osm_tag": "leisure=playground"}}, {"type": "Feature", "geometry": {"type": "Point", "coordinates": [77.5385027, 23.1371839]}, "properties": {"kind": "amenity", "group": "Parks & sport", "name": "crpf badminton court", "osm_id": 9406617260, "osm_type": "node", "osm_tag": "leisure=sports_centre"}}, {"type": "Feature", "geometry": {"type": "Point", "coordinates": [77.2742119, 23.2854431]}, "properties": {"kind": "amenity", "group": "Food & eating out", "name": "Sudarshan Restaurant", "osm_id": 10043930273, "osm_type": "node", "osm_tag": "amenity=restaurant"}}, {"type": "Feature", "geometry": {"type": "Point", "coordinates": [77.4629371, 23.2504057]}, "properties": {"kind": "amenity", "group": "Bus stops & stations", "name": "", "osm_id": 11079948439, "osm_type": "node", "osm_tag": "highway=bus_stop"}}, {"type": "Feature", "geometry": {"type": "Point", "coordinates": [77.2742271, 23.2853465]}, "properties": {"kind": "amenity", "group": "Shops & markets", "name": "Tarachand Mansharam Kirana Store", "osm_id": 11491869449, "osm_type": "node", "osm_tag": "shop=convenience"}}, {"type": "Feature", "geometry": {"type": "Point", "coordinates": [77.2740099, 23.2854165]}, "properties": {"kind": "amenity", "group": "Food & eating out", "name": "Yash Enterprises: Fruit & Juice Shop", "osm_id": 11491869453, "osm_type": "node", "osm_tag": "amenity=fast_food"}}, {"type": "Feature", "geometry": {"type": "Point", "coordinates": [77.2739499, 23.2854414]}, "properties": {"kind": "amenity", "group": "Banks & ATMs", "name": "State Bank of India", "osm_id": 11491869454, "osm_type": "node", "osm_tag": "amenity=bank"}}, {"type": "Feature", "geometry": {"type": "Point", "coordinates": [77.2738935, 23.2854327]}, "properties": {"kind": "amenity", "group": "Post offices", "name": "IISER Bhauri SO", "osm_id": 11491869457, "osm_type": "node", "osm_tag": "amenity=post_office"}}, {"type": "Feature", "geometry": {"type": "Point", "coordinates": [77.2738423, 23.2854185]}, "properties": {"kind": "amenity", "group": "Banks & ATMs", "name": "State Bank of India", "osm_id": 11491869463, "osm_type": "node", "osm_tag": "amenity=bank"}}, {"type": "Feature", "geometry": {"type": "Point", "coordinates": [77.273845, 23.2853734]}, "properties": {"kind": "amenity", "group": "Banks & ATMs", "name": "", "osm_id": 11494595469, "osm_type": "node", "osm_tag": "amenity=atm"}}, {"type": "Feature", "geometry": {"type": "Point", "coordinates": [77.3654565, 23.2050486]}, "properties": {"kind": "amenity", "group": "Fuel stations", "name": "HP", "osm_id": 11726798228, "osm_type": "node", "osm_tag": "amenity=fuel"}}, {"type": "Feature", "geometry": {"type": "Point", "coordinates": [77.3109768, 23.3212332]}, "properties": {"kind": "amenity", "group": "Fuel stations", "name": "Bharat Petroleum", "osm_id": 11729861253, "osm_type": "node", "osm_tag": "amenity=fuel"}}, {"type": "Feature", "geometry": {"type": "Point", "coordinates": [77.3404374, 23.19084]}, "properties": {"kind": "amenity", "group": "Fuel stations", "name": "Indian Oil", "osm_id": 11730176851, "osm_type": "node", "osm_tag": "amenity=fuel"}}, {"type": "Feature", "geometry": {"type": "Point", "coordinates": [77.3447452, 23.1942784]}, "properties": {"kind": "amenity", "group": "Fuel stations", "name": "HP", "osm_id": 11730213942, "osm_type": "node", "osm_tag": "amenity=fuel"}}, {"type": "Feature", "geometry": {"type": "Point", "coordinates": [77.4029249, 23.3292382]}, "properties": {"kind": "amenity", "group": "Fuel stations", "name": "HP", "osm_id": 11730246851, "osm_type": "node", "osm_tag": "amenity=fuel"}}, {"type": "Feature", "geometry": {"type": "Point", "coordinates": [77.4195682, 23.1991713]}, "properties": {"kind": "amenity", "group": "Fuel stations", "name": "Bharat Petroleum", "osm_id": 11736142316, "osm_type": "node", "osm_tag": "amenity=fuel"}}, {"type": "Feature", "geometry": {"type": "Point", "coordinates": [77.4673334, 23.1638039]}, "properties": {"kind": "amenity", "group": "Fuel stations", "name": "Bharat Petroleum", "osm_id": 11736194311, "osm_type": "node", "osm_tag": "amenity=fuel"}}, {"type": "Feature", "geometry": {"type": "Point", "coordinates": [77.3779071, 23.3009115]}, "properties": {"kind": "amenity", "group": "Fuel stations", "name": "Bharat Petroleum", "osm_id": 11740916436, "osm_type": "node", "osm_tag": "amenity=fuel"}}, {"type": "Feature", "geometry": {"type": "Point", "coordinates": [77.4988673, 23.123126]}, "properties": {"kind": "amenity", "group": "Fuel stations", "name": "Indian Oil", "osm_id": 11743199164, "osm_type": "node", "osm_tag": "amenity=fuel"}}, {"type": "Feature", "geometry": {"type": "Point", "coordinates": [77.5028724, 23.1705924]}, "properties": {"kind": "amenity", "group": "Fuel stations", "name": "Indian Oil", "osm_id": 11743209658, "osm_type": "node", "osm_tag": "amenity=fuel"}}, {"type": "Feature", "geometry": {"type": "Point", "coordinates": [77.5075344, 23.1651666]}, "properties": {"kind": "amenity", "group": "Fuel stations", "name": "Nayara", "osm_id": 11743240850, "osm_type": "node", "osm_tag": "amenity=fuel"}}, {"type": "Feature", "geometry": {"type": "Point", "coordinates": [77.459941, 23.1946737]}, "properties": {"kind": "amenity", "group": "Places of worship", "name": "Durga Mata Temple", "osm_id": 11763373802, "osm_type": "node", "osm_tag": "amenity=place_of_worship"}}, {"type": "Feature", "geometry": {"type": "Point", "coordinates": [77.4598729, 23.1946745]}, "properties": {"kind": "amenity", "group": "Places of worship", "name": "Vishwakarma Temple", "osm_id": 11763373803, "osm_type": "node", "osm_tag": "amenity=place_of_worship"}}, {"type": "Feature", "geometry": {"type": "Point", "coordinates": [77.5023027, 23.2515984]}, "properties": {"kind": "amenity", "group": "Food & eating out", "name": "Fruit Crush Cafe", "osm_id": 11763383784, "osm_type": "node", "osm_tag": "amenity=cafe"}}, {"type": "Feature", "geometry": {"type": "Point", "coordinates": [77.4307099, 23.1717128]}, "properties": {"kind": "amenity", "group": "Food & eating out", "name": "Tea O'clock cafe", "osm_id": 11772566774, "osm_type": "node", "osm_tag": "amenity=cafe"}}, {"type": "Feature", "geometry": {"type": "Point", "coordinates": [77.2711833, 23.292264]}, "properties": {"kind": "amenity", "group": "Food & eating out", "name": "Ideation hut cafe", "osm_id": 11865389772, "osm_type": "node", "osm_tag": "amenity=fast_food"}}, {"type": "Feature", "geometry": {"type": "Point", "coordinates": [77.2739607, 23.2854116]}, "properties": {"kind": "amenity", "group": "Food & eating out", "name": "Nescaf\u00e9 Outlet", "osm_id": 11889061158, "osm_type": "node", "osm_tag": "amenity=cafe"}}, {"type": "Feature", "geometry": {"type": "Point", "coordinates": [77.4104107, 23.1830962]}, "properties": {"kind": "amenity", "group": "Places of worship", "name": "Ram Hanuman Mandir", "osm_id": 12013370226, "osm_type": "node", "osm_tag": "amenity=place_of_worship"}}, {"type": "Feature", "geometry": {"type": "Point", "coordinates": [77.4544308, 23.1648152]}, "properties": {"kind": "amenity", "group": "Civic & community", "name": "The National Public School and Kindergarten", "osm_id": 12013378514, "osm_type": "node", "osm_tag": "amenity=kindergarten"}}, {"type": "Feature", "geometry": {"type": "Point", "coordinates": [77.4173774, 23.1978251]}, "properties": {"kind": "amenity", "group": "Shops & markets", "name": "Lotus Electronics", "osm_id": 12013411469, "osm_type": "node", "osm_tag": "shop=supermarket"}}, {"type": "Feature", "geometry": {"type": "Point", "coordinates": [77.399881, 23.3399151]}, "properties": {"kind": "amenity", "group": "Food & eating out", "name": "the famous chourasiya dhaba& restaurant", "osm_id": 12042696134, "osm_type": "node", "osm_tag": "amenity=restaurant"}}, {"type": "Feature", "geometry": {"type": "Point", "coordinates": [77.400156, 23.3388666]}, "properties": {"kind": "amenity", "group": "Food & eating out", "name": "the famous chourasiya dhaba restaurant", "osm_id": 12042696135, "osm_type": "node", "osm_tag": "amenity=restaurant"}}, {"type": "Feature", "geometry": {"type": "Point", "coordinates": [77.4115543, 23.230231]}, "properties": {"kind": "amenity", "group": "Food & eating out", "name": "Honey's Kitchen Official Bhopal", "osm_id": 12046626644, "osm_type": "node", "osm_tag": "amenity=restaurant"}}, {"type": "Feature", "geometry": {"type": "Point", "coordinates": [77.4313632, 23.2365076]}, "properties": {"kind": "amenity", "group": "Places of worship", "name": "Ramakrishna Mission Ashrama", "osm_id": 12072425927, "osm_type": "node", "osm_tag": "amenity=place_of_worship"}}, {"type": "Feature", "geometry": {"type": "Point", "coordinates": [77.494615, 23.2291422]}, "properties": {"kind": "amenity", "group": "Parks & sport", "name": "Temple Play Ground", "osm_id": 12088552631, "osm_type": "node", "osm_tag": "leisure=playground"}}, {"type": "Feature", "geometry": {"type": "Point", "coordinates": [77.4133146, 23.1608261]}, "properties": {"kind": "amenity", "group": "Shops & markets", "name": "D-Mart Kolar", "osm_id": 12249839391, "osm_type": "node", "osm_tag": "shop=supermarket"}}, {"type": "Feature", "geometry": {"type": "Point", "coordinates": [77.4681343, 23.2678343]}, "properties": {"kind": "amenity", "group": "Places of worship", "name": "Santoshi Mata Mandir", "osm_id": 12595778141, "osm_type": "node", "osm_tag": "amenity=place_of_worship"}}, {"type": "Feature", "geometry": {"type": "Point", "coordinates": [77.4690644, 23.265758]}, "properties": {"kind": "amenity", "group": "Places of worship", "name": "Shri Ram Janki Mahakal Shiv Mandir", "osm_id": 12595799535, "osm_type": "node", "osm_tag": "amenity=place_of_worship"}}, {"type": "Feature", "geometry": {"type": "Point", "coordinates": [77.4669692, 23.2677572]}, "properties": {"kind": "amenity", "group": "Food & eating out", "name": "Sagar Gaire Restaurant", "osm_id": 12595799536, "osm_type": "node", "osm_tag": "amenity=restaurant"}}, {"type": "Feature", "geometry": {"type": "Point", "coordinates": [77.4668766, 23.266877]}, "properties": {"kind": "amenity", "group": "Banks & ATMs", "name": "", "osm_id": 12595835924, "osm_type": "node", "osm_tag": "amenity=atm"}}, {"type": "Feature", "geometry": {"type": "Point", "coordinates": [77.4667365, 23.2662695]}, "properties": {"kind": "amenity", "group": "Places of worship", "name": "Bhawani Dham Ground", "osm_id": 12595835926, "osm_type": "node", "osm_tag": "amenity=place_of_worship"}}, {"type": "Feature", "geometry": {"type": "Point", "coordinates": [77.4682962, 23.2670449]}, "properties": {"kind": "amenity", "group": "Parks & sport", "name": "park and playground", "osm_id": 12595835929, "osm_type": "node", "osm_tag": "leisure=playground"}}, {"type": "Feature", "geometry": {"type": "Point", "coordinates": [77.4681328, 23.2686498]}, "properties": {"kind": "amenity", "group": "Banks & ATMs", "name": "", "osm_id": 12595835934, "osm_type": "node", "osm_tag": "amenity=atm"}}, {"type": "Feature", "geometry": {"type": "Point", "coordinates": [77.4669842, 23.2662289]}, "properties": {"kind": "amenity", "group": "Places of worship", "name": "", "osm_id": 12595897436, "osm_type": "node", "osm_tag": "amenity=place_of_worship"}}, {"type": "Feature", "geometry": {"type": "Point", "coordinates": [77.466163, 23.2656746]}, "properties": {"kind": "amenity", "group": "Banks & ATMs", "name": "", "osm_id": 12595897437, "osm_type": "node", "osm_tag": "amenity=atm"}}, {"type": "Feature", "geometry": {"type": "Point", "coordinates": [77.4652839, 23.2647625]}, "properties": {"kind": "amenity", "group": "Banks & ATMs", "name": "", "osm_id": 12595897439, "osm_type": "node", "osm_tag": "amenity=atm"}}, {"type": "Feature", "geometry": {"type": "Point", "coordinates": [77.4650675, 23.2641507]}, "properties": {"kind": "amenity", "group": "Banks & ATMs", "name": "", "osm_id": 12595897441, "osm_type": "node", "osm_tag": "amenity=atm"}}, {"type": "Feature", "geometry": {"type": "Point", "coordinates": [77.4644665, 23.2645107]}, "properties": {"kind": "amenity", "group": "Places of worship", "name": "Khedapati Human Mandir", "osm_id": 12595897446, "osm_type": "node", "osm_tag": "amenity=place_of_worship"}}, {"type": "Feature", "geometry": {"type": "Point", "coordinates": [77.464827, 23.2632156]}, "properties": {"kind": "amenity", "group": "Civic & community", "name": "", "osm_id": 12595897447, "osm_type": "node", "osm_tag": "amenity=library"}}, {"type": "Feature", "geometry": {"type": "Point", "coordinates": [77.4609468, 23.2593142]}, "properties": {"kind": "amenity", "group": "Food & eating out", "name": "Chimes Bistro Cafe", "osm_id": 12595902250, "osm_type": "node", "osm_tag": "amenity=cafe"}}, {"type": "Feature", "geometry": {"type": "Point", "coordinates": [77.4594778, 23.2589606]}, "properties": {"kind": "amenity", "group": "Parks & sport", "name": "Bharat Nagar Park Garden", "osm_id": 12595975429, "osm_type": "node", "osm_tag": "leisure=park"}}, {"type": "Feature", "geometry": {"type": "Point", "coordinates": [77.4695669, 23.2551625]}, "properties": {"kind": "amenity", "group": "Places of worship", "name": "Sant Shadaram mandir bhopal", "osm_id": 12595975434, "osm_type": "node", "osm_tag": "amenity=place_of_worship"}}, {"type": "Feature", "geometry": {"type": "Point", "coordinates": [77.4695698, 23.2536234]}, "properties": {"kind": "amenity", "group": "Places of worship", "name": "", "osm_id": 12595975435, "osm_type": "node", "osm_tag": "amenity=place_of_worship"}}, {"type": "Feature", "geometry": {"type": "Point", "coordinates": [77.4733029, 23.2547588]}, "properties": {"kind": "amenity", "group": "Parks & sport", "name": "Laxmi Nagar Playground", "osm_id": 12595975441, "osm_type": "node", "osm_tag": "leisure=park"}}, {"type": "Feature", "geometry": {"type": "Point", "coordinates": [77.4721429, 23.2555783]}, "properties": {"kind": "amenity", "group": "Places of worship", "name": "Durga Nagar Mandir", "osm_id": 12595975443, "osm_type": "node", "osm_tag": "amenity=place_of_worship"}}, {"type": "Feature", "geometry": {"type": "Point", "coordinates": [77.4719878, 23.2550222]}, "properties": {"kind": "amenity", "group": "Food & eating out", "name": "Dev Bhog Restaurant", "osm_id": 12595975444, "osm_type": "node", "osm_tag": "amenity=restaurant"}}, {"type": "Feature", "geometry": {"type": "Point", "coordinates": [77.4727892, 23.2559524]}, "properties": {"kind": "amenity", "group": "Places of worship", "name": "", "osm_id": 12595975445, "osm_type": "node", "osm_tag": "amenity=place_of_worship"}}, {"type": "Feature", "geometry": {"type": "Point", "coordinates": [77.4728079, 23.2563368]}, "properties": {"kind": "amenity", "group": "Parks & sport", "name": "Shiv Park", "osm_id": 12595975446, "osm_type": "node", "osm_tag": "leisure=park"}}, {"type": "Feature", "geometry": {"type": "Point", "coordinates": [77.4730021, 23.2571795]}, "properties": {"kind": "amenity", "group": "Banks & ATMs", "name": "", "osm_id": 12595975447, "osm_type": "node", "osm_tag": "amenity=atm"}}, {"type": "Feature", "geometry": {"type": "Point", "coordinates": [77.4724924, 23.2579206]}, "properties": {"kind": "amenity", "group": "Banks & ATMs", "name": "", "osm_id": 12595975449, "osm_type": "node", "osm_tag": "amenity=atm"}}, {"type": "Feature", "geometry": {"type": "Point", "coordinates": [77.4722208, 23.2580676]}, "properties": {"kind": "amenity", "group": "Civic & community", "name": "Ummeid Child Development Centre", "osm_id": 12595975450, "osm_type": "node", "osm_tag": "amenity=community_centre"}}, {"type": "Feature", "geometry": {"type": "Point", "coordinates": [77.4720139, 23.2582033]}, "properties": {"kind": "amenity", "group": "Food & eating out", "name": "", "osm_id": 12595975451, "osm_type": "node", "osm_tag": "amenity=fast_food"}}, {"type": "Feature", "geometry": {"type": "Point", "coordinates": [77.4410217, 23.2238741]}, "properties": {"kind": "amenity", "group": "Banks & ATMs", "name": "", "osm_id": 12595975458, "osm_type": "node", "osm_tag": "amenity=bank"}}, {"type": "Feature", "geometry": {"type": "Point", "coordinates": [77.4381618, 23.2226755]}, "properties": {"kind": "amenity", "group": "Shops & markets", "name": "", "osm_id": 12595975461, "osm_type": "node", "osm_tag": "shop=mall"}}, {"type": "Feature", "geometry": {"type": "Point", "coordinates": [77.4336772, 23.2232671]}, "properties": {"kind": "amenity", "group": "Food & eating out", "name": "Sagar Gaire", "osm_id": 12595975463, "osm_type": "node", "osm_tag": "amenity=fast_food"}}, {"type": "Feature", "geometry": {"type": "Point", "coordinates": [77.4726483, 23.2443608]}, "properties": {"kind": "amenity", "group": "Parks & sport", "name": "Gunjan Park", "osm_id": 12595975468, "osm_type": "node", "osm_tag": "leisure=park"}}, {"type": "Feature", "geometry": {"type": "Point", "coordinates": [77.4709796, 23.2478747]}, "properties": {"kind": "amenity", "group": "Food & eating out", "name": "", "osm_id": 12595975473, "osm_type": "node", "osm_tag": "amenity=restaurant"}}, {"type": "Feature", "geometry": {"type": "Point", "coordinates": [77.4703695, 23.246724]}, "properties": {"kind": "amenity", "group": "Parks & sport", "name": "NCC football ground", "osm_id": 12595975475, "osm_type": "node", "osm_tag": "leisure=park"}}, {"type": "Feature", "geometry": {"type": "Point", "coordinates": [77.4685027, 23.2479701]}, "properties": {"kind": "amenity", "group": "Parks & sport", "name": "volleyball court", "osm_id": 12595975476, "osm_type": "node", "osm_tag": "leisure=park"}}, {"type": "Feature", "geometry": {"type": "Point", "coordinates": [77.2746706, 23.2872849]}, "properties": {"kind": "amenity", "group": "Civic & community", "name": "Central Library and Computer Centre", "osm_id": 12701553280, "osm_type": "node", "osm_tag": "amenity=library"}}, {"type": "Feature", "geometry": {"type": "Point", "coordinates": [77.4239641, 23.227355]}, "properties": {"kind": "amenity", "group": "Civic & community", "name": "Pandit Sheetal Prasad Tiwari Smriti", "osm_id": 12752615026, "osm_type": "node", "osm_tag": "amenity=library"}}, {"type": "Feature", "geometry": {"type": "Point", "coordinates": [77.4482434, 23.2669602]}, "properties": {"kind": "amenity", "group": "Places of worship", "name": "Anurag Steel", "osm_id": 12843549329, "osm_type": "node", "osm_tag": "amenity=place_of_worship"}}, {"type": "Feature", "geometry": {"type": "Point", "coordinates": [77.489109, 23.1659662]}, "properties": {"kind": "amenity", "group": "Food & eating out", "name": "The Farmer's Table", "osm_id": 12862934892, "osm_type": "node", "osm_tag": "amenity=restaurant"}}, {"type": "Feature", "geometry": {"type": "Point", "coordinates": [77.4059762, 23.2747652]}, "properties": {"kind": "amenity", "group": "Civic & community", "name": "Sambhavna Library", "osm_id": 13087310990, "osm_type": "node", "osm_tag": "amenity=library"}}, {"type": "Feature", "geometry": {"type": "Point", "coordinates": [77.4056232, 23.2749332]}, "properties": {"kind": "amenity", "group": "Parks & sport", "name": "", "osm_id": 13087310992, "osm_type": "node", "osm_tag": "leisure=playground"}}, {"type": "Feature", "geometry": {"type": "Point", "coordinates": [77.4058558, 23.2745721]}, "properties": {"kind": "amenity", "group": "Pharmacies", "name": "Sambhavna Dispensary", "osm_id": 13087319048, "osm_type": "node", "osm_tag": "amenity=pharmacy"}}, {"type": "Feature", "geometry": {"type": "Point", "coordinates": [77.4172054, 23.1960517]}, "properties": {"kind": "amenity", "group": "Bus stops & stations", "name": "Swarna Jayanti Bus Stop", "osm_id": 13103185201, "osm_type": "node", "osm_tag": "highway=bus_stop"}}, {"type": "Feature", "geometry": {"type": "Point", "coordinates": [77.3388865, 23.2706607]}, "properties": {"kind": "amenity", "group": "Shops & markets", "name": "Glam Gala", "osm_id": 13134237214, "osm_type": "node", "osm_tag": "shop=supermarket"}}, {"type": "Feature", "geometry": {"type": "Point", "coordinates": [77.4469831, 23.2808599]}, "properties": {"kind": "amenity", "group": "Places of worship", "name": "", "osm_id": 13190656872, "osm_type": "node", "osm_tag": "amenity=place_of_worship"}}, {"type": "Feature", "geometry": {"type": "Point", "coordinates": [77.4522473, 23.2800685]}, "properties": {"kind": "amenity", "group": "Shops & markets", "name": "DMart", "osm_id": 13190656873, "osm_type": "node", "osm_tag": "shop=supermarket"}}, {"type": "Feature", "geometry": {"type": "Point", "coordinates": [77.367897, 23.2572155]}, "properties": {"kind": "amenity", "group": "Food & eating out", "name": "Bhopal Lakeview Coffee House", "osm_id": 13190722062, "osm_type": "node", "osm_tag": "amenity=cafe"}}, {"type": "Feature", "geometry": {"type": "Point", "coordinates": [77.471593, 23.2684243]}, "properties": {"kind": "amenity", "group": "Places of worship", "name": "Ahinsa Vihar Colony Ram Mandir", "osm_id": 13204671327, "osm_type": "node", "osm_tag": "amenity=place_of_worship"}}, {"type": "Feature", "geometry": {"type": "Point", "coordinates": [77.3704237, 23.2612392]}, "properties": {"kind": "amenity", "group": "Food & eating out", "name": "A-One Bhojnalaya.", "osm_id": 13208609490, "osm_type": "node", "osm_tag": "amenity=restaurant"}}, {"type": "Feature", "geometry": {"type": "Point", "coordinates": [77.5265725, 23.2506228]}, "properties": {"kind": "amenity", "group": "Food & eating out", "name": "HIDDEN CAFE", "osm_id": 13235279979, "osm_type": "node", "osm_tag": "amenity=cafe"}}, {"type": "Feature", "geometry": {"type": "Point", "coordinates": [77.5263955, 23.2505135]}, "properties": {"kind": "amenity", "group": "Food & eating out", "name": "SUTO CAFE", "osm_id": 13235279980, "osm_type": "node", "osm_tag": "amenity=fast_food"}}, {"type": "Feature", "geometry": {"type": "Point", "coordinates": [77.5256877, 23.2501142]}, "properties": {"kind": "amenity", "group": "Civic & community", "name": "CENTRAL LIBRARY", "osm_id": 13235279981, "osm_type": "node", "osm_tag": "amenity=library"}}, {"type": "Feature", "geometry": {"type": "Point", "coordinates": [77.5262936, 23.2496915]}, "properties": {"kind": "amenity", "group": "Parks & sport", "name": "PLAY GROUND", "osm_id": 13235279982, "osm_type": "node", "osm_tag": "leisure=playground"}}, {"type": "Feature", "geometry": {"type": "Point", "coordinates": [77.5237448, 23.251546]}, "properties": {"kind": "amenity", "group": "Places of worship", "name": "HANUMAN MANDIR", "osm_id": 13235279986, "osm_type": "node", "osm_tag": "amenity=place_of_worship"}}, {"type": "Feature", "geometry": {"type": "Point", "coordinates": [77.5230854, 23.2512559]}, "properties": {"kind": "amenity", "group": "Bus stops & stations", "name": "BUS STAND", "osm_id": 13235279987, "osm_type": "node", "osm_tag": "amenity=bus_station"}}, {"type": "Feature", "geometry": {"type": "Point", "coordinates": [77.5233316, 23.249832]}, "properties": {"kind": "amenity", "group": "Parks & sport", "name": "", "osm_id": 13235279992, "osm_type": "node", "osm_tag": "leisure=playground"}}, {"type": "Feature", "geometry": {"type": "Point", "coordinates": [77.4002197, 23.2623359]}, "properties": {"kind": "amenity", "group": "Banks & ATMs", "name": "", "osm_id": 13671308701, "osm_type": "node", "osm_tag": "amenity=atm"}}, {"type": "Feature", "geometry": {"type": "Point", "coordinates": [77.4001778, 23.2623403]}, "properties": {"kind": "amenity", "group": "Banks & ATMs", "name": "State Bank Of India - Jumerati Branch", "osm_id": 13671308702, "osm_type": "node", "osm_tag": "amenity=bank"}}, {"type": "Feature", "geometry": {"type": "Point", "coordinates": [77.5144354, 23.2713006]}, "properties": {"kind": "amenity", "group": "Fuel stations", "name": "Kokta petrol pump", "osm_id": 13673757102, "osm_type": "node", "osm_tag": "amenity=fuel"}}, {"type": "Feature", "geometry": {"type": "Point", "coordinates": [77.2503801, 23.244402]}, "properties": {"kind": "amenity", "group": "Fuel stations", "name": "Hindustan Petroleum", "osm_id": 13919631543, "osm_type": "node", "osm_tag": "amenity=fuel"}}, {"type": "Feature", "geometry": {"type": "Point", "coordinates": [77.2592492, 23.2482302]}, "properties": {"kind": "amenity", "group": "Banks & ATMs", "name": "", "osm_id": 13919645469, "osm_type": "node", "osm_tag": "amenity=atm"}}, {"type": "Feature", "geometry": {"type": "Point", "coordinates": [77.2883, 23.2845509]}, "properties": {"kind": "amenity", "group": "Fuel stations", "name": "Bharat Petroleum", "osm_id": 13919645495, "osm_type": "node", "osm_tag": "amenity=fuel"}}, {"type": "Feature", "geometry": {"type": "Point", "coordinates": [77.2533885, 23.2453989]}, "properties": {"kind": "amenity", "group": "Fuel stations", "name": "", "osm_id": 13919645502, "osm_type": "node", "osm_tag": "amenity=fuel"}}, {"type": "Feature", "geometry": {"type": "Point", "coordinates": [77.3003407, 23.301173]}, "properties": {"kind": "amenity", "group": "Fuel stations", "name": "Nayara", "osm_id": 13919645516, "osm_type": "node", "osm_tag": "amenity=fuel"}}, {"type": "Feature", "geometry": {"type": "Point", "coordinates": [77.4028552, 23.3031068]}, "properties": {"kind": "amenity", "group": "Banks & ATMs", "name": "HDFC Bank", "osm_id": 13919874485, "osm_type": "node", "osm_tag": "amenity=bank"}}, {"type": "Feature", "geometry": {"type": "Point", "coordinates": [77.4139269, 23.3031462]}, "properties": {"kind": "amenity", "group": "Fuel stations", "name": "Hindustan Petroleum", "osm_id": 13919874492, "osm_type": "node", "osm_tag": "amenity=fuel"}}, {"type": "Feature", "geometry": {"type": "Point", "coordinates": [77.4064175, 23.3023268]}, "properties": {"kind": "amenity", "group": "Fuel stations", "name": "Indian Oil", "osm_id": 13919874497, "osm_type": "node", "osm_tag": "amenity=fuel"}}, {"type": "Feature", "geometry": {"type": "Point", "coordinates": [77.4970216, 23.2953517]}, "properties": {"kind": "amenity", "group": "Fuel stations", "name": "Indian Oil", "osm_id": 13919874500, "osm_type": "node", "osm_tag": "amenity=fuel"}}, {"type": "Feature", "geometry": {"type": "Point", "coordinates": [77.4205149, 23.30389]}, "properties": {"kind": "amenity", "group": "Fuel stations", "name": "Hindustan Petroleum", "osm_id": 13919909017, "osm_type": "node", "osm_tag": "amenity=fuel"}}, {"type": "Feature", "geometry": {"type": "Point", "coordinates": [77.404543, 23.3029962]}, "properties": {"kind": "amenity", "group": "Pharmacies", "name": "", "osm_id": 13919909020, "osm_type": "node", "osm_tag": "amenity=pharmacy"}}, {"type": "Feature", "geometry": {"type": "Point", "coordinates": [77.390431, 23.3022326]}, "properties": {"kind": "amenity", "group": "Fuel stations", "name": "Bharat Petroleum", "osm_id": 13919909024, "osm_type": "node", "osm_tag": "amenity=fuel"}}, {"type": "Feature", "geometry": {"type": "Point", "coordinates": [77.403895, 23.3030403]}, "properties": {"kind": "amenity", "group": "Places of worship", "name": "", "osm_id": 13919909025, "osm_type": "node", "osm_tag": "amenity=place_of_worship"}}, {"type": "Feature", "geometry": {"type": "Point", "coordinates": [77.4054975, 23.3030196]}, "properties": {"kind": "amenity", "group": "Banks & ATMs", "name": "Axis Bank", "osm_id": 13919909026, "osm_type": "node", "osm_tag": "amenity=bank"}}, {"type": "Feature", "geometry": {"type": "Point", "coordinates": [77.5145734, 23.2932962]}, "properties": {"kind": "amenity", "group": "Banks & ATMs", "name": "", "osm_id": 13920979006, "osm_type": "node", "osm_tag": "amenity=atm"}}, {"type": "Feature", "geometry": {"type": "Point", "coordinates": [77.4218435, 23.2643441]}, "properties": {"kind": "amenity", "group": "Fuel stations", "name": "Hindustan Petroleum", "osm_id": 13923992439, "osm_type": "node", "osm_tag": "amenity=fuel"}}, {"type": "Feature", "geometry": {"type": "Point", "coordinates": [77.4314986, 23.2065262]}, "properties": {"kind": "amenity", "group": "Banks & ATMs", "name": "Madhya Pradesh Gramin Bank", "osm_id": 13923992444, "osm_type": "node", "osm_tag": "amenity=bank"}}, {"type": "Feature", "geometry": {"type": "Point", "coordinates": [77.4299698, 23.2557643]}, "properties": {"kind": "amenity", "group": "Food & eating out", "name": "Hotel Avantika", "osm_id": 13923992454, "osm_type": "node", "osm_tag": "amenity=restaurant"}}, {"type": "Feature", "geometry": {"type": "Point", "coordinates": [77.477545, 23.2810377]}, "properties": {"kind": "amenity", "group": "Pharmacies", "name": "", "osm_id": 13923992456, "osm_type": "node", "osm_tag": "amenity=pharmacy"}}, {"type": "Feature", "geometry": {"type": "Point", "coordinates": [77.4417995, 23.215775]}, "properties": {"kind": "amenity", "group": "Power infrastructure", "name": "", "osm_id": 13923992459, "osm_type": "node", "osm_tag": "power=substation"}}, {"type": "Feature", "geometry": {"type": "Point", "coordinates": [77.3972976, 23.2179373]}, "properties": {"kind": "amenity", "group": "Pharmacies", "name": "", "osm_id": 13923992461, "osm_type": "node", "osm_tag": "amenity=pharmacy"}}, {"type": "Feature", "geometry": {"type": "Point", "coordinates": [77.4305444, 23.2083244]}, "properties": {"kind": "amenity", "group": "Places of worship", "name": "", "osm_id": 13923992462, "osm_type": "node", "osm_tag": "amenity=place_of_worship"}}, {"type": "Feature", "geometry": {"type": "Point", "coordinates": [77.4238238, 23.2644364]}, "properties": {"kind": "amenity", "group": "Banks & ATMs", "name": "Canara Bank", "osm_id": 13923992464, "osm_type": "node", "osm_tag": "amenity=bank"}}, {"type": "Feature", "geometry": {"type": "Point", "coordinates": [77.4294273, 23.2613524]}, "properties": {"kind": "amenity", "group": "Power infrastructure", "name": "", "osm_id": 13923992466, "osm_type": "node", "osm_tag": "power=substation"}}, {"type": "Feature", "geometry": {"type": "Point", "coordinates": [77.4616131, 23.2744872]}, "properties": {"kind": "amenity", "group": "Pharmacies", "name": "", "osm_id": 13923992469, "osm_type": "node", "osm_tag": "amenity=pharmacy"}}, {"type": "Feature", "geometry": {"type": "Point", "coordinates": [77.4360713, 23.2534584]}, "properties": {"kind": "amenity", "group": "Banks & ATMs", "name": "Axis Bank", "osm_id": 13923992475, "osm_type": "node", "osm_tag": "amenity=bank"}}, {"type": "Feature", "geometry": {"type": "Point", "coordinates": [77.4566067, 23.2737315]}, "properties": {"kind": "amenity", "group": "Places of worship", "name": "", "osm_id": 13923992482, "osm_type": "node", "osm_tag": "amenity=place_of_worship"}}, {"type": "Feature", "geometry": {"type": "Point", "coordinates": [77.3919925, 23.2439784]}, "properties": {"kind": "amenity", "group": "Police & fire", "name": "", "osm_id": 13923992484, "osm_type": "node", "osm_tag": "amenity=police"}}, {"type": "Feature", "geometry": {"type": "Point", "coordinates": [77.4577228, 23.2671751]}, "properties": {"kind": "amenity", "group": "Banks & ATMs", "name": "Indian Bank", "osm_id": 13923992486, "osm_type": "node", "osm_tag": "amenity=bank"}}, {"type": "Feature", "geometry": {"type": "Point", "coordinates": [77.4624051, 23.2750417]}, "properties": {"kind": "amenity", "group": "Shops & markets", "name": "Dry Fruits House", "osm_id": 13923992487, "osm_type": "node", "osm_tag": "shop=convenience"}}, {"type": "Feature", "geometry": {"type": "Point", "coordinates": [77.4313668, 23.2038081]}, "properties": {"kind": "amenity", "group": "Pharmacies", "name": "", "osm_id": 13923992491, "osm_type": "node", "osm_tag": "amenity=pharmacy"}}, {"type": "Feature", "geometry": {"type": "Point", "coordinates": [77.430486, 23.1968888]}, "properties": {"kind": "amenity", "group": "Food & eating out", "name": "Siddhaant", "osm_id": 13923992495, "osm_type": "node", "osm_tag": "amenity=restaurant"}}, {"type": "Feature", "geometry": {"type": "Point", "coordinates": [77.410524, 23.2500687]}, "properties": {"kind": "amenity", "group": "Places of worship", "name": "", "osm_id": 13923992496, "osm_type": "node", "osm_tag": "amenity=place_of_worship"}}, {"type": "Feature", "geometry": {"type": "Point", "coordinates": [77.4183746, 23.2628186]}, "properties": {"kind": "amenity", "group": "Fuel stations", "name": "Bharat Petroleum", "osm_id": 13923992499, "osm_type": "node", "osm_tag": "amenity=fuel"}}, {"type": "Feature", "geometry": {"type": "Point", "coordinates": [77.4108471, 23.2626682]}, "properties": {"kind": "amenity", "group": "Banks & ATMs", "name": "", "osm_id": 13924036601, "osm_type": "node", "osm_tag": "amenity=atm"}}, {"type": "Feature", "geometry": {"type": "Point", "coordinates": [77.3880476, 23.2274477]}, "properties": {"kind": "amenity", "group": "Police & fire", "name": "", "osm_id": 13924036610, "osm_type": "node", "osm_tag": "amenity=police"}}, {"type": "Feature", "geometry": {"type": "Point", "coordinates": [77.4307287, 23.2098042]}, "properties": {"kind": "amenity", "group": "Places of worship", "name": "", "osm_id": 13924036624, "osm_type": "node", "osm_tag": "amenity=place_of_worship"}}, {"type": "Feature", "geometry": {"type": "Point", "coordinates": [77.3950965, 23.2445924]}, "properties": {"kind": "amenity", "group": "Banks & ATMs", "name": "HDFC Bank", "osm_id": 13924036629, "osm_type": "node", "osm_tag": "amenity=bank"}}, {"type": "Feature", "geometry": {"type": "Point", "coordinates": [77.4566884, 23.2740014]}, "properties": {"kind": "amenity", "group": "Power infrastructure", "name": "", "osm_id": 13924036630, "osm_type": "node", "osm_tag": "power=substation"}}, {"type": "Feature", "geometry": {"type": "Point", "coordinates": [77.4133432, 23.2642276]}, "properties": {"kind": "amenity", "group": "Food & eating out", "name": "Krishna Tea Stall", "osm_id": 13924036641, "osm_type": "node", "osm_tag": "amenity=cafe"}}, {"type": "Feature", "geometry": {"type": "Point", "coordinates": [77.3895543, 23.2278176]}, "properties": {"kind": "amenity", "group": "Banks & ATMs", "name": "State Bank of India", "osm_id": 13924036642, "osm_type": "node", "osm_tag": "amenity=bank"}}, {"type": "Feature", "geometry": {"type": "Point", "coordinates": [77.4352675, 23.2534107]}, "properties": {"kind": "amenity", "group": "Banks & ATMs", "name": "State Bank of India", "osm_id": 13924036643, "osm_type": "node", "osm_tag": "amenity=bank"}}, {"type": "Feature", "geometry": {"type": "Point", "coordinates": [77.4315475, 23.2040478]}, "properties": {"kind": "amenity", "group": "Banks & ATMs", "name": "Central Bank of India", "osm_id": 13924036651, "osm_type": "node", "osm_tag": "amenity=bank"}}, {"type": "Feature", "geometry": {"type": "Point", "coordinates": [77.4227185, 23.2646694]}, "properties": {"kind": "amenity", "group": "Pharmacies", "name": "", "osm_id": 13924036652, "osm_type": "node", "osm_tag": "amenity=pharmacy"}}, {"type": "Feature", "geometry": {"type": "Point", "coordinates": [77.431715, 23.2587673]}, "properties": {"kind": "amenity", "group": "Banks & ATMs", "name": "", "osm_id": 13924036653, "osm_type": "node", "osm_tag": "amenity=atm"}}, {"type": "Feature", "geometry": {"type": "Point", "coordinates": [77.4766733, 23.2815684]}, "properties": {"kind": "amenity", "group": "Pharmacies", "name": "", "osm_id": 13924036664, "osm_type": "node", "osm_tag": "amenity=pharmacy"}}, {"type": "Feature", "geometry": {"type": "Point", "coordinates": [77.3972213, 23.2179207]}, "properties": {"kind": "amenity", "group": "Food & eating out", "name": "", "osm_id": 13924036675, "osm_type": "node", "osm_tag": "amenity=fast_food"}}, {"type": "Feature", "geometry": {"type": "Point", "coordinates": [77.4369002, 23.212392]}, "properties": {"kind": "amenity", "group": "Banks & ATMs", "name": "State Bank of India", "osm_id": 13924036677, "osm_type": "node", "osm_tag": "amenity=bank"}}, {"type": "Feature", "geometry": {"type": "Point", "coordinates": [77.430295, 23.2001415]}, "properties": {"kind": "amenity", "group": "Pharmacies", "name": "", "osm_id": 13924036682, "osm_type": "node", "osm_tag": "amenity=pharmacy"}}, {"type": "Feature", "geometry": {"type": "Point", "coordinates": [77.4314868, 23.2144472]}, "properties": {"kind": "amenity", "group": "Pharmacies", "name": "Neetu Medical Store", "osm_id": 13924036689, "osm_type": "node", "osm_tag": "amenity=pharmacy"}}, {"type": "Feature", "geometry": {"type": "Point", "coordinates": [77.4148416, 23.2632123]}, "properties": {"kind": "amenity", "group": "Banks & ATMs", "name": "State Bank of India", "osm_id": 13924036694, "osm_type": "node", "osm_tag": "amenity=bank"}}, {"type": "Feature", "geometry": {"type": "Point", "coordinates": [77.4311498, 23.2034405]}, "properties": {"kind": "amenity", "group": "Pharmacies", "name": "", "osm_id": 13924036696, "osm_type": "node", "osm_tag": "amenity=pharmacy"}}, {"type": "Feature", "geometry": {"type": "Point", "coordinates": [77.4309496, 23.2129596]}, "properties": {"kind": "amenity", "group": "Banks & ATMs", "name": "Standard Chartered", "osm_id": 13924036698, "osm_type": "node", "osm_tag": "amenity=bank"}}, {"type": "Feature", "geometry": {"type": "Point", "coordinates": [77.4189604, 23.2364308]}, "properties": {"kind": "amenity", "group": "Banks & ATMs", "name": "", "osm_id": 13925831301, "osm_type": "node", "osm_tag": "amenity=atm"}}, {"type": "Feature", "geometry": {"type": "Point", "coordinates": [77.4027082, 23.2372353]}, "properties": {"kind": "amenity", "group": "Banks & ATMs", "name": "Bank of Baroda", "osm_id": 13925831302, "osm_type": "node", "osm_tag": "amenity=bank"}}, {"type": "Feature", "geometry": {"type": "Point", "coordinates": [77.4015037, 23.2361261]}, "properties": {"kind": "amenity", "group": "Food & eating out", "name": "Domino's", "osm_id": 13925831309, "osm_type": "node", "osm_tag": "amenity=fast_food"}}, {"type": "Feature", "geometry": {"type": "Point", "coordinates": [77.4026579, 23.2363982]}, "properties": {"kind": "amenity", "group": "Pharmacies", "name": "", "osm_id": 13925831332, "osm_type": "node", "osm_tag": "amenity=pharmacy"}}, {"type": "Feature", "geometry": {"type": "Point", "coordinates": [77.435727, 23.2413469]}, "properties": {"kind": "amenity", "group": "Banks & ATMs", "name": "Bharat Cooperative Central Bank", "osm_id": 13925831347, "osm_type": "node", "osm_tag": "amenity=bank"}}, {"type": "Feature", "geometry": {"type": "Point", "coordinates": [77.4646512, 23.2758859]}, "properties": {"kind": "amenity", "group": "Pharmacies", "name": "", "osm_id": 13925831353, "osm_type": "node", "osm_tag": "amenity=pharmacy"}}, {"type": "Feature", "geometry": {"type": "Point", "coordinates": [77.4575969, 23.2665569]}, "properties": {"kind": "amenity", "group": "Food & eating out", "name": "Rajoriya Family Restaurant", "osm_id": 13925831359, "osm_type": "node", "osm_tag": "amenity=restaurant"}}, {"type": "Feature", "geometry": {"type": "Point", "coordinates": [77.4355915, 23.2437521]}, "properties": {"kind": "amenity", "group": "Power infrastructure", "name": "", "osm_id": 13925831367, "osm_type": "node", "osm_tag": "power=substation"}}, {"type": "Feature", "geometry": {"type": "Point", "coordinates": [77.4026813, 23.2369159]}, "properties": {"kind": "amenity", "group": "Food & eating out", "name": "Mirch Masala", "osm_id": 13925831368, "osm_type": "node", "osm_tag": "amenity=fast_food"}}, {"type": "Feature", "geometry": {"type": "Point", "coordinates": [77.42494, 23.2387478]}, "properties": {"kind": "amenity", "group": "Banks & ATMs", "name": "", "osm_id": 13925831371, "osm_type": "node", "osm_tag": "amenity=atm"}}, {"type": "Feature", "geometry": {"type": "Point", "coordinates": [77.4577006, 23.2679838]}, "properties": {"kind": "amenity", "group": "Food & eating out", "name": "Taste of Punjab", "osm_id": 13925831389, "osm_type": "node", "osm_tag": "amenity=fast_food"}}, {"type": "Feature", "geometry": {"type": "Point", "coordinates": [77.4288259, 23.2383862]}, "properties": {"kind": "amenity", "group": "Banks & ATMs", "name": "", "osm_id": 13925831396, "osm_type": "node", "osm_tag": "amenity=atm"}}, {"type": "Feature", "geometry": {"type": "Point", "coordinates": [77.4645264, 23.2758382]}, "properties": {"kind": "amenity", "group": "Banks & ATMs", "name": "Union Bank of India", "osm_id": 13925831422, "osm_type": "node", "osm_tag": "amenity=bank"}}, {"type": "Feature", "geometry": {"type": "Point", "coordinates": [77.4557383, 23.2690772]}, "properties": {"kind": "amenity", "group": "Food & eating out", "name": "Moringa", "osm_id": 13925831434, "osm_type": "node", "osm_tag": "amenity=restaurant"}}, {"type": "Feature", "geometry": {"type": "Point", "coordinates": [77.4564094, 23.2554067]}, "properties": {"kind": "amenity", "group": "Places of worship", "name": "", "osm_id": 13925831435, "osm_type": "node", "osm_tag": "amenity=place_of_worship"}}, {"type": "Feature", "geometry": {"type": "Point", "coordinates": [77.4559669, 23.2690016]}, "properties": {"kind": "amenity", "group": "Food & eating out", "name": "Daddy's Kitchen", "osm_id": 13925831447, "osm_type": "node", "osm_tag": "amenity=restaurant"}}, {"type": "Feature", "geometry": {"type": "Point", "coordinates": [77.4014103, 23.236803]}, "properties": {"kind": "amenity", "group": "Banks & ATMs", "name": "", "osm_id": 13926384998, "osm_type": "node", "osm_tag": "amenity=atm"}}, {"type": "Feature", "geometry": {"type": "Point", "coordinates": [77.4510858, 23.2767034]}, "properties": {"kind": "amenity", "group": "Power infrastructure", "name": "", "osm_id": 13926854996, "osm_type": "node", "osm_tag": "power=substation"}}, {"type": "Feature", "geometry": {"type": "Point", "coordinates": [77.4175809, 23.2482221]}, "properties": {"kind": "amenity", "group": "Pharmacies", "name": "", "osm_id": 13928804670, "osm_type": "node", "osm_tag": "amenity=pharmacy"}}, {"type": "Feature", "geometry": {"type": "Point", "coordinates": [77.4223593, 23.2504112]}, "properties": {"kind": "amenity", "group": "Food & eating out", "name": "Famous Biryani", "osm_id": 13928804675, "osm_type": "node", "osm_tag": "amenity=fast_food"}}, {"type": "Feature", "geometry": {"type": "Point", "coordinates": [77.3988343, 23.2361752]}, "properties": {"kind": "amenity", "group": "Banks & ATMs", "name": "Bank of Maharashtra", "osm_id": 13928804679, "osm_type": "node", "osm_tag": "amenity=bank"}}, {"type": "Feature", "geometry": {"type": "Point", "coordinates": [77.3993091, 23.2367681]}, "properties": {"kind": "amenity", "group": "Food & eating out", "name": "CCR", "osm_id": 13928804687, "osm_type": "node", "osm_tag": "amenity=fast_food"}}, {"type": "Feature", "geometry": {"type": "Point", "coordinates": [77.399482, 23.2360212]}, "properties": {"kind": "amenity", "group": "Banks & ATMs", "name": "Union Bank of India", "osm_id": 13928812304, "osm_type": "node", "osm_tag": "amenity=bank"}}, {"type": "Feature", "geometry": {"type": "Point", "coordinates": [77.4157801, 23.2482582]}, "properties": {"kind": "amenity", "group": "Pharmacies", "name": "", "osm_id": 13928812311, "osm_type": "node", "osm_tag": "amenity=pharmacy"}}, {"type": "Feature", "geometry": {"type": "Point", "coordinates": [77.3987697, 23.2364138]}, "properties": {"kind": "amenity", "group": "Banks & ATMs", "name": "Central Bank of India", "osm_id": 13928812312, "osm_type": "node", "osm_tag": "amenity=bank"}}, {"type": "Feature", "geometry": {"type": "Point", "coordinates": [77.4008845, 23.2351067]}, "properties": {"kind": "amenity", "group": "Places of worship", "name": "Shri Khedapati Hanuman Mandir", "osm_id": 13928812322, "osm_type": "node", "osm_tag": "amenity=place_of_worship"}}, {"type": "Feature", "geometry": {"type": "Point", "coordinates": [77.3994555, 23.2372905]}, "properties": {"kind": "amenity", "group": "Food & eating out", "name": "Tapti", "osm_id": 13928812323, "osm_type": "node", "osm_tag": "amenity=restaurant"}}, {"type": "Feature", "geometry": {"type": "Point", "coordinates": [77.3999106, 23.2369605]}, "properties": {"kind": "amenity", "group": "Police & fire", "name": "", "osm_id": 13928812325, "osm_type": "node", "osm_tag": "amenity=police"}}, {"type": "Feature", "geometry": {"type": "Point", "coordinates": [77.4003957, 23.2367682]}, "properties": {"kind": "amenity", "group": "Banks & ATMs", "name": "Bhopal Co-operative Central Bank Limited", "osm_id": 13928812330, "osm_type": "node", "osm_tag": "amenity=bank"}}, {"type": "Feature", "geometry": {"type": "Point", "coordinates": [77.4008069, 23.2359367]}, "properties": {"kind": "amenity", "group": "Shops & markets", "name": "Kings Department Store", "osm_id": 13928812334, "osm_type": "node", "osm_tag": "shop=department_store"}}, {"type": "Feature", "geometry": {"type": "Point", "coordinates": [77.4116808, 23.2434326]}, "properties": {"kind": "amenity", "group": "Police & fire", "name": "Women Police Station Bhopal", "osm_id": 13928812347, "osm_type": "node", "osm_tag": "amenity=police"}}, {"type": "Feature", "geometry": {"type": "Point", "coordinates": [77.4007663, 23.2364987]}, "properties": {"kind": "amenity", "group": "Shops & markets", "name": "Dilbahar's", "osm_id": 13928812350, "osm_type": "node", "osm_tag": "shop=convenience"}}, {"type": "Feature", "geometry": {"type": "Point", "coordinates": [77.4276231, 23.2532124]}, "properties": {"kind": "amenity", "group": "Banks & ATMs", "name": "Indian Overseas Bank", "osm_id": 13928812360, "osm_type": "node", "osm_tag": "amenity=bank"}}, {"type": "Feature", "geometry": {"type": "Point", "coordinates": [77.4313782, 23.2506643]}, "properties": {"kind": "amenity", "group": "Banks & ATMs", "name": "Bandhan Bank", "osm_id": 13928812373, "osm_type": "node", "osm_tag": "amenity=bank"}}, {"type": "Feature", "geometry": {"type": "Point", "coordinates": [77.4002958, 23.2366842]}, "properties": {"kind": "amenity", "group": "Shops & markets", "name": "Khadi India", "osm_id": 13928812375, "osm_type": "node", "osm_tag": "shop=department_store"}}, {"type": "Feature", "geometry": {"type": "Point", "coordinates": [77.3997604, 23.2371995]}, "properties": {"kind": "amenity", "group": "Banks & ATMs", "name": "Sadguru Nagrik Sahkari Bank Maryadit Bhopal", "osm_id": 13928812376, "osm_type": "node", "osm_tag": "amenity=bank"}}, {"type": "Feature", "geometry": {"type": "Point", "coordinates": [77.4314327, 23.2521088]}, "properties": {"kind": "amenity", "group": "Bus stops & stations", "name": "Prabhat Petrol Station", "osm_id": 13928812385, "osm_type": "node", "osm_tag": "highway=bus_stop"}}, {"type": "Feature", "geometry": {"type": "Point", "coordinates": [77.4200337, 23.2492042]}, "properties": {"kind": "amenity", "group": "Food & eating out", "name": "Unique Cafe", "osm_id": 13928812395, "osm_type": "node", "osm_tag": "amenity=cafe"}}, {"type": "Feature", "geometry": {"type": "Point", "coordinates": [77.4385099, 23.252878]}, "properties": {"kind": "amenity", "group": "Banks & ATMs", "name": "AU Small Finance Bank", "osm_id": 13928812410, "osm_type": "node", "osm_tag": "amenity=bank"}}, {"type": "Feature", "geometry": {"type": "Point", "coordinates": [77.4079589, 23.2424617]}, "properties": {"kind": "amenity", "group": "Bus stops & stations", "name": "", "osm_id": 13928812412, "osm_type": "node", "osm_tag": "highway=bus_stop"}}, {"type": "Feature", "geometry": {"type": "Point", "coordinates": [77.3987244, 23.2360853]}, "properties": {"kind": "amenity", "group": "Food & eating out", "name": "Hakeem Hotel", "osm_id": 13928812414, "osm_type": "node", "osm_tag": "amenity=restaurant"}}, {"type": "Feature", "geometry": {"type": "Point", "coordinates": [77.3990298, 23.2362517]}, "properties": {"kind": "amenity", "group": "Food & eating out", "name": "", "osm_id": 13928812426, "osm_type": "node", "osm_tag": "amenity=cafe"}}, {"type": "Feature", "geometry": {"type": "Point", "coordinates": [77.4008536, 23.2354551]}, "properties": {"kind": "amenity", "group": "Shops & markets", "name": "Ahuja Proteins", "osm_id": 13928812429, "osm_type": "node", "osm_tag": "shop=general"}}, {"type": "Feature", "geometry": {"type": "Point", "coordinates": [77.4068234, 23.241286]}, "properties": {"kind": "amenity", "group": "Banks & ATMs", "name": "ICICI Bank", "osm_id": 13928812435, "osm_type": "node", "osm_tag": "amenity=bank"}}, {"type": "Feature", "geometry": {"type": "Point", "coordinates": [77.4574164, 23.2675432]}, "properties": {"kind": "amenity", "group": "Banks & ATMs", "name": "HDFC Bank", "osm_id": 13928812443, "osm_type": "node", "osm_tag": "amenity=bank"}}, {"type": "Feature", "geometry": {"type": "Point", "coordinates": [77.4006307, 23.235965]}, "properties": {"kind": "amenity", "group": "Shops & markets", "name": "Agrawal's Namkeen House", "osm_id": 13928812447, "osm_type": "node", "osm_tag": "shop=convenience"}}, {"type": "Feature", "geometry": {"type": "Point", "coordinates": [77.4006253, 23.2360454]}, "properties": {"kind": "amenity", "group": "Shops & markets", "name": "Fantasy Bakery Shop", "osm_id": 13928812454, "osm_type": "node", "osm_tag": "shop=general"}}, {"type": "Feature", "geometry": {"type": "Point", "coordinates": [77.4063565, 23.240822]}, "properties": {"kind": "amenity", "group": "Police & fire", "name": "", "osm_id": 13928812459, "osm_type": "node", "osm_tag": "amenity=police"}}, {"type": "Feature", "geometry": {"type": "Point", "coordinates": [77.4006272, 23.2360247]}, "properties": {"kind": "amenity", "group": "Shops & markets", "name": "Milan", "osm_id": 13928812461, "osm_type": "node", "osm_tag": "shop=convenience"}}, {"type": "Feature", "geometry": {"type": "Point", "coordinates": [77.400815, 23.2357388]}, "properties": {"kind": "amenity", "group": "Shops & markets", "name": "Manohar", "osm_id": 13928812469, "osm_type": "node", "osm_tag": "shop=convenience"}}, {"type": "Feature", "geometry": {"type": "Point", "coordinates": [77.3993453, 23.2368283]}, "properties": {"kind": "amenity", "group": "Food & eating out", "name": "Bhima Chinese", "osm_id": 13928812470, "osm_type": "node", "osm_tag": "amenity=fast_food"}}, {"type": "Feature", "geometry": {"type": "Point", "coordinates": [77.4007924, 23.2361228]}, "properties": {"kind": "amenity", "group": "Food & eating out", "name": "Fantasy Celebration", "osm_id": 13928812472, "osm_type": "node", "osm_tag": "amenity=fast_food"}}, {"type": "Feature", "geometry": {"type": "Point", "coordinates": [77.3997141, 23.2372723]}, "properties": {"kind": "amenity", "group": "Banks & ATMs", "name": "Union Bank of India", "osm_id": 13928812476, "osm_type": "node", "osm_tag": "amenity=bank"}}, {"type": "Feature", "geometry": {"type": "Point", "coordinates": [77.4053549, 23.240213]}, "properties": {"kind": "amenity", "group": "Banks & ATMs", "name": "Axis Bank", "osm_id": 13928812478, "osm_type": "node", "osm_tag": "amenity=bank"}}, {"type": "Feature", "geometry": {"type": "Point", "coordinates": [77.3998688, 23.2363391]}, "properties": {"kind": "amenity", "group": "Banks & ATMs", "name": "Kotak Mahindra Bank", "osm_id": 13928812484, "osm_type": "node", "osm_tag": "amenity=bank"}}, {"type": "Feature", "geometry": {"type": "Point", "coordinates": [77.4258724, 23.2531566]}, "properties": {"kind": "amenity", "group": "Fuel stations", "name": "Bharat Petroleum", "osm_id": 13928812496, "osm_type": "node", "osm_tag": "amenity=fuel"}}, {"type": "Feature", "geometry": {"type": "Point", "coordinates": [77.4338388, 23.2531703]}, "properties": {"kind": "amenity", "group": "Banks & ATMs", "name": "HDFC Bank", "osm_id": 13928812511, "osm_type": "node", "osm_tag": "amenity=bank"}}, {"type": "Feature", "geometry": {"type": "Point", "coordinates": [77.4393524, 23.2528174]}, "properties": {"kind": "amenity", "group": "Banks & ATMs", "name": "IDFC First Bank", "osm_id": 13928812518, "osm_type": "node", "osm_tag": "amenity=bank"}}, {"type": "Feature", "geometry": {"type": "Point", "coordinates": [77.4205615, 23.2494352]}, "properties": {"kind": "amenity", "group": "Banks & ATMs", "name": "", "osm_id": 13928812524, "osm_type": "node", "osm_tag": "amenity=atm"}}, {"type": "Feature", "geometry": {"type": "Point", "coordinates": [77.3990151, 23.2362772]}, "properties": {"kind": "amenity", "group": "Food & eating out", "name": "", "osm_id": 13928812561, "osm_type": "node", "osm_tag": "amenity=cafe"}}, {"type": "Feature", "geometry": {"type": "Point", "coordinates": [77.400829, 23.2355379]}, "properties": {"kind": "amenity", "group": "Shops & markets", "name": "Jai Hind Proteins", "osm_id": 13928812566, "osm_type": "node", "osm_tag": "shop=general"}}, {"type": "Feature", "geometry": {"type": "Point", "coordinates": [77.3996744, 23.2371203]}, "properties": {"kind": "amenity", "group": "Civic & community", "name": "Swami Vivekanand Library", "osm_id": 13928812570, "osm_type": "node", "osm_tag": "amenity=library"}}, {"type": "Feature", "geometry": {"type": "Point", "coordinates": [77.4007683, 23.2360907]}, "properties": {"kind": "amenity", "group": "Pharmacies", "name": "Govind Medico", "osm_id": 13928812574, "osm_type": "node", "osm_tag": "amenity=pharmacy"}}, {"type": "Feature", "geometry": {"type": "Point", "coordinates": [77.399334, 23.2359016]}, "properties": {"kind": "amenity", "group": "Food & eating out", "name": "Annapurna", "osm_id": 13928812575, "osm_type": "node", "osm_tag": "amenity=restaurant"}}, {"type": "Feature", "geometry": {"type": "Point", "coordinates": [77.3990122, 23.2368536]}, "properties": {"kind": "amenity", "group": "Food & eating out", "name": "My Foods", "osm_id": 13928812585, "osm_type": "node", "osm_tag": "amenity=fast_food"}}, {"type": "Feature", "geometry": {"type": "Point", "coordinates": [77.4008547, 23.2337061]}, "properties": {"kind": "amenity", "group": "Police & fire", "name": "T. T. Nagar Police Station", "osm_id": 13928832250, "osm_type": "node", "osm_tag": "amenity=police"}}, {"type": "Feature", "geometry": {"type": "Point", "coordinates": [77.4522965, 23.2787906]}, "properties": {"kind": "amenity", "group": "Food & eating out", "name": "Flavour & Bite's", "osm_id": 13929321710, "osm_type": "node", "osm_tag": "amenity=fast_food"}}, {"type": "Feature", "geometry": {"type": "Point", "coordinates": [77.452534, 23.2785722]}, "properties": {"kind": "amenity", "group": "Pharmacies", "name": "", "osm_id": 13929321767, "osm_type": "node", "osm_tag": "amenity=pharmacy"}}, {"type": "Feature", "geometry": {"type": "Point", "coordinates": [77.4525269, 23.2784868]}, "properties": {"kind": "amenity", "group": "Pharmacies", "name": "Divyanka Medicos", "osm_id": 13929321789, "osm_type": "node", "osm_tag": "amenity=pharmacy"}}, {"type": "Feature", "geometry": {"type": "Point", "coordinates": [77.4016026, 23.2269984]}, "properties": {"kind": "amenity", "group": "Food & eating out", "name": "Leela's", "osm_id": 13931027240, "osm_type": "node", "osm_tag": "amenity=restaurant"}}, {"type": "Feature", "geometry": {"type": "Point", "coordinates": [77.4377879, 23.2528916]}, "properties": {"kind": "amenity", "group": "Banks & ATMs", "name": "Punjab National Bank", "osm_id": 13931027242, "osm_type": "node", "osm_tag": "amenity=bank"}}, {"type": "Feature", "geometry": {"type": "Point", "coordinates": [77.4012656, 23.2270617]}, "properties": {"kind": "amenity", "group": "Food & eating out", "name": "Sweet Tooth Cafe", "osm_id": 13931027262, "osm_type": "node", "osm_tag": "amenity=cafe"}}, {"type": "Feature", "geometry": {"type": "Point", "coordinates": [77.4034, 23.23359]}, "properties": {"kind": "amenity", "group": "Banks & ATMs", "name": "IDBI Bank", "osm_id": 13931027280, "osm_type": "node", "osm_tag": "amenity=bank"}}, {"type": "Feature", "geometry": {"type": "Point", "coordinates": [77.4344186, 23.2332909]}, "properties": {"kind": "amenity", "group": "Police & fire", "name": "", "osm_id": 13931027293, "osm_type": "node", "osm_tag": "amenity=police"}}, {"type": "Feature", "geometry": {"type": "Point", "coordinates": [77.430437, 23.251886]}, "properties": {"kind": "amenity", "group": "Banks & ATMs", "name": "ICICI Bank", "osm_id": 13931027298, "osm_type": "node", "osm_tag": "amenity=bank"}}, {"type": "Feature", "geometry": {"type": "Point", "coordinates": [77.4238599, 23.2426578]}, "properties": {"kind": "amenity", "group": "Banks & ATMs", "name": "State Bank of India", "osm_id": 13931041418, "osm_type": "node", "osm_tag": "amenity=bank"}}, {"type": "Feature", "geometry": {"type": "Point", "coordinates": [77.4288812, 23.2309328]}, "properties": {"kind": "amenity", "group": "Banks & ATMs", "name": "", "osm_id": 13931041435, "osm_type": "node", "osm_tag": "amenity=atm"}}, {"type": "Feature", "geometry": {"type": "Point", "coordinates": [77.4571116, 23.2565954]}, "properties": {"kind": "amenity", "group": "Food & eating out", "name": "The Sheesham Bakers Restaurant", "osm_id": 13931041436, "osm_type": "node", "osm_tag": "amenity=restaurant"}}, {"type": "Feature", "geometry": {"type": "Point", "coordinates": [77.4013655, 23.227073]}, "properties": {"kind": "amenity", "group": "Food & eating out", "name": "Sagar Gaire", "osm_id": 13931041442, "osm_type": "node", "osm_tag": "amenity=fast_food"}}, {"type": "Feature", "geometry": {"type": "Point", "coordinates": [77.4615937, 23.2775813]}, "properties": {"kind": "amenity", "group": "Food & eating out", "name": "Raj Darbar", "osm_id": 13931041443, "osm_type": "node", "osm_tag": "amenity=restaurant"}}, {"type": "Feature", "geometry": {"type": "Point", "coordinates": [77.4576631, 23.2668611]}, "properties": {"kind": "amenity", "group": "Pharmacies", "name": "", "osm_id": 13931041449, "osm_type": "node", "osm_tag": "amenity=pharmacy"}}, {"type": "Feature", "geometry": {"type": "Point", "coordinates": [77.40109, 23.2270359]}, "properties": {"kind": "amenity", "group": "Food & eating out", "name": "Sharma Chinese", "osm_id": 13931041455, "osm_type": "node", "osm_tag": "amenity=fast_food"}}, {"type": "Feature", "geometry": {"type": "Point", "coordinates": [77.4016743, 23.2262544]}, "properties": {"kind": "amenity", "group": "Food & eating out", "name": "Rebound Cafe", "osm_id": 13931041477, "osm_type": "node", "osm_tag": "amenity=cafe"}}, {"type": "Feature", "geometry": {"type": "Point", "coordinates": [77.4009058, 23.2305456]}, "properties": {"kind": "amenity", "group": "Places of worship", "name": "", "osm_id": 13931041486, "osm_type": "node", "osm_tag": "amenity=place_of_worship"}}, {"type": "Feature", "geometry": {"type": "Point", "coordinates": [77.401667, 23.2263569]}, "properties": {"kind": "amenity", "group": "Food & eating out", "name": "Daily Escape", "osm_id": 13931041492, "osm_type": "node", "osm_tag": "amenity=cafe"}}, {"type": "Feature", "geometry": {"type": "Point", "coordinates": [77.4572217, 23.2687432]}, "properties": {"kind": "amenity", "group": "Pharmacies", "name": "Astha Medical Store", "osm_id": 13931041497, "osm_type": "node", "osm_tag": "amenity=pharmacy"}}, {"type": "Feature", "geometry": {"type": "Point", "coordinates": [77.4236315, 23.2425303]}, "properties": {"kind": "amenity", "group": "Banks & ATMs", "name": "Bank of Maharashtra", "osm_id": 13931041504, "osm_type": "node", "osm_tag": "amenity=bank"}}, {"type": "Feature", "geometry": {"type": "Point", "coordinates": [77.4233902, 23.2423962]}, "properties": {"kind": "amenity", "group": "Banks & ATMs", "name": "Punjab National Bank", "osm_id": 13931041506, "osm_type": "node", "osm_tag": "amenity=bank"}}, {"type": "Feature", "geometry": {"type": "Point", "coordinates": [77.4366819, 23.2529063]}, "properties": {"kind": "amenity", "group": "Banks & ATMs", "name": "State Bank of India", "osm_id": 13931041518, "osm_type": "node", "osm_tag": "amenity=bank"}}, {"type": "Feature", "geometry": {"type": "Point", "coordinates": [77.4566053, 23.2779834]}, "properties": {"kind": "amenity", "group": "Fuel stations", "name": "Bharat Petroleum", "osm_id": 13931041528, "osm_type": "node", "osm_tag": "amenity=fuel"}}, {"type": "Feature", "geometry": {"type": "Point", "coordinates": [77.4030883, 23.2338997]}, "properties": {"kind": "amenity", "group": "Shops & markets", "name": "Punjab Dairy Products", "osm_id": 13931041536, "osm_type": "node", "osm_tag": "shop=greengrocer"}}, {"type": "Feature", "geometry": {"type": "Point", "coordinates": [77.4347825, 23.2337371]}, "properties": {"kind": "amenity", "group": "Food & eating out", "name": "Pooja Bhojanalaya", "osm_id": 13931041548, "osm_type": "node", "osm_tag": "amenity=restaurant"}}, {"type": "Feature", "geometry": {"type": "Point", "coordinates": [77.45808, 23.2671348]}, "properties": {"kind": "amenity", "group": "Banks & ATMs", "name": "IDFC First Bank", "osm_id": 13931041556, "osm_type": "node", "osm_tag": "amenity=bank"}}, {"type": "Feature", "geometry": {"type": "Point", "coordinates": [77.4027681, 23.2341843]}, "properties": {"kind": "amenity", "group": "Civic & community", "name": "Adhyayan Library", "osm_id": 13931041559, "osm_type": "node", "osm_tag": "amenity=library"}}, {"type": "Feature", "geometry": {"type": "Point", "coordinates": [77.4033091, 23.2335284]}, "properties": {"kind": "amenity", "group": "Banks & ATMs", "name": "HDFC Bank", "osm_id": 13931041563, "osm_type": "node", "osm_tag": "amenity=bank"}}, {"type": "Feature", "geometry": {"type": "Point", "coordinates": [77.4016341, 23.2268469]}, "properties": {"kind": "amenity", "group": "Banks & ATMs", "name": "", "osm_id": 13931041566, "osm_type": "node", "osm_tag": "amenity=atm"}}, {"type": "Feature", "geometry": {"type": "Point", "coordinates": [77.4334844, 23.232484]}, "properties": {"kind": "amenity", "group": "Shops & markets", "name": "Milan", "osm_id": 13931041570, "osm_type": "node", "osm_tag": "shop=convenience"}}, {"type": "Feature", "geometry": {"type": "Point", "coordinates": [77.401119, 23.2270334]}, "properties": {"kind": "amenity", "group": "Food & eating out", "name": "Sharma Tandoori Bites", "osm_id": 13931041574, "osm_type": "node", "osm_tag": "amenity=fast_food"}}, {"type": "Feature", "geometry": {"type": "Point", "coordinates": [77.4500556, 23.2339239]}, "properties": {"kind": "amenity", "group": "Places of worship", "name": "", "osm_id": 13931041576, "osm_type": "node", "osm_tag": "amenity=place_of_worship"}}, {"type": "Feature", "geometry": {"type": "Point", "coordinates": [77.4365884, 23.2529082]}, "properties": {"kind": "amenity", "group": "Banks & ATMs", "name": "Canara Bank", "osm_id": 13931041577, "osm_type": "node", "osm_tag": "amenity=bank"}}, {"type": "Feature", "geometry": {"type": "Point", "coordinates": [77.4029803, 23.2339403]}, "properties": {"kind": "amenity", "group": "Pharmacies", "name": "New Life Medicos", "osm_id": 13931041591, "osm_type": "node", "osm_tag": "amenity=pharmacy"}}, {"type": "Feature", "geometry": {"type": "Point", "coordinates": [77.4567818, 23.2535531]}, "properties": {"kind": "amenity", "group": "Banks & ATMs", "name": "Axis Bank", "osm_id": 13931041594, "osm_type": "node", "osm_tag": "amenity=bank"}}, {"type": "Feature", "geometry": {"type": "Point", "coordinates": [77.4023791, 23.234178]}, "properties": {"kind": "amenity", "group": "Banks & ATMs", "name": "", "osm_id": 13931041596, "osm_type": "node", "osm_tag": "amenity=atm"}}, {"type": "Feature", "geometry": {"type": "Point", "coordinates": [77.4579232, 23.2664742]}, "properties": {"kind": "amenity", "group": "Banks & ATMs", "name": "Madhy Pradesh Gramin Bank", "osm_id": 13931624129, "osm_type": "node", "osm_tag": "amenity=bank"}}, {"type": "Feature", "geometry": {"type": "Point", "coordinates": [77.4231278, 23.2388065]}, "properties": {"kind": "amenity", "group": "Police & fire", "name": "Fire Fighting Headquarter Bhopal", "osm_id": 13931624157, "osm_type": "node", "osm_tag": "amenity=fire_station"}}, {"type": "Feature", "geometry": {"type": "Point", "coordinates": [77.432036, 23.2429826]}, "properties": {"kind": "amenity", "group": "Banks & ATMs", "name": "", "osm_id": 13931624188, "osm_type": "node", "osm_tag": "amenity=atm"}}, {"type": "Feature", "geometry": {"type": "Point", "coordinates": [77.4318751, 23.2312059]}, "properties": {"kind": "amenity", "group": "Places of worship", "name": "", "osm_id": 13931624197, "osm_type": "node", "osm_tag": "amenity=place_of_worship"}}, {"type": "Feature", "geometry": {"type": "Point", "coordinates": [77.4463204, 23.2385458]}, "properties": {"kind": "amenity", "group": "Places of worship", "name": "", "osm_id": 13931629408, "osm_type": "node", "osm_tag": "amenity=place_of_worship"}}, {"type": "Feature", "geometry": {"type": "Point", "coordinates": [77.457553, 23.2672353]}, "properties": {"kind": "amenity", "group": "Banks & ATMs", "name": "State Bank of India", "osm_id": 13931629428, "osm_type": "node", "osm_tag": "amenity=bank"}}, {"type": "Feature", "geometry": {"type": "Point", "coordinates": [77.4464455, 23.2316186]}, "properties": {"kind": "amenity", "group": "Police & fire", "name": "", "osm_id": 13935317601, "osm_type": "node", "osm_tag": "amenity=police"}}, {"type": "Feature", "geometry": {"type": "Point", "coordinates": [77.399014, 23.2404407]}, "properties": {"kind": "amenity", "group": "Places of worship", "name": "Peetal Nagari Mandir", "osm_id": 13935317603, "osm_type": "node", "osm_tag": "amenity=place_of_worship"}}, {"type": "Feature", "geometry": {"type": "Point", "coordinates": [77.4335951, 23.2341198]}, "properties": {"kind": "amenity", "group": "Banks & ATMs", "name": "Bank of Baroda", "osm_id": 13935317613, "osm_type": "node", "osm_tag": "amenity=bank"}}, {"type": "Feature", "geometry": {"type": "Point", "coordinates": [77.3983849, 23.2592333]}, "properties": {"kind": "amenity", "group": "Places of worship", "name": "", "osm_id": 13935317629, "osm_type": "node", "osm_tag": "amenity=place_of_worship"}}, {"type": "Feature", "geometry": {"type": "Point", "coordinates": [77.3986966, 23.258952]}, "properties": {"kind": "amenity", "group": "Police & fire", "name": "", "osm_id": 13935317646, "osm_type": "node", "osm_tag": "amenity=police"}}, {"type": "Feature", "geometry": {"type": "Point", "coordinates": [77.3979127, 23.2593268]}, "properties": {"kind": "amenity", "group": "Banks & ATMs", "name": "", "osm_id": 13935317647, "osm_type": "node", "osm_tag": "amenity=atm"}}, {"type": "Feature", "geometry": {"type": "Point", "coordinates": [77.4453105, 23.2316176]}, "properties": {"kind": "amenity", "group": "Places of worship", "name": "", "osm_id": 13935317658, "osm_type": "node", "osm_tag": "amenity=place_of_worship"}}, {"type": "Feature", "geometry": {"type": "Point", "coordinates": [77.3939631, 23.2758261]}, "properties": {"kind": "amenity", "group": "Places of worship", "name": "", "osm_id": 13935317663, "osm_type": "node", "osm_tag": "amenity=place_of_worship"}}, {"type": "Feature", "geometry": {"type": "Point", "coordinates": [77.418866, 23.2321603]}, "properties": {"kind": "amenity", "group": "Places of worship", "name": "", "osm_id": 13935317674, "osm_type": "node", "osm_tag": "amenity=place_of_worship"}}, {"type": "Feature", "geometry": {"type": "Point", "coordinates": [77.4036826, 23.2785769]}, "properties": {"kind": "amenity", "group": "Pharmacies", "name": "Bharat Medical Store", "osm_id": 13935317685, "osm_type": "node", "osm_tag": "amenity=pharmacy"}}, {"type": "Feature", "geometry": {"type": "Point", "coordinates": [77.3959321, 23.2783084]}, "properties": {"kind": "amenity", "group": "Places of worship", "name": "", "osm_id": 13935317688, "osm_type": "node", "osm_tag": "amenity=place_of_worship"}}, {"type": "Feature", "geometry": {"type": "Point", "coordinates": [77.3942209, 23.2757165]}, "properties": {"kind": "amenity", "group": "Places of worship", "name": "", "osm_id": 13935317690, "osm_type": "node", "osm_tag": "amenity=place_of_worship"}}, {"type": "Feature", "geometry": {"type": "Point", "coordinates": [77.4409394, 23.2338016]}, "properties": {"kind": "amenity", "group": "Banks & ATMs", "name": "", "osm_id": 13935317712, "osm_type": "node", "osm_tag": "amenity=atm"}}, {"type": "Feature", "geometry": {"type": "Point", "coordinates": [77.4587231, 23.270387]}, "properties": {"kind": "amenity", "group": "Food & eating out", "name": "Riyansh Fast Food", "osm_id": 13938730345, "osm_type": "node", "osm_tag": "amenity=fast_food"}}, {"type": "Feature", "geometry": {"type": "Point", "coordinates": [77.4584166, 23.2694662]}, "properties": {"kind": "amenity", "group": "Food & eating out", "name": "Royal Tea Spot", "osm_id": 13938730383, "osm_type": "node", "osm_tag": "amenity=cafe"}}, {"type": "Feature", "geometry": {"type": "Point", "coordinates": [77.4587243, 23.2712809]}, "properties": {"kind": "amenity", "group": "Food & eating out", "name": "Chicken ka Kitchen", "osm_id": 13938730391, "osm_type": "node", "osm_tag": "amenity=fast_food"}}, {"type": "Feature", "geometry": {"type": "Point", "coordinates": [77.4582832, 23.2696593]}, "properties": {"kind": "amenity", "group": "Pharmacies", "name": "Healthkart", "osm_id": 13938730395, "osm_type": "node", "osm_tag": "amenity=pharmacy"}}, {"type": "Feature", "geometry": {"type": "Point", "coordinates": [77.4586085, 23.2705371]}, "properties": {"kind": "amenity", "group": "Food & eating out", "name": "Oh! Wow Momos Mocktails", "osm_id": 13938737311, "osm_type": "node", "osm_tag": "amenity=fast_food"}}, {"type": "Feature", "geometry": {"type": "Point", "coordinates": [77.4582974, 23.2697045]}, "properties": {"kind": "amenity", "group": "Food & eating out", "name": "Chai Kaapi", "osm_id": 13938737321, "osm_type": "node", "osm_tag": "amenity=cafe"}}, {"type": "Feature", "geometry": {"type": "Point", "coordinates": [77.4587247, 23.2698448]}, "properties": {"kind": "amenity", "group": "Food & eating out", "name": "The Coffee Concept", "osm_id": 13938737339, "osm_type": "node", "osm_tag": "amenity=cafe"}}, {"type": "Feature", "geometry": {"type": "Point", "coordinates": [77.452273, 23.2783057]}, "properties": {"kind": "amenity", "group": "Pharmacies", "name": "Samta Medical Store", "osm_id": 13938737341, "osm_type": "node", "osm_tag": "amenity=pharmacy"}}, {"type": "Feature", "geometry": {"type": "Point", "coordinates": [77.4586496, 23.270594]}, "properties": {"kind": "amenity", "group": "Pharmacies", "name": "Davaindia", "osm_id": 13938737368, "osm_type": "node", "osm_tag": "amenity=pharmacy"}}, {"type": "Feature", "geometry": {"type": "Point", "coordinates": [77.4588257, 23.2707666]}, "properties": {"kind": "amenity", "group": "Pharmacies", "name": "Qura Pharmacy", "osm_id": 13938737369, "osm_type": "node", "osm_tag": "amenity=pharmacy"}}, {"type": "Feature", "geometry": {"type": "Point", "coordinates": [77.4315957, 23.2594736]}, "properties": {"kind": "amenity", "group": "Banks & ATMs", "name": "", "osm_id": 13942758174, "osm_type": "node", "osm_tag": "amenity=atm"}}, {"type": "Feature", "geometry": {"type": "Point", "coordinates": [77.4566416, 23.252306]}, "properties": {"kind": "amenity", "group": "Banks & ATMs", "name": "Union Bank of India", "osm_id": 13942758185, "osm_type": "node", "osm_tag": "amenity=bank"}}, {"type": "Feature", "geometry": {"type": "Point", "coordinates": [77.4140183, 23.2638717]}, "properties": {"kind": "amenity", "group": "Power infrastructure", "name": "", "osm_id": 13942758190, "osm_type": "node", "osm_tag": "power=substation"}}, {"type": "Feature", "geometry": {"type": "Point", "coordinates": [77.457013, 23.268825]}, "properties": {"kind": "amenity", "group": "Banks & ATMs", "name": "ICICI Bank", "osm_id": 13942813406, "osm_type": "node", "osm_tag": "amenity=bank"}}, {"type": "Feature", "geometry": {"type": "Point", "coordinates": [77.4299487, 23.256969]}, "properties": {"kind": "amenity", "group": "Pharmacies", "name": "", "osm_id": 13942813407, "osm_type": "node", "osm_tag": "amenity=pharmacy"}}, {"type": "Feature", "geometry": {"type": "Point", "coordinates": [77.4181548, 23.2628174]}, "properties": {"kind": "amenity", "group": "Banks & ATMs", "name": "Canara Bank", "osm_id": 13942813409, "osm_type": "node", "osm_tag": "amenity=bank"}}, {"type": "Feature", "geometry": {"type": "Point", "coordinates": [77.4395885, 23.2533909]}, "properties": {"kind": "amenity", "group": "Banks & ATMs", "name": "", "osm_id": 13942813415, "osm_type": "node", "osm_tag": "amenity=atm"}}, {"type": "Feature", "geometry": {"type": "Point", "coordinates": [77.4299086, 23.2606772]}, "properties": {"kind": "amenity", "group": "Banks & ATMs", "name": "", "osm_id": 13942813416, "osm_type": "node", "osm_tag": "amenity=atm"}}, {"type": "Feature", "geometry": {"type": "Point", "coordinates": [77.4299597, 23.2545801]}, "properties": {"kind": "amenity", "group": "Banks & ATMs", "name": "", "osm_id": 13942813422, "osm_type": "node", "osm_tag": "amenity=atm"}}, {"type": "Feature", "geometry": {"type": "Point", "coordinates": [77.4411923, 23.2758903]}, "properties": {"kind": "amenity", "group": "Parks & sport", "name": "SG25", "osm_id": 13947733233, "osm_type": "node", "osm_tag": "leisure=park"}}, {"type": "Feature", "geometry": {"type": "Point", "coordinates": [77.5009805, 23.2390323]}, "properties": {"kind": "amenity", "group": "Parks & sport", "name": "Ankit ka Ghar 63", "osm_id": 13947742277, "osm_type": "node", "osm_tag": "leisure=park"}}, {"type": "Feature", "geometry": {"type": "Point", "coordinates": [77.4177751, 23.2075171]}, "properties": {"kind": "amenity", "group": "Shops & markets", "name": "Bey Bey Farms", "osm_id": 13968042015, "osm_type": "node", "osm_tag": "shop=greengrocer"}}, {"type": "Feature", "geometry": {"type": "Point", "coordinates": [77.4235652, 23.2229511]}, "properties": {"kind": "amenity", "group": "Parks & sport", "name": "Nandan Kanan Children's Park", "osm_id": 13968051741, "osm_type": "node", "osm_tag": "leisure=playground"}}, {"type": "Feature", "geometry": {"type": "Point", "coordinates": [77.416889, 23.2751742]}, "properties": {"kind": "amenity", "group": "Places of worship", "name": "Sai Mandir", "osm_id": 14051651604, "osm_type": "node", "osm_tag": "amenity=place_of_worship"}}, {"type": "Feature", "geometry": {"type": "Point", "coordinates": [77.4348487, 23.2000785]}, "properties": {"kind": "amenity", "group": "Pharmacies", "name": "CGHS WC 2", "osm_id": 14109631601, "osm_type": "node", "osm_tag": "amenity=pharmacy"}}, {"type": "Feature", "geometry": {"type": "Point", "coordinates": [77.4612142, 23.286985]}, "properties": {"kind": "amenity", "group": "Power infrastructure", "name": "A.Nagar", "osm_id": 194108811, "osm_type": "way", "osm_tag": "power=substation"}}, {"type": "Feature", "geometry": {"type": "Point", "coordinates": [77.3311792, 23.3194914]}, "properties": {"kind": "amenity", "group": "Power infrastructure", "name": "Bairagarh", "osm_id": 194108812, "osm_type": "way", "osm_tag": "power=substation"}}, {"type": "Feature", "geometry": {"type": "Point", "coordinates": [77.4385255, 23.2548043]}, "properties": {"kind": "amenity", "group": "Power infrastructure", "name": "Madhya Pradesh Power Transmission Private Limited", "osm_id": 194108815, "osm_type": "way", "osm_tag": "power=substation"}}, {"type": "Feature", "geometry": {"type": "Point", "coordinates": [77.4071057, 23.2779432]}, "properties": {"kind": "amenity", "group": "Power infrastructure", "name": "", "osm_id": 194108851, "osm_type": "way", "osm_tag": "power=substation"}}, {"type": "Feature", "geometry": {"type": "Point", "coordinates": [77.4821883, 23.338126]}, "properties": {"kind": "amenity", "group": "Power infrastructure", "name": "", "osm_id": 194108853, "osm_type": "way", "osm_tag": "power=substation"}}, {"type": "Feature", "geometry": {"type": "Point", "coordinates": [77.3669593, 23.2728373]}, "properties": {"kind": "amenity", "group": "Power infrastructure", "name": "", "osm_id": 194108858, "osm_type": "way", "osm_tag": "power=substation"}}, {"type": "Feature", "geometry": {"type": "Point", "coordinates": [77.374405, 23.2713969]}, "properties": {"kind": "amenity", "group": "Power infrastructure", "name": "", "osm_id": 194108860, "osm_type": "way", "osm_tag": "power=substation"}}, {"type": "Feature", "geometry": {"type": "Point", "coordinates": [77.4784124, 23.2696485]}, "properties": {"kind": "amenity", "group": "Power infrastructure", "name": "", "osm_id": 194108861, "osm_type": "way", "osm_tag": "power=substation"}}, {"type": "Feature", "geometry": {"type": "Point", "coordinates": [77.4461989, 23.2629552]}, "properties": {"kind": "amenity", "group": "Power infrastructure", "name": "", "osm_id": 194108868, "osm_type": "way", "osm_tag": "power=substation"}}, {"type": "Feature", "geometry": {"type": "Point", "coordinates": [77.4994607, 23.2125393]}, "properties": {"kind": "amenity", "group": "Power infrastructure", "name": "", "osm_id": 194119510, "osm_type": "way", "osm_tag": "power=substation"}}, {"type": "Feature", "geometry": {"type": "Point", "coordinates": [77.4574171, 23.2123064]}, "properties": {"kind": "amenity", "group": "Power infrastructure", "name": "", "osm_id": 194119526, "osm_type": "way", "osm_tag": "power=substation"}}, {"type": "Feature", "geometry": {"type": "Point", "coordinates": [77.4021152, 23.2065709]}, "properties": {"kind": "amenity", "group": "Power infrastructure", "name": "", "osm_id": 194119536, "osm_type": "way", "osm_tag": "power=substation"}}, {"type": "Feature", "geometry": {"type": "Point", "coordinates": [77.4234845, 23.2019552]}, "properties": {"kind": "amenity", "group": "Parks & sport", "name": "Shahpura Udyaan", "osm_id": 271044647, "osm_type": "way", "osm_tag": "leisure=park"}}, {"type": "Feature", "geometry": {"type": "Point", "coordinates": [77.4484198, 23.2772017]}, "properties": {"kind": "amenity", "group": "Parks & sport", "name": "", "osm_id": 336053400, "osm_type": "way", "osm_tag": "leisure=park"}}, {"type": "Feature", "geometry": {"type": "Point", "coordinates": [77.4481088, 23.2764437]}, "properties": {"kind": "amenity", "group": "Parks & sport", "name": "", "osm_id": 336053485, "osm_type": "way", "osm_tag": "leisure=park"}}, {"type": "Feature", "geometry": {"type": "Point", "coordinates": [77.4445888, 23.2794066]}, "properties": {"kind": "amenity", "group": "Places of worship", "name": "Mandir", "osm_id": 336053714, "osm_type": "way", "osm_tag": "amenity=place_of_worship"}}, {"type": "Feature", "geometry": {"type": "Point", "coordinates": [77.4300043, 23.2326125]}, "properties": {"kind": "amenity", "group": "Shops & markets", "name": "DB City Mall", "osm_id": 359820525, "osm_type": "way", "osm_tag": "shop=mall"}}, {"type": "Feature", "geometry": {"type": "Point", "coordinates": [77.4046673, 23.2166261]}, "properties": {"kind": "amenity", "group": "Parks & sport", "name": "", "osm_id": 360267592, "osm_type": "way", "osm_tag": "leisure=park"}}, {"type": "Feature", "geometry": {"type": "Point", "coordinates": [77.404794, 23.217442]}, "properties": {"kind": "amenity", "group": "Parks & sport", "name": "", "osm_id": 360277007, "osm_type": "way", "osm_tag": "leisure=park"}}, {"type": "Feature", "geometry": {"type": "Point", "coordinates": [77.4043643, 23.2181186]}, "properties": {"kind": "amenity", "group": "Parks & sport", "name": "", "osm_id": 360277009, "osm_type": "way", "osm_tag": "leisure=park"}}, {"type": "Feature", "geometry": {"type": "Point", "coordinates": [77.4039026, 23.2187083]}, "properties": {"kind": "amenity", "group": "Parks & sport", "name": "", "osm_id": 360277010, "osm_type": "way", "osm_tag": "leisure=park"}}, {"type": "Feature", "geometry": {"type": "Point", "coordinates": [77.4011443, 23.215489]}, "properties": {"kind": "amenity", "group": "Parks & sport", "name": "", "osm_id": 360277018, "osm_type": "way", "osm_tag": "leisure=park"}}, {"type": "Feature", "geometry": {"type": "Point", "coordinates": [77.4062449, 23.2157971]}, "properties": {"kind": "amenity", "group": "Parks & sport", "name": "", "osm_id": 360277020, "osm_type": "way", "osm_tag": "leisure=park"}}, {"type": "Feature", "geometry": {"type": "Point", "coordinates": [77.4060093, 23.2174777]}, "properties": {"kind": "amenity", "group": "Parks & sport", "name": "", "osm_id": 360277021, "osm_type": "way", "osm_tag": "leisure=park"}}, {"type": "Feature", "geometry": {"type": "Point", "coordinates": [77.4045564, 23.2191087]}, "properties": {"kind": "amenity", "group": "Parks & sport", "name": "", "osm_id": 360277022, "osm_type": "way", "osm_tag": "leisure=park"}}, {"type": "Feature", "geometry": {"type": "Point", "coordinates": [77.4051251, 23.2169768]}, "properties": {"kind": "amenity", "group": "Parks & sport", "name": "", "osm_id": 360277023, "osm_type": "way", "osm_tag": "leisure=park"}}, {"type": "Feature", "geometry": {"type": "Point", "coordinates": [77.4001006, 23.2212899]}, "properties": {"kind": "amenity", "group": "Parks & sport", "name": "", "osm_id": 360279444, "osm_type": "way", "osm_tag": "leisure=park"}}, {"type": "Feature", "geometry": {"type": "Point", "coordinates": [77.3999586, 23.2219489]}, "properties": {"kind": "amenity", "group": "Parks & sport", "name": "", "osm_id": 360279445, "osm_type": "way", "osm_tag": "leisure=park"}}, {"type": "Feature", "geometry": {"type": "Point", "coordinates": [77.4019856, 23.2210876]}, "properties": {"kind": "amenity", "group": "Parks & sport", "name": "", "osm_id": 360279446, "osm_type": "way", "osm_tag": "leisure=park"}}, {"type": "Feature", "geometry": {"type": "Point", "coordinates": [77.4254576, 23.2180185]}, "properties": {"kind": "amenity", "group": "Parks & sport", "name": "", "osm_id": 360285263, "osm_type": "way", "osm_tag": "leisure=park"}}, {"type": "Feature", "geometry": {"type": "Point", "coordinates": [77.4272048, 23.2005466]}, "properties": {"kind": "amenity", "group": "Parks & sport", "name": "", "osm_id": 360285264, "osm_type": "way", "osm_tag": "leisure=park"}}, {"type": "Feature", "geometry": {"type": "Point", "coordinates": [77.4253613, 23.2189523]}, "properties": {"kind": "amenity", "group": "Parks & sport", "name": "", "osm_id": 360285265, "osm_type": "way", "osm_tag": "leisure=park"}}, {"type": "Feature", "geometry": {"type": "Point", "coordinates": [77.423711, 23.21836]}, "properties": {"kind": "amenity", "group": "Parks & sport", "name": "", "osm_id": 360285267, "osm_type": "way", "osm_tag": "leisure=park"}}, {"type": "Feature", "geometry": {"type": "Point", "coordinates": [77.433151, 23.2200905]}, "properties": {"kind": "amenity", "group": "Parks & sport", "name": "", "osm_id": 360285268, "osm_type": "way", "osm_tag": "leisure=park"}}, {"type": "Feature", "geometry": {"type": "Point", "coordinates": [77.4321413, 23.213542]}, "properties": {"kind": "amenity", "group": "Parks & sport", "name": "", "osm_id": 360285269, "osm_type": "way", "osm_tag": "leisure=park"}}, {"type": "Feature", "geometry": {"type": "Point", "coordinates": [77.4326066, 23.2214824]}, "properties": {"kind": "amenity", "group": "Parks & sport", "name": "", "osm_id": 360285270, "osm_type": "way", "osm_tag": "leisure=park"}}, {"type": "Feature", "geometry": {"type": "Point", "coordinates": [77.461006, 23.2311219]}, "properties": {"kind": "amenity", "group": "Parks & sport", "name": "", "osm_id": 360334140, "osm_type": "way", "osm_tag": "leisure=playground"}}, {"type": "Feature", "geometry": {"type": "Point", "coordinates": [77.4616353, 23.2309242]}, "properties": {"kind": "amenity", "group": "Parks & sport", "name": "Kamla Nehru Bal Udhayan", "osm_id": 360334144, "osm_type": "way", "osm_tag": "leisure=park"}}, {"type": "Feature", "geometry": {"type": "Point", "coordinates": [77.4727618, 23.2362738]}, "properties": {"kind": "amenity", "group": "Parks & sport", "name": "", "osm_id": 360348417, "osm_type": "way", "osm_tag": "leisure=park"}}, {"type": "Feature", "geometry": {"type": "Point", "coordinates": [77.472341, 23.2342523]}, "properties": {"kind": "amenity", "group": "Parks & sport", "name": "", "osm_id": 360348425, "osm_type": "way", "osm_tag": "leisure=park"}}, {"type": "Feature", "geometry": {"type": "Point", "coordinates": [77.4720666, 23.2344752]}, "properties": {"kind": "amenity", "group": "Parks & sport", "name": "", "osm_id": 360348436, "osm_type": "way", "osm_tag": "leisure=park"}}, {"type": "Feature", "geometry": {"type": "Point", "coordinates": [77.4650744, 23.2236008]}, "properties": {"kind": "amenity", "group": "Parks & sport", "name": "", "osm_id": 360348450, "osm_type": "way", "osm_tag": "leisure=park"}}, {"type": "Feature", "geometry": {"type": "Point", "coordinates": [77.4539073, 23.2156966]}, "properties": {"kind": "amenity", "group": "Parks & sport", "name": "", "osm_id": 360348452, "osm_type": "way", "osm_tag": "leisure=park"}}, {"type": "Feature", "geometry": {"type": "Point", "coordinates": [77.4538934, 23.2180367]}, "properties": {"kind": "amenity", "group": "Parks & sport", "name": "", "osm_id": 360348454, "osm_type": "way", "osm_tag": "leisure=park"}}, {"type": "Feature", "geometry": {"type": "Point", "coordinates": [77.4520177, 23.2155594]}, "properties": {"kind": "amenity", "group": "Parks & sport", "name": "", "osm_id": 360348456, "osm_type": "way", "osm_tag": "leisure=park"}}, {"type": "Feature", "geometry": {"type": "Point", "coordinates": [77.4485989, 23.2153163]}, "properties": {"kind": "amenity", "group": "Parks & sport", "name": "", "osm_id": 360348459, "osm_type": "way", "osm_tag": "leisure=park"}}, {"type": "Feature", "geometry": {"type": "Point", "coordinates": [77.4554009, 23.2195478]}, "properties": {"kind": "amenity", "group": "Parks & sport", "name": "", "osm_id": 360348461, "osm_type": "way", "osm_tag": "leisure=park"}}, {"type": "Feature", "geometry": {"type": "Point", "coordinates": [77.449173, 23.2153424]}, "properties": {"kind": "amenity", "group": "Parks & sport", "name": "", "osm_id": 360348465, "osm_type": "way", "osm_tag": "leisure=park"}}, {"type": "Feature", "geometry": {"type": "Point", "coordinates": [77.4570368, 23.2144712]}, "properties": {"kind": "amenity", "group": "Parks & sport", "name": "", "osm_id": 360348467, "osm_type": "way", "osm_tag": "leisure=park"}}, {"type": "Feature", "geometry": {"type": "Point", "coordinates": [77.4647112, 23.224572]}, "properties": {"kind": "amenity", "group": "Parks & sport", "name": "", "osm_id": 360348468, "osm_type": "way", "osm_tag": "leisure=park"}}, {"type": "Feature", "geometry": {"type": "Point", "coordinates": [77.4578437, 23.2177084]}, "properties": {"kind": "amenity", "group": "Parks & sport", "name": "", "osm_id": 360348472, "osm_type": "way", "osm_tag": "leisure=park"}}, {"type": "Feature", "geometry": {"type": "Point", "coordinates": [77.4579791, 23.2187059]}, "properties": {"kind": "amenity", "group": "Parks & sport", "name": "", "osm_id": 360348474, "osm_type": "way", "osm_tag": "leisure=park"}}, {"type": "Feature", "geometry": {"type": "Point", "coordinates": [77.4518573, 23.2174825]}, "properties": {"kind": "amenity", "group": "Parks & sport", "name": "", "osm_id": 360348476, "osm_type": "way", "osm_tag": "leisure=park"}}, {"type": "Feature", "geometry": {"type": "Point", "coordinates": [77.4554925, 23.2178842]}, "properties": {"kind": "amenity", "group": "Parks & sport", "name": "", "osm_id": 360348477, "osm_type": "way", "osm_tag": "leisure=park"}}, {"type": "Feature", "geometry": {"type": "Point", "coordinates": [77.4568954, 23.2186155]}, "properties": {"kind": "amenity", "group": "Parks & sport", "name": "", "osm_id": 360348481, "osm_type": "way", "osm_tag": "leisure=park"}}, {"type": "Feature", "geometry": {"type": "Point", "coordinates": [77.4561656, 23.2157731]}, "properties": {"kind": "amenity", "group": "Parks & sport", "name": "", "osm_id": 360348485, "osm_type": "way", "osm_tag": "leisure=park"}}, {"type": "Feature", "geometry": {"type": "Point", "coordinates": [77.4591951, 23.2160032]}, "properties": {"kind": "amenity", "group": "Parks & sport", "name": "", "osm_id": 360348488, "osm_type": "way", "osm_tag": "leisure=park"}}, {"type": "Feature", "geometry": {"type": "Point", "coordinates": [77.4583066, 23.2195254]}, "properties": {"kind": "amenity", "group": "Parks & sport", "name": "", "osm_id": 360348491, "osm_type": "way", "osm_tag": "leisure=park"}}, {"type": "Feature", "geometry": {"type": "Point", "coordinates": [77.449012, 23.2178706]}, "properties": {"kind": "amenity", "group": "Parks & sport", "name": "", "osm_id": 360348493, "osm_type": "way", "osm_tag": "leisure=park"}}, {"type": "Feature", "geometry": {"type": "Point", "coordinates": [77.4603302, 23.2178092]}, "properties": {"kind": "amenity", "group": "Parks & sport", "name": "", "osm_id": 360348495, "osm_type": "way", "osm_tag": "leisure=park"}}, {"type": "Feature", "geometry": {"type": "Point", "coordinates": [77.4615966, 23.2258121]}, "properties": {"kind": "amenity", "group": "Parks & sport", "name": "", "osm_id": 360348501, "osm_type": "way", "osm_tag": "leisure=park"}}, {"type": "Feature", "geometry": {"type": "Point", "coordinates": [77.4664323, 23.2431569]}, "properties": {"kind": "amenity", "group": "Parks & sport", "name": "", "osm_id": 360348503, "osm_type": "way", "osm_tag": "leisure=park"}}, {"type": "Feature", "geometry": {"type": "Point", "coordinates": [77.4584515, 23.2144483]}, "properties": {"kind": "amenity", "group": "Parks & sport", "name": "", "osm_id": 360348505, "osm_type": "way", "osm_tag": "leisure=park"}}, {"type": "Feature", "geometry": {"type": "Point", "coordinates": [77.4600965, 23.2187411]}, "properties": {"kind": "amenity", "group": "Parks & sport", "name": "", "osm_id": 360348507, "osm_type": "way", "osm_tag": "leisure=park"}}, {"type": "Feature", "geometry": {"type": "Point", "coordinates": [77.4638213, 23.2236407]}, "properties": {"kind": "amenity", "group": "Parks & sport", "name": "", "osm_id": 360348508, "osm_type": "way", "osm_tag": "leisure=park"}}, {"type": "Feature", "geometry": {"type": "Point", "coordinates": [77.4571608, 23.2198323]}, "properties": {"kind": "amenity", "group": "Parks & sport", "name": "", "osm_id": 360348509, "osm_type": "way", "osm_tag": "leisure=park"}}, {"type": "Feature", "geometry": {"type": "Point", "coordinates": [77.4624641, 23.2246757]}, "properties": {"kind": "amenity", "group": "Parks & sport", "name": "", "osm_id": 360348510, "osm_type": "way", "osm_tag": "leisure=park"}}, {"type": "Feature", "geometry": {"type": "Point", "coordinates": [77.4612197, 23.2159372]}, "properties": {"kind": "amenity", "group": "Parks & sport", "name": "", "osm_id": 360348511, "osm_type": "way", "osm_tag": "leisure=park"}}, {"type": "Feature", "geometry": {"type": "Point", "coordinates": [77.4612975, 23.2181284]}, "properties": {"kind": "amenity", "group": "Parks & sport", "name": "", "osm_id": 360348512, "osm_type": "way", "osm_tag": "leisure=park"}}, {"type": "Feature", "geometry": {"type": "Point", "coordinates": [77.4586786, 23.2147193]}, "properties": {"kind": "amenity", "group": "Parks & sport", "name": "", "osm_id": 360348513, "osm_type": "way", "osm_tag": "leisure=park"}}, {"type": "Feature", "geometry": {"type": "Point", "coordinates": [77.4548331, 23.2321423]}, "properties": {"kind": "amenity", "group": "Parks & sport", "name": "", "osm_id": 360348514, "osm_type": "way", "osm_tag": "leisure=park"}}, {"type": "Feature", "geometry": {"type": "Point", "coordinates": [77.4723345, 23.2365134]}, "properties": {"kind": "amenity", "group": "Parks & sport", "name": "", "osm_id": 360348515, "osm_type": "way", "osm_tag": "leisure=park"}}, {"type": "Feature", "geometry": {"type": "Point", "coordinates": [77.4644062, 23.2316152]}, "properties": {"kind": "amenity", "group": "Parks & sport", "name": "", "osm_id": 360348517, "osm_type": "way", "osm_tag": "leisure=park"}}, {"type": "Feature", "geometry": {"type": "Point", "coordinates": [77.4633443, 23.2233488]}, "properties": {"kind": "amenity", "group": "Parks & sport", "name": "Gulab Udhayan", "osm_id": 360348521, "osm_type": "way", "osm_tag": "leisure=park"}}, {"type": "Feature", "geometry": {"type": "Point", "coordinates": [77.4641163, 23.2241886]}, "properties": {"kind": "amenity", "group": "Parks & sport", "name": "Traffic Park", "osm_id": 360348522, "osm_type": "way", "osm_tag": "leisure=park"}}, {"type": "Feature", "geometry": {"type": "Point", "coordinates": [77.4462419, 23.4018373]}, "properties": {"kind": "amenity", "group": "Power infrastructure", "name": "Bhopal", "osm_id": 360424761, "osm_type": "way", "osm_tag": "power=substation"}}, {"type": "Feature", "geometry": {"type": "Point", "coordinates": [77.4513207, 23.244107]}, "properties": {"kind": "amenity", "group": "Power infrastructure", "name": "", "osm_id": 360424779, "osm_type": "way", "osm_tag": "power=substation"}}, {"type": "Feature", "geometry": {"type": "Point", "coordinates": [77.4577046, 23.2386402]}, "properties": {"kind": "amenity", "group": "Power infrastructure", "name": "", "osm_id": 360424780, "osm_type": "way", "osm_tag": "power=substation"}}, {"type": "Feature", "geometry": {"type": "Point", "coordinates": [77.4869124, 23.235737]}, "properties": {"kind": "amenity", "group": "Parks & sport", "name": "", "osm_id": 360488356, "osm_type": "way", "osm_tag": "leisure=park"}}, {"type": "Feature", "geometry": {"type": "Point", "coordinates": [77.4875022, 23.2248043]}, "properties": {"kind": "amenity", "group": "Parks & sport", "name": "", "osm_id": 360488357, "osm_type": "way", "osm_tag": "leisure=park"}}, {"type": "Feature", "geometry": {"type": "Point", "coordinates": [77.4885459, 23.2324733]}, "properties": {"kind": "amenity", "group": "Parks & sport", "name": "", "osm_id": 360488358, "osm_type": "way", "osm_tag": "leisure=park"}}, {"type": "Feature", "geometry": {"type": "Point", "coordinates": [77.4906694, 23.2236207]}, "properties": {"kind": "amenity", "group": "Parks & sport", "name": "", "osm_id": 360488359, "osm_type": "way", "osm_tag": "leisure=park"}}, {"type": "Feature", "geometry": {"type": "Point", "coordinates": [77.4897486, 23.2257902]}, "properties": {"kind": "amenity", "group": "Parks & sport", "name": "", "osm_id": 360488360, "osm_type": "way", "osm_tag": "leisure=park"}}, {"type": "Feature", "geometry": {"type": "Point", "coordinates": [77.4873625, 23.2298531]}, "properties": {"kind": "amenity", "group": "Parks & sport", "name": "", "osm_id": 360488361, "osm_type": "way", "osm_tag": "leisure=park"}}, {"type": "Feature", "geometry": {"type": "Point", "coordinates": [77.4864094, 23.2327479]}, "properties": {"kind": "amenity", "group": "Parks & sport", "name": "", "osm_id": 360488362, "osm_type": "way", "osm_tag": "leisure=park"}}, {"type": "Feature", "geometry": {"type": "Point", "coordinates": [77.4911495, 23.222951]}, "properties": {"kind": "amenity", "group": "Parks & sport", "name": "", "osm_id": 360488363, "osm_type": "way", "osm_tag": "leisure=park"}}, {"type": "Feature", "geometry": {"type": "Point", "coordinates": [77.4899133, 23.2240993]}, "properties": {"kind": "amenity", "group": "Parks & sport", "name": "", "osm_id": 360488364, "osm_type": "way", "osm_tag": "leisure=park"}}, {"type": "Feature", "geometry": {"type": "Point", "coordinates": [77.4877264, 23.2268192]}, "properties": {"kind": "amenity", "group": "Parks & sport", "name": "", "osm_id": 360488365, "osm_type": "way", "osm_tag": "leisure=park"}}, {"type": "Feature", "geometry": {"type": "Point", "coordinates": [77.4876283, 23.2366374]}, "properties": {"kind": "amenity", "group": "Parks & sport", "name": "", "osm_id": 360488366, "osm_type": "way", "osm_tag": "leisure=park"}}, {"type": "Feature", "geometry": {"type": "Point", "coordinates": [77.4789904, 23.2230923]}, "properties": {"kind": "amenity", "group": "Parks & sport", "name": "", "osm_id": 360488367, "osm_type": "way", "osm_tag": "leisure=park"}}, {"type": "Feature", "geometry": {"type": "Point", "coordinates": [77.486314, 23.2316018]}, "properties": {"kind": "amenity", "group": "Parks & sport", "name": "", "osm_id": 360488368, "osm_type": "way", "osm_tag": "leisure=park"}}, {"type": "Feature", "geometry": {"type": "Point", "coordinates": [77.4803133, 23.2219613]}, "properties": {"kind": "amenity", "group": "Parks & sport", "name": "", "osm_id": 360488369, "osm_type": "way", "osm_tag": "leisure=park"}}, {"type": "Feature", "geometry": {"type": "Point", "coordinates": [77.4875057, 23.2344602]}, "properties": {"kind": "amenity", "group": "Parks & sport", "name": "", "osm_id": 360488370, "osm_type": "way", "osm_tag": "leisure=park"}}, {"type": "Feature", "geometry": {"type": "Point", "coordinates": [77.4799625, 23.2241433]}, "properties": {"kind": "amenity", "group": "Parks & sport", "name": "", "osm_id": 360488371, "osm_type": "way", "osm_tag": "leisure=park"}}, {"type": "Feature", "geometry": {"type": "Point", "coordinates": [77.4812169, 23.223637]}, "properties": {"kind": "amenity", "group": "Parks & sport", "name": "", "osm_id": 360488372, "osm_type": "way", "osm_tag": "leisure=park"}}, {"type": "Feature", "geometry": {"type": "Point", "coordinates": [77.4914096, 23.222809]}, "properties": {"kind": "amenity", "group": "Parks & sport", "name": "", "osm_id": 360488373, "osm_type": "way", "osm_tag": "leisure=park"}}, {"type": "Feature", "geometry": {"type": "Point", "coordinates": [77.4892364, 23.2317192]}, "properties": {"kind": "amenity", "group": "Parks & sport", "name": "", "osm_id": 360488374, "osm_type": "way", "osm_tag": "leisure=park"}}, {"type": "Feature", "geometry": {"type": "Point", "coordinates": [77.4875186, 23.2322366]}, "properties": {"kind": "amenity", "group": "Parks & sport", "name": "", "osm_id": 360488375, "osm_type": "way", "osm_tag": "leisure=park"}}, {"type": "Feature", "geometry": {"type": "Point", "coordinates": [77.4876347, 23.2351802]}, "properties": {"kind": "amenity", "group": "Parks & sport", "name": "", "osm_id": 360488376, "osm_type": "way", "osm_tag": "leisure=park"}}, {"type": "Feature", "geometry": {"type": "Point", "coordinates": [77.4884944, 23.225497]}, "properties": {"kind": "amenity", "group": "Parks & sport", "name": "", "osm_id": 360488377, "osm_type": "way", "osm_tag": "leisure=park"}}, {"type": "Feature", "geometry": {"type": "Point", "coordinates": [77.4883852, 23.2220097]}, "properties": {"kind": "amenity", "group": "Parks & sport", "name": "", "osm_id": 360488378, "osm_type": "way", "osm_tag": "leisure=park"}}, {"type": "Feature", "geometry": {"type": "Point", "coordinates": [77.4802423, 23.2247221]}, "properties": {"kind": "amenity", "group": "Parks & sport", "name": "", "osm_id": 360488379, "osm_type": "way", "osm_tag": "leisure=park"}}, {"type": "Feature", "geometry": {"type": "Point", "coordinates": [77.4862853, 23.2303185]}, "properties": {"kind": "amenity", "group": "Parks & sport", "name": "", "osm_id": 360488380, "osm_type": "way", "osm_tag": "leisure=park"}}, {"type": "Feature", "geometry": {"type": "Point", "coordinates": [77.4869488, 23.2322394]}, "properties": {"kind": "amenity", "group": "Parks & sport", "name": "", "osm_id": 360488381, "osm_type": "way", "osm_tag": "leisure=park"}}, {"type": "Feature", "geometry": {"type": "Point", "coordinates": [77.4862079, 23.2352961]}, "properties": {"kind": "amenity", "group": "Parks & sport", "name": "", "osm_id": 360488382, "osm_type": "way", "osm_tag": "leisure=park"}}, {"type": "Feature", "geometry": {"type": "Point", "coordinates": [77.4866861, 23.2225674]}, "properties": {"kind": "amenity", "group": "Parks & sport", "name": "", "osm_id": 360488383, "osm_type": "way", "osm_tag": "leisure=park"}}, {"type": "Feature", "geometry": {"type": "Point", "coordinates": [77.4874129, 23.2317202]}, "properties": {"kind": "amenity", "group": "Parks & sport", "name": "", "osm_id": 360488384, "osm_type": "way", "osm_tag": "leisure=park"}}, {"type": "Feature", "geometry": {"type": "Point", "coordinates": [77.480802, 23.2226031]}, "properties": {"kind": "amenity", "group": "Parks & sport", "name": "", "osm_id": 360488385, "osm_type": "way", "osm_tag": "leisure=park"}}, {"type": "Feature", "geometry": {"type": "Point", "coordinates": [77.4877934, 23.2327099]}, "properties": {"kind": "amenity", "group": "Parks & sport", "name": "", "osm_id": 360488386, "osm_type": "way", "osm_tag": "leisure=park"}}, {"type": "Feature", "geometry": {"type": "Point", "coordinates": [77.4852209, 23.221642]}, "properties": {"kind": "amenity", "group": "Parks & sport", "name": "", "osm_id": 360488387, "osm_type": "way", "osm_tag": "leisure=park"}}, {"type": "Feature", "geometry": {"type": "Point", "coordinates": [77.4864794, 23.2261652]}, "properties": {"kind": "amenity", "group": "Parks & sport", "name": "", "osm_id": 360488388, "osm_type": "way", "osm_tag": "leisure=park"}}, {"type": "Feature", "geometry": {"type": "Point", "coordinates": [77.4844472, 23.221689]}, "properties": {"kind": "amenity", "group": "Parks & sport", "name": "", "osm_id": 360488389, "osm_type": "way", "osm_tag": "leisure=park"}}, {"type": "Feature", "geometry": {"type": "Point", "coordinates": [77.4856141, 23.2221134]}, "properties": {"kind": "amenity", "group": "Parks & sport", "name": "", "osm_id": 360488390, "osm_type": "way", "osm_tag": "leisure=park"}}, {"type": "Feature", "geometry": {"type": "Point", "coordinates": [77.4867203, 23.2344556]}, "properties": {"kind": "amenity", "group": "Parks & sport", "name": "", "osm_id": 360488391, "osm_type": "way", "osm_tag": "leisure=park"}}, {"type": "Feature", "geometry": {"type": "Point", "coordinates": [77.4894458, 23.2270488]}, "properties": {"kind": "amenity", "group": "Parks & sport", "name": "", "osm_id": 360491428, "osm_type": "way", "osm_tag": "leisure=park"}}, {"type": "Feature", "geometry": {"type": "Point", "coordinates": [77.4837904, 23.2241375]}, "properties": {"kind": "amenity", "group": "Parks & sport", "name": "", "osm_id": 360491429, "osm_type": "way", "osm_tag": "leisure=park"}}, {"type": "Feature", "geometry": {"type": "Point", "coordinates": [77.4874743, 23.2283851]}, "properties": {"kind": "amenity", "group": "Parks & sport", "name": "", "osm_id": 360491430, "osm_type": "way", "osm_tag": "leisure=park"}}, {"type": "Feature", "geometry": {"type": "Point", "coordinates": [77.4897537, 23.2278064]}, "properties": {"kind": "amenity", "group": "Parks & sport", "name": "", "osm_id": 360491431, "osm_type": "way", "osm_tag": "leisure=park"}}, {"type": "Feature", "geometry": {"type": "Point", "coordinates": [77.4836638, 23.2236117]}, "properties": {"kind": "amenity", "group": "Parks & sport", "name": "", "osm_id": 360491432, "osm_type": "way", "osm_tag": "leisure=park"}}, {"type": "Feature", "geometry": {"type": "Point", "coordinates": [77.4893568, 23.2288382]}, "properties": {"kind": "amenity", "group": "Parks & sport", "name": "", "osm_id": 360491433, "osm_type": "way", "osm_tag": "leisure=park"}}, {"type": "Feature", "geometry": {"type": "Point", "coordinates": [77.4827035, 23.223234]}, "properties": {"kind": "amenity", "group": "Parks & sport", "name": "", "osm_id": 360491434, "osm_type": "way", "osm_tag": "leisure=park"}}, {"type": "Feature", "geometry": {"type": "Point", "coordinates": [77.4823074, 23.2224255]}, "properties": {"kind": "amenity", "group": "Parks & sport", "name": "", "osm_id": 360491435, "osm_type": "way", "osm_tag": "leisure=park"}}, {"type": "Feature", "geometry": {"type": "Point", "coordinates": [77.4763189, 23.2313677]}, "properties": {"kind": "amenity", "group": "Places of worship", "name": "", "osm_id": 360493721, "osm_type": "way", "osm_tag": "amenity=place_of_worship"}}, {"type": "Feature", "geometry": {"type": "Point", "coordinates": [77.4217713, 23.2365049]}, "properties": {"kind": "amenity", "group": "Parks & sport", "name": "", "osm_id": 360498477, "osm_type": "way", "osm_tag": "leisure=park"}}, {"type": "Feature", "geometry": {"type": "Point", "coordinates": [77.4136935, 23.2394348]}, "properties": {"kind": "amenity", "group": "Parks & sport", "name": "Vidhan Sabha Front Garden", "osm_id": 360507755, "osm_type": "way", "osm_tag": "leisure=park"}}, {"type": "Feature", "geometry": {"type": "Point", "coordinates": [77.4232346, 23.2229768]}, "properties": {"kind": "amenity", "group": "Parks & sport", "name": "", "osm_id": 360524174, "osm_type": "way", "osm_tag": "leisure=park"}}, {"type": "Feature", "geometry": {"type": "Point", "coordinates": [77.426998, 23.2333375]}, "properties": {"kind": "amenity", "group": "Parks & sport", "name": "", "osm_id": 360524175, "osm_type": "way", "osm_tag": "leisure=park"}}, {"type": "Feature", "geometry": {"type": "Point", "coordinates": [77.4175734, 23.231913]}, "properties": {"kind": "amenity", "group": "Parks & sport", "name": "Rose Garden", "osm_id": 360524183, "osm_type": "way", "osm_tag": "leisure=park"}}, {"type": "Feature", "geometry": {"type": "Point", "coordinates": [77.4146078, 23.2328986]}, "properties": {"kind": "amenity", "group": "Parks & sport", "name": "SAI Sports Club", "osm_id": 360524184, "osm_type": "way", "osm_tag": "leisure=sports_centre"}}, {"type": "Feature", "geometry": {"type": "Point", "coordinates": [77.4685075, 23.2491624]}, "properties": {"kind": "amenity", "group": "Parks & sport", "name": "", "osm_id": 360534226, "osm_type": "way", "osm_tag": "leisure=park"}}, {"type": "Feature", "geometry": {"type": "Point", "coordinates": [77.4432544, 23.2291261]}, "properties": {"kind": "amenity", "group": "Bus stops & stations", "name": "ISBT", "osm_id": 360551278, "osm_type": "way", "osm_tag": "amenity=bus_station"}}, {"type": "Feature", "geometry": {"type": "Point", "coordinates": [77.4472032, 23.2276981]}, "properties": {"kind": "amenity", "group": "Parks & sport", "name": "Dhanmantri Park", "osm_id": 360551280, "osm_type": "way", "osm_tag": "leisure=park"}}, {"type": "Feature", "geometry": {"type": "Point", "coordinates": [77.4336227, 23.2350709]}, "properties": {"kind": "amenity", "group": "Parks & sport", "name": "", "osm_id": 360551290, "osm_type": "way", "osm_tag": "leisure=park"}}, {"type": "Feature", "geometry": {"type": "Point", "coordinates": [77.4721738, 23.2373146]}, "properties": {"kind": "amenity", "group": "Places of worship", "name": "", "osm_id": 360680467, "osm_type": "way", "osm_tag": "amenity=place_of_worship"}}, {"type": "Feature", "geometry": {"type": "Point", "coordinates": [77.4737908, 23.2313791]}, "properties": {"kind": "amenity", "group": "Places of worship", "name": "", "osm_id": 360680468, "osm_type": "way", "osm_tag": "amenity=place_of_worship"}}, {"type": "Feature", "geometry": {"type": "Point", "coordinates": [77.4722268, 23.2378224]}, "properties": {"kind": "amenity", "group": "Places of worship", "name": "", "osm_id": 360680469, "osm_type": "way", "osm_tag": "amenity=place_of_worship"}}, {"type": "Feature", "geometry": {"type": "Point", "coordinates": [77.4735727, 23.2375331]}, "properties": {"kind": "amenity", "group": "Places of worship", "name": "", "osm_id": 360680470, "osm_type": "way", "osm_tag": "amenity=place_of_worship"}}, {"type": "Feature", "geometry": {"type": "Point", "coordinates": [77.4718824, 23.2361267]}, "properties": {"kind": "amenity", "group": "Places of worship", "name": "", "osm_id": 360680471, "osm_type": "way", "osm_tag": "amenity=place_of_worship"}}, {"type": "Feature", "geometry": {"type": "Point", "coordinates": [77.4688212, 23.2312109]}, "properties": {"kind": "amenity", "group": "Places of worship", "name": "", "osm_id": 360680844, "osm_type": "way", "osm_tag": "amenity=place_of_worship"}}, {"type": "Feature", "geometry": {"type": "Point", "coordinates": [77.4673251, 23.2326161]}, "properties": {"kind": "amenity", "group": "Places of worship", "name": "", "osm_id": 360680845, "osm_type": "way", "osm_tag": "amenity=place_of_worship"}}, {"type": "Feature", "geometry": {"type": "Point", "coordinates": [77.4724315, 23.2392195]}, "properties": {"kind": "amenity", "group": "Parks & sport", "name": "", "osm_id": 363925670, "osm_type": "way", "osm_tag": "leisure=park"}}, {"type": "Feature", "geometry": {"type": "Point", "coordinates": [77.4723757, 23.2386306]}, "properties": {"kind": "amenity", "group": "Parks & sport", "name": "", "osm_id": 363925672, "osm_type": "way", "osm_tag": "leisure=park"}}, {"type": "Feature", "geometry": {"type": "Point", "coordinates": [77.4723159, 23.2393691]}, "properties": {"kind": "amenity", "group": "Shops & markets", "name": "Gandhi Market", "osm_id": 363925678, "osm_type": "way", "osm_tag": "amenity=marketplace"}}, {"type": "Feature", "geometry": {"type": "Point", "coordinates": [77.4665421, 23.2283602]}, "properties": {"kind": "amenity", "group": "Parks & sport", "name": "", "osm_id": 363932631, "osm_type": "way", "osm_tag": "leisure=park"}}, {"type": "Feature", "geometry": {"type": "Point", "coordinates": [77.4669634, 23.2276598]}, "properties": {"kind": "amenity", "group": "Parks & sport", "name": "", "osm_id": 363932632, "osm_type": "way", "osm_tag": "leisure=park"}}, {"type": "Feature", "geometry": {"type": "Point", "coordinates": [77.4020236, 23.2586751]}, "properties": {"kind": "amenity", "group": "Places of worship", "name": "Jama Masjid", "osm_id": 364479899, "osm_type": "way", "osm_tag": "amenity=place_of_worship"}}, {"type": "Feature", "geometry": {"type": "Point", "coordinates": [77.4089903, 23.2544916]}, "properties": {"kind": "amenity", "group": "Places of worship", "name": "", "osm_id": 364479900, "osm_type": "way", "osm_tag": "amenity=place_of_worship"}}, {"type": "Feature", "geometry": {"type": "Point", "coordinates": [77.3994271, 23.2555416]}, "properties": {"kind": "amenity", "group": "Places of worship", "name": "Moti Masjid", "osm_id": 364479901, "osm_type": "way", "osm_tag": "amenity=place_of_worship"}}, {"type": "Feature", "geometry": {"type": "Point", "coordinates": [77.3980653, 23.2538296]}, "properties": {"kind": "amenity", "group": "Places of worship", "name": "", "osm_id": 364479902, "osm_type": "way", "osm_tag": "amenity=place_of_worship"}}, {"type": "Feature", "geometry": {"type": "Point", "coordinates": [77.3998459, 23.2313805]}, "properties": {"kind": "amenity", "group": "Parks & sport", "name": "", "osm_id": 364855970, "osm_type": "way", "osm_tag": "leisure=sports_centre"}}, {"type": "Feature", "geometry": {"type": "Point", "coordinates": [77.429017, 23.2338557]}, "properties": {"kind": "amenity", "group": "Shops & markets", "name": "Bhopal Haat", "osm_id": 365095549, "osm_type": "way", "osm_tag": "amenity=marketplace"}}, {"type": "Feature", "geometry": {"type": "Point", "coordinates": [77.4601311, 23.2284731]}, "properties": {"kind": "amenity", "group": "Parks & sport", "name": "", "osm_id": 374421890, "osm_type": "way", "osm_tag": "leisure=park"}}, {"type": "Feature", "geometry": {"type": "Point", "coordinates": [77.4343717, 23.2325405]}, "properties": {"kind": "amenity", "group": "Power infrastructure", "name": "", "osm_id": 375514477, "osm_type": "way", "osm_tag": "power=substation"}}, {"type": "Feature", "geometry": {"type": "Point", "coordinates": [77.4424002, 23.2313597]}, "properties": {"kind": "amenity", "group": "Fuel stations", "name": "Katare Petrol Pump", "osm_id": 376238109, "osm_type": "way", "osm_tag": "amenity=fuel"}}, {"type": "Feature", "geometry": {"type": "Point", "coordinates": [77.4576615, 23.2314624]}, "properties": {"kind": "amenity", "group": "Fuel stations", "name": "", "osm_id": 376238110, "osm_type": "way", "osm_tag": "amenity=fuel"}}, {"type": "Feature", "geometry": {"type": "Point", "coordinates": [77.4581316, 23.2314636]}, "properties": {"kind": "amenity", "group": "Police & fire", "name": "", "osm_id": 376238117, "osm_type": "way", "osm_tag": "amenity=fire_station"}}, {"type": "Feature", "geometry": {"type": "Point", "coordinates": [77.3817744, 23.2422919]}, "properties": {"kind": "amenity", "group": "Food & eating out", "name": "Lake CCD", "osm_id": 377972230, "osm_type": "way", "osm_tag": "amenity=cafe"}}, {"type": "Feature", "geometry": {"type": "Point", "coordinates": [77.3805585, 23.2416597]}, "properties": {"kind": "amenity", "group": "Food & eating out", "name": "Windz and Waves", "osm_id": 377972231, "osm_type": "way", "osm_tag": "amenity=restaurant"}}, {"type": "Feature", "geometry": {"type": "Point", "coordinates": [77.4706829, 23.2396367]}, "properties": {"kind": "amenity", "group": "Civic & community", "name": "", "osm_id": 378108535, "osm_type": "way", "osm_tag": "amenity=library"}}, {"type": "Feature", "geometry": {"type": "Point", "coordinates": [77.456111, 23.2264828]}, "properties": {"kind": "amenity", "group": "Parks & sport", "name": "BHEL Sports Club", "osm_id": 378450918, "osm_type": "way", "osm_tag": "leisure=sports_centre"}}, {"type": "Feature", "geometry": {"type": "Point", "coordinates": [77.4595681, 23.2262021]}, "properties": {"kind": "amenity", "group": "Parks & sport", "name": "BHEL Senior Club", "osm_id": 380546470, "osm_type": "way", "osm_tag": "leisure=sports_centre"}}, {"type": "Feature", "geometry": {"type": "Point", "coordinates": [77.3933137, 23.2461141]}, "properties": {"kind": "amenity", "group": "Civic & community", "name": "", "osm_id": 399629352, "osm_type": "way", "osm_tag": "amenity=community_centre"}}, {"type": "Feature", "geometry": {"type": "Point", "coordinates": [77.3981534, 23.2450467]}, "properties": {"kind": "amenity", "group": "Civic & community", "name": "", "osm_id": 399629362, "osm_type": "way", "osm_tag": "amenity=community_centre"}}, {"type": "Feature", "geometry": {"type": "Point", "coordinates": [77.3973186, 23.2505432]}, "properties": {"kind": "amenity", "group": "Parks & sport", "name": "Rani Kamlawati Park", "osm_id": 399629364, "osm_type": "way", "osm_tag": "leisure=park"}}, {"type": "Feature", "geometry": {"type": "Point", "coordinates": [77.2708838, 23.2913227]}, "properties": {"kind": "amenity", "group": "Food & eating out", "name": "Mess - 2", "osm_id": 413257691, "osm_type": "way", "osm_tag": "amenity=restaurant"}}, {"type": "Feature", "geometry": {"type": "Point", "coordinates": [77.4219344, 23.3045104]}, "properties": {"kind": "amenity", "group": "Shops & markets", "name": "People's Mall", "osm_id": 413305325, "osm_type": "way", "osm_tag": "shop=mall"}}, {"type": "Feature", "geometry": {"type": "Point", "coordinates": [77.3215, 23.2677321]}, "properties": {"kind": "amenity", "group": "Food & eating out", "name": "Akash garden", "osm_id": 413540482, "osm_type": "way", "osm_tag": "amenity=restaurant"}}, {"type": "Feature", "geometry": {"type": "Point", "coordinates": [77.3165677, 23.2679784]}, "properties": {"kind": "amenity", "group": "Food & eating out", "name": "Canteen", "osm_id": 413540593, "osm_type": "way", "osm_tag": "amenity=restaurant"}}, {"type": "Feature", "geometry": {"type": "Point", "coordinates": [77.3632872, 23.2736978]}, "properties": {"kind": "amenity", "group": "Bus stops & stations", "name": "halalpur bus stand", "osm_id": 413566234, "osm_type": "way", "osm_tag": "amenity=bus_station"}}, {"type": "Feature", "geometry": {"type": "Point", "coordinates": [77.3445979, 23.2740293]}, "properties": {"kind": "amenity", "group": "Places of worship", "name": "Sant Hirdaram Ji Kutiya", "osm_id": 413569477, "osm_type": "way", "osm_tag": "amenity=place_of_worship"}}, {"type": "Feature", "geometry": {"type": "Point", "coordinates": [77.3429302, 23.2727588]}, "properties": {"kind": "amenity", "group": "Shops & markets", "name": "Kamala Bansal Market", "osm_id": 413570332, "osm_type": "way", "osm_tag": "amenity=marketplace"}}, {"type": "Feature", "geometry": {"type": "Point", "coordinates": [77.3423882, 23.2677563]}, "properties": {"kind": "amenity", "group": "Civic & community", "name": "Neetu Mehtani Library", "osm_id": 413583107, "osm_type": "way", "osm_tag": "amenity=library"}}, {"type": "Feature", "geometry": {"type": "Point", "coordinates": [77.3388048, 23.268356]}, "properties": {"kind": "amenity", "group": "Places of worship", "name": "Mata Harvinder Kaur Gurudwara", "osm_id": 413599982, "osm_type": "way", "osm_tag": "amenity=place_of_worship"}}, {"type": "Feature", "geometry": {"type": "Point", "coordinates": [77.3385593, 23.2704357]}, "properties": {"kind": "amenity", "group": "Shops & markets", "name": "Old Sabzi Mandi", "osm_id": 413615652, "osm_type": "way", "osm_tag": "amenity=marketplace"}}, {"type": "Feature", "geometry": {"type": "Point", "coordinates": [77.3390271, 23.2686548]}, "properties": {"kind": "amenity", "group": "Civic & community", "name": "Community Hall", "osm_id": 413641831, "osm_type": "way", "osm_tag": "amenity=community_centre"}}, {"type": "Feature", "geometry": {"type": "Point", "coordinates": [77.4778929, 23.2622055]}, "properties": {"kind": "amenity", "group": "Shops & markets", "name": "", "osm_id": 413910592, "osm_type": "way", "osm_tag": "shop=mall"}}, {"type": "Feature", "geometry": {"type": "Point", "coordinates": [77.3725026, 23.2634011]}, "properties": {"kind": "amenity", "group": "Places of worship", "name": "Sufia Masjid", "osm_id": 414069157, "osm_type": "way", "osm_tag": "amenity=place_of_worship"}}, {"type": "Feature", "geometry": {"type": "Point", "coordinates": [77.4349007, 23.2489355]}, "properties": {"kind": "amenity", "group": "Places of worship", "name": "", "osm_id": 414080868, "osm_type": "way", "osm_tag": "amenity=place_of_worship"}}, {"type": "Feature", "geometry": {"type": "Point", "coordinates": [77.397965, 23.2559712]}, "properties": {"kind": "amenity", "group": "Parks & sport", "name": "Iqbal Maidan", "osm_id": 414302453, "osm_type": "way", "osm_tag": "leisure=park"}}, {"type": "Feature", "geometry": {"type": "Point", "coordinates": [77.4619507, 23.261337]}, "properties": {"kind": "amenity", "group": "Places of worship", "name": "Mandir Karamveer", "osm_id": 414306009, "osm_type": "way", "osm_tag": "amenity=place_of_worship"}}, {"type": "Feature", "geometry": {"type": "Point", "coordinates": [77.4405352, 23.2411425]}, "properties": {"kind": "amenity", "group": "Fuel stations", "name": "", "osm_id": 414313593, "osm_type": "way", "osm_tag": "amenity=fuel"}}, {"type": "Feature", "geometry": {"type": "Point", "coordinates": [77.3926005, 23.2183009]}, "properties": {"kind": "amenity", "group": "Places of worship", "name": "Ram Mandir Kamla Nagar", "osm_id": 414334980, "osm_type": "way", "osm_tag": "amenity=place_of_worship"}}, {"type": "Feature", "geometry": {"type": "Point", "coordinates": [77.4194949, 23.2117123]}, "properties": {"kind": "amenity", "group": "Food & eating out", "name": "Domino's", "osm_id": 414418462, "osm_type": "way", "osm_tag": "amenity=fast_food"}}, {"type": "Feature", "geometry": {"type": "Point", "coordinates": [77.4164836, 23.2026493]}, "properties": {"kind": "amenity", "group": "Shops & markets", "name": "Reliance Fresh", "osm_id": 414556258, "osm_type": "way", "osm_tag": "shop=supermarket"}}, {"type": "Feature", "geometry": {"type": "Point", "coordinates": [77.4171456, 23.1987717]}, "properties": {"kind": "amenity", "group": "Shops & markets", "name": "AM PM Supermarket", "osm_id": 414606618, "osm_type": "way", "osm_tag": "shop=supermarket"}}, {"type": "Feature", "geometry": {"type": "Point", "coordinates": [77.4194695, 23.1991491]}, "properties": {"kind": "amenity", "group": "Fuel stations", "name": "", "osm_id": 414606683, "osm_type": "way", "osm_tag": "amenity=fuel"}}, {"type": "Feature", "geometry": {"type": "Point", "coordinates": [77.4154156, 23.1978069]}, "properties": {"kind": "amenity", "group": "Police & fire", "name": "CHUNA BHATTI POLICE STATION", "osm_id": 414616347, "osm_type": "way", "osm_tag": "amenity=police"}}, {"type": "Feature", "geometry": {"type": "Point", "coordinates": [77.4195337, 23.1977608]}, "properties": {"kind": "amenity", "group": "Places of worship", "name": "Jain Temple", "osm_id": 414917844, "osm_type": "way", "osm_tag": "amenity=place_of_worship"}}, {"type": "Feature", "geometry": {"type": "Point", "coordinates": [77.4326786, 23.1731063]}, "properties": {"kind": "amenity", "group": "Food & eating out", "name": "Pin & Pan Caf\u00e9", "osm_id": 414997702, "osm_type": "way", "osm_tag": "amenity=cafe"}}, {"type": "Feature", "geometry": {"type": "Point", "coordinates": [77.4685813, 23.1642641]}, "properties": {"kind": "amenity", "group": "Shops & markets", "name": "Capital Mall", "osm_id": 415044071, "osm_type": "way", "osm_tag": "shop=mall"}}, {"type": "Feature", "geometry": {"type": "Point", "coordinates": [77.4345562, 23.1881283]}, "properties": {"kind": "amenity", "group": "Parks & sport", "name": "Green City Park 1", "osm_id": 430082005, "osm_type": "way", "osm_tag": "leisure=park"}}, {"type": "Feature", "geometry": {"type": "Point", "coordinates": [77.4338274, 23.1881681]}, "properties": {"kind": "amenity", "group": "Parks & sport", "name": "Green City Park 2", "osm_id": 430082123, "osm_type": "way", "osm_tag": "leisure=park"}}, {"type": "Feature", "geometry": {"type": "Point", "coordinates": [77.4354962, 23.188186]}, "properties": {"kind": "amenity", "group": "Parks & sport", "name": "", "osm_id": 430082229, "osm_type": "way", "osm_tag": "leisure=park"}}, {"type": "Feature", "geometry": {"type": "Point", "coordinates": [77.4358922, 23.1882307]}, "properties": {"kind": "amenity", "group": "Parks & sport", "name": "", "osm_id": 430082296, "osm_type": "way", "osm_tag": "leisure=park"}}, {"type": "Feature", "geometry": {"type": "Point", "coordinates": [77.4340883, 23.1948913]}, "properties": {"kind": "amenity", "group": "Parks & sport", "name": "", "osm_id": 430083413, "osm_type": "way", "osm_tag": "leisure=park"}}, {"type": "Feature", "geometry": {"type": "Point", "coordinates": [77.4338141, 23.195211]}, "properties": {"kind": "amenity", "group": "Parks & sport", "name": "", "osm_id": 430083528, "osm_type": "way", "osm_tag": "leisure=park"}}, {"type": "Feature", "geometry": {"type": "Point", "coordinates": [77.4358419, 23.1975329]}, "properties": {"kind": "amenity", "group": "Parks & sport", "name": "", "osm_id": 430083735, "osm_type": "way", "osm_tag": "leisure=park"}}, {"type": "Feature", "geometry": {"type": "Point", "coordinates": [77.4135489, 23.2312296]}, "properties": {"kind": "amenity", "group": "Parks & sport", "name": "Mayur Park", "osm_id": 454842119, "osm_type": "way", "osm_tag": "leisure=park"}}, {"type": "Feature", "geometry": {"type": "Point", "coordinates": [77.4631538, 23.2609966]}, "properties": {"kind": "amenity", "group": "Parks & sport", "name": "Karamveer park", "osm_id": 460321082, "osm_type": "way", "osm_tag": "leisure=park"}}, {"type": "Feature", "geometry": {"type": "Point", "coordinates": [77.4616103, 23.2613828]}, "properties": {"kind": "amenity", "group": "Places of worship", "name": "Gurudwara Karamveer", "osm_id": 460321315, "osm_type": "way", "osm_tag": "amenity=place_of_worship"}}, {"type": "Feature", "geometry": {"type": "Point", "coordinates": [77.4604116, 23.2602466]}, "properties": {"kind": "amenity", "group": "Parks & sport", "name": "Bharat nagar Park", "osm_id": 460321720, "osm_type": "way", "osm_tag": "leisure=park"}}, {"type": "Feature", "geometry": {"type": "Point", "coordinates": [77.4085918, 23.2382341]}, "properties": {"kind": "amenity", "group": "Places of worship", "name": "Birla Temple Compound", "osm_id": 468731569, "osm_type": "way", "osm_tag": "amenity=place_of_worship"}}, {"type": "Feature", "geometry": {"type": "Point", "coordinates": [77.4088589, 23.2381132]}, "properties": {"kind": "amenity", "group": "Places of worship", "name": "", "osm_id": 468731593, "osm_type": "way", "osm_tag": "amenity=place_of_worship"}}, {"type": "Feature", "geometry": {"type": "Point", "coordinates": [77.4088679, 23.2383654]}, "properties": {"kind": "amenity", "group": "Places of worship", "name": "", "osm_id": 468731594, "osm_type": "way", "osm_tag": "amenity=place_of_worship"}}, {"type": "Feature", "geometry": {"type": "Point", "coordinates": [77.4085539, 23.2382695]}, "properties": {"kind": "amenity", "group": "Places of worship", "name": "Birla Mandir", "osm_id": 468731595, "osm_type": "way", "osm_tag": "amenity=place_of_worship"}}, {"type": "Feature", "geometry": {"type": "Point", "coordinates": [77.4189407, 23.2307151]}, "properties": {"kind": "amenity", "group": "Parks & sport", "name": "Park at Red Cross Hospital", "osm_id": 469357341, "osm_type": "way", "osm_tag": "leisure=park"}}, {"type": "Feature", "geometry": {"type": "Point", "coordinates": [77.4339243, 23.2461069]}, "properties": {"kind": "amenity", "group": "Parks & sport", "name": "", "osm_id": 469365845, "osm_type": "way", "osm_tag": "leisure=park"}}, {"type": "Feature", "geometry": {"type": "Point", "coordinates": [77.4324797, 23.2486975]}, "properties": {"kind": "amenity", "group": "Parks & sport", "name": "", "osm_id": 469365846, "osm_type": "way", "osm_tag": "leisure=park"}}, {"type": "Feature", "geometry": {"type": "Point", "coordinates": [77.4322415, 23.2501077]}, "properties": {"kind": "amenity", "group": "Parks & sport", "name": "", "osm_id": 469365848, "osm_type": "way", "osm_tag": "leisure=park"}}, {"type": "Feature", "geometry": {"type": "Point", "coordinates": [77.4334015, 23.2500049]}, "properties": {"kind": "amenity", "group": "Parks & sport", "name": "", "osm_id": 469365849, "osm_type": "way", "osm_tag": "leisure=park"}}, {"type": "Feature", "geometry": {"type": "Point", "coordinates": [77.4349501, 23.2490467]}, "properties": {"kind": "amenity", "group": "Parks & sport", "name": "", "osm_id": 469368631, "osm_type": "way", "osm_tag": "leisure=park"}}, {"type": "Feature", "geometry": {"type": "Point", "coordinates": [77.4542377, 23.2773925]}, "properties": {"kind": "amenity", "group": "Parks & sport", "name": "Minal Acupresure Park", "osm_id": 486642829, "osm_type": "way", "osm_tag": "leisure=park"}}, {"type": "Feature", "geometry": {"type": "Point", "coordinates": [77.4572962, 23.2753688]}, "properties": {"kind": "amenity", "group": "Parks & sport", "name": "Jupiter Park", "osm_id": 486645803, "osm_type": "way", "osm_tag": "leisure=park"}}, {"type": "Feature", "geometry": {"type": "Point", "coordinates": [77.4586898, 23.2755144]}, "properties": {"kind": "amenity", "group": "Parks & sport", "name": "Bridge Park", "osm_id": 486646285, "osm_type": "way", "osm_tag": "leisure=park"}}, {"type": "Feature", "geometry": {"type": "Point", "coordinates": [77.4502369, 23.2087286]}, "properties": {"kind": "amenity", "group": "Parks & sport", "name": "Vijay Maidan", "osm_id": 490708799, "osm_type": "way", "osm_tag": "leisure=park"}}, {"type": "Feature", "geometry": {"type": "Point", "coordinates": [77.4020711, 23.2337551]}, "properties": {"kind": "amenity", "group": "Banks & ATMs", "name": "Apex Bank", "osm_id": 492740907, "osm_type": "way", "osm_tag": "amenity=bank"}}, {"type": "Feature", "geometry": {"type": "Point", "coordinates": [77.406371, 23.2166963]}, "properties": {"kind": "amenity", "group": "Parks & sport", "name": "", "osm_id": 494413739, "osm_type": "way", "osm_tag": "leisure=park"}}, {"type": "Feature", "geometry": {"type": "Point", "coordinates": [77.4072079, 23.2169155]}, "properties": {"kind": "amenity", "group": "Parks & sport", "name": "", "osm_id": 494413746, "osm_type": "way", "osm_tag": "leisure=park"}}, {"type": "Feature", "geometry": {"type": "Point", "coordinates": [77.3908254, 23.2671746]}, "properties": {"kind": "amenity", "group": "Parks & sport", "name": "", "osm_id": 496609039, "osm_type": "way", "osm_tag": "leisure=stadium"}}, {"type": "Feature", "geometry": {"type": "Point", "coordinates": [77.4053359, 23.2653031]}, "properties": {"kind": "amenity", "group": "Bus stops & stations", "name": "Nadra Bus Stand", "osm_id": 537637451, "osm_type": "way", "osm_tag": "amenity=bus_station"}}, {"type": "Feature", "geometry": {"type": "Point", "coordinates": [77.4041176, 23.2641919]}, "properties": {"kind": "amenity", "group": "Police & fire", "name": "Hanumanganj Thana", "osm_id": 537637934, "osm_type": "way", "osm_tag": "amenity=police"}}, {"type": "Feature", "geometry": {"type": "Point", "coordinates": [77.4436812, 23.2290535]}, "properties": {"kind": "amenity", "group": "Bus stops & stations", "name": "Inter State Bus Terminal", "osm_id": 537638802, "osm_type": "way", "osm_tag": "amenity=bus_station"}}, {"type": "Feature", "geometry": {"type": "Point", "coordinates": [77.3565905, 23.2013766]}, "properties": {"kind": "amenity", "group": "Food & eating out", "name": "Shri Shankar Hotel Evam Nashta Ghar", "osm_id": 547614576, "osm_type": "way", "osm_tag": "amenity=restaurant"}}, {"type": "Feature", "geometry": {"type": "Point", "coordinates": [77.3473004, 23.2004779]}, "properties": {"kind": "amenity", "group": "Places of worship", "name": "", "osm_id": 547795392, "osm_type": "way", "osm_tag": "amenity=place_of_worship"}}, {"type": "Feature", "geometry": {"type": "Point", "coordinates": [77.345467, 23.2675396]}, "properties": {"kind": "amenity", "group": "Places of worship", "name": "Mahila Wradha Ashram", "osm_id": 569179419, "osm_type": "way", "osm_tag": "amenity=place_of_worship"}}, {"type": "Feature", "geometry": {"type": "Point", "coordinates": [77.3458901, 23.2675206]}, "properties": {"kind": "amenity", "group": "Parks & sport", "name": "MGPS Ground", "osm_id": 569179421, "osm_type": "way", "osm_tag": "leisure=playground"}}, {"type": "Feature", "geometry": {"type": "Point", "coordinates": [77.3323241, 23.2689228]}, "properties": {"kind": "amenity", "group": "Shops & markets", "name": "New Vegitable Market", "osm_id": 569210215, "osm_type": "way", "osm_tag": "amenity=marketplace"}}, {"type": "Feature", "geometry": {"type": "Point", "coordinates": [77.5251787, 23.1070956]}, "properties": {"kind": "amenity", "group": "Power infrastructure", "name": "", "osm_id": 589708376, "osm_type": "way", "osm_tag": "power=substation"}}, {"type": "Feature", "geometry": {"type": "Point", "coordinates": [77.4838176, 23.3471761]}, "properties": {"kind": "amenity", "group": "Power infrastructure", "name": "Bhopal", "osm_id": 666636903, "osm_type": "way", "osm_tag": "power=substation"}}, {"type": "Feature", "geometry": {"type": "Point", "coordinates": [77.4556216, 23.1842619]}, "properties": {"kind": "amenity", "group": "Parks & sport", "name": "Fountain Park", "osm_id": 816466167, "osm_type": "way", "osm_tag": "leisure=park"}}, {"type": "Feature", "geometry": {"type": "Point", "coordinates": [77.456226, 23.184204]}, "properties": {"kind": "amenity", "group": "Parks & sport", "name": "Mughal Garden", "osm_id": 816503654, "osm_type": "way", "osm_tag": "leisure=park"}}, {"type": "Feature", "geometry": {"type": "Point", "coordinates": [77.4598172, 23.1796197]}, "properties": {"kind": "amenity", "group": "Parks & sport", "name": "Shalimar Seven Garden", "osm_id": 819382698, "osm_type": "way", "osm_tag": "leisure=park"}}, {"type": "Feature", "geometry": {"type": "Point", "coordinates": [77.5298088, 23.0986305]}, "properties": {"kind": "amenity", "group": "Power infrastructure", "name": "Mandideep Graphite Power Station", "osm_id": 837683587, "osm_type": "way", "osm_tag": "power=plant"}}, {"type": "Feature", "geometry": {"type": "Point", "coordinates": [77.2964925, 23.2177305]}, "properties": {"kind": "amenity", "group": "Power infrastructure", "name": "Mugaliyachhap", "osm_id": 840908717, "osm_type": "way", "osm_tag": "power=substation"}}, {"type": "Feature", "geometry": {"type": "Point", "coordinates": [77.3928205, 23.2629721]}, "properties": {"kind": "amenity", "group": "Places of worship", "name": "Taj-ul-Masajid", "osm_id": 845701962, "osm_type": "way", "osm_tag": "amenity=place_of_worship"}}, {"type": "Feature", "geometry": {"type": "Point", "coordinates": [77.3752714, 23.2175449]}, "properties": {"kind": "amenity", "group": "Parks & sport", "name": "prempura ghat", "osm_id": 922790998, "osm_type": "way", "osm_tag": "leisure=park"}}, {"type": "Feature", "geometry": {"type": "Point", "coordinates": [77.2721613, 23.2899946]}, "properties": {"kind": "amenity", "group": "Food & eating out", "name": "Mess - 1", "osm_id": 997550775, "osm_type": "way", "osm_tag": "amenity=restaurant"}}, {"type": "Feature", "geometry": {"type": "Point", "coordinates": [77.2706018, 23.2925352]}, "properties": {"kind": "amenity", "group": "Food & eating out", "name": "Mess - 3", "osm_id": 997560777, "osm_type": "way", "osm_tag": "amenity=restaurant"}}, {"type": "Feature", "geometry": {"type": "Point", "coordinates": [77.2718372, 23.2933012]}, "properties": {"kind": "amenity", "group": "Food & eating out", "name": "Mess - 4", "osm_id": 997560782, "osm_type": "way", "osm_tag": "amenity=restaurant"}}, {"type": "Feature", "geometry": {"type": "Point", "coordinates": [77.2711233, 23.2921476]}, "properties": {"kind": "amenity", "group": "Food & eating out", "name": "Ideation Hut", "osm_id": 997672243, "osm_type": "way", "osm_tag": "amenity=cafe"}}, {"type": "Feature", "geometry": {"type": "Point", "coordinates": [77.2744531, 23.287311]}, "properties": {"kind": "amenity", "group": "Food & eating out", "name": "Cafe Coffee Day", "osm_id": 997689610, "osm_type": "way", "osm_tag": "amenity=cafe"}}, {"type": "Feature", "geometry": {"type": "Point", "coordinates": [77.2752454, 23.2881125]}, "properties": {"kind": "amenity", "group": "Food & eating out", "name": "Indian Coffee House", "osm_id": 997689613, "osm_type": "way", "osm_tag": "amenity=cafe"}}, {"type": "Feature", "geometry": {"type": "Point", "coordinates": [77.2704516, 23.2930321]}, "properties": {"kind": "amenity", "group": "Food & eating out", "name": "Mess - 5", "osm_id": 997714545, "osm_type": "way", "osm_tag": "amenity=restaurant"}}, {"type": "Feature", "geometry": {"type": "Point", "coordinates": [77.272473, 23.2909632]}, "properties": {"kind": "amenity", "group": "Parks & sport", "name": "Sports Complex", "osm_id": 997714550, "osm_type": "way", "osm_tag": "leisure=sports_centre"}}, {"type": "Feature", "geometry": {"type": "Point", "coordinates": [77.2753092, 23.2813868]}, "properties": {"kind": "amenity", "group": "Civic & community", "name": "Community Center", "osm_id": 997714555, "osm_type": "way", "osm_tag": "amenity=community_centre"}}, {"type": "Feature", "geometry": {"type": "Point", "coordinates": [77.4358692, 23.2215407]}, "properties": {"kind": "amenity", "group": "Parks & sport", "name": "", "osm_id": 1002689457, "osm_type": "way", "osm_tag": "leisure=park"}}, {"type": "Feature", "geometry": {"type": "Point", "coordinates": [77.4384494, 23.216368]}, "properties": {"kind": "amenity", "group": "Parks & sport", "name": "", "osm_id": 1002689459, "osm_type": "way", "osm_tag": "leisure=park"}}, {"type": "Feature", "geometry": {"type": "Point", "coordinates": [77.4354454, 23.2177324]}, "properties": {"kind": "amenity", "group": "Parks & sport", "name": "", "osm_id": 1002689462, "osm_type": "way", "osm_tag": "leisure=stadium"}}, {"type": "Feature", "geometry": {"type": "Point", "coordinates": [77.4374114, 23.2187406]}, "properties": {"kind": "amenity", "group": "Parks & sport", "name": "", "osm_id": 1002689463, "osm_type": "way", "osm_tag": "leisure=playground"}}, {"type": "Feature", "geometry": {"type": "Point", "coordinates": [77.4371673, 23.2198227]}, "properties": {"kind": "amenity", "group": "Parks & sport", "name": "", "osm_id": 1002689464, "osm_type": "way", "osm_tag": "leisure=park"}}, {"type": "Feature", "geometry": {"type": "Point", "coordinates": [77.4084622, 23.2164434]}, "properties": {"kind": "amenity", "group": "Parks & sport", "name": "lrc ground", "osm_id": 1094455612, "osm_type": "way", "osm_tag": "leisure=park"}}, {"type": "Feature", "geometry": {"type": "Point", "coordinates": [77.2709181, 23.2939129]}, "properties": {"kind": "amenity", "group": "Food & eating out", "name": "Mess - 6", "osm_id": 1170502564, "osm_type": "way", "osm_tag": "amenity=restaurant"}}, {"type": "Feature", "geometry": {"type": "Point", "coordinates": [77.3998262, 23.2226397]}, "properties": {"kind": "amenity", "group": "Parks & sport", "name": "", "osm_id": 1201512016, "osm_type": "way", "osm_tag": "leisure=park"}}, {"type": "Feature", "geometry": {"type": "Point", "coordinates": [77.4072762, 23.2127988]}, "properties": {"kind": "amenity", "group": "Parks & sport", "name": "tennis court", "osm_id": 1221482542, "osm_type": "way", "osm_tag": "leisure=playground"}}, {"type": "Feature", "geometry": {"type": "Point", "coordinates": [77.3982927, 23.219012]}, "properties": {"kind": "amenity", "group": "Places of worship", "name": "", "osm_id": 1221490131, "osm_type": "way", "osm_tag": "amenity=place_of_worship"}}, {"type": "Feature", "geometry": {"type": "Point", "coordinates": [77.3982498, 23.2155431]}, "properties": {"kind": "amenity", "group": "Places of worship", "name": "", "osm_id": 1221491895, "osm_type": "way", "osm_tag": "amenity=place_of_worship"}}, {"type": "Feature", "geometry": {"type": "Point", "coordinates": [77.3968947, 23.2158562]}, "properties": {"kind": "amenity", "group": "Parks & sport", "name": "", "osm_id": 1221492076, "osm_type": "way", "osm_tag": "leisure=park"}}, {"type": "Feature", "geometry": {"type": "Point", "coordinates": [77.3923369, 23.2150336]}, "properties": {"kind": "amenity", "group": "Parks & sport", "name": "Vivakanand Park", "osm_id": 1221666816, "osm_type": "way", "osm_tag": "leisure=park"}}, {"type": "Feature", "geometry": {"type": "Point", "coordinates": [77.4071862, 23.21655]}, "properties": {"kind": "amenity", "group": "Parks & sport", "name": "", "osm_id": 1221671615, "osm_type": "way", "osm_tag": "leisure=park"}}, {"type": "Feature", "geometry": {"type": "Point", "coordinates": [77.4592156, 23.2623119]}, "properties": {"kind": "amenity", "group": "Parks & sport", "name": "", "osm_id": 1261364799, "osm_type": "way", "osm_tag": "leisure=park"}}, {"type": "Feature", "geometry": {"type": "Point", "coordinates": [77.4593054, 23.2625793]}, "properties": {"kind": "amenity", "group": "Parks & sport", "name": "", "osm_id": 1261364800, "osm_type": "way", "osm_tag": "leisure=park"}}, {"type": "Feature", "geometry": {"type": "Point", "coordinates": [77.4591235, 23.2626504]}, "properties": {"kind": "amenity", "group": "Parks & sport", "name": "", "osm_id": 1261364859, "osm_type": "way", "osm_tag": "leisure=park"}}, {"type": "Feature", "geometry": {"type": "Point", "coordinates": [77.4143548, 23.2175306]}, "properties": {"kind": "amenity", "group": "Power infrastructure", "name": "132 KV SubStation, Bhopal", "osm_id": 1266448648, "osm_type": "way", "osm_tag": "power=substation"}}, {"type": "Feature", "geometry": {"type": "Point", "coordinates": [77.4826623, 23.1388795]}, "properties": {"kind": "amenity", "group": "Parks & sport", "name": "", "osm_id": 1267570889, "osm_type": "way", "osm_tag": "leisure=park"}}, {"type": "Feature", "geometry": {"type": "Point", "coordinates": [77.4933411, 23.2305256]}, "properties": {"kind": "amenity", "group": "Parks & sport", "name": "Vasudev Marriage Garden", "osm_id": 1299179397, "osm_type": "way", "osm_tag": "leisure=park"}}, {"type": "Feature", "geometry": {"type": "Point", "coordinates": [77.4384546, 23.2320592]}, "properties": {"kind": "amenity", "group": "Parks & sport", "name": "Kasturba Park", "osm_id": 1303581389, "osm_type": "way", "osm_tag": "leisure=park"}}, {"type": "Feature", "geometry": {"type": "Point", "coordinates": [77.4574956, 23.2707932]}, "properties": {"kind": "amenity", "group": "Parks & sport", "name": "Diamond Park", "osm_id": 1303583627, "osm_type": "way", "osm_tag": "leisure=park"}}, {"type": "Feature", "geometry": {"type": "Point", "coordinates": [77.439791, 23.2248717]}, "properties": {"kind": "amenity", "group": "Power infrastructure", "name": "", "osm_id": 1308339012, "osm_type": "way", "osm_tag": "power=substation"}}, {"type": "Feature", "geometry": {"type": "Point", "coordinates": [77.4548966, 23.2754764]}, "properties": {"kind": "amenity", "group": "Parks & sport", "name": "Minal Park", "osm_id": 1331877237, "osm_type": "way", "osm_tag": "leisure=park"}}, {"type": "Feature", "geometry": {"type": "Point", "coordinates": [77.4527973, 23.2754932]}, "properties": {"kind": "amenity", "group": "Parks & sport", "name": "Flora Park", "osm_id": 1331877798, "osm_type": "way", "osm_tag": "leisure=park"}}, {"type": "Feature", "geometry": {"type": "Point", "coordinates": [77.4459872, 23.2751354]}, "properties": {"kind": "amenity", "group": "Parks & sport", "name": "Shanthi Park", "osm_id": 1385620449, "osm_type": "way", "osm_tag": "leisure=park"}}, {"type": "Feature", "geometry": {"type": "Point", "coordinates": [77.3486651, 23.2892797]}, "properties": {"kind": "amenity", "group": "Power infrastructure", "name": "", "osm_id": 1412678526, "osm_type": "way", "osm_tag": "power=plant"}}, {"type": "Feature", "geometry": {"type": "Point", "coordinates": [77.4702361, 23.2683903]}, "properties": {"kind": "amenity", "group": "Parks & sport", "name": "Ahinsa Vihar Colony Playground", "osm_id": 1436658848, "osm_type": "way", "osm_tag": "leisure=playground"}}, {"type": "Feature", "geometry": {"type": "Point", "coordinates": [77.4709064, 23.2674594]}, "properties": {"kind": "amenity", "group": "Parks & sport", "name": "Ahinsa Vihar Colony Baal Udhyan", "osm_id": 1436661637, "osm_type": "way", "osm_tag": "leisure=park"}}, {"type": "Feature", "geometry": {"type": "Point", "coordinates": [77.4715675, 23.2683874]}, "properties": {"kind": "amenity", "group": "Places of worship", "name": "Ram Mandir", "osm_id": 1436663197, "osm_type": "way", "osm_tag": "amenity=place_of_worship"}}, {"type": "Feature", "geometry": {"type": "Point", "coordinates": [77.4676767, 23.1951828]}, "properties": {"kind": "amenity", "group": "Banks & ATMs", "name": "ICICI Bank", "osm_id": 1457695879, "osm_type": "way", "osm_tag": "amenity=bank"}}, {"type": "Feature", "geometry": {"type": "Point", "coordinates": [77.467556, 23.1964877]}, "properties": {"kind": "amenity", "group": "Banks & ATMs", "name": "Canara Bank", "osm_id": 1457695881, "osm_type": "way", "osm_tag": "amenity=bank"}}, {"type": "Feature", "geometry": {"type": "Point", "coordinates": [77.4683921, 23.1950007]}, "properties": {"kind": "amenity", "group": "Fuel stations", "name": "Indian Oil", "osm_id": 1457695883, "osm_type": "way", "osm_tag": "amenity=fuel"}}, {"type": "Feature", "geometry": {"type": "Point", "coordinates": [77.4707863, 23.1948388]}, "properties": {"kind": "amenity", "group": "Food & eating out", "name": "Rajasthan Mishtan Bhandar", "osm_id": 1457695884, "osm_type": "way", "osm_tag": "amenity=fast_food"}}, {"type": "Feature", "geometry": {"type": "Point", "coordinates": [77.4267208, 23.2462714]}, "properties": {"kind": "amenity", "group": "Power infrastructure", "name": "", "osm_id": 1460260458, "osm_type": "way", "osm_tag": "power=substation"}}, {"type": "Feature", "geometry": {"type": "Point", "coordinates": [77.2500852, 23.2993976]}, "properties": {"kind": "amenity", "group": "Power infrastructure", "name": "", "osm_id": 1466824518, "osm_type": "way", "osm_tag": "power=substation"}}, {"type": "Feature", "geometry": {"type": "Point", "coordinates": [77.3378484, 23.3085738]}, "properties": {"kind": "amenity", "group": "Power infrastructure", "name": "", "osm_id": 1466824522, "osm_type": "way", "osm_tag": "power=substation"}}, {"type": "Feature", "geometry": {"type": "Point", "coordinates": [77.4392125, 23.2449714]}, "properties": {"kind": "amenity", "group": "Power infrastructure", "name": "", "osm_id": 1499127506, "osm_type": "way", "osm_tag": "power=plant"}}, {"type": "Feature", "geometry": {"type": "Point", "coordinates": [77.459328, 23.274569]}, "properties": {"kind": "amenity", "group": "Parks & sport", "name": "", "osm_id": 1527955536, "osm_type": "way", "osm_tag": "leisure=park"}}, {"type": "Feature", "geometry": {"type": "Point", "coordinates": [77.4604002, 23.2744685]}, "properties": {"kind": "amenity", "group": "Parks & sport", "name": "", "osm_id": 1527955539, "osm_type": "way", "osm_tag": "leisure=park"}}, {"type": "Feature", "geometry": {"type": "Point", "coordinates": [77.4812763, 23.278643]}, "properties": {"kind": "amenity", "group": "Power infrastructure", "name": "220KV Sub Station Adampur", "osm_id": 1527955542, "osm_type": "way", "osm_tag": "power=substation"}}, {"type": "Feature", "geometry": {"type": "Point", "coordinates": [77.3932017, 23.2216757]}, "properties": {"kind": "amenity", "group": "Parks & sport", "name": "", "osm_id": 1527955543, "osm_type": "way", "osm_tag": "leisure=park"}}, {"type": "Feature", "geometry": {"type": "Point", "coordinates": [77.4535481, 23.2765316]}, "properties": {"kind": "amenity", "group": "Parks & sport", "name": "", "osm_id": 1528245594, "osm_type": "way", "osm_tag": "leisure=park"}}, {"type": "Feature", "geometry": {"type": "Point", "coordinates": [77.3994791, 23.2369714]}, "properties": {"kind": "amenity", "group": "Parks & sport", "name": "", "osm_id": 1528479764, "osm_type": "way", "osm_tag": "leisure=park"}}, {"type": "Feature", "geometry": {"type": "Point", "coordinates": [77.3991408, 23.2366935]}, "properties": {"kind": "amenity", "group": "Parks & sport", "name": "", "osm_id": 1528479767, "osm_type": "way", "osm_tag": "leisure=park"}}, {"type": "Feature", "geometry": {"type": "Point", "coordinates": [77.4545696, 23.2778678]}, "properties": {"kind": "amenity", "group": "Parks & sport", "name": "", "osm_id": 1528551131, "osm_type": "way", "osm_tag": "leisure=park"}}, {"type": "Feature", "geometry": {"type": "Point", "coordinates": [77.4549993, 23.2769842]}, "properties": {"kind": "amenity", "group": "Parks & sport", "name": "", "osm_id": 1528551135, "osm_type": "way", "osm_tag": "leisure=park"}}, {"type": "Feature", "geometry": {"type": "Point", "coordinates": [77.401722, 23.2255432]}, "properties": {"kind": "amenity", "group": "Places of worship", "name": "Prachin Mata Mandir", "osm_id": 1528762573, "osm_type": "way", "osm_tag": "amenity=place_of_worship"}}, {"type": "Feature", "geometry": {"type": "Point", "coordinates": [77.4678446, 23.1911417]}, "properties": {"kind": "amenity", "group": "Parks & sport", "name": "park", "osm_id": 1544565880, "osm_type": "way", "osm_tag": "leisure=park"}}, {"type": "Feature", "geometry": {"type": "Point", "coordinates": [77.4684817, 23.1910217]}, "properties": {"kind": "amenity", "group": "Parks & sport", "name": "", "osm_id": 1544565881, "osm_type": "way", "osm_tag": "leisure=park"}}, {"type": "Feature", "geometry": {"type": "Point", "coordinates": [77.4685478, 23.1900025]}, "properties": {"kind": "amenity", "group": "Parks & sport", "name": "", "osm_id": 1544565882, "osm_type": "way", "osm_tag": "leisure=park"}}, {"type": "Feature", "geometry": {"type": "Point", "coordinates": [77.4674935, 23.1896993]}, "properties": {"kind": "amenity", "group": "Parks & sport", "name": "", "osm_id": 1544565883, "osm_type": "way", "osm_tag": "leisure=park"}}, {"type": "Feature", "geometry": {"type": "Point", "coordinates": [77.4664133, 23.1894739]}, "properties": {"kind": "amenity", "group": "Parks & sport", "name": "", "osm_id": 1544565884, "osm_type": "way", "osm_tag": "leisure=park"}}, {"type": "Feature", "geometry": {"type": "Point", "coordinates": [77.4672786, 23.1855592]}, "properties": {"kind": "amenity", "group": "Parks & sport", "name": "", "osm_id": 1544565885, "osm_type": "way", "osm_tag": "leisure=park"}}, {"type": "Feature", "geometry": {"type": "Point", "coordinates": [77.4685683, 23.1916776]}, "properties": {"kind": "amenity", "group": "Fuel stations", "name": "Hindustan petrolium gas station", "osm_id": 1544567916, "osm_type": "way", "osm_tag": "amenity=fuel"}}, {"type": "Feature", "geometry": {"type": "Point", "coordinates": [77.39983, 23.2314049]}, "properties": {"kind": "amenity", "group": "Parks & sport", "name": "TT Nagar Stadium", "osm_id": 5411554, "osm_type": "relation", "osm_tag": "leisure=stadium"}}, {"type": "Feature", "geometry": {"type": "Point", "coordinates": [77.4721668, 23.2412727]}, "properties": {"kind": "amenity", "group": "Police & fire", "name": "", "osm_id": 5411739, "osm_type": "relation", "osm_tag": "amenity=police"}}, {"type": "Feature", "geometry": {"type": "Point", "coordinates": [77.4122785, 23.2167756]}, "properties": {"kind": "amenity", "group": "Parks & sport", "name": "", "osm_id": 5569204, "osm_type": "relation", "osm_tag": "leisure=park"}}, {"type": "Feature", "geometry": {"type": "Point", "coordinates": [77.4205415, 23.2558701]}, "properties": {"kind": "amenity", "group": "Parks & sport", "name": "Aishbagh Stadium", "osm_id": 5623268, "osm_type": "relation", "osm_tag": "leisure=stadium"}}, {"type": "Feature", "geometry": {"type": "Point", "coordinates": [77.4232774, 23.2317245]}, "properties": {"kind": "amenity", "group": "Parks & sport", "name": "Chinar Park", "osm_id": 6908897, "osm_type": "relation", "osm_tag": "leisure=park"}}], "properties": {"source": "OpenStreetMap via Overpass", "retrieved": "2026-09-24"}}