{"type": "FeatureCollection", "features": [{"type": "Feature", "geometry": {"type": "Polygon", "coordinates": [[[77.42773, 23.2789474], [77.4266222, 23.2796003], [77.4254474, 23.2802729], [77.4235699, 23.2814161], [77.4234679, 23.2814506], [77.4231273, 23.2816453], [77.4225105, 23.2820862], [77.4279875, 23.2903274], [77.42832, 23.2909384], [77.4287761, 23.2919608], [77.4302566, 23.2913227], [77.4307448, 23.2910419], [77.4308306, 23.290899], [77.4316729, 23.287743], [77.4317158, 23.2856538], [77.4317211, 23.2854198], [77.4309004, 23.2835448], [77.4297403, 23.2816995], [77.4292709, 23.2810687], [77.4289611, 23.2806634], [77.42773, 23.2789474]]]}, "properties": {"kind": "landuse", "name": "Coach Rehabilitation Workshop", "osm_id": 52158449, "tag": "industrial"}}, {"type": "Feature", "geometry": {"type": "Polygon", "coordinates": [[[77.4586194, 23.3197975], [77.4584799, 23.3198862], [77.4582332, 23.3200241], [77.4580079, 23.3202704], [77.4577289, 23.3206744], [77.4575036, 23.32097], [77.4573749, 23.32097], [77.4570745, 23.3207335], [77.4567526, 23.3208714], [77.4563878, 23.3212261], [77.4564093, 23.3214133], [77.4566346, 23.3218074], [77.456699, 23.3222803], [77.4567848, 23.3224872], [77.456817, 23.322704], [77.457053, 23.3228222], [77.4573427, 23.3228813], [77.4577075, 23.3228616], [77.4578899, 23.3228123], [77.4581474, 23.3227532], [77.4582117, 23.3225266], [77.458201, 23.3223394], [77.4581795, 23.3221621], [77.4582976, 23.3219946], [77.4584907, 23.3217975], [77.4586409, 23.3216793], [77.4588125, 23.3215906], [77.4589306, 23.3215118], [77.4590593, 23.3213542], [77.459188, 23.321236], [77.4594455, 23.3212655], [77.4596387, 23.3212655], [77.4597781, 23.3210291], [77.459821, 23.3208911], [77.4600571, 23.3208714], [77.4602073, 23.32097], [77.4604862, 23.3211571], [77.4609368, 23.3211966], [77.4610763, 23.3210094], [77.460969, 23.3207729], [77.460218, 23.3200734], [77.4598183, 23.3197112], [77.4594134, 23.3193443], [77.4591559, 23.3191177], [77.4581044, 23.3183591], [77.4579435, 23.3184083], [77.4580186, 23.318566], [77.4583834, 23.3188911], [77.4584156, 23.3191177], [77.4583512, 23.3192458], [77.4584263, 23.3194625], [77.4585121, 23.3196005], [77.4586194, 23.3197975]]]}, "properties": {"kind": "landuse", "name": "", "osm_id": 102969862, "tag": "residential"}}, {"type": "Feature", "geometry": {"type": "Polygon", "coordinates": [[[77.4852269, 23.3526807], [77.4851411, 23.3530156], [77.4850553, 23.3534589], [77.4851089, 23.3539514], [77.4851947, 23.3541976], [77.4856239, 23.3549265], [77.4859243, 23.3551432], [77.4863427, 23.3552713], [77.4872118, 23.3551728], [77.4876087, 23.3548871], [77.4876624, 23.3543848], [77.4875765, 23.3537642], [77.4873298, 23.353124], [77.4873942, 23.3527201], [77.4873942, 23.3522276], [77.4872869, 23.3520996], [77.487362, 23.3519124], [77.4874156, 23.3516169], [77.4871152, 23.3508979], [77.4862033, 23.3496075], [77.4856668, 23.3498439], [77.4850124, 23.3502773], [77.4845832, 23.3506122], [77.4843901, 23.3508782], [77.4844008, 23.3512229], [77.4844974, 23.3515381], [77.4852377, 23.3523557], [77.4852269, 23.3526807]]]}, "properties": {"kind": "landuse", "name": "", "osm_id": 102970659, "tag": "residential"}}, {"type": "Feature", "geometry": {"type": "Polygon", "coordinates": [[[77.4255044, 23.1963859], [77.4304477, 23.1968641], [77.4300319, 23.2003199], [77.429767, 23.2021129], [77.4241181, 23.2012652], [77.4237274, 23.2011785], [77.4245297, 23.2000926], [77.4255044, 23.1963859]]]}, "properties": {"kind": "landuse", "name": "Shahpura Sector A & B", "osm_id": 112445860, "tag": "residential"}}, {"type": "Feature", "geometry": {"type": "Polygon", "coordinates": [[[77.5100722, 23.1077692], [77.5098893, 23.1076629], [77.5107622, 23.1065396], [77.5115042, 23.1055279], [77.5115575, 23.1054552], [77.5167748, 23.0983411], [77.518367, 23.09617], [77.5199963, 23.0940069], [77.5211294, 23.0925008], [77.526163, 23.0951193], [77.5274044, 23.0935072], [77.5313929, 23.0926981], [77.5336477, 23.0923004], [77.5357655, 23.0918111], [77.5366783, 23.0924325], [77.5308009, 23.1008579], [77.5324532, 23.101879], [77.5312144, 23.104558], [77.5299597, 23.1036942], [77.5291765, 23.1050363], [77.529273, 23.1051251], [77.5287795, 23.1059245], [77.5294608, 23.1064277], [77.5291389, 23.1068471], [77.5270414, 23.1054311], [77.5258237, 23.1072271], [77.5256572, 23.1074677], [77.5234965, 23.1108333], [77.5232987, 23.1111413], [77.5232434, 23.1112581], [77.5221089, 23.1104934], [77.5216453, 23.1110947], [77.5205373, 23.1127488], [77.5196601, 23.114217], [77.5195259, 23.1144404], [77.5195366, 23.1148598], [77.5198531, 23.1152594], [77.520234, 23.1152989], [77.5204968, 23.1152052], [77.520647, 23.1153877], [77.5205773, 23.1155407], [77.5209153, 23.1157232], [77.520116, 23.1160735], [77.5200677, 23.1163942], [77.5200838, 23.117524], [77.517702, 23.1163819], [77.5167471, 23.1160044], [77.5162858, 23.1159156], [77.5159371, 23.116182], [77.5153497, 23.1159896], [77.5150037, 23.1157676], [77.5150777, 23.1153362], [77.5154275, 23.1148943], [77.5141373, 23.1132769], [77.5145213, 23.1126596], [77.5144538, 23.1126088], [77.5141615, 23.1120229], [77.5138664, 23.1116307], [77.5138396, 23.1115985], [77.5138235, 23.1109621], [77.5134426, 23.1103404], [77.5124395, 23.1098618], [77.5113183, 23.1095904], [77.5105351, 23.109176], [77.5099719, 23.1085346], [77.5100722, 23.1077692]]]}, "properties": {"kind": "landuse", "name": "", "osm_id": 155469523, "tag": "industrial"}}, {"type": "Feature", "geometry": {"type": "Polygon", "coordinates": [[[77.4554159, 23.2513356], [77.4659033, 23.2498227], [77.4659144, 23.2487351], [77.4660345, 23.2336609], [77.4658265, 23.2335496], [77.4625529, 23.2335057], [77.4625815, 23.232769], [77.4601478, 23.2327427], [77.4601059, 23.2334653], [77.4599676, 23.2334652], [77.4597526, 23.2334651], [77.4551181, 23.2334619], [77.4549885, 23.2424275], [77.4549558, 23.2446895], [77.4549237, 23.2469126], [77.454867, 23.2508351], [77.4554159, 23.2513356]]]}, "properties": {"kind": "landuse", "name": "Bharat Heavy Electrical Limited", "osm_id": 178708223, "tag": "industrial"}}, {"type": "Feature", "geometry": {"type": "Polygon", "coordinates": [[[77.4983372, 23.2158627], [77.5002305, 23.2171343], [77.5001702, 23.2173857], [77.4991119, 23.2180924], [77.4996109, 23.218928], [77.5017833, 23.2177073], [77.5011558, 23.2167436], [77.5022327, 23.2158618], [77.5029272, 23.2149768], [77.5002651, 23.2131902], [77.4983372, 23.2158627]]]}, "properties": {"kind": "landuse", "name": "", "osm_id": 238253642, "tag": "residential"}}, {"type": "Feature", "geometry": {"type": "Polygon", "coordinates": [[[77.3772664, 23.3343771], [77.3777373, 23.3355078], [77.3785846, 23.3357399], [77.3796503, 23.3355325], [77.3797098, 23.3349619], [77.3804741, 23.3345738], [77.3802965, 23.3341273], [77.3797156, 23.334246], [77.3796249, 23.3346447], [77.3791398, 23.3347459], [77.3789265, 23.3342591], [77.3779905, 23.3341422], [77.3772664, 23.3343771]]]}, "properties": {"kind": "landuse", "name": "", "osm_id": 238378715, "tag": "residential"}}, {"type": "Feature", "geometry": {"type": "Polygon", "coordinates": [[[77.3384433, 23.3108058], [77.33931, 23.311049], [77.3396814, 23.3109408], [77.3399389, 23.31085], [77.3410463, 23.309985], [77.3412479, 23.3092167], [77.3407333, 23.3093604], [77.3402248, 23.3086529], [77.3395808, 23.3088436], [77.3396771, 23.3093577], [77.3389097, 23.3094212], [77.3384433, 23.3108058]]]}, "properties": {"kind": "landuse", "name": "", "osm_id": 238380897, "tag": "residential"}}, {"type": "Feature", "geometry": {"type": "Polygon", "coordinates": [[[77.3457125, 23.2951243], [77.3465371, 23.2968924], [77.34723, 23.2966333], [77.3494811, 23.2979406], [77.3496222, 23.2990032], [77.3488698, 23.2995993], [77.3490641, 23.2999074], [77.3489356, 23.3006331], [77.3493871, 23.3010592], [77.3483273, 23.301998], [77.3487851, 23.3028935], [77.3488917, 23.3029799], [77.3491927, 23.3031584], [77.3490704, 23.3039877], [77.3481016, 23.304316], [77.3483712, 23.3061301], [77.3490579, 23.30649], [77.3491394, 23.3063259], [77.3495532, 23.3061848], [77.3495564, 23.3059947], [77.3499608, 23.3059112], [77.3499828, 23.3056953], [77.3505628, 23.3054995], [77.3505722, 23.3063633], [77.3508136, 23.3071494], [77.3499295, 23.3079153], [77.3493432, 23.3078289], [77.3499985, 23.3094529], [77.3490485, 23.309116], [77.3489669, 23.3086553], [77.3481424, 23.3087072], [77.3477975, 23.3085661], [77.3468851, 23.3085776], [77.3468757, 23.3052633], [77.3461954, 23.3051971], [77.3457784, 23.3058594], [77.3460229, 23.3043419], [77.3457972, 23.3042267], [77.3457345, 23.3036105], [77.345468, 23.3034723], [77.3450478, 23.3038495], [77.3444051, 23.3031412], [77.3441158, 23.3034658], [77.342966, 23.3025681], [77.3423045, 23.3028417], [77.3420787, 23.3025163], [77.3418702, 23.3018711], [77.3414423, 23.2999938], [77.3419188, 23.2995417], [77.3412447, 23.2986202], [77.3446967, 23.2955678], [77.3446999, 23.2955664], [77.3457125, 23.2951243]]]}, "properties": {"kind": "landuse", "name": "", "osm_id": 238380898, "tag": "residential"}}, {"type": "Feature", "geometry": {"type": "Polygon", "coordinates": [[[77.3716372, 23.2203153], [77.3721067, 23.2203869], [77.3729417, 23.2201414], [77.3738287, 23.22023], [77.374673, 23.2201721], [77.3748488, 23.2205921], [77.3740917, 23.2207354], [77.3743775, 23.2214874], [77.3741529, 23.2215914], [77.3740602, 23.221791], [77.3746948, 23.2220178], [77.3749694, 23.2217551], [77.3751939, 23.2228448], [77.3749481, 23.2229398], [77.3730865, 23.2227297], [77.3730906, 23.222615], [77.3734172, 23.2225212], [77.3733225, 23.2222091], [77.3725135, 23.2221972], [77.3722945, 23.2220931], [77.3717861, 23.2222739], [77.3717193, 23.2221324], [77.3723279, 23.2217691], [77.3722707, 23.2215015], [77.3719408, 23.2215395], [77.3716005, 23.2209284], [77.3714317, 23.2203657], [77.3716372, 23.2203153]]]}, "properties": {"kind": "landuse", "name": "", "osm_id": 238506829, "tag": "residential"}}, {"type": "Feature", "geometry": {"type": "Polygon", "coordinates": [[[77.4049162, 23.2890368], [77.4059551, 23.2892579], [77.4094003, 23.28882], [77.4093466, 23.2877305], [77.410491, 23.2875169], [77.410944, 23.2875279], [77.4131732, 23.2899313], [77.4121123, 23.2907197], [77.4120706, 23.2919351], [77.4085539, 23.2919406], [77.408536, 23.2906704], [77.407458, 23.2906618], [77.4063902, 23.2907361], [77.4050074, 23.2908566], [77.4049162, 23.2890368]]]}, "properties": {"kind": "landuse", "name": "", "osm_id": 301133484, "tag": "industrial"}}, {"type": "Feature", "geometry": {"type": "Polygon", "coordinates": [[[77.450933, 23.2446386], [77.450946, 23.2435976], [77.4509475, 23.2434814], [77.4509593, 23.2425336], [77.4546637, 23.2426423], [77.4546439, 23.2446688], [77.450933, 23.2446386]]]}, "properties": {"kind": "landuse", "name": "Central Power Research Institute", "osm_id": 360685153, "tag": "industrial"}}, {"type": "Feature", "geometry": {"type": "Polygon", "coordinates": [[[77.471738, 23.2404751], [77.4728822, 23.2405828], [77.4728886, 23.2399675], [77.4728893, 23.2398961], [77.4728937, 23.2394767], [77.4728269, 23.2383659], [77.4727869, 23.2381553], [77.4717436, 23.2382473], [77.4717503, 23.2396883], [77.471738, 23.2404751]]]}, "properties": {"kind": "landuse", "name": "Gandhi Market", "osm_id": 363925678, "tag": "commercial"}}, {"type": "Feature", "geometry": {"type": "Polygon", "coordinates": [[[77.4650429, 23.2280273], [77.4661879, 23.226441], [77.467502, 23.2272503], [77.4663395, 23.2288383], [77.4650429, 23.2280273]]]}, "properties": {"kind": "landuse", "name": "", "osm_id": 363932649, "tag": "commercial"}}, {"type": "Feature", "geometry": {"type": "Polygon", "coordinates": [[[77.4431601, 23.2237339], [77.4431798, 23.2233124], [77.4448121, 23.2233615], [77.4448543, 23.2219468], [77.4454003, 23.2219804], [77.4453018, 23.2238063], [77.4431601, 23.2237339]]]}, "properties": {"kind": "landuse", "name": "Kasturba Market", "osm_id": 363932650, "tag": "commercial"}}, {"type": "Feature", "geometry": {"type": "Polygon", "coordinates": [[[77.3960635, 23.2332915], [77.3964443, 23.2328721], [77.3975533, 23.2337413], [77.3978797, 23.2339024], [77.3989193, 23.2340301], [77.3994088, 23.234069], [77.3995176, 23.2342245], [77.3993121, 23.2348687], [77.3989888, 23.2352714], [77.3988226, 23.2353964], [77.3985778, 23.2353464], [77.3983904, 23.2352075], [77.3960635, 23.2332915]]]}, "properties": {"kind": "landuse", "name": "", "osm_id": 364859473, "tag": "commercial"}}, {"type": "Feature", "geometry": {"type": "Polygon", "coordinates": [[[77.398921, 23.2356065], [77.3993985, 23.2350927], [77.399598, 23.2345457], [77.3997309, 23.2342041], [77.3999153, 23.2341125], [77.4006315, 23.2341208], [77.4013024, 23.2341625], [77.4011059, 23.23662], [77.4009307, 23.2366478], [77.4007766, 23.2365784], [77.4006134, 23.2366061], [77.4005559, 23.2367311], [77.400432, 23.2368621], [77.4003133, 23.236859], [77.3989543, 23.2356898], [77.398921, 23.2356065]]]}, "properties": {"kind": "landuse", "name": "", "osm_id": 364859474, "tag": "commercial"}}, {"type": "Feature", "geometry": {"type": "Polygon", "coordinates": [[[77.4010985, 23.2325898], [77.4012225, 23.231086], [77.4015438, 23.2311747], [77.4014169, 23.2325299], [77.4013383, 23.2325743], [77.4010985, 23.2325898]]]}, "properties": {"kind": "landuse", "name": "", "osm_id": 364859475, "tag": "commercial"}}, {"type": "Feature", "geometry": {"type": "Polygon", "coordinates": [[[77.3981625, 23.2364284], [77.3987818, 23.2357697], [77.4001787, 23.2369533], [77.3999425, 23.2372698], [77.3998156, 23.2374059], [77.3994952, 23.2375197], [77.39919, 23.2372837], [77.3989271, 23.2374808], [77.3981625, 23.2364284]]]}, "properties": {"kind": "landuse", "name": "Guru Tegh Bahadur Complex", "osm_id": 364859476, "tag": "commercial"}}, {"type": "Feature", "geometry": {"type": "Polygon", "coordinates": [[[77.4264254, 23.2160085], [77.4266546, 23.2159042], [77.4269905, 23.2164787], [77.4272197, 23.2168304], [77.4275066, 23.2171534], [77.4280984, 23.2178036], [77.4282707, 23.2179997], [77.428573, 23.2183499], [77.4283564, 23.2185013], [77.4276779, 23.2177627], [77.4269838, 23.2169674], [77.4265144, 23.2161904], [77.4264254, 23.2160085]]]}, "properties": {"kind": "landuse", "name": "Bitthan Market", "osm_id": 365093488, "tag": "commercial"}}, {"type": "Feature", "geometry": {"type": "Polygon", "coordinates": [[[77.4332525, 23.2357126], [77.4332829, 23.2354408], [77.4339224, 23.2355487], [77.4340723, 23.2347455], [77.4335606, 23.2345826], [77.4339615, 23.2340425], [77.4344792, 23.2341977], [77.4346445, 23.2336041], [77.4364584, 23.2340458], [77.4356932, 23.2367619], [77.4355455, 23.237286], [77.4354144, 23.2377512], [77.4337923, 23.237247], [77.4341355, 23.2360144], [77.4332433, 23.2357637], [77.4332525, 23.2357126]]]}, "properties": {"kind": "landuse", "name": "", "osm_id": 365093489, "tag": "commercial"}}, {"type": "Feature", "geometry": {"type": "Polygon", "coordinates": [[[77.4359969, 23.2259618], [77.436263, 23.2259194], [77.4364583, 23.2257527], [77.4369181, 23.2258262], [77.4375179, 23.2259435], [77.4383439, 23.2260722], [77.4382676, 23.2262728], [77.4380553, 23.227183], [77.43784, 23.2279885], [77.4375386, 23.2290997], [77.4374946, 23.2292615], [77.436443, 23.2331242], [77.4355236, 23.2329123], [77.4350468, 23.2328021], [77.4342409, 23.2322424], [77.4329152, 23.2312588], [77.4329282, 23.2311802], [77.4329956, 23.2310143], [77.4337628, 23.2302019], [77.4339843, 23.2299108], [77.434135, 23.2297073], [77.4344303, 23.2291419], [77.4359969, 23.2259618]]]}, "properties": {"kind": "landuse", "name": "", "osm_id": 365093490, "tag": "commercial"}}, {"type": "Feature", "geometry": {"type": "Polygon", "coordinates": [[[77.4313246, 23.2347095], [77.4311767, 23.2345257], [77.4309897, 23.2336143], [77.4319293, 23.2324591], [77.4332112, 23.2320473], [77.4343696, 23.2333305], [77.4331864, 23.2348294], [77.4329602, 23.2349294], [77.4313246, 23.2347095]]]}, "properties": {"kind": "landuse", "name": "", "osm_id": 365093491, "tag": "commercial"}}, {"type": "Feature", "geometry": {"type": "Polygon", "coordinates": [[[77.4423093, 23.2312413], [77.442304, 23.2305994], [77.4423028, 23.2305298], [77.4435187, 23.2305278], [77.4435251, 23.2303093], [77.4443908, 23.2302778], [77.4445083, 23.2305158], [77.4445083, 23.2315011], [77.442579, 23.2315031], [77.4425877, 23.2312553], [77.4423093, 23.2312413]]]}, "properties": {"kind": "landuse", "name": "", "osm_id": 365093492, "tag": "commercial"}}, {"type": "Feature", "geometry": {"type": "Polygon", "coordinates": [[[77.4602133, 23.2302128], [77.4602135, 23.2300797], [77.4617474, 23.2301317], [77.4617354, 23.2302651], [77.4615943, 23.2303016], [77.4615824, 23.2305681], [77.4613821, 23.2305781], [77.4613961, 23.2302451], [77.4602133, 23.2302128]]]}, "properties": {"kind": "landuse", "name": "", "osm_id": 374421289, "tag": "forest"}}, {"type": "Feature", "geometry": {"type": "Polygon", "coordinates": [[[77.4692614, 23.2320904], [77.4716766, 23.2321277], [77.4716765, 23.2323414], [77.4692918, 23.2323114], [77.4692614, 23.2320904]]]}, "properties": {"kind": "landuse", "name": "", "osm_id": 374423179, "tag": "forest"}}, {"type": "Feature", "geometry": {"type": "Polygon", "coordinates": [[[77.4674871, 23.2382729], [77.4674871, 23.2379521], [77.4697958, 23.2379839], [77.4697889, 23.2382602], [77.4686138, 23.2382856], [77.4674871, 23.2382729]]]}, "properties": {"kind": "landuse", "name": "", "osm_id": 374434295, "tag": "commercial"}}, {"type": "Feature", "geometry": {"type": "Polygon", "coordinates": [[[77.4013895, 23.2328927], [77.4013153, 23.2340313], [77.399922, 23.2339417], [77.4000184, 23.2327396], [77.4012798, 23.2328167], [77.4013895, 23.2328927]]]}, "properties": {"kind": "landuse", "name": "site", "osm_id": 374947368, "tag": "residential"}}, {"type": "Feature", "geometry": {"type": "Polygon", "coordinates": [[[77.4018277, 23.232927], [77.4017617, 23.2328525], [77.4016946, 23.2327116], [77.4018479, 23.2300821], [77.4027645, 23.2301496], [77.4026335, 23.2316346], [77.4047543, 23.2317733], [77.4052014, 23.23196], [77.4052489, 23.232043], [77.4051676, 23.2327278], [77.4047159, 23.2326988], [77.4047001, 23.2329706], [77.4045759, 23.233147], [77.4028506, 23.2330266], [77.4019677, 23.2329623], [77.4018277, 23.232927]]]}, "properties": {"kind": "landuse", "name": "Shrishti CBD", "osm_id": 374947369, "tag": "construction"}}, {"type": "Feature", "geometry": {"type": "Polygon", "coordinates": [[[77.4288535, 23.2181044], [77.427714, 23.2169058], [77.4271936, 23.2160341], [77.4272463, 23.215798], [77.4275098, 23.2157072], [77.4297691, 23.2149384], [77.4312051, 23.2146963], [77.4315344, 23.2171117], [77.4302895, 23.2174264], [77.4292883, 23.2178139], [77.4288535, 23.2181044]]]}, "properties": {"kind": "landuse", "name": "", "osm_id": 375077683, "tag": "commercial"}}, {"type": "Feature", "geometry": {"type": "Polygon", "coordinates": [[[77.4269897, 23.215485], [77.4266735, 23.2145043], [77.4265022, 23.2133118], [77.4264429, 23.2117136], [77.4309682, 23.2117681], [77.4338928, 23.2118612], [77.4364401, 23.2121646], [77.4362558, 23.2133897], [77.4357293, 23.213369], [77.4356688, 23.2140882], [77.4345753, 23.2140306], [77.4344578, 23.2145333], [77.4332002, 23.2144991], [77.4309925, 23.2145431], [77.4283182, 23.2151363], [77.4269897, 23.215485]]]}, "properties": {"kind": "landuse", "name": "", "osm_id": 375077684, "tag": "residential"}}, {"type": "Feature", "geometry": {"type": "Polygon", "coordinates": [[[77.4332188, 23.2150128], [77.4332002, 23.2144991], [77.4344578, 23.2145333], [77.4345753, 23.2140306], [77.4356688, 23.2140882], [77.4357293, 23.213369], [77.4362558, 23.2133897], [77.4363674, 23.2133733], [77.436414, 23.2130565], [77.4372803, 23.2131978], [77.4377031, 23.2133496], [77.4373781, 23.2138356], [77.4369589, 23.2143493], [77.4368471, 23.2146617], [77.4367028, 23.2152482], [77.4361612, 23.2151854], [77.4362184, 23.2147302], [77.4353846, 23.2146703], [77.435352, 23.2150941], [77.4336108, 23.2150277], [77.4332188, 23.2150128]]]}, "properties": {"kind": "landuse", "name": "", "osm_id": 375077685, "tag": "commercial"}}, {"type": "Feature", "geometry": {"type": "Polygon", "coordinates": [[[77.4026523, 23.2238981], [77.4030702, 23.2240033], [77.4034149, 23.2241617], [77.4032752, 23.2245897], [77.4045712, 23.2247028], [77.4065133, 23.225197], [77.4083874, 23.2251438], [77.4108124, 23.2248334], [77.4144167, 23.224917], [77.4144722, 23.2233408], [77.4145064, 23.222785], [77.4145658, 23.221818], [77.4148849, 23.2208861], [77.414985, 23.2205939], [77.415077, 23.2205317], [77.4163264, 23.2196864], [77.4167591, 23.2184596], [77.4171385, 23.2173837], [77.4171327, 23.2173743], [77.4139451, 23.2190521], [77.4139509, 23.2190615], [77.4109235, 23.2206452], [77.407896, 23.2212274], [77.4056696, 23.221604], [77.4049709, 23.2216297], [77.4041884, 23.2213386], [77.4038624, 23.2212616], [77.4037599, 23.2214071], [77.4026523, 23.2238981]]]}, "properties": {"kind": "landuse", "name": "", "osm_id": 375077686, "tag": "residential"}}, {"type": "Feature", "geometry": {"type": "Polygon", "coordinates": [[[77.4382837, 23.2206187], [77.440539, 23.2165261], [77.4413031, 23.2135962], [77.4412174, 23.2127063], [77.4404138, 23.2128274], [77.4381677, 23.2124339], [77.4365802, 23.2122159], [77.4364814, 23.2123612], [77.436414, 23.2130565], [77.4372803, 23.2131978], [77.4377031, 23.2133496], [77.4373781, 23.2138356], [77.4369589, 23.2143493], [77.4367028, 23.2152482], [77.4361612, 23.2151854], [77.4362184, 23.2147302], [77.4353846, 23.2146703], [77.435352, 23.2150941], [77.4336108, 23.2150277], [77.4334376, 23.2160475], [77.4332334, 23.2169313], [77.4331424, 23.2170629], [77.4307018, 23.2175252], [77.4291461, 23.2181074], [77.4288703, 23.2182779], [77.4310994, 23.2219485], [77.4314156, 23.2223601], [77.4354204, 23.2229534], [77.4359202, 23.2229836], [77.436019, 23.2223661], [77.4365855, 23.2222632], [77.4376015, 23.2203834], [77.4376785, 23.2203429], [77.4382837, 23.2206187]]]}, "properties": {"kind": "landuse", "name": "", "osm_id": 375077687, "tag": "residential"}}, {"type": "Feature", "geometry": {"type": "Polygon", "coordinates": [[[77.4025858, 23.2245084], [77.4027395, 23.2240204], [77.4030702, 23.2240033], [77.4034149, 23.2241617], [77.4032752, 23.2245897], [77.4025858, 23.2245084]]]}, "properties": {"kind": "landuse", "name": "", "osm_id": 375077688, "tag": "commercial"}}, {"type": "Feature", "geometry": {"type": "Polygon", "coordinates": [[[77.4359202, 23.2229836], [77.436019, 23.2223661], [77.4365855, 23.2222632], [77.4376015, 23.2203834], [77.4382388, 23.2207136], [77.4369214, 23.2231107], [77.4359202, 23.2229836]]]}, "properties": {"kind": "landuse", "name": "", "osm_id": 375077689, "tag": "commercial"}}, {"type": "Feature", "geometry": {"type": "Polygon", "coordinates": [[[77.4313143, 23.2114766], [77.4341595, 23.2114936], [77.4385843, 23.2122384], [77.4402518, 23.2125124], [77.4412113, 23.2122641], [77.4425592, 23.2108686], [77.4428871, 23.2090739], [77.4432643, 23.2070096], [77.4435781, 23.2058882], [77.4449048, 23.2011464], [77.4450922, 23.2004765], [77.4443226, 23.2003548], [77.4433064, 23.2007725], [77.4408386, 23.2009456], [77.4408111, 23.1996293], [77.4400422, 23.1985253], [77.4388312, 23.1984311], [77.4392038, 23.1962734], [77.4399211, 23.1959994], [77.4398, 23.1952031], [77.4393622, 23.1951175], [77.4406244, 23.1934622], [77.4422428, 23.1916331], [77.4424176, 23.1914356], [77.4436566, 23.1905023], [77.443922, 23.1896432], [77.440848, 23.1894035], [77.4390687, 23.1885557], [77.4375037, 23.1880163], [77.433023, 23.187434], [77.4323029, 23.1883857], [77.4300176, 23.1879055], [77.4299336, 23.1874154], [77.4286076, 23.1875111], [77.4271171, 23.1899344], [77.4259154, 23.1910989], [77.4265363, 23.1921562], [77.4274565, 23.1920172], [77.4283004, 23.1911866], [77.4289615, 23.1910732], [77.4303029, 23.1931882], [77.4303123, 23.1936505], [77.4326132, 23.1936248], [77.4313299, 23.196125], [77.4348325, 23.1961422], [77.4345996, 23.2006716], [77.4342752, 23.20075], [77.4340687, 23.2008], [77.4336681, 23.2006716], [77.4339476, 23.200115], [77.4339383, 23.19943], [77.4333234, 23.1993273], [77.4324198, 23.2001407], [77.4318609, 23.2000208], [77.4317119, 23.1985396], [77.4316839, 23.1972296], [77.4309666, 23.196733], [77.4306779, 23.1972638], [77.4302028, 23.2021185], [77.4313113, 23.2038787], [77.4314231, 23.2043668], [77.4313162, 23.2061117], [77.429518, 23.2059725], [77.4293599, 23.208497], [77.4262311, 23.2085515], [77.4268634, 23.2101739], [77.4270215, 23.2112636], [77.4272981, 23.211312], [77.4313143, 23.2114766]]]}, "properties": {"kind": "landuse", "name": "", "osm_id": 375077690, "tag": "residential"}}, {"type": "Feature", "geometry": {"type": "Polygon", "coordinates": [[[77.43503, 23.2232328], [77.4360554, 23.2234155], [77.436567, 23.2235067], [77.4367347, 23.2237079], [77.4357612, 23.2256682], [77.4352349, 23.2250433], [77.4349787, 23.2246495], [77.4351185, 23.2238534], [77.43503, 23.2232328]]]}, "properties": {"kind": "landuse", "name": "", "osm_id": 375077691, "tag": "commercial"}}, {"type": "Feature", "geometry": {"type": "Polygon", "coordinates": [[[77.4317447, 23.2170584], [77.4314088, 23.2146793], [77.4330621, 23.2145885], [77.4330884, 23.215091], [77.4325417, 23.2151576], [77.4327459, 23.2159809], [77.4334376, 23.2160475], [77.4332334, 23.2169313], [77.4317447, 23.2170584]]]}, "properties": {"kind": "landuse", "name": "", "osm_id": 375077692, "tag": "residential"}}, {"type": "Feature", "geometry": {"type": "Polygon", "coordinates": [[[77.4749699, 23.2430379], [77.4749999, 23.241957], [77.4756343, 23.2417744], [77.4764109, 23.2418826], [77.4769104, 23.2420935], [77.4767214, 23.2430176], [77.4769172, 23.2432285], [77.4791178, 23.2431789], [77.4795786, 23.2435488], [77.4798063, 23.2445062], [77.4806627, 23.2446196], [77.480776, 23.245775], [77.4803244, 23.2467372], [77.4791448, 23.2471856], [77.477842, 23.2471484], [77.4772277, 23.2474088], [77.4769982, 23.2473902], [77.4769982, 23.2481097], [77.477707, 23.2484322], [77.4779567, 23.2488912], [77.477383, 23.2490896], [77.4768632, 23.2490276], [77.4764784, 23.2486927], [77.4764919, 23.2484446], [77.4722599, 23.2484659], [77.4722476, 23.2476519], [77.471293, 23.2476444], [77.471752, 23.2465156], [77.4722358, 23.245696], [77.4741018, 23.2458324], [77.4742041, 23.2455574], [77.4743359, 23.2452661], [77.4744121, 23.2450048], [77.4743333, 23.244761], [77.4732371, 23.244656], [77.4729659, 23.2446383], [77.4731021, 23.2437804], [77.4736353, 23.2434331], [77.4747154, 23.2430982], [77.4749699, 23.2430379]]]}, "properties": {"kind": "landuse", "name": "", "osm_id": 375078281, "tag": "residential"}}, {"type": "Feature", "geometry": {"type": "Polygon", "coordinates": [[[77.4748723, 23.2401001], [77.4730676, 23.2401619], [77.4730498, 23.2412498], [77.477067, 23.2412039], [77.4780593, 23.2411357], [77.4787343, 23.241117], [77.4787815, 23.2408007], [77.4787343, 23.2402239], [77.4784643, 23.2400316], [77.479119, 23.2393741], [77.4800155, 23.2391759], [77.4801316, 23.238419], [77.4800371, 23.237625], [77.4792878, 23.2376746], [77.4779175, 23.2377367], [77.4776745, 23.2376684], [77.4778838, 23.2375568], [77.4779852, 23.2331011], [77.4774652, 23.232973], [77.4766151, 23.2329543], [77.4765607, 23.2321232], [77.4750647, 23.2324191], [77.4727055, 23.2323949], [77.4723618, 23.2324607], [77.472295, 23.2326186], [77.4722998, 23.2330441], [77.4723643, 23.2332858], [77.4724098, 23.2338005], [77.4724227, 23.2342997], [77.4724521, 23.2348436], [77.4725649, 23.235405], [77.4729019, 23.2366985], [77.4730266, 23.2371908], [77.4740139, 23.2370662], [77.4740534, 23.2380703], [77.474819, 23.2379757], [77.4748723, 23.2401001]]]}, "properties": {"kind": "landuse", "name": "", "osm_id": 375078282, "tag": "residential"}}, {"type": "Feature", "geometry": {"type": "Polygon", "coordinates": [[[77.4484033, 23.2220571], [77.4485623, 23.2220592], [77.4488654, 23.2220632], [77.4489232, 23.2217733], [77.4499869, 23.2217033], [77.4509804, 23.221638], [77.4511081, 23.2216296], [77.4511145, 23.2209532], [77.448421, 23.221349], [77.4484033, 23.2220571]]]}, "properties": {"kind": "landuse", "name": "", "osm_id": 375495989, "tag": "orchard"}}, {"type": "Feature", "geometry": {"type": "Polygon", "coordinates": [[[77.4282899, 23.2327799], [77.4290393, 23.233126], [77.4291488, 23.2330321], [77.429212, 23.232974], [77.4295769, 23.2317336], [77.4302044, 23.2317135], [77.431187, 23.2323862], [77.4320297, 23.23148], [77.4320662, 23.2314297], [77.4320613, 23.2313794], [77.4320054, 23.231338], [77.4318303, 23.2312207], [77.4305646, 23.2310057], [77.4299722, 23.2309285], [77.4280426, 23.2309554], [77.4279102, 23.230968], [77.4276883, 23.2311751], [77.428175, 23.2322292], [77.4282223, 23.2323732], [77.4282438, 23.2325342], [77.4282899, 23.2327799]]]}, "properties": {"kind": "landuse", "name": "Board Office", "osm_id": 375497699, "tag": "commercial"}}, {"type": "Feature", "geometry": {"type": "Polygon", "coordinates": [[[77.434983, 23.2332717], [77.4349123, 23.2331905], [77.4350573, 23.2328126], [77.4363949, 23.2331705], [77.4362971, 23.233586], [77.4350592, 23.2333152], [77.434983, 23.2332717]]]}, "properties": {"kind": "landuse", "name": "", "osm_id": 375498441, "tag": "residential"}}, {"type": "Feature", "geometry": {"type": "Polygon", "coordinates": [[[77.4303015, 23.2355242], [77.4302543, 23.2350829], [77.4302629, 23.2346955], [77.4302808, 23.2345597], [77.4303061, 23.2344597], [77.4304608, 23.2339769], [77.4307649, 23.2340642], [77.4308132, 23.2341352], [77.4310159, 23.2347178], [77.4311028, 23.2349233], [77.4311849, 23.2350253], [77.4309146, 23.2356597], [77.4303015, 23.2355242]]]}, "properties": {"kind": "landuse", "name": "", "osm_id": 375511442, "tag": "meadow"}}, {"type": "Feature", "geometry": {"type": "Polygon", "coordinates": [[[77.4445736, 23.2335595], [77.4445818, 23.2333164], [77.445014, 23.2317974], [77.4451596, 23.2312859], [77.4455185, 23.2308191], [77.4461363, 23.2308783], [77.4462665, 23.2318393], [77.4467955, 23.2318206], [77.4501921, 23.2318746], [77.4501605, 23.2337304], [77.4484483, 23.2337225], [77.4484023, 23.2341905], [77.4480915, 23.2341852], [77.4475764, 23.2338758], [77.4475707, 23.2337172], [77.4451511, 23.2341513], [77.4459528, 23.2362977], [77.4471248, 23.2375841], [77.4466935, 23.2378533], [77.4462173, 23.2376102], [77.4458063, 23.2378271], [77.445436, 23.2375504], [77.4451837, 23.2369446], [77.4446425, 23.2364099], [77.4438001, 23.2346075], [77.4435233, 23.2344131], [77.4434053, 23.2339643], [77.4436821, 23.2338484], [77.4443859, 23.2337099], [77.4445736, 23.2335595]]]}, "properties": {"kind": "landuse", "name": "Anna Nagar", "osm_id": 376236370, "tag": "residential"}}, {"type": "Feature", "geometry": {"type": "Polygon", "coordinates": [[[77.4834403, 23.225687], [77.4838197, 23.2261332], [77.4842971, 23.2264219], [77.4847949, 23.2274811], [77.485003, 23.2278316], [77.4852539, 23.2278148], [77.4854661, 23.2277267], [77.485717, 23.2275711], [77.4858945, 23.2272767], [77.4861026, 23.227063], [77.4862209, 23.226917], [77.4862025, 23.2266281], [77.4858756, 23.2256257], [77.4858455, 23.2255333], [77.4851315, 23.2254095], [77.4846929, 23.2253552], [77.4842441, 23.2253777], [77.4834403, 23.225687]]]}, "properties": {"kind": "landuse", "name": "", "osm_id": 377430229, "tag": "farmland"}}, {"type": "Feature", "geometry": {"type": "Polygon", "coordinates": [[[77.487391, 23.2361262], [77.4874085, 23.2358967], [77.4880088, 23.2356471], [77.4890955, 23.235333], [77.4892401, 23.2351196], [77.489376, 23.2350109], [77.4895775, 23.2349988], [77.4897966, 23.2353089], [77.48995, 23.2353371], [77.4900113, 23.2351961], [77.4900034, 23.2351632], [77.4899631, 23.2349948], [77.4899719, 23.2348539], [77.4900595, 23.2347854], [77.4903925, 23.2347572], [77.4906642, 23.2349022], [77.4912558, 23.2355827], [77.4919349, 23.2357035], [77.4920226, 23.2360417], [77.4911813, 23.2365248], [77.4905722, 23.2365852], [77.4899631, 23.2365087], [77.4897484, 23.2364765], [77.4889422, 23.2367342], [77.4888063, 23.2365651], [77.4886179, 23.2360658], [77.4883287, 23.2360135], [77.4876671, 23.2361383], [77.487391, 23.2361262]]]}, "properties": {"kind": "landuse", "name": "", "osm_id": 377447384, "tag": "farmland"}}, {"type": "Feature", "geometry": {"type": "Polygon", "coordinates": [[[77.4773015, 23.2204549], [77.4781335, 23.2200267], [77.4782606, 23.2198877], [77.4782576, 23.2197236], [77.4780639, 23.2196652], [77.4780599, 23.2195564], [77.4782428, 23.2196518], [77.478414, 23.2197088], [77.4785124, 23.2196174], [77.4786761, 23.2195112], [77.4790783, 23.2198081], [77.4793435, 23.2205078], [77.4795341, 23.2212363], [77.4794929, 23.221638], [77.4786971, 23.2218354], [77.4783974, 23.2220312], [77.4782562, 23.222334], [77.4781848, 23.2223504], [77.477973, 23.2219751], [77.4777642, 23.2221558], [77.4776976, 23.22247], [77.4774677, 23.2225256], [77.4777218, 23.2229482], [77.4775645, 23.223015], [77.4769322, 23.2226535], [77.4765388, 23.2225339], [77.4762332, 23.22247], [77.4761758, 23.2223921], [77.4761576, 23.2223143], [77.4762363, 23.222267], [77.4764118, 23.2222587], [77.47656, 23.2222253], [77.4767506, 23.2222587], [77.4768051, 23.222217], [77.4768505, 23.2220696], [77.4767446, 23.2218694], [77.4767204, 23.2217471], [77.47679, 23.2215496], [77.4769927, 23.2212938], [77.4770804, 23.2212188], [77.4771349, 23.2210881], [77.4773104, 23.2208768], [77.4772862, 23.2206682], [77.4772347, 23.2205737], [77.4773015, 23.2204549]]]}, "properties": {"kind": "landuse", "name": "", "osm_id": 377447385, "tag": "farmland"}}, {"type": "Feature", "geometry": {"type": "Polygon", "coordinates": [[[77.4880365, 23.2206777], [77.4894955, 23.2199895], [77.4897783, 23.2200202], [77.4902914, 23.220076], [77.4900518, 23.2205872], [77.4889393, 23.2210984], [77.4883616, 23.2213383], [77.4880365, 23.2206777]]]}, "properties": {"kind": "landuse", "name": "", "osm_id": 377447386, "tag": "farmland"}}, {"type": "Feature", "geometry": {"type": "Polygon", "coordinates": [[[77.4801014, 23.2550068], [77.4807862, 23.2513998], [77.4846427, 23.2520232], [77.4839789, 23.2556123], [77.4837175, 23.255526], [77.4801014, 23.2550068]]]}, "properties": {"kind": "landuse", "name": "Master Control Facility, ISRO Bhopal", "osm_id": 377968470, "tag": "commercial"}}, {"type": "Feature", "geometry": {"type": "Polygon", "coordinates": [[[77.4141322, 23.1773287], [77.4138716, 23.1764192], [77.4131531, 23.1764998], [77.4126555, 23.1765495], [77.4128044, 23.1755132], [77.4132827, 23.175183], [77.4133224, 23.1750498], [77.4134454, 23.1750425], [77.4140306, 23.1751618], [77.4146697, 23.1748407], [77.4148061, 23.1748952], [77.4148523, 23.1749137], [77.4149078, 23.1757822], [77.4151778, 23.1771031], [77.4141322, 23.1773287]]]}, "properties": {"kind": "landuse", "name": "", "osm_id": 378450032, "tag": "residential"}}, {"type": "Feature", "geometry": {"type": "Polygon", "coordinates": [[[77.4025696, 23.1774464], [77.403697, 23.1762774], [77.4037185, 23.1761904], [77.4050052, 23.1749684], [77.4064636, 23.1751738], [77.4065478, 23.1745751], [77.406952, 23.1743326], [77.4080466, 23.1741829], [77.410017, 23.1744771], [77.4091862, 23.1761698], [77.4097072, 23.1756843], [77.4099753, 23.1756902], [77.4100114, 23.1766084], [77.408993, 23.1769011], [77.4074038, 23.1768421], [77.4071475, 23.1766166], [77.4058854, 23.1769026], [77.405121, 23.1771327], [77.4040313, 23.1771693], [77.40374, 23.1771791], [77.4026415, 23.1775809], [77.4025696, 23.1774464]]]}, "properties": {"kind": "landuse", "name": "", "osm_id": 378450035, "tag": "residential"}}, {"type": "Feature", "geometry": {"type": "Polygon", "coordinates": [[[77.4169917, 23.1896485], [77.4155429, 23.1901739], [77.4151658, 23.1903053], [77.4146934, 23.1901265], [77.4143004, 23.1901448], [77.4138995, 23.1902542], [77.413713, 23.1902177], [77.4121689, 23.188543], [77.4108527, 23.1874754], [77.4105271, 23.1849675], [77.4095896, 23.1850965], [77.409473, 23.1858526], [77.4079392, 23.1856383], [77.4081525, 23.1839871], [77.4096002, 23.1838288], [77.4096031, 23.1838177], [77.4096046, 23.1838057], [77.4096526, 23.1826723], [77.4085063, 23.1825608], [77.4085453, 23.1807977], [77.4099377, 23.1808186], [77.4107011, 23.1807102], [77.4109986, 23.1806277], [77.4113523, 23.1804109], [77.4117733, 23.180318], [77.4118968, 23.180189], [77.41188, 23.1799258], [77.4118126, 23.1797194], [77.4117706, 23.1797067], [77.411719, 23.179671], [77.4115937, 23.1796317], [77.4112513, 23.1796059], [77.4110379, 23.1796265], [77.410819, 23.1796369], [77.4105383, 23.1795956], [77.4102408, 23.1794459], [77.4102296, 23.1792859], [77.4104261, 23.1790537], [77.410645, 23.1789712], [77.4108976, 23.1789557], [77.4113411, 23.1790434], [77.4121581, 23.1791763], [77.4131981, 23.1790085], [77.4138253, 23.1791982], [77.4137776, 23.1795339], [77.414381, 23.1796142], [77.4152225, 23.1794901], [77.4156036, 23.1795558], [77.4157425, 23.1792748], [77.4157624, 23.1789391], [77.4157385, 23.1778627], [77.4156465, 23.1749677], [77.4157453, 23.1740993], [77.4158942, 23.1720679], [77.4123156, 23.161737], [77.4180693, 23.1590644], [77.4294499, 23.1600965], [77.4310382, 23.1715862], [77.4312446, 23.1729145], [77.4313474, 23.1736097], [77.431324, 23.1742282], [77.4278468, 23.1742501], [77.424306, 23.1751916], [77.424179, 23.1761769], [77.4232263, 23.1765564], [77.423139, 23.1787166], [77.4246315, 23.1787093], [77.4270846, 23.1779284], [77.4271323, 23.1797456], [77.4264575, 23.1813804], [77.4259494, 23.1816504], [77.4255921, 23.1826356], [77.4248278, 23.1828919], [77.4243775, 23.1830151], [77.424044, 23.1830808], [77.4237424, 23.1840806], [77.4232859, 23.1838872], [77.4230199, 23.1837631], [77.4227937, 23.1837704], [77.4225039, 23.1838471], [77.422226, 23.1838835], [77.4219204, 23.18419], [77.4218331, 23.1843871], [77.4218291, 23.1845878], [77.4219283, 23.185292], [77.4219918, 23.1857518], [77.4216584, 23.1860947], [77.4211265, 23.1864231], [77.421063, 23.1870434], [77.4214758, 23.1874229], [77.4221268, 23.1871602], [77.4225317, 23.1870653], [77.4226984, 23.1871018], [77.4228095, 23.1872332], [77.4228334, 23.1873791], [77.4228334, 23.1875981], [77.4227857, 23.1879046], [77.4220315, 23.1889554], [77.4216663, 23.1894151], [77.4194752, 23.1898457], [77.4190506, 23.1897314], [77.4186893, 23.1896341], [77.4182129, 23.1895538], [77.4169917, 23.1896485]]]}, "properties": {"kind": "landuse", "name": "", "osm_id": 378450040, "tag": "residential"}}, {"type": "Feature", "geometry": {"type": "Polygon", "coordinates": [[[77.4436566, 23.1905023], [77.4424176, 23.1914356], [77.4403647, 23.1939095], [77.4393622, 23.1951175], [77.4398, 23.1952031], [77.4399211, 23.1959994], [77.4392038, 23.1962734], [77.4388312, 23.1984311], [77.4400422, 23.1985253], [77.4404295, 23.1985163], [77.443345, 23.1984483], [77.4434555, 23.199173], [77.444583, 23.2001735], [77.4448478, 23.1994908], [77.444819, 23.19866], [77.4450609, 23.1975486], [77.4450436, 23.1955216], [77.4446727, 23.1937813], [77.4438436, 23.1920242], [77.4436566, 23.1905023]]]}, "properties": {"kind": "landuse", "name": "", "osm_id": 378628395, "tag": "farmland"}}, {"type": "Feature", "geometry": {"type": "Polygon", "coordinates": [[[77.4726353, 23.212308], [77.4728869, 23.2121366], [77.4740205, 23.2113641], [77.4755483, 23.2114999], [77.4767071, 23.2093238], [77.4775408, 23.2093315], [77.4775742, 23.209071], [77.4787497, 23.2087951], [77.4790332, 23.2088947], [77.4791666, 23.2093238], [77.4790248, 23.2099598], [77.478633, 23.2100288], [77.4786308, 23.210278], [77.4786286, 23.2105479], [77.4786247, 23.2110172], [77.4809896, 23.210921], [77.4815791, 23.2107151], [77.4816499, 23.2114303], [77.4806005, 23.2117337], [77.4796691, 23.2117337], [77.4797162, 23.2122213], [77.4794333, 23.2131641], [77.4796268, 23.2143755], [77.4796809, 23.2147136], [77.479563, 23.2153963], [77.4777001, 23.2157538], [77.4776235, 23.2172191], [77.4765891, 23.2175175], [77.4756132, 23.2177909], [77.4751887, 23.2171625], [77.4752476, 23.2161873], [77.4723775, 23.215655], [77.4713804, 23.2169674], [77.4688336, 23.2169526], [77.4683149, 23.2164582], [77.4679022, 23.2151795], [77.4680317, 23.2149796], [77.4685271, 23.2142151], [77.4694114, 23.2145944], [77.4699655, 23.21376], [77.4705904, 23.2140526], [77.471121, 23.2132399], [77.4710149, 23.2124164], [77.4702367, 23.2119938], [77.4708488, 23.2112329], [77.4726353, 23.212308]]]}, "properties": {"kind": "landuse", "name": "", "osm_id": 378629053, "tag": "residential"}}, {"type": "Feature", "geometry": {"type": "Polygon", "coordinates": [[[77.4702367, 23.2119938], [77.4708488, 23.2112329], [77.4700204, 23.2106244], [77.4714875, 23.2090048], [77.472555, 23.2099243], [77.4743924, 23.2077722], [77.4733506, 23.2069229], [77.474352, 23.2058917], [77.4767071, 23.2093238], [77.4775408, 23.2093315], [77.4775742, 23.209071], [77.4787497, 23.2087951], [77.4790332, 23.2088947], [77.4791666, 23.2093238], [77.4790248, 23.2099598], [77.478633, 23.2100288], [77.4786308, 23.210278], [77.4786247, 23.2110172], [77.4809896, 23.210921], [77.4815791, 23.2107151], [77.4816499, 23.2114303], [77.4806005, 23.2117337], [77.4796691, 23.2117337], [77.4797162, 23.2122213], [77.4794333, 23.2131641], [77.4796268, 23.2143755], [77.4796809, 23.2147136], [77.479563, 23.2153963], [77.4777001, 23.2157538], [77.4776235, 23.2172191], [77.4786312, 23.2171464], [77.4805912, 23.2169932], [77.4828549, 23.2190736], [77.4843169, 23.2193337], [77.4858969, 23.2187269], [77.485944, 23.2166465], [77.4873825, 23.2174266], [77.4912969, 23.2178817], [77.4936705, 23.2179033], [77.4936786, 23.2179034], [77.4950227, 23.2166898], [77.4957065, 23.2161264], [77.4954069, 23.2143059], [77.4934615, 23.2145335], [77.4933082, 23.213114], [77.4955837, 23.2131682], [77.4955955, 23.2115969], [77.4976589, 23.2117161], [77.4970369, 23.2099661], [77.4977414, 23.2097331], [77.498104, 23.2091561], [77.4975869, 23.206927], [77.4965906, 23.2050446], [77.4951993, 23.2064317], [77.494091, 23.2069735], [77.4933129, 23.2066267], [77.4925491, 23.205117], [77.4918887, 23.2038161], [77.4915114, 23.2026674], [77.490014, 23.2009876], [77.4893892, 23.2011827], [77.4886464, 23.2009443], [77.4873966, 23.1986902], [77.4865123, 23.1981158], [77.4842561, 23.1953321], [77.4828219, 23.1978232], [77.4817489, 23.1977799], [77.4807939, 23.1984734], [77.4798153, 23.1978232], [77.4784594, 23.1971296], [77.477389, 23.1974919], [77.4763719, 23.1974612], [77.4757049, 23.1976911], [77.4745044, 23.1981202], [77.4741709, 23.1988712], [77.4734873, 23.1991624], [77.473258, 23.1991273], [77.4716864, 23.1988866], [77.4694688, 23.1985187], [77.4686017, 23.1986413], [77.4664507, 23.1980743], [77.4642831, 23.1980436], [77.4639329, 23.2001739], [77.4650001, 23.2004958], [77.4646666, 23.2027486], [77.463416, 23.2025494], [77.4624989, 23.2054153], [77.4614651, 23.2065187], [77.4644331, 23.2076221], [77.4656231, 23.2088224], [77.464947, 23.2098932], [77.4642254, 23.2111087], [77.464697, 23.2123657], [77.4647559, 23.2129996], [77.4645555, 23.2137852], [77.4672521, 23.2146629], [77.4680317, 23.2149796], [77.4685271, 23.2142151], [77.4694114, 23.2145944], [77.4699655, 23.21376], [77.4705904, 23.2140526], [77.471121, 23.2132399], [77.4710149, 23.2124164], [77.4702367, 23.2119938]]]}, "properties": {"kind": "landuse", "name": "", "osm_id": 378629058, "tag": "farmland"}}, {"type": "Feature", "geometry": {"type": "Polygon", "coordinates": [[[77.3720104, 23.1727805], [77.3711762, 23.1710157], [77.3719636, 23.1705383], [77.3721339, 23.1709492], [77.372368, 23.1710079], [77.3728362, 23.1708435], [77.3732873, 23.1710314], [77.373381, 23.1713287], [77.3732192, 23.171904], [77.3729724, 23.1723461], [77.3727723, 23.1724948], [77.3725637, 23.1725887], [77.3720104, 23.1727805]]]}, "properties": {"kind": "landuse", "name": "", "osm_id": 380551825, "tag": "orchard"}}, {"type": "Feature", "geometry": {"type": "Polygon", "coordinates": [[[77.4206304, 23.2680223], [77.4206081, 23.2678641], [77.4206351, 23.2677997], [77.4206999, 23.2678195], [77.4208295, 23.2678245], [77.4209915, 23.2678046], [77.4211562, 23.2677575], [77.4213128, 23.2677004], [77.4214181, 23.2679014], [77.4216422, 23.2677972], [77.4217205, 23.2679336], [77.4218312, 23.2680923], [77.4218933, 23.2683404], [77.4219338, 23.2684148], [77.422293, 23.2687745], [77.4223578, 23.2689109], [77.4224901, 23.2696922], [77.4225816, 23.2702954], [77.4214552, 23.2704901], [77.421501, 23.271567], [77.421291, 23.2715898], [77.4212566, 23.2705094], [77.4197292, 23.2707567], [77.419313, 23.269236], [77.4193302, 23.2683678], [77.4193569, 23.2682696], [77.4194008, 23.268224], [77.4194772, 23.2681749], [77.419544, 23.2681486], [77.4204127, 23.2680328], [77.4204394, 23.2680451], [77.4204965, 23.268045], [77.4206304, 23.2680223]]]}, "properties": {"kind": "landuse", "name": "", "osm_id": 388594268, "tag": "industrial"}}, {"type": "Feature", "geometry": {"type": "Polygon", "coordinates": [[[77.4150738, 23.3521388], [77.414236, 23.3522309], [77.4132057, 23.3521941], [77.4132778, 23.3513991], [77.4136266, 23.3512371], [77.4138311, 23.3506446], [77.4130493, 23.3489699], [77.4127286, 23.3489993], [77.4126925, 23.3488153], [77.4130453, 23.348738], [77.4120992, 23.3468646], [77.4122476, 23.3467542], [77.4120952, 23.3464707], [77.4124721, 23.3463198], [77.4125843, 23.3464965], [77.4129371, 23.3463603], [77.4130774, 23.3466621], [77.4126645, 23.3467468], [77.4128609, 23.3471958], [77.4127246, 23.3473247], [77.412889, 23.3475933], [77.4136146, 23.3475749], [77.4137188, 23.3478915], [77.4134141, 23.3481013], [77.4135665, 23.3484399], [77.413362, 23.3486166], [77.4134342, 23.3488448], [77.4136306, 23.3488668], [77.4137268, 23.3490914], [77.4140315, 23.3490914], [77.4141518, 23.3499857], [77.4142841, 23.3502507], [77.4146008, 23.3500483], [77.4147651, 23.3501256], [77.4150177, 23.3500777], [77.4150297, 23.3502066], [77.4146208, 23.3503869], [77.4147772, 23.350847], [77.4145286, 23.3509795], [77.4146369, 23.3513733], [77.4148894, 23.3514395], [77.4150738, 23.3521388]]]}, "properties": {"kind": "landuse", "name": "", "osm_id": 389758653, "tag": "residential"}}, {"type": "Feature", "geometry": {"type": "Polygon", "coordinates": [[[77.4252013, 23.3646507], [77.4243955, 23.3653132], [77.4236298, 23.3646912], [77.4236699, 23.3641723], [77.4231167, 23.3639331], [77.4226356, 23.3643011], [77.4230325, 23.3646765], [77.4226637, 23.3650114], [77.4212165, 23.3638816], [77.4206953, 23.3636534], [77.4204588, 23.3638337], [77.4201621, 23.3636497], [77.4195688, 23.3626266], [77.4198655, 23.3621924], [77.4203225, 23.3618096], [77.4201301, 23.3616035], [77.419208, 23.3618906], [77.4188713, 23.3615814], [77.418751, 23.3610883], [77.4194285, 23.3604001], [77.4198975, 23.3603522], [77.4202383, 23.3599658], [77.4201862, 23.3598002], [77.4204147, 23.3596456], [77.4208517, 23.3598628], [77.4212205, 23.35948], [77.4217537, 23.3593696], [77.4216414, 23.35895], [77.422335, 23.3588838], [77.4226877, 23.3591672], [77.4230405, 23.3592003], [77.4230726, 23.3597156], [77.4235617, 23.3597119], [77.4234294, 23.3600689], [77.4226837, 23.3602308], [77.4227358, 23.3606025], [77.4233612, 23.3606099], [77.4232891, 23.3612944], [77.4240668, 23.3614232], [77.4240387, 23.3618501], [77.42371, 23.3621813], [77.423265, 23.3622218], [77.4230285, 23.362542], [77.4233211, 23.3628916], [77.4232811, 23.3630609], [77.4235256, 23.3632854], [77.4233853, 23.3638337], [77.4237501, 23.3639699], [77.4244436, 23.3632891], [77.4247523, 23.3643048], [77.4252013, 23.3646507]]]}, "properties": {"kind": "landuse", "name": "", "osm_id": 389758654, "tag": "residential"}}, {"type": "Feature", "geometry": {"type": "Polygon", "coordinates": [[[77.4214151, 23.3914546], [77.4208344, 23.3918516], [77.4198331, 23.3912207], [77.4195605, 23.3900407], [77.4199871, 23.3893011], [77.4199516, 23.3887028], [77.4201293, 23.3885778], [77.420153, 23.3874194], [77.4206685, 23.3863046], [77.4216284, 23.3866037], [77.4219246, 23.3862991], [77.4226356, 23.3862937], [77.4225349, 23.3867831], [77.4233526, 23.3869898], [77.4233526, 23.3873596], [77.4227364, 23.3875608], [77.4221498, 23.3870605], [77.4212018, 23.3872073], [77.4213854, 23.3881971], [77.4220372, 23.3882297], [77.4225053, 23.3890726], [77.4219661, 23.38935], [77.4216224, 23.3891488], [77.4208759, 23.3892847], [77.421107, 23.3895295], [77.4215217, 23.3895567], [77.421741, 23.3897742], [77.4212729, 23.3908944], [77.4214151, 23.3914546]]]}, "properties": {"kind": "landuse", "name": "", "osm_id": 389796545, "tag": "residential"}}, {"type": "Feature", "geometry": {"type": "Polygon", "coordinates": [[[77.4157493, 23.3901721], [77.4141643, 23.3899193], [77.4135955, 23.3894244], [77.4130918, 23.3896283], [77.4133733, 23.3900661], [77.4131422, 23.3903598], [77.4126238, 23.3902238], [77.4121024, 23.3912489], [77.4116461, 23.3911918], [77.4116609, 23.3909335], [77.4110121, 23.3908383], [77.4109736, 23.3912108], [77.4106833, 23.3912326], [77.4106833, 23.3903353], [77.4110862, 23.3902021], [77.4111603, 23.3904386], [77.4117469, 23.3900443], [77.4117113, 23.3895114], [77.4123157, 23.3894679], [77.4127452, 23.3891063], [77.4129378, 23.389147], [77.4133851, 23.3884319], [77.4130059, 23.3881845], [77.4125734, 23.3872409], [77.4127808, 23.3867134], [77.4138117, 23.3868602], [77.4140488, 23.3870615], [77.414031, 23.3872844], [77.4147598, 23.3873388], [77.4151627, 23.3875292], [77.4153138, 23.3873388], [77.4155359, 23.3874884], [77.4154737, 23.3879071], [77.4150649, 23.3880023], [77.4152249, 23.3884265], [77.414982, 23.3888507], [77.4144902, 23.3889649], [77.4144694, 23.3891769], [77.4151775, 23.3897208], [77.4155982, 23.3898785], [77.4156011, 23.3894054], [77.4153523, 23.3891443], [77.4155626, 23.3887065], [77.4167506, 23.3889866], [77.4170468, 23.3889105], [77.4175268, 23.3890274], [77.4183, 23.3888479], [77.4189962, 23.3893183], [77.4182467, 23.3893265], [77.4170143, 23.3895114], [77.416715, 23.3896582], [77.4162795, 23.3896881], [77.4157493, 23.3901721]]]}, "properties": {"kind": "landuse", "name": "", "osm_id": 389796546, "tag": "residential"}}, {"type": "Feature", "geometry": {"type": "Polygon", "coordinates": [[[77.4242084, 23.2387933], [77.4277732, 23.2354565], [77.4278333, 23.2353087], [77.4278483, 23.2352299], [77.4278054, 23.2351924], [77.4277325, 23.2351747], [77.4265807, 23.2352634], [77.4248862, 23.2355689], [77.4237601, 23.2359295], [77.4235949, 23.2360695], [77.4235649, 23.2362252], [77.4234727, 23.2364991], [77.4233247, 23.2366588], [77.4232539, 23.2367219], [77.4232668, 23.2368224], [77.4237815, 23.2382533], [77.4239102, 23.238476], [77.4240325, 23.2386494], [77.4242084, 23.2387933]]]}, "properties": {"kind": "landuse", "name": "", "osm_id": 406922136, "tag": "meadow"}}, {"type": "Feature", "geometry": {"type": "Polygon", "coordinates": [[[77.4184109, 23.2338201], [77.4187466, 23.2327602], [77.4188306, 23.232246], [77.418815, 23.231946], [77.4197322, 23.2321088], [77.4214172, 23.2323031], [77.4233043, 23.2322288], [77.4241344, 23.2322603], [77.4251603, 23.2324659], [77.4258474, 23.2327202], [77.4261956, 23.2329516], [77.4265624, 23.2333287], [77.4266713, 23.2335544], [77.4267117, 23.2338429], [77.4267459, 23.2348456], [77.426665, 23.2349742], [77.4264785, 23.2350056], [77.4248401, 23.2352656], [77.4238857, 23.2355855], [77.4238795, 23.2350999], [77.4239945, 23.2345743], [77.4242185, 23.2339852], [77.4239789, 23.2332858], [77.4233696, 23.2334173], [77.4234846, 23.2336829], [77.4231489, 23.2337858], [77.4219426, 23.2333973], [77.4215633, 23.233283], [77.419384, 23.2340772], [77.419042, 23.2339515], [77.4186472, 23.2338172], [77.4184109, 23.2338201]]]}, "properties": {"kind": "landuse", "name": "", "osm_id": 406922137, "tag": "meadow"}}, {"type": "Feature", "geometry": {"type": "Polygon", "coordinates": [[[77.4014847, 23.2352148], [77.4016457, 23.2336001], [77.4017227, 23.2334259], [77.4018461, 23.233296], [77.4020215, 23.2332581], [77.4021342, 23.2332598], [77.402374, 23.2336955], [77.4026746, 23.233883], [77.4015187, 23.2352115], [77.4014847, 23.2352148]]]}, "properties": {"kind": "landuse", "name": "", "osm_id": 407652343, "tag": "commercial"}}, {"type": "Feature", "geometry": {"type": "Polygon", "coordinates": [[[77.4169556, 23.2089423], [77.4162663, 23.2093072], [77.4166573, 23.2101109], [77.4175795, 23.2097588], [77.4169556, 23.2089423]]]}, "properties": {"kind": "landuse", "name": "", "osm_id": 414599967, "tag": "residential"}}, {"type": "Feature", "geometry": {"type": "Polygon", "coordinates": [[[77.4435408, 23.1892517], [77.4436814, 23.1893039], [77.4439676, 23.1886524], [77.4438271, 23.1886002], [77.4435408, 23.1892517]]]}, "properties": {"kind": "landuse", "name": "Surendra Residency", "osm_id": 414919913, "tag": "residential"}}, {"type": "Feature", "geometry": {"type": "Polygon", "coordinates": [[[77.4715833, 23.2359143], [77.4721279, 23.2358759], [77.4719039, 23.2349362], [77.4717824, 23.2339871], [77.4717217, 23.2331529], [77.4712113, 23.2330845], [77.4711952, 23.2327484], [77.4715057, 23.2327267], [77.471509, 23.232401], [77.4693431, 23.2323897], [77.4694099, 23.2331792], [77.4681832, 23.2332494], [77.4668623, 23.2332561], [77.4669898, 23.2443268], [77.4691296, 23.2443206], [77.4693456, 23.243384], [77.4713774, 23.2431359], [77.4719377, 23.2426211], [77.4720175, 23.2417311], [77.4719306, 23.2411774], [77.4719581, 23.2405827], [77.4717507, 23.2405381], [77.4717327, 23.2400238], [77.4717349, 23.2382277], [77.4717198, 23.2379297], [77.4716924, 23.2374781], [77.4716085, 23.2364723], [77.4715833, 23.2359143]]]}, "properties": {"kind": "landuse", "name": "", "osm_id": 418924754, "tag": "residential"}}, {"type": "Feature", "geometry": {"type": "Polygon", "coordinates": [[[77.2743963, 23.2844563], [77.2744065, 23.2843429], [77.2743306, 23.2843133], [77.2741724, 23.2842696], [77.274229, 23.2839435], [77.2743165, 23.2839506], [77.2743834, 23.2839127], [77.2745403, 23.2838466], [77.2746934, 23.2841384], [77.2747597, 23.2842938], [77.2747954, 23.2843668], [77.2748002, 23.2844398], [77.2746716, 23.2844989], [77.2743963, 23.2844563]]]}, "properties": {"kind": "landuse", "name": "Director's Residence", "osm_id": 422392664, "tag": "residential"}}, {"type": "Feature", "geometry": {"type": "Polygon", "coordinates": [[[77.2733619, 23.2838253], [77.2741338, 23.2839175], [77.2741132, 23.2841893], [77.273313, 23.2840853], [77.2733285, 23.2839127], [77.2733619, 23.2838253]]]}, "properties": {"kind": "landuse", "name": "Duplex Houses - D-1 to D-5", "osm_id": 422392665, "tag": "residential"}}, {"type": "Feature", "geometry": {"type": "Polygon", "coordinates": [[[77.4252301, 23.2016209], [77.4252393, 23.20128], [77.4261804, 23.2013758], [77.4261405, 23.2016857], [77.4252301, 23.2016209]]]}, "properties": {"kind": "landuse", "name": "Manisha Market", "osm_id": 445905828, "tag": "retail"}}, {"type": "Feature", "geometry": {"type": "Polygon", "coordinates": [[[77.4247979, 23.2014913], [77.4241181, 23.2012652], [77.4249084, 23.2002449], [77.4262694, 23.200397], [77.4261871, 23.2009083], [77.4252272, 23.2009324], [77.4247979, 23.2014913]]]}, "properties": {"kind": "landuse", "name": "Amaltas Parisar", "osm_id": 445905830, "tag": "residential"}}, {"type": "Feature", "geometry": {"type": "Polygon", "coordinates": [[[77.4421772, 23.2259704], [77.4422014, 23.2238716], [77.443285, 23.2239111], [77.4438035, 23.2239366], [77.4437645, 23.2241321], [77.4437705, 23.2244487], [77.4437832, 23.225117], [77.4437905, 23.2254995], [77.4438, 23.2259946], [77.4421772, 23.2259704]]]}, "properties": {"kind": "landuse", "name": "Railway Officer's Colony", "osm_id": 450951387, "tag": "residential"}}, {"type": "Feature", "geometry": {"type": "Polygon", "coordinates": [[[77.4418169, 23.2276538], [77.4398214, 23.2258175], [77.4402586, 23.2241611], [77.4403846, 23.2237988], [77.4407675, 23.2238094], [77.4410478, 23.2238172], [77.4419021, 23.2238752], [77.441903, 23.2240977], [77.4419034, 23.2241993], [77.4418169, 23.2276538]]]}, "properties": {"kind": "landuse", "name": "Sanchi Milk Factory", "osm_id": 454839674, "tag": "industrial"}}, {"type": "Feature", "geometry": {"type": "Polygon", "coordinates": [[[77.4262694, 23.200397], [77.4263886, 23.1997358], [77.4252391, 23.1995076], [77.4249084, 23.2002449], [77.4262694, 23.200397]]]}, "properties": {"kind": "landuse", "name": "Nabard Colony", "osm_id": 482886939, "tag": "residential"}}, {"type": "Feature", "geometry": {"type": "Polygon", "coordinates": [[[77.4216553, 23.1999628], [77.4242415, 23.1978908], [77.4242049, 23.1943971], [77.418136, 23.1973034], [77.4182844, 23.1973807], [77.4216553, 23.1999628]]]}, "properties": {"kind": "landuse", "name": "C Sector", "osm_id": 482889326, "tag": "residential"}}, {"type": "Feature", "geometry": {"type": "Polygon", "coordinates": [[[77.4101016, 23.2007718], [77.4107858, 23.2019651], [77.4133387, 23.2064178], [77.4168376, 23.2045035], [77.4168086, 23.1976612], [77.4101016, 23.2007718]]]}, "properties": {"kind": "landuse", "name": "Chuna Bhatti", "osm_id": 483070429, "tag": "residential"}}, {"type": "Feature", "geometry": {"type": "Polygon", "coordinates": [[[77.4170069, 23.2033955], [77.4197043, 23.2018627], [77.4170436, 23.1990903], [77.4170069, 23.2033955]]]}, "properties": {"kind": "landuse", "name": "Amaltas Phase 1", "osm_id": 483606284, "tag": "residential"}}, {"type": "Feature", "geometry": {"type": "Polygon", "coordinates": [[[77.4149853, 23.2052402], [77.4153837, 23.2051192], [77.4149649, 23.2042168], [77.4148816, 23.2020393], [77.4128623, 23.2021558], [77.4131769, 23.2039736], [77.4140893, 23.2047801], [77.4149853, 23.2052402]]]}, "properties": {"kind": "landuse", "name": "Chanakyapuri", "osm_id": 483606477, "tag": "residential"}}, {"type": "Feature", "geometry": {"type": "Polygon", "coordinates": [[[77.4151079, 23.2055309], [77.4138633, 23.2062409], [77.4144212, 23.2068819], [77.4153332, 23.2063395], [77.4160634, 23.2067208], [77.4151079, 23.2055309]]]}, "properties": {"kind": "landuse", "name": "Lalita Nagar", "osm_id": 484157585, "tag": "residential"}}, {"type": "Feature", "geometry": {"type": "Polygon", "coordinates": [[[77.4204178, 23.2124192], [77.4204012, 23.2119281], [77.4193658, 23.2119459], [77.4193449, 23.2124093], [77.4204178, 23.2124192]]]}, "properties": {"kind": "landuse", "name": "", "osm_id": 485521998, "tag": "residential"}}, {"type": "Feature", "geometry": {"type": "Polygon", "coordinates": [[[77.4186261, 23.2087511], [77.4188348, 23.2092461], [77.4192628, 23.2091722], [77.4189855, 23.2085665], [77.4186261, 23.2087511]]]}, "properties": {"kind": "landuse", "name": "", "osm_id": 485523350, "tag": "residential"}}, {"type": "Feature", "geometry": {"type": "Polygon", "coordinates": [[[77.4148817, 23.2074889], [77.4147363, 23.2070965], [77.4154429, 23.2068447], [77.4157878, 23.2067218], [77.4161155, 23.2067099], [77.4163408, 23.2075185], [77.4151285, 23.2079129], [77.4148817, 23.2074889]]]}, "properties": {"kind": "landuse", "name": "", "osm_id": 485524253, "tag": "residential"}}, {"type": "Feature", "geometry": {"type": "Polygon", "coordinates": [[[77.4916829, 23.2313812], [77.4918685, 23.2324738], [77.4940458, 23.2319724], [77.4939971, 23.2317175], [77.4939208, 23.2316001], [77.493615, 23.2312946], [77.4931742, 23.2309952], [77.492788, 23.2311139], [77.4927874, 23.2313836], [77.4918927, 23.2313768], [77.4916829, 23.2313812]]]}, "properties": {"kind": "landuse", "name": "", "osm_id": 486218834, "tag": "residential"}}, {"type": "Feature", "geometry": {"type": "Polygon", "coordinates": [[[77.4916494, 23.2314225], [77.4918981, 23.2324226], [77.4940339, 23.2320057], [77.4939707, 23.2317001], [77.4936137, 23.2312669], [77.4927539, 23.2314249], [77.4922558, 23.2314238], [77.4918592, 23.2314181], [77.4916494, 23.2314225]]]}, "properties": {"kind": "landuse", "name": "Crystal Ideal City Awd", "osm_id": 486219926, "tag": "residential"}}, {"type": "Feature", "geometry": {"type": "Polygon", "coordinates": [[[77.4169917, 23.1896485], [77.4188841, 23.1895337], [77.420354, 23.1895929], [77.4207831, 23.1895239], [77.4207648, 23.189157], [77.4205671, 23.1851054], [77.4173019, 23.1849679], [77.4169917, 23.1896485]]]}, "properties": {"kind": "landuse", "name": "Sarvdharm Colony", "osm_id": 486642807, "tag": "residential"}}, {"type": "Feature", "geometry": {"type": "Polygon", "coordinates": [[[77.4116356, 23.1879565], [77.4130115, 23.1892648], [77.413713, 23.1902177], [77.4154015, 23.190152], [77.4153422, 23.187621], [77.4138675, 23.1875733], [77.4138998, 23.1880147], [77.4116356, 23.1879565]]]}, "properties": {"kind": "landuse", "name": "Amarnath Colony", "osm_id": 487460560, "tag": "residential"}}, {"type": "Feature", "geometry": {"type": "Polygon", "coordinates": [[[77.4155429, 23.1901739], [77.4169917, 23.1896485], [77.4190506, 23.1897314], [77.4194752, 23.1898457], [77.4216663, 23.1894151], [77.4215383, 23.1891052], [77.4207648, 23.189157], [77.4205671, 23.1851054], [77.4173019, 23.1849679], [77.4172175, 23.1869874], [77.4153051, 23.1865705], [77.4153422, 23.187621], [77.4155429, 23.1901739]]]}, "properties": {"kind": "landuse", "name": "Sarvardham Colony", "osm_id": 487460946, "tag": "residential"}}, {"type": "Feature", "geometry": {"type": "Polygon", "coordinates": [[[77.4217658, 23.1892778], [77.4230824, 23.1874505], [77.4225317, 23.1870653], [77.4214758, 23.1874229], [77.421063, 23.1870434], [77.4212318, 23.1865097], [77.4219918, 23.1857518], [77.4218291, 23.1845878], [77.422226, 23.1838835], [77.4237424, 23.1840806], [77.424044, 23.1830808], [77.4217927, 23.1830189], [77.4176278, 23.1823869], [77.4173019, 23.1849679], [77.4207648, 23.189157], [77.4217658, 23.1892778]]]}, "properties": {"kind": "landuse", "name": "Mandakini Colony", "osm_id": 487461607, "tag": "residential"}}, {"type": "Feature", "geometry": {"type": "Polygon", "coordinates": [[[77.4138675, 23.1875733], [77.4153422, 23.187621], [77.4153051, 23.1865705], [77.4172237, 23.1866759], [77.4173946, 23.1823465], [77.4136464, 23.1824227], [77.4138675, 23.1875733]]]}, "properties": {"kind": "landuse", "name": "Shalimar Garden", "osm_id": 487462858, "tag": "residential"}}, {"type": "Feature", "geometry": {"type": "Polygon", "coordinates": [[[77.4173946, 23.1823465], [77.4175092, 23.1785092], [77.4136443, 23.1784846], [77.4135643, 23.182423], [77.4173946, 23.1823465]]]}, "properties": {"kind": "landuse", "name": "Sai Nath Colony", "osm_id": 487463475, "tag": "residential"}}, {"type": "Feature", "geometry": {"type": "Polygon", "coordinates": [[[77.4277921, 23.1815769], [77.4288858, 23.1804907], [77.4297599, 23.1800586], [77.429814, 23.1795864], [77.4289789, 23.1791477], [77.4293822, 23.1779347], [77.4297643, 23.1772765], [77.4315651, 23.1767384], [77.4328829, 23.1760207], [77.4321603, 23.1753639], [77.4315638, 23.1743219], [77.4323884, 23.1721716], [77.4328604, 23.1715601], [77.4179688, 23.1714811], [77.4165073, 23.1718954], [77.4168184, 23.1718731], [77.4175113, 23.1773516], [77.4174609, 23.1806822], [77.4277921, 23.1815769]]]}, "properties": {"kind": "landuse", "name": "Shirdipuram", "osm_id": 487465323, "tag": "residential"}}, {"type": "Feature", "geometry": {"type": "Polygon", "coordinates": [[[77.4175162, 23.1781286], [77.4210379, 23.1781985], [77.4207729, 23.1768071], [77.4175047, 23.1765112], [77.417497, 23.1752656], [77.4136704, 23.1753474], [77.4133394, 23.1798993], [77.4174662, 23.1798458], [77.4175162, 23.1781286]]]}, "properties": {"kind": "landuse", "name": "Banjari", "osm_id": 487779485, "tag": "residential"}}, {"type": "Feature", "geometry": {"type": "Polygon", "coordinates": [[[77.4132353, 23.176762], [77.4173166, 23.1767647], [77.4169717, 23.1726404], [77.4130894, 23.1731351], [77.4132353, 23.176762]]]}, "properties": {"kind": "landuse", "name": "Ashirwad Colony", "osm_id": 487781469, "tag": "residential"}}, {"type": "Feature", "geometry": {"type": "Polygon", "coordinates": [[[77.4129279, 23.173022], [77.4169297, 23.172416], [77.4165682, 23.1708694], [77.4131311, 23.1706256], [77.4127052, 23.1707401], [77.4129279, 23.173022]]]}, "properties": {"kind": "landuse", "name": "Naya Pura", "osm_id": 487958803, "tag": "residential"}}, {"type": "Feature", "geometry": {"type": "Polygon", "coordinates": [[[77.4395746, 23.1707181], [77.4385768, 23.1700572], [77.4385714, 23.1694802], [77.4392313, 23.1694851], [77.4392313, 23.1686517], [77.4392366, 23.167473], [77.4395049, 23.1675371], [77.4401379, 23.1675618], [77.4414843, 23.1674483], [77.4414897, 23.1676308], [77.4415111, 23.1695394], [77.4409479, 23.1699734], [77.4403632, 23.170649], [77.4395746, 23.1707181]]]}, "properties": {"kind": "landuse", "name": "Aakriti Eco City", "osm_id": 487960164, "tag": "residential"}}, {"type": "Feature", "geometry": {"type": "Polygon", "coordinates": [[[77.4407738, 23.1675244], [77.4437039, 23.1682247], [77.4444371, 23.1664556], [77.4410453, 23.1660915], [77.4407738, 23.1675244]]]}, "properties": {"kind": "landuse", "name": "ROHIT NAGAR PHASE 1", "osm_id": 487960380, "tag": "residential"}}, {"type": "Feature", "geometry": {"type": "Polygon", "coordinates": [[[77.4361297, 23.1743529], [77.4375925, 23.1741957], [77.4379903, 23.1733428], [77.4375068, 23.1730061], [77.4359832, 23.173033], [77.4361297, 23.1743529]]]}, "properties": {"kind": "landuse", "name": "SHUBHALAYA VIHAR", "osm_id": 487960783, "tag": "residential"}}, {"type": "Feature", "geometry": {"type": "Polygon", "coordinates": [[[77.4485171, 23.1625065], [77.4482381, 23.1628419], [77.4462587, 23.1635324], [77.4463928, 23.1638184], [77.4463659, 23.1639467], [77.4459153, 23.1640009], [77.4458617, 23.1634436], [77.4456042, 23.1629948], [77.4454272, 23.1623487], [77.4455666, 23.1618802], [77.445792, 23.1619394], [77.4462479, 23.1616484], [77.4485171, 23.1625065]]]}, "properties": {"kind": "landuse", "name": "Aakriti Greens", "osm_id": 487961370, "tag": "residential"}}, {"type": "Feature", "geometry": {"type": "Polygon", "coordinates": [[[77.4256537, 23.1684324], [77.4279837, 23.1687718], [77.4299009, 23.1680621], [77.4296863, 23.1666417], [77.4256523, 23.1669573], [77.4252298, 23.1676581], [77.4256537, 23.1684324]]]}, "properties": {"kind": "landuse", "name": "SHIVALAY COLONY", "osm_id": 487962530, "tag": "residential"}}, {"type": "Feature", "geometry": {"type": "Polygon", "coordinates": [[[77.4258454, 23.1667009], [77.4297936, 23.1665036], [77.4319394, 23.1653791], [77.4311964, 23.1639578], [77.4286778, 23.1636826], [77.4257724, 23.1645332], [77.4258454, 23.1667009]]]}, "properties": {"kind": "landuse", "name": "KWALITY PARADISE COLONY", "osm_id": 487963050, "tag": "residential"}}, {"type": "Feature", "geometry": {"type": "Polygon", "coordinates": [[[77.4191811, 23.1639094], [77.4235758, 23.1644983], [77.4254906, 23.1619885], [77.4236254, 23.1611608], [77.4236139, 23.1611557], [77.419327, 23.1606364], [77.4191811, 23.1639094]]]}, "properties": {"kind": "landuse", "name": "RAJHARSH COLONY", "osm_id": 487963710, "tag": "residential"}}, {"type": "Feature", "geometry": {"type": "Polygon", "coordinates": [[[77.4151213, 23.1676989], [77.4183925, 23.1675237], [77.4186423, 23.1656836], [77.4157583, 23.1653158], [77.4146208, 23.1658354], [77.4151213, 23.1676989]]]}, "properties": {"kind": "landuse", "name": "MP NAGAR", "osm_id": 487964168, "tag": "residential"}}, {"type": "Feature", "geometry": {"type": "Polygon", "coordinates": [[[77.4130799, 23.1646217], [77.4160748, 23.1647175], [77.4162949, 23.1631239], [77.4128897, 23.1629643], [77.4132882, 23.1645078], [77.4130799, 23.1646217]]]}, "properties": {"kind": "landuse", "name": "SOURABH NAGAR", "osm_id": 487964940, "tag": "residential"}}, {"type": "Feature", "geometry": {"type": "Polygon", "coordinates": [[[77.4130162, 23.1626976], [77.4163632, 23.1631059], [77.4166534, 23.1607971], [77.4139452, 23.1605304], [77.4121601, 23.1611098], [77.4130162, 23.1626976]]]}, "properties": {"kind": "landuse", "name": "VARUN NAGAR", "osm_id": 487965042, "tag": "residential"}}, {"type": "Feature", "geometry": {"type": "Polygon", "coordinates": [[[77.4323704, 23.1619131], [77.4376733, 23.1623478], [77.4366862, 23.1586389], [77.4337894, 23.1582048], [77.4315574, 23.1597964], [77.4323704, 23.1619131]]]}, "properties": {"kind": "landuse", "name": "SANKHEDI", "osm_id": 487965764, "tag": "residential"}}, {"type": "Feature", "geometry": {"type": "Polygon", "coordinates": [[[77.4161298, 23.1593885], [77.4200741, 23.1576234], [77.4192334, 23.1561918], [77.4150354, 23.1578892], [77.4161298, 23.1593885]]]}, "properties": {"kind": "landuse", "name": "FINE AVENUE PHASE 2", "osm_id": 487966797, "tag": "residential"}}, {"type": "Feature", "geometry": {"type": "Polygon", "coordinates": [[[77.4150976, 23.1571836], [77.4192334, 23.1561918], [77.4192854, 23.1545702], [77.4151642, 23.1546734], [77.4150131, 23.1570307], [77.415224, 23.1575627], [77.4165825, 23.1571524], [77.4150976, 23.1571836]]]}, "properties": {"kind": "landuse", "name": "PRIYANKA NAGAR", "osm_id": 487967085, "tag": "residential"}}, {"type": "Feature", "geometry": {"type": "Polygon", "coordinates": [[[77.4122904, 23.1524554], [77.4176643, 23.1531175], [77.4181226, 23.1497976], [77.4159167, 23.14774], [77.4117325, 23.1495157], [77.4122904, 23.1524554]]]}, "properties": {"kind": "landuse", "name": "BAIRAGARH CHICHALI", "osm_id": 487967739, "tag": "residential"}}, {"type": "Feature", "geometry": {"type": "Polygon", "coordinates": [[[77.4078243, 23.1827832], [77.4089215, 23.1793637], [77.4031709, 23.1786734], [77.4036644, 23.1827565], [77.4054025, 23.1827959], [77.4078243, 23.1827832]]]}, "properties": {"kind": "landuse", "name": "MAHABALI NAGAR", "osm_id": 487968664, "tag": "residential"}}, {"type": "Feature", "geometry": {"type": "Polygon", "coordinates": [[[77.4099557, 23.1835435], [77.4173657, 23.1836084], [77.417312, 23.1800342], [77.41199, 23.1804684], [77.4096708, 23.181885], [77.4099557, 23.1835435]]]}, "properties": {"kind": "landuse", "name": "AMBEDAKAR NAGAR", "osm_id": 487969241, "tag": "residential"}}, {"type": "Feature", "geometry": {"type": "Polygon", "coordinates": [[[77.4144274, 23.2020761], [77.4143989, 23.2010485], [77.4131221, 23.2010781], [77.4128217, 23.202084], [77.4144274, 23.2020761]]]}, "properties": {"kind": "landuse", "name": "AMALTAS PHASE 2", "osm_id": 487972958, "tag": "residential"}}, {"type": "Feature", "geometry": {"type": "Polygon", "coordinates": [[[77.4169423, 23.1970931], [77.411275, 23.1963136], [77.4116938, 23.1999021], [77.4101016, 23.2007718], [77.4107858, 23.2019651], [77.4132093, 23.2058364], [77.4133202, 23.2069691], [77.4141089, 23.208974], [77.4168014, 23.2141526], [77.4187305, 23.2127911], [77.4214256, 23.2136202], [77.4169423, 23.1970931]]]}, "properties": {"kind": "landuse", "name": "CHUNA BHATTI", "osm_id": 487973463, "tag": "residential"}}, {"type": "Feature", "geometry": {"type": "Polygon", "coordinates": [[[77.4346198, 23.2008444], [77.4349055, 23.1959319], [77.4313429, 23.1958716], [77.4307553, 23.196785], [77.4305707, 23.1972808], [77.4301173, 23.2021789], [77.4312596, 23.2038909], [77.4327623, 23.2021916], [77.4335901, 23.2008088], [77.4345614, 23.2008488], [77.4346014, 23.2008485], [77.4346198, 23.2008444]]]}, "properties": {"kind": "landuse", "name": "SHAHPURA VILLAGE", "osm_id": 487974807, "tag": "residential"}}, {"type": "Feature", "geometry": {"type": "Polygon", "coordinates": [[[77.4369196, 23.2010249], [77.4374806, 23.1988745], [77.4347499, 23.1990901], [77.4346198, 23.2008444], [77.4348184, 23.2008706], [77.4369196, 23.2010249]]]}, "properties": {"kind": "landuse", "name": "BASANT KUNJ", "osm_id": 487975752, "tag": "residential"}}, {"type": "Feature", "geometry": {"type": "Polygon", "coordinates": [[[77.4348151, 23.197592], [77.4375472, 23.1970623], [77.438242, 23.1959883], [77.4391839, 23.195061], [77.4390194, 23.1949879], [77.4379778, 23.1943178], [77.4379072, 23.1942724], [77.4369973, 23.1945159], [77.437256, 23.1951285], [77.4366229, 23.1952086], [77.436202, 23.1946716], [77.4359429, 23.1937027], [77.4353213, 23.1935655], [77.4348151, 23.197592]]]}, "properties": {"kind": "landuse", "name": "Central Government Colony", "osm_id": 487977671, "tag": "residential"}}, {"type": "Feature", "geometry": {"type": "Polygon", "coordinates": [[[77.4353213, 23.1935655], [77.4355447, 23.1925369], [77.4355826, 23.1925437], [77.4374956, 23.1928844], [77.4405571, 23.1934381], [77.4391839, 23.195061], [77.43811, 23.194271], [77.4369379, 23.1945405], [77.4369638, 23.1946253], [77.4371285, 23.1951634], [77.4366229, 23.1952086], [77.436202, 23.1946716], [77.4359429, 23.1937027], [77.4353099, 23.1936304], [77.4353213, 23.1935655]]]}, "properties": {"kind": "landuse", "name": "Ishwar Nagar", "osm_id": 487978537, "tag": "residential"}}, {"type": "Feature", "geometry": {"type": "Polygon", "coordinates": [[[77.4355826, 23.1925437], [77.4405571, 23.1934381], [77.4438157, 23.1902804], [77.4407855, 23.1893658], [77.4399535, 23.1890321], [77.4384321, 23.1884218], [77.4364215, 23.1878931], [77.4355447, 23.1925369], [77.4355826, 23.1925437]]]}, "properties": {"kind": "landuse", "name": "Sivoy", "osm_id": 487979667, "tag": "residential"}}, {"type": "Feature", "geometry": {"type": "Polygon", "coordinates": [[[77.4364931, 23.1877261], [77.4365521, 23.1877412], [77.4394788, 23.1884924], [77.4399664, 23.1873576], [77.4390853, 23.1872115], [77.43763, 23.1868693], [77.4370228, 23.1869241], [77.4367936, 23.1868694], [77.4364931, 23.1877261]]]}, "properties": {"kind": "landuse", "name": "Anamika Nagar", "osm_id": 487980083, "tag": "residential"}}, {"type": "Feature", "geometry": {"type": "Polygon", "coordinates": [[[77.4326701, 23.1858979], [77.4367936, 23.1868694], [77.437472, 23.1851486], [77.4379507, 23.1842286], [77.4393069, 23.1836389], [77.4388876, 23.1828778], [77.4379244, 23.1831287], [77.4380292, 23.1804858], [77.4335008, 23.1804325], [77.4309689, 23.1802366], [77.4309599, 23.180507], [77.430797, 23.1853741], [77.4324942, 23.1858579], [77.4326701, 23.1858979]]]}, "properties": {"kind": "landuse", "name": "RAGHUNATH NAGAR", "osm_id": 488432796, "tag": "residential"}}, {"type": "Feature", "geometry": {"type": "Polygon", "coordinates": [[[77.4329967, 23.1757475], [77.4329092, 23.1764711], [77.4316881, 23.176719], [77.4298335, 23.1773823], [77.4292359, 23.1789233], [77.4300376, 23.1794057], [77.430023, 23.1799417], [77.4291362, 23.1804099], [77.4295274, 23.1802767], [77.4289297, 23.1805715], [77.428507, 23.1812147], [77.4279531, 23.1815899], [77.4267578, 23.1816167], [77.4291277, 23.185515], [77.4296417, 23.1863439], [77.4307064, 23.1860354], [77.4321822, 23.1865101], [77.4328442, 23.1873238], [77.4364908, 23.1877207], [77.4367936, 23.1868694], [77.4370895, 23.1858179], [77.437472, 23.1851486], [77.4379338, 23.1842702], [77.4379402, 23.1825747], [77.4379566, 23.1819976], [77.4380589, 23.1799051], [77.4392385, 23.1783651], [77.4395977, 23.1774062], [77.4329967, 23.1757475]]]}, "properties": {"kind": "landuse", "name": "ROHIT NAGAR", "osm_id": 488434009, "tag": "residential"}}, {"type": "Feature", "geometry": {"type": "Polygon", "coordinates": [[[77.4265363, 23.1921562], [77.4259154, 23.1910989], [77.4278453, 23.188561], [77.4287777, 23.1871309], [77.4291691, 23.1867375], [77.4303708, 23.186049], [77.4306157, 23.1860115], [77.4315159, 23.1863731], [77.4328442, 23.1873238], [77.4336025, 23.1885553], [77.4335426, 23.1911427], [77.4331907, 23.1929746], [77.4321869, 23.1942811], [77.4265363, 23.1921562]]]}, "properties": {"kind": "landuse", "name": "Trilochan Nagar", "osm_id": 488435864, "tag": "residential"}}, {"type": "Feature", "geometry": {"type": "Polygon", "coordinates": [[[77.43184, 23.1951409], [77.4243162, 23.1914909], [77.4259154, 23.1910989], [77.4263574, 23.1907532], [77.4271171, 23.1899344], [77.4287777, 23.1871309], [77.4296417, 23.1863439], [77.4307064, 23.1860354], [77.4326337, 23.1871259], [77.4333411, 23.1882374], [77.4334873, 23.1903884], [77.433249, 23.1927744], [77.4324126, 23.1939392], [77.4317754, 23.1950961], [77.43184, 23.1951409]]]}, "properties": {"kind": "landuse", "name": "TRILANGA", "osm_id": 488436751, "tag": "residential"}}, {"type": "Feature", "geometry": {"type": "Polygon", "coordinates": [[[77.4427577, 23.1854386], [77.441433, 23.186022], [77.4406176, 23.186022], [77.4398146, 23.1875968], [77.4394788, 23.1884924], [77.4405133, 23.189046], [77.441237, 23.1893327], [77.4440838, 23.1895795], [77.4440547, 23.1898469], [77.4461841, 23.190199], [77.4477116, 23.1904374], [77.4480849, 23.1904394], [77.4485422, 23.1890314], [77.4494898, 23.1866796], [77.4501019, 23.1843059], [77.4496942, 23.1826096], [77.4491551, 23.1824087], [77.4482766, 23.1818762], [77.4471057, 23.1824941], [77.4464, 23.1828827], [77.4462046, 23.1825488], [77.4460502, 23.1824744], [77.4437504, 23.1828266], [77.4430423, 23.1844046], [77.4427577, 23.1854386]]]}, "properties": {"kind": "landuse", "name": "PALLAVI NAGAR", "osm_id": 488437583, "tag": "residential"}}, {"type": "Feature", "geometry": {"type": "Polygon", "coordinates": [[[77.4477399, 23.1799377], [77.4481736, 23.1815722], [77.4483904, 23.1820905], [77.4495399, 23.1825328], [77.4504023, 23.1831027], [77.4515396, 23.1798086], [77.449995, 23.1802865], [77.4486882, 23.1804665], [77.4477399, 23.1799377]]]}, "properties": {"kind": "landuse", "name": "NARMADA NAGAR", "osm_id": 488437881, "tag": "residential"}}, {"type": "Feature", "geometry": {"type": "Polygon", "coordinates": [[[77.4437504, 23.1828266], [77.446156, 23.182514], [77.446319, 23.1828407], [77.4482766, 23.1818762], [77.4477399, 23.1799377], [77.4436255, 23.1783381], [77.4427244, 23.1781287], [77.4370063, 23.1767999], [77.4329137, 23.1757704], [77.4329092, 23.1764711], [77.4298335, 23.1773823], [77.4291625, 23.1786898], [77.4299224, 23.1794368], [77.430023, 23.1799417], [77.4288858, 23.1804907], [77.4270761, 23.1816172], [77.4259341, 23.182126], [77.427777, 23.1839386], [77.4306157, 23.1860115], [77.4308367, 23.1861416], [77.4328403, 23.1873277], [77.4336997, 23.1885632], [77.436211, 23.1888443], [77.4355447, 23.1925369], [77.4350931, 23.1949804], [77.4326542, 23.1937832], [77.4315184, 23.1958771], [77.4349055, 23.1959319], [77.4371747, 23.1958681], [77.438242, 23.1959883], [77.4418129, 23.1925055], [77.4438989, 23.190471], [77.4448115, 23.1877907], [77.4396477, 23.1884713], [77.4394788, 23.1884924], [77.4398254, 23.1873676], [77.4406176, 23.186022], [77.441433, 23.186022], [77.4427577, 23.1854386], [77.4437504, 23.1828266]]]}, "properties": {"kind": "landuse", "name": "GULMOHAR COLONY", "osm_id": 488438902, "tag": "residential"}}, {"type": "Feature", "geometry": {"type": "Polygon", "coordinates": [[[77.4259121, 23.1822269], [77.4308367, 23.1861416], [77.4328083, 23.1872465], [77.4364984, 23.1877309], [77.4396541, 23.188452], [77.441237, 23.1893327], [77.4465276, 23.1902394], [77.4491829, 23.1867012], [77.4498149, 23.184716], [77.4494257, 23.1825804], [77.4513803, 23.1798045], [77.4436634, 23.1783381], [77.4329967, 23.1757475], [77.4329092, 23.1764711], [77.4294497, 23.1788061], [77.4303724, 23.1792598], [77.4301579, 23.1798319], [77.4259121, 23.1822269]]]}, "properties": {"kind": "landuse", "name": "BAWADIYA KALAN", "osm_id": 488439752, "tag": "residential"}}, {"type": "Feature", "geometry": {"type": "Polygon", "coordinates": [[[77.4535682, 23.1758473], [77.4542807, 23.1758266], [77.4554577, 23.1761254], [77.4563821, 23.1769204], [77.4569829, 23.1778711], [77.4586288, 23.177505], [77.4543372, 23.1837948], [77.4509782, 23.189719], [77.4488126, 23.1892264], [77.4504201, 23.1841105], [77.451223, 23.1816214], [77.4535682, 23.1758473]]]}, "properties": {"kind": "landuse", "name": "", "osm_id": 488440823, "tag": "residential"}}, {"type": "Feature", "geometry": {"type": "Polygon", "coordinates": [[[77.4545627, 23.1834398], [77.4514347, 23.1884784], [77.4509774, 23.1897177], [77.4488172, 23.1890883], [77.4509482, 23.1830191], [77.4534345, 23.1755844], [77.4553263, 23.1760418], [77.4566395, 23.1771468], [77.4568581, 23.1777732], [77.458353, 23.1774672], [77.4553127, 23.1822593], [77.4545627, 23.1834398]]]}, "properties": {"kind": "landuse", "name": "Chinar Fortune City", "osm_id": 488440824, "tag": "residential"}}, {"type": "Feature", "geometry": {"type": "Polygon", "coordinates": [[[77.4559269, 23.1733538], [77.4590929, 23.1725643], [77.4591729, 23.1731733], [77.4598099, 23.173368], [77.4599793, 23.1740172], [77.4586172, 23.1742841], [77.4575588, 23.1741104], [77.4574475, 23.1746329], [77.4568153, 23.1748807], [77.4561468, 23.1751162], [77.4560046, 23.173372], [77.4559269, 23.1733538]]]}, "properties": {"kind": "landuse", "name": "Sneh Nagar", "osm_id": 488441141, "tag": "residential"}}, {"type": "Feature", "geometry": {"type": "Polygon", "coordinates": [[[77.4609779, 23.1733815], [77.4568015, 23.1714447], [77.4587965, 23.1685414], [77.4591537, 23.1679149], [77.4603338, 23.1681713], [77.461793, 23.1681911], [77.4635224, 23.1681832], [77.4635754, 23.1681781], [77.4643775, 23.1682356], [77.4621878, 23.1714215], [77.4609779, 23.1733815]]]}, "properties": {"kind": "landuse", "name": "Shri Ram Colony,", "osm_id": 488441665, "tag": "residential"}}, {"type": "Feature", "geometry": {"type": "Polygon", "coordinates": [[[77.4450665, 23.195069], [77.4444578, 23.1932013], [77.4437858, 23.1908541], [77.4440547, 23.1898469], [77.4477116, 23.1904374], [77.4480849, 23.1904394], [77.4467374, 23.1952204], [77.4450623, 23.1951086], [77.4450665, 23.195069]]]}, "properties": {"kind": "landuse", "name": "Ansal Pradhan Enclave,", "osm_id": 488442523, "tag": "residential"}}, {"type": "Feature", "geometry": {"type": "Polygon", "coordinates": [[[77.4467374, 23.1952204], [77.4483441, 23.1901434], [77.4441151, 23.1895734], [77.4408478, 23.1930742], [77.4382317, 23.1964986], [77.4387783, 23.1954503], [77.4390194, 23.1949879], [77.4379778, 23.1943178], [77.4369638, 23.1946253], [77.437256, 23.1951285], [77.4366229, 23.1952086], [77.4353213, 23.1935655], [77.4348151, 23.197592], [77.4346198, 23.2008444], [77.4370612, 23.200855], [77.4374806, 23.1988745], [77.4390502, 23.1987482], [77.4398307, 23.1994539], [77.4397764, 23.2012909], [77.4423884, 23.2013481], [77.4449048, 23.2011464], [77.4451809, 23.2002535], [77.4467374, 23.1952204]]]}, "properties": {"kind": "landuse", "name": "", "osm_id": 488443317, "tag": "residential"}}, {"type": "Feature", "geometry": {"type": "Polygon", "coordinates": [[[77.4451809, 23.2002535], [77.4404568, 23.2011377], [77.4402365, 23.1982818], [77.4370735, 23.2005951], [77.4346724, 23.2003921], [77.4350569, 23.1951641], [77.4363312, 23.1933115], [77.4382546, 23.1934172], [77.4403223, 23.1932326], [77.4451809, 23.2002535]]]}, "properties": {"kind": "landuse", "name": "Bharat Nagar", "osm_id": 488446091, "tag": "residential"}}, {"type": "Feature", "geometry": {"type": "Polygon", "coordinates": [[[77.4460336, 23.1978755], [77.4438989, 23.190471], [77.4391839, 23.195061], [77.4379072, 23.1942724], [77.4369379, 23.1945405], [77.4368891, 23.1935088], [77.4363312, 23.1933115], [77.4348151, 23.197592], [77.4346758, 23.2001737], [77.4371859, 23.2005987], [77.4393267, 23.1986561], [77.4404295, 23.1985163], [77.4444123, 23.2002908], [77.4447159, 23.2000559], [77.4460336, 23.1978755]]]}, "properties": {"kind": "landuse", "name": "Bharat Nagar", "osm_id": 488446092, "tag": "residential"}}, {"type": "Feature", "geometry": {"type": "Polygon", "coordinates": [[[77.4475138, 23.1931372], [77.4488126, 23.1892264], [77.4497921, 23.1894106], [77.4508574, 23.1896871], [77.450893, 23.1896964], [77.4495974, 23.1933477], [77.4478956, 23.1982793], [77.4476283, 23.1989195], [77.4477051, 23.1983453], [77.4471529, 23.198163], [77.4462439, 23.1979251], [77.4468575, 23.1954657], [77.4474331, 23.1933921], [77.4475138, 23.1931372]]]}, "properties": {"kind": "landuse", "name": "Vidya Nagar", "osm_id": 488446982, "tag": "residential"}}, {"type": "Feature", "geometry": {"type": "Polygon", "coordinates": [[[77.444799, 23.2033672], [77.4462439, 23.1979251], [77.4477051, 23.1983453], [77.446726, 23.201488], [77.4455888, 23.20461], [77.4447525, 23.20695], [77.4437873, 23.2067167], [77.4452656, 23.2010401], [77.444799, 23.2033672]]]}, "properties": {"kind": "landuse", "name": "Narayan Nagar", "osm_id": 488447534, "tag": "residential"}}, {"type": "Feature", "geometry": {"type": "Polygon", "coordinates": [[[77.4384721, 23.2036551], [77.4381505, 23.2018856], [77.437202, 23.2019103], [77.4372864, 23.202867], [77.4372656, 23.2035956], [77.4384721, 23.2036551]]]}, "properties": {"kind": "landuse", "name": "Indra Nagar", "osm_id": 488449492, "tag": "residential"}}, {"type": "Feature", "geometry": {"type": "Polygon", "coordinates": [[[77.4388149, 23.2066059], [77.4390469, 23.2055851], [77.4399903, 23.2057339], [77.4401537, 23.2057578], [77.4398473, 23.2060734], [77.4396337, 23.206243], [77.4388149, 23.2066059]]]}, "properties": {"kind": "landuse", "name": "Sai Baba Nagar", "osm_id": 488450108, "tag": "residential"}}, {"type": "Feature", "geometry": {"type": "Polygon", "coordinates": [[[77.4436952, 23.2065506], [77.4428879, 23.2068435], [77.4424839, 23.2069251], [77.4420263, 23.2069664], [77.4390469, 23.2055851], [77.4391068, 23.205241], [77.43882, 23.2045841], [77.4372485, 23.2041971], [77.437202, 23.2019103], [77.4386267, 23.2019505], [77.4381689, 23.2010619], [77.4381775, 23.2003305], [77.4397792, 23.2013924], [77.4423884, 23.2013481], [77.4433356, 23.2011249], [77.4444123, 23.2002908], [77.4451809, 23.2002535], [77.4436952, 23.2065506]]]}, "properties": {"kind": "landuse", "name": "12 No. Slum Area", "osm_id": 488452163, "tag": "residential"}}, {"type": "Feature", "geometry": {"type": "Polygon", "coordinates": [[[77.4368754, 23.2063617], [77.4363959, 23.2087598], [77.436545, 23.2113564], [77.4362665, 23.2118712], [77.4342979, 23.2114278], [77.4343864, 23.2108538], [77.4345132, 23.210173], [77.4334074, 23.2101261], [77.433428, 23.2095275], [77.4311846, 23.2095944], [77.4311884, 23.2070275], [77.4325579, 23.2029769], [77.4328785, 23.2017506], [77.4334294, 23.2008852], [77.4342752, 23.20075], [77.4370512, 23.2010346], [77.4368754, 23.2063617]]]}, "properties": {"kind": "landuse", "name": "E-7", "osm_id": 488453205, "tag": "residential"}}, {"type": "Feature", "geometry": {"type": "Polygon", "coordinates": [[[77.4365243, 23.208672], [77.4371579, 23.2087919], [77.437361, 23.2076334], [77.4378771, 23.2076999], [77.4379631, 23.2071047], [77.4368292, 23.2069336], [77.4365243, 23.208672]]]}, "properties": {"kind": "landuse", "name": "Deepak Nagar", "osm_id": 488453498, "tag": "residential"}}, {"type": "Feature", "geometry": {"type": "Polygon", "coordinates": [[[77.4428871, 23.2090739], [77.4425592, 23.2108686], [77.4418205, 23.2117727], [77.4413297, 23.212288], [77.4401807, 23.2126734], [77.4365061, 23.2118951], [77.4365229, 23.2102457], [77.4365243, 23.208672], [77.4370439, 23.2054538], [77.4372529, 23.2040409], [77.43882, 23.2045841], [77.438726, 23.2049664], [77.4387117, 23.2050247], [77.4391524, 23.2050828], [77.4390469, 23.2055851], [77.4386788, 23.2071803], [77.4389396, 23.2071772], [77.4401834, 23.2071856], [77.4418203, 23.2071162], [77.4424839, 23.2069251], [77.4430239, 23.2059476], [77.4435781, 23.2058882], [77.4428871, 23.2090739]]]}, "properties": {"kind": "landuse", "name": "E-6", "osm_id": 488454697, "tag": "residential"}}, {"type": "Feature", "geometry": {"type": "Polygon", "coordinates": [[[77.4311532, 23.2114562], [77.4260222, 23.2112631], [77.426211, 23.2106721], [77.4260055, 23.2099968], [77.4258329, 23.2085762], [77.42917, 23.2085261], [77.4294377, 23.2058546], [77.4311954, 23.2059547], [77.4311532, 23.2114562]]]}, "properties": {"kind": "landuse", "name": "1100 Quarters", "osm_id": 488455217, "tag": "residential"}}, {"type": "Feature", "geometry": {"type": "Polygon", "coordinates": [[[77.4262039, 23.2018349], [77.4264732, 23.1984854], [77.4254934, 23.1987368], [77.4252072, 23.1994468], [77.4228785, 23.1985679], [77.4213325, 23.1996938], [77.4223972, 23.2006901], [77.4240241, 23.2013171], [77.4253277, 23.2017511], [77.4262039, 23.2018349]]]}, "properties": {"kind": "landuse", "name": "Nabard Officers Colony", "osm_id": 488455577, "tag": "residential"}}, {"type": "Feature", "geometry": {"type": "Polygon", "coordinates": [[[77.4311302, 23.2133424], [77.4311846, 23.2095944], [77.4327905, 23.2095393], [77.4327831, 23.210379], [77.4334067, 23.2103191], [77.4334049, 23.2108251], [77.4343864, 23.2108538], [77.4341751, 23.2116849], [77.4363841, 23.2119226], [77.4362821, 23.2136511], [77.4362022, 23.2141878], [77.4357691, 23.2170974], [77.4316332, 23.2171285], [77.4311302, 23.2133424]]]}, "properties": {"kind": "landuse", "name": "E-4", "osm_id": 488493437, "tag": "residential"}}, {"type": "Feature", "geometry": {"type": "Polygon", "coordinates": [[[77.4357691, 23.2170974], [77.4396101, 23.2181826], [77.4406408, 23.2162616], [77.4414737, 23.2134618], [77.4412579, 23.2126735], [77.4403273, 23.2128886], [77.4364644, 23.2121592], [77.4357691, 23.2170974]]]}, "properties": {"kind": "landuse", "name": "E-3", "osm_id": 488494507, "tag": "residential"}}, {"type": "Feature", "geometry": {"type": "Polygon", "coordinates": [[[77.4288093, 23.2182665], [77.4280085, 23.2173495], [77.4273794, 23.216629], [77.4265972, 23.2148809], [77.4262307, 23.2118533], [77.4311363, 23.2117554], [77.4312255, 23.2146282], [77.4316332, 23.2171285], [77.4304869, 23.217433], [77.4295464, 23.2178064], [77.4288093, 23.2182665]]]}, "properties": {"kind": "landuse", "name": "E-5", "osm_id": 488494906, "tag": "residential"}}, {"type": "Feature", "geometry": {"type": "Polygon", "coordinates": [[[77.4313402, 23.2225358], [77.4299839, 23.2200962], [77.4295574, 23.2193383], [77.4288183, 23.2182568], [77.4295464, 23.2178064], [77.4309351, 23.2173159], [77.4333191, 23.216956], [77.433886, 23.2169626], [77.4345888, 23.2170254], [77.4342745, 23.2206001], [77.4340474, 23.2229178], [77.4311456, 23.2225201], [77.4313402, 23.2225358]]]}, "properties": {"kind": "landuse", "name": "E-1", "osm_id": 488495158, "tag": "residential"}}, {"type": "Feature", "geometry": {"type": "Polygon", "coordinates": [[[77.4340316, 23.2228746], [77.4343666, 23.2196655], [77.4345888, 23.2170254], [77.4357691, 23.2170974], [77.4366662, 23.2173388], [77.4374803, 23.2174724], [77.4389169, 23.2178065], [77.4396996, 23.2180855], [77.4370776, 23.2228529], [77.4369105, 23.223221], [77.4340316, 23.2228746]]]}, "properties": {"kind": "landuse", "name": "E-2", "osm_id": 488495973, "tag": "residential"}}, {"type": "Feature", "geometry": {"type": "Polygon", "coordinates": [[[77.4370599, 23.2234557], [77.433533, 23.2229482], [77.4310327, 23.222582], [77.4307189, 23.2215174], [77.4295574, 23.2193383], [77.4269559, 23.2159218], [77.4264202, 23.2114234], [77.4253985, 23.2088288], [77.4242213, 23.2066842], [77.4253337, 23.208707], [77.4246545, 23.2074649], [77.4241961, 23.2063336], [77.4245846, 23.2054378], [77.4251774, 23.2039479], [77.4253277, 23.2017511], [77.4301347, 23.2022886], [77.4312596, 23.2038909], [77.4324204, 23.2038941], [77.4326474, 23.2026262], [77.4328785, 23.2017506], [77.4335901, 23.2008088], [77.4348184, 23.2008706], [77.4371962, 23.2010388], [77.437222, 23.1998632], [77.4381689, 23.2010619], [77.4397764, 23.2012909], [77.4423884, 23.2013481], [77.4433356, 23.2011249], [77.4435757, 23.2007105], [77.4444123, 23.2002908], [77.4434317, 23.2055608], [77.4417744, 23.2109667], [77.4413984, 23.2124663], [77.4412931, 23.2128448], [77.4414844, 23.2134097], [77.4406938, 23.2163819], [77.4396969, 23.2180626], [77.4369557, 23.2233775], [77.4311724, 23.2224891], [77.4370599, 23.2234557]]]}, "properties": {"kind": "landuse", "name": "Arera Colony", "osm_id": 488508964, "tag": "residential"}}, {"type": "Feature", "geometry": {"type": "Polygon", "coordinates": [[[77.4299839, 23.2200962], [77.4277017, 23.2207986], [77.427131, 23.2209301], [77.4269207, 23.2194096], [77.4261919, 23.2181056], [77.4254029, 23.2167123], [77.4253085, 23.2165456], [77.4266576, 23.2159213], [77.4268736, 23.2158213], [77.4276641, 23.2160954], [77.4288093, 23.2182665], [77.4295574, 23.2193383], [77.4299839, 23.2200962]]]}, "properties": {"kind": "landuse", "name": "Board Colony", "osm_id": 488510078, "tag": "residential"}}, {"type": "Feature", "geometry": {"type": "Polygon", "coordinates": [[[77.4311348, 23.2225109], [77.428153, 23.2240151], [77.4279119, 23.2235831], [77.427307, 23.2225825], [77.4277187, 23.2223358], [77.4271305, 23.2211403], [77.427131, 23.2209301], [77.4277017, 23.2207986], [77.4279824, 23.2207868], [77.4299839, 23.2200962], [77.431166, 23.2224774], [77.4313364, 23.2225316], [77.4311348, 23.2225109]]]}, "properties": {"kind": "landuse", "name": "RBI Colony", "osm_id": 488510465, "tag": "residential"}}, {"type": "Feature", "geometry": {"type": "Polygon", "coordinates": [[[77.4267536, 23.2157184], [77.4237326, 23.21724], [77.4231402, 23.2173428], [77.4205018, 23.2176243], [77.4198165, 23.2176983], [77.4184244, 23.2175135], [77.4192285, 23.2139801], [77.4195155, 23.2133133], [77.4214256, 23.2136202], [77.4207177, 23.2112754], [77.4207921, 23.2112106], [77.4214181, 23.2106653], [77.422603, 23.2114531], [77.4229102, 23.2110185], [77.422481, 23.2104861], [77.4214381, 23.2092806], [77.4215154, 23.2090267], [77.4216036, 23.2083801], [77.4227171, 23.2089873], [77.4236034, 23.2081317], [77.4233202, 23.2076347], [77.4230884, 23.2075795], [77.4231248, 23.2074096], [77.4236978, 23.2068695], [77.4239401, 23.2065418], [77.4240474, 23.2069757], [77.4250345, 23.2088887], [77.426211, 23.2106721], [77.4261288, 23.212754], [77.4261503, 23.2140358], [77.4267536, 23.2157184]]]}, "properties": {"kind": "landuse", "name": "Ekant Park", "osm_id": 488511979, "tag": "residential"}}, {"type": "Feature", "geometry": {"type": "Polygon", "coordinates": [[[77.4179563, 23.2156716], [77.4195155, 23.2133133], [77.4212781, 23.2137242], [77.4211713, 23.2111487], [77.4215393, 23.2109304], [77.4223939, 23.2115944], [77.4227169, 23.2109683], [77.4214381, 23.2092806], [77.4214748, 23.2084393], [77.4225012, 23.2090898], [77.4234403, 23.2082973], [77.4229854, 23.2075164], [77.4236978, 23.2068695], [77.4250345, 23.2088887], [77.4262396, 23.2122443], [77.4264063, 23.2149394], [77.4266576, 23.2159213], [77.4299839, 23.2200962], [77.4313364, 23.222575], [77.4295979, 23.2234554], [77.4282997, 23.2240616], [77.4282331, 23.2240987], [77.4225161, 23.2258806], [77.4204457, 23.226417], [77.418301, 23.2259959], [77.417642, 23.2258627], [77.4127908, 23.2249934], [77.4144938, 23.2251443], [77.4145057, 23.2241291], [77.4145577, 23.2233865], [77.4146482, 23.2217176], [77.4150706, 23.220852], [77.4159344, 23.219684], [77.4167591, 23.2184596], [77.4171327, 23.2173743], [77.4179563, 23.2156716]]]}, "properties": {"kind": "landuse", "name": "Char Imli", "osm_id": 488513067, "tag": "residential"}}, {"type": "Feature", "geometry": {"type": "Polygon", "coordinates": [[[77.4152349, 23.205446], [77.4144743, 23.2059921], [77.4143371, 23.2065142], [77.41424, 23.2070585], [77.4154429, 23.2068447], [77.4159219, 23.2067099], [77.4161658, 23.2063285], [77.4157261, 23.2059801], [77.4152349, 23.205446]]]}, "properties": {"kind": "landuse", "name": "Lalita Nagar", "osm_id": 488514063, "tag": "residential"}}, {"type": "Feature", "geometry": {"type": "Polygon", "coordinates": [[[77.4148739, 23.2071114], [77.4153147, 23.2082452], [77.4135529, 23.2087563], [77.4134462, 23.2075561], [77.4148739, 23.2071114]]]}, "properties": {"kind": "landuse", "name": "Comfort Garden", "osm_id": 488514300, "tag": "residential"}}, {"type": "Feature", "geometry": {"type": "Polygon", "coordinates": [[[77.413912, 23.2099869], [77.4131565, 23.2075561], [77.4148739, 23.2071114], [77.4161155, 23.2067099], [77.4161797, 23.2069833], [77.4166526, 23.206822], [77.4176386, 23.2066507], [77.418995, 23.2063989], [77.4188403, 23.2071431], [77.4189715, 23.2073195], [77.420098, 23.2070237], [77.420377, 23.2079308], [77.4201071, 23.2084215], [77.4194128, 23.2088413], [77.4193256, 23.2091141], [77.4196796, 23.2090254], [77.420259, 23.2096762], [77.4205701, 23.2098931], [77.4208705, 23.2108101], [77.4207921, 23.2112106], [77.4204928, 23.2115216], [77.4213145, 23.2136007], [77.4168014, 23.2141526], [77.413912, 23.2099869]]]}, "properties": {"kind": "landuse", "name": "Janki Nagar", "osm_id": 488514866, "tag": "residential"}}, {"type": "Feature", "geometry": {"type": "Polygon", "coordinates": [[[77.4145026, 23.2103572], [77.4158212, 23.2104727], [77.4183166, 23.2105975], [77.4186453, 23.2108585], [77.4178654, 23.211206], [77.4173472, 23.2114068], [77.4174818, 23.2116828], [77.4160855, 23.2118405], [77.4149278, 23.2112441], [77.4145013, 23.2112037], [77.4140748, 23.2111372], [77.4140748, 23.2110484], [77.4142277, 23.210691], [77.4143489, 23.2103835], [77.4145026, 23.2103572]]]}, "properties": {"kind": "landuse", "name": "Dr Govind Narayan Model Town", "osm_id": 488515334, "tag": "residential"}}, {"type": "Feature", "geometry": {"type": "Polygon", "coordinates": [[[77.4041455, 23.2209252], [77.4052191, 23.2196309], [77.4053561, 23.2188173], [77.4052946, 23.2186175], [77.4054316, 23.2185077], [77.4056457, 23.2184504], [77.4059694, 23.2181232], [77.4061835, 23.2180523], [77.406402, 23.2180546], [77.4064563, 23.2184024], [77.406679, 23.2186518], [77.407172, 23.2188028], [77.4077148, 23.2190706], [77.4080186, 23.2193566], [77.4084543, 23.2195969], [77.4085514, 23.2194847], [77.4088627, 23.2195625], [77.4090071, 23.2196609], [77.409027, 23.2197662], [77.4092013, 23.2197822], [77.4093183, 23.2197285], [77.4094503, 23.2196678], [77.4098138, 23.2192948], [77.4099259, 23.2189356], [77.4102906, 23.219106], [77.4101739, 23.21974], [77.4101559, 23.2197868], [77.4093973, 23.2200661], [77.4081892, 23.2202698], [77.4072278, 23.2210947], [77.4052397, 23.221456], [77.4045781, 23.2212615], [77.4042688, 23.2210848], [77.4041455, 23.2209252]]]}, "properties": {"kind": "landuse", "name": "MACT Square Slums", "osm_id": 488517136, "tag": "residential"}}, {"type": "Feature", "geometry": {"type": "Polygon", "coordinates": [[[77.416317, 23.2177326], [77.4109154, 23.2204682], [77.4102799, 23.2206825], [77.4102215, 23.2208942], [77.4108581, 23.2209696], [77.4111782, 23.2210548], [77.4115514, 23.2211314], [77.4118088, 23.2207765], [77.4119376, 23.2206108], [77.4123599, 23.2205666], [77.4128557, 23.2203446], [77.4133646, 23.2201541], [77.4138154, 23.2201827], [77.4142979, 23.2202322], [77.4148239, 23.2198783], [77.4149846, 23.2195065], [77.4152023, 23.2191494], [77.4156884, 23.2189149], [77.4161447, 23.2184565], [77.416484, 23.2183353], [77.4172568, 23.2180235], [77.4172426, 23.217228], [77.416317, 23.2177326]]]}, "properties": {"kind": "landuse", "name": "Patrakar Colony", "osm_id": 488517600, "tag": "residential"}}, {"type": "Feature", "geometry": {"type": "Polygon", "coordinates": [[[77.4172426, 23.217228], [77.4135587, 23.2191131], [77.4106468, 23.2205912], [77.4069934, 23.2212433], [77.405237, 23.2215398], [77.4045398, 23.2213706], [77.403944, 23.2210651], [77.4038005, 23.2210849], [77.4024138, 23.2240533], [77.4022265, 23.2246069], [77.404636, 23.2247932], [77.4059853, 23.2252215], [77.4108481, 23.2249376], [77.4131918, 23.2249564], [77.4144103, 23.2250422], [77.4145057, 23.2241291], [77.4145577, 23.2233865], [77.4145064, 23.222785], [77.414684, 23.2227696], [77.4146669, 23.2220353], [77.4146482, 23.2217176], [77.4148849, 23.2208861], [77.415077, 23.2205317], [77.4162091, 23.2198357], [77.4172426, 23.217228]]]}, "properties": {"kind": "landuse", "name": "Panchsheel Nagar", "osm_id": 488518269, "tag": "residential"}}, {"type": "Feature", "geometry": {"type": "Polygon", "coordinates": [[[77.4022265, 23.2246069], [77.4037613, 23.2213137], [77.4048995, 23.2217624], [77.4064606, 23.2220204], [77.4061021, 23.2231699], [77.4062023, 23.2232248], [77.4064769, 23.2246448], [77.4071959, 23.2252317], [77.4022265, 23.2246069]]]}, "properties": {"kind": "landuse", "name": "Ishwar Nagar", "osm_id": 488518659, "tag": "residential"}}, {"type": "Feature", "geometry": {"type": "Polygon", "coordinates": [[[77.4031502, 23.222547], [77.4020974, 23.2245424], [77.4010367, 23.2245219], [77.398528, 23.2244113], [77.3956647, 23.2252175], [77.393637, 23.225772], [77.3925184, 23.2260779], [77.3912699, 23.2223465], [77.3931267, 23.2218471], [77.3937797, 23.2216632], [77.3943283, 23.2214019], [77.3959676, 23.2206217], [77.3965425, 23.219695], [77.3977666, 23.2179304], [77.4009976, 23.2196228], [77.401045, 23.2196524], [77.4038189, 23.2210967], [77.4031502, 23.222547]]]}, "properties": {"kind": "landuse", "name": "Aradhana Nagar", "osm_id": 488519024, "tag": "residential"}}, {"type": "Feature", "geometry": {"type": "Polygon", "coordinates": [[[77.3912699, 23.2223465], [77.3912425, 23.2222552], [77.3906453, 23.2202663], [77.3905402, 23.2199164], [77.3904965, 23.2197709], [77.3930979, 23.2190651], [77.3938088, 23.2193339], [77.3943997, 23.2214489], [77.3912699, 23.2223465]]]}, "properties": {"kind": "landuse", "name": "Government Quarters", "osm_id": 488519535, "tag": "residential"}}, {"type": "Feature", "geometry": {"type": "Polygon", "coordinates": [[[77.3902881, 23.2182167], [77.3900135, 23.2181569], [77.3900001, 23.2173839], [77.3897734, 23.2168463], [77.3895999, 23.216149], [77.3895011, 23.2159041], [77.389251, 23.2157474], [77.388903, 23.2157591], [77.3896709, 23.2153063], [77.3914454, 23.2140335], [77.3922411, 23.213885], [77.3931933, 23.213083], [77.3945222, 23.2144574], [77.3950607, 23.2150582], [77.3969743, 23.2174827], [77.3977666, 23.2179304], [77.3966696, 23.2202967], [77.396163, 23.2208351], [77.3944832, 23.2214355], [77.3937797, 23.2216632], [77.3912699, 23.2223465], [77.390926, 23.2210614], [77.3905402, 23.2199164], [77.3902881, 23.2182167]]]}, "properties": {"kind": "landuse", "name": "Kotra Sultanabad", "osm_id": 488520795, "tag": "residential"}}, {"type": "Feature", "geometry": {"type": "Polygon", "coordinates": [[[77.3944572, 23.2136088], [77.3942013, 23.2133853], [77.3950347, 23.2122835], [77.3984887, 23.2119975], [77.3991408, 23.213122], [77.3970535, 23.2133122], [77.3970631, 23.2134818], [77.3970999, 23.2136921], [77.3969897, 23.213796], [77.3960203, 23.2138423], [77.3960037, 23.2135359], [77.3944572, 23.2136088]]]}, "properties": {"kind": "landuse", "name": "D Sector -Vaishali Nagar", "osm_id": 488524497, "tag": "residential"}}, {"type": "Feature", "geometry": {"type": "Polygon", "coordinates": [[[77.3984887, 23.2119975], [77.3950347, 23.2122789], [77.3938303, 23.2138236], [77.3930996, 23.2130131], [77.3941609, 23.2120838], [77.3947232, 23.211378], [77.3947369, 23.2104558], [77.3954234, 23.2103076], [77.3977156, 23.2094508], [77.3981366, 23.210139], [77.3984887, 23.2119975]]]}, "properties": {"kind": "landuse", "name": "C Sector- Vaishali Nagar", "osm_id": 488525347, "tag": "residential"}}, {"type": "Feature", "geometry": {"type": "Polygon", "coordinates": [[[77.38901, 23.2109237], [77.3882612, 23.2110844], [77.3882786, 23.2098355], [77.3883788, 23.2091709], [77.3885095, 23.2087386], [77.3888295, 23.2081581], [77.3891303, 23.208163], [77.388844, 23.2091398], [77.3888589, 23.2095625], [77.38901, 23.2109237]]]}, "properties": {"kind": "landuse", "name": "Block-L", "osm_id": 488525934, "tag": "residential"}}, {"type": "Feature", "geometry": {"type": "Polygon", "coordinates": [[[77.3947737, 23.2104247], [77.3947474, 23.2113331], [77.3932467, 23.2130362], [77.3918929, 23.2120504], [77.3889879, 23.2118393], [77.3868547, 23.2123002], [77.3842002, 23.2142083], [77.3840027, 23.213956], [77.3818582, 23.2130979], [77.3812929, 23.2125049], [77.3812864, 23.2116916], [77.3806413, 23.2120974], [77.3795242, 23.2083242], [77.3796342, 23.2066627], [77.3803495, 23.2059105], [77.3811792, 23.2043947], [77.3825202, 23.2042795], [77.3857496, 23.2025408], [77.3879906, 23.2012867], [77.3896764, 23.2024028], [77.3904274, 23.2034875], [77.3905776, 23.2049272], [77.3926128, 23.2050575], [77.3952983, 23.2048877], [77.3957704, 23.2043158], [77.3968433, 23.2023831], [77.3941181, 23.1989908], [77.3943522, 23.1985605], [77.3945687, 23.1981625], [77.3953198, 23.1980836], [77.3968218, 23.1999967], [77.3975514, 23.2004897], [77.3974482, 23.2008346], [77.3987022, 23.2018086], [77.398989, 23.2020478], [77.4000834, 23.2029353], [77.4007271, 23.2021267], [77.402272, 23.2013181], [77.4029802, 23.2013575], [77.4034308, 23.2009828], [77.4042247, 23.2013772], [77.4043534, 23.2021661], [77.4044584, 23.2027759], [77.4043837, 23.203719], [77.4043534, 23.2038425], [77.4043964, 23.2051441], [77.4051336, 23.2049496], [77.4052617, 23.2049158], [77.4062203, 23.2050455], [77.4072073, 23.2043553], [77.4067782, 23.20331], [77.407379, 23.2025606], [77.4086879, 23.2023436], [77.4095462, 23.202245], [77.4098251, 23.2024225], [77.4082571, 23.2059801], [77.4036736, 23.2064029], [77.4023636, 23.205673], [77.4000276, 23.2072969], [77.397619, 23.2088401], [77.3977931, 23.2093918], [77.3954234, 23.2103076], [77.3947737, 23.2104247]]]}, "properties": {"kind": "landuse", "name": "Nehru Nagar", "osm_id": 488527840, "tag": "residential"}}, {"type": "Feature", "geometry": {"type": "Polygon", "coordinates": [[[77.3834529, 23.2153464], [77.384221, 23.2139901], [77.3863511, 23.2125678], [77.3894681, 23.2118261], [77.3930441, 23.2129924], [77.3922468, 23.2134944], [77.3917298, 23.2139378], [77.3898081, 23.2150876], [77.387302, 23.2157926], [77.3861526, 23.216207], [77.3848593, 23.2165169], [77.3834529, 23.2153464]]]}, "properties": {"kind": "landuse", "name": "Gomti Colony", "osm_id": 488528480, "tag": "residential"}}, {"type": "Feature", "geometry": {"type": "Polygon", "coordinates": [[[77.3835344, 23.2201434], [77.3834681, 23.2193585], [77.3836907, 23.2189553], [77.3841524, 23.2187572], [77.3839987, 23.2180878], [77.384019, 23.2179223], [77.3849749, 23.2167058], [77.3861526, 23.216207], [77.3876883, 23.2158123], [77.3898081, 23.2150876], [77.3889018, 23.2157457], [77.3895279, 23.215888], [77.3897734, 23.2168463], [77.3898548, 23.2181016], [77.3898756, 23.2186139], [77.3890401, 23.2187505], [77.3888666, 23.2176552], [77.3885906, 23.2176926], [77.3863632, 23.2179947], [77.3851199, 23.2192035], [77.3837299, 23.2203863], [77.3835344, 23.2201434]]]}, "properties": {"kind": "landuse", "name": "Naya Basera", "osm_id": 488528992, "tag": "residential"}}, {"type": "Feature", "geometry": {"type": "Polygon", "coordinates": [[[77.3859624, 23.2216635], [77.3855636, 23.2216585], [77.3856573, 23.2205133], [77.3860103, 23.2203258], [77.3861681, 23.2190295], [77.3865562, 23.2184407], [77.3885906, 23.2176926], [77.3885895, 23.2180209], [77.3885037, 23.2182576], [77.3859624, 23.2216635]]]}, "properties": {"kind": "landuse", "name": "IIFM Colony", "osm_id": 488529734, "tag": "residential"}}, {"type": "Feature", "geometry": {"type": "Polygon", "coordinates": [[[77.3893842, 23.2236201], [77.3901061, 23.2233289], [77.3913296, 23.223035], [77.3911236, 23.2223801], [77.3895724, 23.2228698], [77.3890946, 23.2233798], [77.3894751, 23.22356], [77.3893842, 23.2236201]]]}, "properties": {"kind": "landuse", "name": "Dwarikapuri Colony", "osm_id": 488530211, "tag": "residential"}}, {"type": "Feature", "geometry": {"type": "Polygon", "coordinates": [[[77.3883964, 23.2259481], [77.3865934, 23.225365], [77.3881271, 23.2234098], [77.3893262, 23.2246289], [77.3889328, 23.2258889], [77.3883964, 23.2259481]]]}, "properties": {"kind": "landuse", "name": "Nirala Nagar", "osm_id": 488530447, "tag": "residential"}}, {"type": "Feature", "geometry": {"type": "Polygon", "coordinates": [[[77.3885251, 23.2271706], [77.3879458, 23.2262636], [77.3891903, 23.2254551], [77.3906054, 23.225151], [77.391126, 23.2262302], [77.3885251, 23.2271706]]]}, "properties": {"kind": "landuse", "name": "AG Colony", "osm_id": 488530779, "tag": "residential"}}, {"type": "Feature", "geometry": {"type": "Polygon", "coordinates": [[[77.4097722, 23.224953], [77.4096886, 23.2243381], [77.4108683, 23.2243304], [77.4108481, 23.2249376], [77.4097722, 23.224953]]]}, "properties": {"kind": "landuse", "name": "Jai Bhim Nagar", "osm_id": 488531728, "tag": "residential"}}, {"type": "Feature", "geometry": {"type": "Polygon", "coordinates": [[[77.4154885, 23.2316297], [77.4122106, 23.2324755], [77.4104716, 23.2294114], [77.4095986, 23.2278111], [77.4111922, 23.227472], [77.412406, 23.2282278], [77.4155538, 23.2285966], [77.4155665, 23.2292184], [77.4153844, 23.2295778], [77.4152249, 23.2304249], [77.4153173, 23.231535], [77.4154885, 23.2316297]]]}, "properties": {"kind": "landuse", "name": "Bheem Nagar", "osm_id": 488532300, "tag": "residential"}}, {"type": "Feature", "geometry": {"type": "Polygon", "coordinates": [[[77.4120923, 23.2323821], [77.4086137, 23.2333923], [77.4014315, 23.2330145], [77.4022265, 23.2246069], [77.4046164, 23.224863], [77.4064196, 23.2253315], [77.4081662, 23.2251789], [77.4120923, 23.2323821]]]}, "properties": {"kind": "landuse", "name": "Tulsi Nagar", "osm_id": 488534630, "tag": "residential"}}, {"type": "Feature", "geometry": {"type": "Polygon", "coordinates": [[[77.4119459, 23.2325365], [77.4080172, 23.225187], [77.4108481, 23.2249376], [77.4144062, 23.22515], [77.4182717, 23.2260241], [77.4185155, 23.2260608], [77.4185876, 23.2260741], [77.4204467, 23.226425], [77.4243733, 23.2255449], [77.4285, 23.2238459], [77.431154, 23.2224855], [77.4311607, 23.2224899], [77.4367377, 23.2235323], [77.4349932, 23.2278563], [77.434214, 23.2291244], [77.4337306, 23.2289425], [77.4329927, 23.2287258], [77.4323044, 23.2294164], [77.4312155, 23.2298213], [77.4304053, 23.2295517], [77.4304512, 23.2305472], [77.4276292, 23.2309445], [77.4223088, 23.2309943], [77.4120923, 23.2323821], [77.4119459, 23.2325365]]]}, "properties": {"kind": "landuse", "name": "Shivaji Nagar", "osm_id": 488535551, "tag": "residential"}}, {"type": "Feature", "geometry": {"type": "Polygon", "coordinates": [[[77.4250746, 23.2272076], [77.424958, 23.2263421], [77.425504, 23.2262326], [77.426787, 23.2262812], [77.4271286, 23.2266055], [77.4276129, 23.2268195], [77.4276868, 23.2270769], [77.4250746, 23.2272076]]]}, "properties": {"kind": "landuse", "name": "Machana Colony", "osm_id": 488536645, "tag": "residential"}}, {"type": "Feature", "geometry": {"type": "Polygon", "coordinates": [[[77.4325247, 23.2309084], [77.4276512, 23.2308392], [77.4277831, 23.2306011], [77.4289859, 23.2275566], [77.4290637, 23.2260385], [77.4281642, 23.2240302], [77.4313312, 23.2225378], [77.4367377, 23.2235323], [77.4368399, 23.2239233], [77.434888, 23.2280755], [77.4325247, 23.2309084]]]}, "properties": {"kind": "landuse", "name": "No 6 Locality", "osm_id": 488536941, "tag": "residential"}}, {"type": "Feature", "geometry": {"type": "Polygon", "coordinates": [[[77.4378521, 23.2275571], [77.4354152, 23.2269519], [77.4370599, 23.2234557], [77.4386622, 23.2242323], [77.4378521, 23.2275571]]]}, "properties": {"kind": "landuse", "name": "GRP Colony", "osm_id": 488538056, "tag": "residential"}}, {"type": "Feature", "geometry": {"type": "Polygon", "coordinates": [[[77.4342201, 23.2291436], [77.4375901, 23.2226994], [77.4389928, 23.2230181], [77.4374946, 23.2292615], [77.4364811, 23.2337647], [77.4345939, 23.2332067], [77.4325843, 23.2311255], [77.4343467, 23.2291742], [77.4342201, 23.2291436]]]}, "properties": {"kind": "landuse", "name": "Zone-II", "osm_id": 488538752, "tag": "residential"}}, {"type": "Feature", "geometry": {"type": "Polygon", "coordinates": [[[77.4308452, 23.2377737], [77.4300729, 23.2353312], [77.4302618, 23.233661], [77.4343439, 23.2331548], [77.4364811, 23.2337647], [77.4352619, 23.2379919], [77.434706, 23.2405143], [77.4338094, 23.2445829], [77.4328973, 23.2449458], [77.4318922, 23.2415784], [77.4314975, 23.2401441], [77.4308452, 23.2377737]]]}, "properties": {"kind": "landuse", "name": "Zone-I", "osm_id": 488539317, "tag": "residential"}}, {"type": "Feature", "geometry": {"type": "Polygon", "coordinates": [[[77.4281348, 23.235119], [77.4281819, 23.2325572], [77.4276121, 23.2311716], [77.4276876, 23.2307259], [77.4320964, 23.2311189], [77.4345539, 23.2331513], [77.4359186, 23.2336441], [77.4364811, 23.2337647], [77.4356932, 23.2367619], [77.434706, 23.2405143], [77.4338094, 23.2445829], [77.4328973, 23.2449458], [77.432241, 23.2426571], [77.432034, 23.241996], [77.4320168, 23.2419353], [77.4319615, 23.2417407], [77.4319144, 23.2415827], [77.4311762, 23.2389346], [77.4308479, 23.2377783], [77.4300729, 23.2353312], [77.4302443, 23.2336536], [77.4281348, 23.235119]]]}, "properties": {"kind": "landuse", "name": "Maharana Pratap Nagar", "osm_id": 488540428, "tag": "residential"}}, {"type": "Feature", "geometry": {"type": "Polygon", "coordinates": [[[77.4322436, 23.2470439], [77.4320444, 23.2468456], [77.4325615, 23.2463278], [77.4334627, 23.2456566], [77.4341199, 23.2447599], [77.4346832, 23.2434373], [77.435013, 23.2427653], [77.4349205, 23.2424836], [77.4353491, 23.2424979], [77.4353202, 23.2433241], [77.435538, 23.2433473], [77.4362717, 23.2440009], [77.4338679, 23.2457486], [77.4322436, 23.2470439]]]}, "properties": {"kind": "landuse", "name": "Rachna Nagar", "osm_id": 488541587, "tag": "residential"}}, {"type": "Feature", "geometry": {"type": "Polygon", "coordinates": [[[77.4399058, 23.2404457], [77.4377104, 23.2398059], [77.4357863, 23.2392836], [77.436891, 23.2340135], [77.4369212, 23.2338694], [77.4379879, 23.2341034], [77.4416603, 23.2334528], [77.4413367, 23.2373448], [77.4399289, 23.2403084], [77.4399058, 23.2404457]]]}, "properties": {"kind": "landuse", "name": "Gautam Nagar", "osm_id": 488542113, "tag": "residential"}}, {"type": "Feature", "geometry": {"type": "Polygon", "coordinates": [[[77.4361358, 23.2365388], [77.436891, 23.2340135], [77.4379879, 23.2341034], [77.441644, 23.2332202], [77.4416036, 23.2334492], [77.4409248, 23.237302], [77.4361358, 23.2365388]]]}, "properties": {"kind": "landuse", "name": "Housing Board Colony", "osm_id": 488542464, "tag": "residential"}}, {"type": "Feature", "geometry": {"type": "Polygon", "coordinates": [[[77.4415685, 23.233424], [77.4379879, 23.2341034], [77.4369212, 23.2338694], [77.4377791, 23.2301519], [77.4379271, 23.2295771], [77.4385502, 23.2273817], [77.4417445, 23.2280344], [77.4415753, 23.2332153], [77.4415685, 23.233424]]]}, "properties": {"kind": "landuse", "name": "Kasturba Nagar", "osm_id": 488542631, "tag": "residential"}}, {"type": "Feature", "geometry": {"type": "Polygon", "coordinates": [[[77.441596, 23.2332319], [77.4388436, 23.2339417], [77.4392566, 23.231422], [77.4394032, 23.2314306], [77.4404632, 23.2325296], [77.441596, 23.2332319]]]}, "properties": {"kind": "landuse", "name": "Sector B", "osm_id": 488543830, "tag": "residential"}}, {"type": "Feature", "geometry": {"type": "Polygon", "coordinates": [[[77.4392566, 23.231422], [77.4388436, 23.2339417], [77.4380965, 23.2340953], [77.436852, 23.2338529], [77.4374989, 23.231186], [77.4376437, 23.2304154], [77.438399, 23.2281957], [77.4385249, 23.2281417], [77.4386089, 23.229461], [77.439035, 23.2308571], [77.4394032, 23.2314306], [77.4392566, 23.231422]]]}, "properties": {"kind": "landuse", "name": "Sector A", "osm_id": 488544009, "tag": "residential"}}, {"type": "Feature", "geometry": {"type": "Polygon", "coordinates": [[[77.4420747, 23.218747], [77.4432906, 23.2199381], [77.4427837, 23.2200055], [77.4428525, 23.2206147], [77.4428641, 23.2212482], [77.4427214, 23.2212496], [77.4421709, 23.2212594], [77.4421492, 23.2206922], [77.4420755, 23.2187681], [77.4420747, 23.218747]]]}, "properties": {"kind": "landuse", "name": "Habibganj Slums", "osm_id": 488546886, "tag": "residential"}}, {"type": "Feature", "geometry": {"type": "Polygon", "coordinates": [[[77.4432499, 23.2207101], [77.4420755, 23.2187681], [77.4421056, 23.2172672], [77.4457031, 23.2174521], [77.445603, 23.2198449], [77.4455018, 23.2211597], [77.4454731, 23.2218004], [77.4431925, 23.2217783], [77.4432365, 23.2207871], [77.4432499, 23.2207101]]]}, "properties": {"kind": "landuse", "name": "Bengali Colony", "osm_id": 488547142, "tag": "residential"}}, {"type": "Feature", "geometry": {"type": "Polygon", "coordinates": [[[77.3984971, 23.2300497], [77.398893, 23.2271002], [77.4020168, 23.2274034], [77.4017379, 23.2303192], [77.4015128, 23.2303005], [77.3984971, 23.2300497]]]}, "properties": {"kind": "landuse", "name": "Sunhari Bagh", "osm_id": 488547723, "tag": "residential"}}, {"type": "Feature", "geometry": {"type": "Polygon", "coordinates": [[[77.3936718, 23.2259224], [77.3941987, 23.2257634], [77.3980994, 23.224526], [77.4022379, 23.2244421], [77.4017379, 23.2303192], [77.4010563, 23.2374318], [77.3940215, 23.2317445], [77.3936056, 23.231401], [77.3941523, 23.2308274], [77.393787, 23.2304913], [77.3948109, 23.2294327], [77.3943182, 23.2275477], [77.3936718, 23.2259224]]]}, "properties": {"kind": "landuse", "name": "STT Nagar", "osm_id": 488548577, "tag": "residential"}}, {"type": "Feature", "geometry": {"type": "Polygon", "coordinates": [[[77.3877313, 23.2333014], [77.3877077, 23.2313377], [77.3876282, 23.2296782], [77.3881834, 23.2282395], [77.3887504, 23.2273541], [77.3936231, 23.2313643], [77.3936524, 23.2313885], [77.3977734, 23.2347799], [77.3987043, 23.2356538], [77.401147, 23.2377448], [77.397938, 23.2412715], [77.3968689, 23.2441472], [77.3961695, 23.2428415], [77.3953966, 23.2415554], [77.3952304, 23.2414203], [77.3921294, 23.2388999], [77.3898229, 23.2369464], [77.3879378, 23.2345056], [77.3877313, 23.2333014]]]}, "properties": {"kind": "landuse", "name": "North TT Nagar", "osm_id": 488549157, "tag": "residential"}}, {"type": "Feature", "geometry": {"type": "Polygon", "coordinates": [[[77.3963423, 23.2381458], [77.398752, 23.2356077], [77.4011551, 23.2375953], [77.4003484, 23.238871], [77.3988084, 23.2404348], [77.3987541, 23.2403844], [77.3963423, 23.2381458]]]}, "properties": {"kind": "landuse", "name": "45 Bunglows", "osm_id": 488549261, "tag": "residential"}}, {"type": "Feature", "geometry": {"type": "Polygon", "coordinates": [[[77.3987467, 23.240252], [77.3970705, 23.2438222], [77.3967159, 23.2441942], [77.3962047, 23.2429399], [77.3952304, 23.2414203], [77.3931275, 23.2396734], [77.3909011, 23.2379088], [77.3900412, 23.2371595], [77.3879378, 23.2345056], [77.3877313, 23.2333014], [77.3886521, 23.2276292], [77.3931911, 23.2309298], [77.3936056, 23.231401], [77.3941523, 23.2308274], [77.393787, 23.2304913], [77.3948109, 23.2294327], [77.3947391, 23.2272229], [77.3941987, 23.2257634], [77.3986424, 23.2244101], [77.4024042, 23.2246202], [77.4015927, 23.2330188], [77.401137, 23.2377905], [77.3987467, 23.240252]]]}, "properties": {"kind": "landuse", "name": "Police Radio Colony", "osm_id": 488550127, "tag": "residential"}}, {"type": "Feature", "geometry": {"type": "Polygon", "coordinates": [[[77.3873521, 23.2302752], [77.3889274, 23.2275086], [77.3887194, 23.2273696], [77.3868276, 23.2259541], [77.3853035, 23.2279115], [77.384937, 23.2293261], [77.3855029, 23.2295553], [77.3873521, 23.2302752]]]}, "properties": {"kind": "landuse", "name": "Police Radio Colony", "osm_id": 492532542, "tag": "residential"}}, {"type": "Feature", "geometry": {"type": "Polygon", "coordinates": [[[77.356451, 23.192778], [77.3612956, 23.1933783], [77.3606611, 23.1916128], [77.3605405, 23.1891297], [77.3567837, 23.1886188], [77.356451, 23.192778]]]}, "properties": {"kind": "landuse", "name": "Vishal Nagar", "osm_id": 492545505, "tag": "residential"}}, {"type": "Feature", "geometry": {"type": "Polygon", "coordinates": [[[77.3336849, 23.1961028], [77.3363028, 23.2018421], [77.3418389, 23.2043073], [77.3460446, 23.2044454], [77.3494778, 23.2017435], [77.3534744, 23.1999941], [77.3566447, 23.1960436], [77.356414, 23.1928756], [77.3536191, 23.1877202], [77.3505078, 23.1848996], [77.3493061, 23.1812702], [77.3377404, 23.1816647], [77.3330412, 23.1826904], [77.3286853, 23.1872271], [77.3279128, 23.1916058], [77.3315392, 23.194308], [77.3336849, 23.1961028]]]}, "properties": {"kind": "landuse", "name": "Neelbad", "osm_id": 492550670, "tag": "residential"}}, {"type": "Feature", "geometry": {"type": "Polygon", "coordinates": [[[77.3342626, 23.1908646], [77.3427821, 23.193314], [77.3433346, 23.1934946], [77.3407063, 23.1966655], [77.3380194, 23.1964184], [77.3336635, 23.1927301], [77.3342626, 23.1908646]]]}, "properties": {"kind": "landuse", "name": "Neel Sagar Colony", "osm_id": 492551879, "tag": "residential"}}, {"type": "Feature", "geometry": {"type": "Polygon", "coordinates": [[[77.3403857, 23.1908935], [77.3405693, 23.1902737], [77.3407624, 23.1887944], [77.3420928, 23.1880054], [77.3418138, 23.1864472], [77.3373935, 23.1879068], [77.3364631, 23.1878948], [77.3403857, 23.1908935]]]}, "properties": {"kind": "landuse", "name": "New TT Nagar", "osm_id": 492554497, "tag": "residential"}}, {"type": "Feature", "geometry": {"type": "Polygon", "coordinates": [[[77.3183352, 23.1698892], [77.3231632, 23.1753534], [77.3318174, 23.1706711], [77.3363168, 23.1575593], [77.3299653, 23.1568688], [77.3187173, 23.1669054], [77.3183352, 23.1698892]]]}, "properties": {"kind": "landuse", "name": "Ratibad", "osm_id": 492555372, "tag": "residential"}}, {"type": "Feature", "geometry": {"type": "Polygon", "coordinates": [[[77.3912656, 23.241005], [77.391786, 23.2405268], [77.3903712, 23.2394659], [77.3899809, 23.2397647], [77.3912656, 23.241005]]]}, "properties": {"kind": "landuse", "name": "Krishna Nagar Slums", "osm_id": 492556587, "tag": "residential"}}, {"type": "Feature", "geometry": {"type": "Polygon", "coordinates": [[[77.3919701, 23.2405061], [77.3902597, 23.2393381], [77.3897397, 23.2397788], [77.3896911, 23.2400321], [77.38938, 23.2403869], [77.3892542, 23.240394], [77.3885589, 23.2415058], [77.3884171, 23.2418762], [77.389478, 23.2420164], [77.3887407, 23.2436393], [77.3882226, 23.2449835], [77.3899476, 23.2460895], [77.3905459, 23.2463919], [77.3918451, 23.2479976], [77.3929188, 23.2481946], [77.3932161, 23.2484002], [77.3933942, 23.2489039], [77.3939041, 23.2494178], [77.3942778, 23.2496176], [77.3944977, 23.2498266], [77.3946398, 23.2500647], [77.3952718, 23.2505655], [77.3957152, 23.2505325], [77.3957869, 23.2504738], [77.3955925, 23.2496545], [77.3959071, 23.2491274], [77.3962611, 23.2484024], [77.3964197, 23.2478292], [77.3972144, 23.246338], [77.397065, 23.2453798], [77.3968984, 23.2443643], [77.3970132, 23.2442134], [77.3967873, 23.2441568], [77.3965011, 23.2439792], [77.3960626, 23.2426712], [77.3960021, 23.2427035], [77.3951846, 23.2431392], [77.3945389, 23.2434376], [77.3940273, 23.2432756], [77.393279, 23.2444773], [77.3927158, 23.2440425], [77.393469, 23.2431841], [77.3948337, 23.2423302], [77.3924152, 23.2411083], [77.391786, 23.2405268], [77.3919701, 23.2405061]]]}, "properties": {"kind": "landuse", "name": "Krishna Nagar", "osm_id": 492557360, "tag": "residential"}}, {"type": "Feature", "geometry": {"type": "Polygon", "coordinates": [[[77.4042198, 23.2466614], [77.404452, 23.2462906], [77.401058, 23.2436468], [77.4009051, 23.2429104], [77.4009065, 23.24255], [77.4011774, 23.2424031], [77.3988088, 23.2404381], [77.397799, 23.2418483], [77.3974059, 23.2434793], [77.3970043, 23.2443532], [77.3970058, 23.2444319], [77.3969924, 23.2444866], [77.3969555, 23.2447143], [77.3973994, 23.2461434], [77.3967998, 23.2478199], [77.3971581, 23.2487642], [77.3973459, 23.248986], [77.3985743, 23.2489071], [77.4008971, 23.2476306], [77.4015945, 23.2474334], [77.402249, 23.2470046], [77.402544, 23.2468025], [77.4035364, 23.24663], [77.4042198, 23.2466614]]]}, "properties": {"kind": "landuse", "name": "Professors Colony", "osm_id": 492557876, "tag": "residential"}}, {"type": "Feature", "geometry": {"type": "Polygon", "coordinates": [[[77.3974177, 23.2484259], [77.3979825, 23.248535], [77.3981051, 23.2483074], [77.3983348, 23.2478812], [77.3972208, 23.2474144], [77.3969373, 23.2479229], [77.3974177, 23.2484259]]]}, "properties": {"kind": "landuse", "name": "Civil Lines", "osm_id": 492558186, "tag": "residential"}}, {"type": "Feature", "geometry": {"type": "Polygon", "coordinates": [[[77.3985088, 23.2528144], [77.3981495, 23.2516589], [77.3991777, 23.2504864], [77.4002403, 23.2500053], [77.4031343, 23.2514376], [77.4043338, 23.2527379], [77.4043602, 23.2532702], [77.3986556, 23.2536619], [77.3985088, 23.2528144]]]}, "properties": {"kind": "landuse", "name": "Talaiya", "osm_id": 492558941, "tag": "residential"}}, {"type": "Feature", "geometry": {"type": "Polygon", "coordinates": [[[77.4043602, 23.2532702], [77.4048501, 23.2549309], [77.4057829, 23.2550475], [77.4062317, 23.2552073], [77.4071435, 23.2552597], [77.4079699, 23.2550009], [77.40822, 23.2549101], [77.4088262, 23.2547146], [77.4093716, 23.2546388], [77.4091495, 23.2542558], [77.4089178, 23.25424], [77.408789, 23.2536328], [77.4081889, 23.2532949], [77.4076402, 23.2525419], [77.407048, 23.2522565], [77.4056107, 23.2514757], [77.4053318, 23.2507068], [77.405618, 23.2503987], [77.4039952, 23.2498151], [77.4034652, 23.2497379], [77.4028301, 23.2497593], [77.4026779, 23.2497135], [77.4015449, 23.2499501], [77.4002403, 23.2500053], [77.4031343, 23.2514376], [77.4043338, 23.2527379], [77.4043602, 23.2532702]]]}, "properties": {"kind": "landuse", "name": "Budhwara", "osm_id": 492560732, "tag": "residential"}}, {"type": "Feature", "geometry": {"type": "Polygon", "coordinates": [[[77.3986961, 23.2587043], [77.3988752, 23.2582969], [77.3986078, 23.2558585], [77.4001648, 23.2558749], [77.4048501, 23.2549309], [77.4050498, 23.2559296], [77.4055253, 23.2581049], [77.4057253, 23.2584041], [77.4054277, 23.2587625], [77.4037882, 23.2587673], [77.4036563, 23.2580363], [77.4026498, 23.2580376], [77.4027344, 23.2587724], [77.4023828, 23.2587615], [77.4019364, 23.2589691], [77.4015518, 23.2587388], [77.3995281, 23.2587972], [77.3986961, 23.2587043]]]}, "properties": {"kind": "landuse", "name": "Ibrahimpura", "osm_id": 492561537, "tag": "residential"}}, {"type": "Feature", "geometry": {"type": "Polygon", "coordinates": [[[77.4043602, 23.2532702], [77.404333, 23.2536712], [77.4048501, 23.2549309], [77.4001648, 23.2558749], [77.3986078, 23.2558585], [77.3986556, 23.2536619], [77.4043602, 23.2532702]]]}, "properties": {"kind": "landuse", "name": "Chowki Talaiya", "osm_id": 492562323, "tag": "residential"}}, {"type": "Feature", "geometry": {"type": "Polygon", "coordinates": [[[77.3988736, 23.2591784], [77.3984937, 23.2590769], [77.3985965, 23.2586985], [77.3995281, 23.2587972], [77.3995445, 23.2590736], [77.3997288, 23.2594105], [77.4001113, 23.2595665], [77.3999472, 23.2602594], [77.3997268, 23.2603919], [77.3989478, 23.2601902], [77.3988736, 23.2591784]]]}, "properties": {"kind": "landuse", "name": "Peetal Nagri", "osm_id": 492563609, "tag": "residential"}}, {"type": "Feature", "geometry": {"type": "Polygon", "coordinates": [[[77.4079699, 23.2549825], [77.4071435, 23.2552597], [77.4062317, 23.2552073], [77.4057829, 23.2550475], [77.4048501, 23.2549309], [77.4001648, 23.2558749], [77.3986078, 23.2558585], [77.3986363, 23.2551525], [77.3983723, 23.2546392], [77.3969755, 23.2551032], [77.3928534, 23.2568509], [77.3939635, 23.2571374], [77.3940812, 23.2573699], [77.3940643, 23.2573771], [77.39391, 23.2574613], [77.3948115, 23.2587324], [77.3949976, 23.2586595], [77.3953476, 23.2593642], [77.3939875, 23.2601733], [77.3935159, 23.2604538], [77.3936973, 23.2636816], [77.3933196, 23.2669227], [77.3950569, 23.2668065], [77.3983952, 23.2672441], [77.4006112, 23.2663121], [77.4025976, 23.2656475], [77.4062652, 23.2644039], [77.411337, 23.26422], [77.4110033, 23.260793], [77.412218, 23.2610727], [77.414352, 23.2591471], [77.412588, 23.2564472], [77.4113246, 23.2542272], [77.4088388, 23.2548459], [77.4079699, 23.2549825]]]}, "properties": {"kind": "landuse", "name": "Peer Gate Area", "osm_id": 492940932, "tag": "residential"}}, {"type": "Feature", "geometry": {"type": "Polygon", "coordinates": [[[77.3982797, 23.2590291], [77.3988752, 23.2582969], [77.3988726, 23.2582728], [77.3986078, 23.2558585], [77.396489, 23.2569445], [77.3957895, 23.2578731], [77.3949976, 23.2586595], [77.3982797, 23.2590291]]]}, "properties": {"kind": "landuse", "name": "Peer Gate", "osm_id": 492941783, "tag": "residential"}}, {"type": "Feature", "geometry": {"type": "Polygon", "coordinates": [[[77.3953476, 23.2593642], [77.3982401, 23.2591773], [77.3988752, 23.2582969], [77.3986078, 23.2558585], [77.3986556, 23.2536619], [77.3983451, 23.2524784], [77.3980187, 23.2528273], [77.39777, 23.2535997], [77.3969755, 23.2551032], [77.3928534, 23.2568509], [77.3939635, 23.2571374], [77.3940812, 23.2573699], [77.3939073, 23.257531], [77.3942775, 23.2581022], [77.3948115, 23.2587324], [77.3949976, 23.2586595], [77.3953476, 23.2593642]]]}, "properties": {"kind": "landuse", "name": "Nakkar Khana", "osm_id": 492942300, "tag": "residential"}}, {"type": "Feature", "geometry": {"type": "Polygon", "coordinates": [[[77.3709977, 23.2650434], [77.3710216, 23.2635842], [77.3731799, 23.2632307], [77.3734432, 23.2637844], [77.3745483, 23.2635068], [77.3747317, 23.2620999], [77.3790615, 23.2612061], [77.3787218, 23.2606241], [77.3767703, 23.2606452], [77.376253, 23.2604283], [77.3739897, 23.2604049], [77.3718757, 23.2611058], [77.3708737, 23.2611949], [77.3694792, 23.2610125], [77.3686694, 23.2604016], [77.3718983, 23.2568846], [77.3703812, 23.2566519], [77.3680788, 23.2570423], [77.36471, 23.2568846], [77.3648895, 23.2581476], [77.3650104, 23.2589348], [77.3645598, 23.2598023], [77.365225, 23.261537], [77.3677999, 23.2629958], [77.3683763, 23.2635029], [77.368879, 23.2626681], [77.3696238, 23.2638041], [77.3709977, 23.2650434]]]}, "properties": {"kind": "landuse", "name": "Khanugaon", "osm_id": 492947009, "tag": "residential"}}, {"type": "Feature", "geometry": {"type": "Polygon", "coordinates": [[[77.3700308, 23.2607721], [77.3694871, 23.2610301], [77.3686037, 23.2604016], [77.3672157, 23.2602065], [77.3674322, 23.2592391], [77.3685998, 23.2598912], [77.3691442, 23.2596208], [77.368272, 23.2587377], [77.3692206, 23.2585165], [77.3696714, 23.2582081], [77.3705305, 23.2586336], [77.3700826, 23.2592678], [77.3700308, 23.2607721]]]}, "properties": {"kind": "landuse", "name": "Rizwan Bagh", "osm_id": 492947773, "tag": "residential"}}, {"type": "Feature", "geometry": {"type": "Polygon", "coordinates": [[[77.370361, 23.2727796], [77.3723032, 23.27254], [77.3747662, 23.2723711], [77.3760865, 23.2707602], [77.3743454, 23.2703263], [77.3731347, 23.2694136], [77.3724631, 23.2681779], [77.3691166, 23.2679748], [77.3676508, 23.2682826], [77.3683622, 23.2700328], [77.3687562, 23.2714245], [77.3697408, 23.2724844], [77.3698707, 23.2726176], [77.3700155, 23.2727063], [77.3701912, 23.2727593], [77.370361, 23.2727796]]]}, "properties": {"kind": "landuse", "name": "NRI Colony", "osm_id": 492951413, "tag": "residential"}}, {"type": "Feature", "geometry": {"type": "Polygon", "coordinates": [[[77.3723032, 23.27254], [77.3747662, 23.2723711], [77.3755283, 23.2717585], [77.3761928, 23.2722081], [77.3762864, 23.2723951], [77.3759632, 23.273664], [77.3763451, 23.2752378], [77.374735, 23.2766949], [77.3725485, 23.2774856], [77.3723039, 23.2764244], [77.3721367, 23.2759391], [77.3721003, 23.2758334], [77.3706902, 23.2740718], [77.3703067, 23.2736479], [77.3702113, 23.273597], [77.3701523, 23.2734849], [77.3701228, 23.273374], [77.3702314, 23.2731744], [77.3703924, 23.2730537], [77.3713097, 23.2728196], [77.3723032, 23.27254]]]}, "properties": {"kind": "landuse", "name": "Kollu Kheri", "osm_id": 492953162, "tag": "residential"}}, {"type": "Feature", "geometry": {"type": "Polygon", "coordinates": [[[77.3764681, 23.2779389], [77.3797001, 23.2779749], [77.3794131, 23.2734192], [77.3787325, 23.2738932], [77.3764315, 23.2741004], [77.3760078, 23.2740718], [77.3764681, 23.2779389]]]}, "properties": {"kind": "landuse", "name": "BDA Colony", "osm_id": 492955955, "tag": "residential"}}, {"type": "Feature", "geometry": {"type": "Polygon", "coordinates": [[[77.3838745, 23.2730192], [77.3837873, 23.2723724], [77.3837873, 23.2717207], [77.3837551, 23.2709063], [77.3847174, 23.2708564], [77.3847509, 23.2713314], [77.3847684, 23.2716967], [77.3850641, 23.2731904], [77.3845196, 23.2730315], [77.3843774, 23.2729995], [77.3838745, 23.2730192]]]}, "properties": {"kind": "landuse", "name": "Bright Colony", "osm_id": 492957227, "tag": "residential"}}, {"type": "Feature", "geometry": {"type": "Polygon", "coordinates": [[[77.386882, 23.272544], [77.3881206, 23.2724063], [77.3879757, 23.271328], [77.38684, 23.2713533], [77.3868672, 23.2719755], [77.3868052, 23.2719802], [77.386882, 23.272544]]]}, "properties": {"kind": "landuse", "name": "PNB Colony", "osm_id": 492958190, "tag": "residential"}}, {"type": "Feature", "geometry": {"type": "Polygon", "coordinates": [[[77.3847152, 23.2708294], [77.384791, 23.2716968], [77.3851228, 23.2732384], [77.3861155, 23.2734228], [77.3867222, 23.2731855], [77.3874006, 23.2732068], [77.3882462, 23.2734418], [77.3879757, 23.271328], [77.3879063, 23.2702893], [77.3877635, 23.2684402], [77.3877939, 23.2676096], [77.3876161, 23.2657453], [77.3851893, 23.2679216], [77.384461, 23.268744], [77.3838309, 23.2704239], [77.3836388, 23.2708975], [77.3847152, 23.2708294]]]}, "properties": {"kind": "landuse", "name": "Neelkanth Colony", "osm_id": 492959868, "tag": "residential"}}, {"type": "Feature", "geometry": {"type": "Polygon", "coordinates": [[[77.3827903, 23.2638867], [77.3829915, 23.2641097], [77.3848913, 23.2630239], [77.3853098, 23.2638617], [77.3824559, 23.2657443], [77.3817049, 23.2662026], [77.3803048, 23.2661385], [77.3803209, 23.2657344], [77.3807393, 23.2652613], [77.381206, 23.2648572], [77.3827903, 23.2638867]]]}, "properties": {"kind": "landuse", "name": "Idgah Hills Slums", "osm_id": 492964502, "tag": "residential"}}, {"type": "Feature", "geometry": {"type": "Polygon", "coordinates": [[[77.3933575, 23.2698259], [77.3933277, 23.2678636], [77.3898311, 23.2678027], [77.3893444, 23.264912], [77.3883781, 23.2653045], [77.3876161, 23.2657453], [77.3882462, 23.2734418], [77.393357, 23.2738741], [77.3936764, 23.2724886], [77.3940505, 23.270896], [77.3942198, 23.2700467], [77.3933575, 23.2698259]]]}, "properties": {"kind": "landuse", "name": "Niyamatpura", "osm_id": 492965094, "tag": "residential"}}, {"type": "Feature", "geometry": {"type": "Polygon", "coordinates": [[[77.388951, 23.2713048], [77.3920256, 23.2710505], [77.3920571, 23.2708323], [77.3932298, 23.2708514], [77.3933277, 23.2678636], [77.3890173, 23.2678177], [77.388959, 23.2712588], [77.388951, 23.2713048]]]}, "properties": {"kind": "landuse", "name": "Khwaspura", "osm_id": 492965901, "tag": "residential"}}, {"type": "Feature", "geometry": {"type": "Polygon", "coordinates": [[[77.4004774, 23.2663497], [77.3983952, 23.2672441], [77.3948463, 23.2668201], [77.3933293, 23.2669413], [77.3933575, 23.2698259], [77.3937283, 23.270147], [77.3993788, 23.2704028], [77.4011048, 23.2701732], [77.4004774, 23.2663497]]]}, "properties": {"kind": "landuse", "name": "Badabagh", "osm_id": 492966785, "tag": "residential"}}, {"type": "Feature", "geometry": {"type": "Polygon", "coordinates": [[[77.3898311, 23.2678027], [77.3933277, 23.2678636], [77.3933217, 23.2669339], [77.3983952, 23.2672441], [77.4004475, 23.26622], [77.4007656, 23.2702417], [77.4023203, 23.2744965], [77.4030012, 23.2762826], [77.4024264, 23.2764707], [77.4016287, 23.2770477], [77.4003843, 23.2771667], [77.3985586, 23.2771129], [77.3982974, 23.2766786], [77.3967318, 23.277445], [77.3958751, 23.2773963], [77.3954599, 23.2766608], [77.3950983, 23.2761038], [77.3931719, 23.2746857], [77.3940429, 23.2708988], [77.3942218, 23.2700439], [77.3932964, 23.2697384], [77.3929342, 23.2699101], [77.3911257, 23.2700827], [77.3889506, 23.2702556], [77.3890173, 23.2678177], [77.3898311, 23.2678027]]]}, "properties": {"kind": "landuse", "name": "Shahjahanabad", "osm_id": 492968867, "tag": "residential"}}, {"type": "Feature", "geometry": {"type": "Polygon", "coordinates": [[[77.3849217, 23.2766659], [77.3929193, 23.2757874], [77.3940429, 23.2708988], [77.3920571, 23.2708323], [77.3919684, 23.2710926], [77.3862492, 23.2713963], [77.3849217, 23.2766659]]]}, "properties": {"kind": "landuse", "name": "Ram Nagar Colony", "osm_id": 492971024, "tag": "residential"}}, {"type": "Feature", "geometry": {"type": "Polygon", "coordinates": [[[77.4004774, 23.2663497], [77.4010915, 23.2700999], [77.4011086, 23.2701008], [77.4042137, 23.2702643], [77.4077052, 23.2694723], [77.4090037, 23.2688852], [77.409709, 23.2685664], [77.4044724, 23.2649897], [77.4004475, 23.26622], [77.4004774, 23.2663497]]]}, "properties": {"kind": "landuse", "name": "Ibrahimganj", "osm_id": 492975239, "tag": "residential"}}, {"type": "Feature", "geometry": {"type": "Polygon", "coordinates": [[[77.4012023, 23.2643608], [77.4014464, 23.2630842], [77.4002885, 23.2619553], [77.3996123, 23.2617756], [77.3989418, 23.261556], [77.3991255, 23.2614139], [77.401085, 23.2617057], [77.4046323, 23.2614526], [77.4049979, 23.2619655], [77.4014679, 23.2643037], [77.4010571, 23.2645244], [77.4012023, 23.2643608]]]}, "properties": {"kind": "landuse", "name": "Jumerati", "osm_id": 492975240, "tag": "residential"}}, {"type": "Feature", "geometry": {"type": "Polygon", "coordinates": [[[77.4012655, 23.2700603], [77.4045072, 23.2702258], [77.4069891, 23.2696734], [77.409709, 23.2685664], [77.4062742, 23.266163], [77.4048529, 23.2654253], [77.404472, 23.2649824], [77.4004774, 23.2663497], [77.4011119, 23.2701713], [77.4012655, 23.2700603]]]}, "properties": {"kind": "landuse", "name": "Ibrahimganj", "osm_id": 492975825, "tag": "commercial"}}, {"type": "Feature", "geometry": {"type": "Polygon", "coordinates": [[[77.4004607, 23.2662228], [77.4004774, 23.2663497], [77.4062763, 23.2643921], [77.4111621, 23.2642283], [77.4107562, 23.2614462], [77.4105848, 23.2592202], [77.4052315, 23.261791], [77.4034369, 23.2632572], [77.4033469, 23.2633307], [77.4016947, 23.264212], [77.4010688, 23.2645337], [77.4004607, 23.2662228]]]}, "properties": {"kind": "landuse", "name": "Ghora Nakkas", "osm_id": 492976098, "tag": "commercial"}}, {"type": "Feature", "geometry": {"type": "Polygon", "coordinates": [[[77.3982797, 23.2590291], [77.3984937, 23.2590769], [77.3986961, 23.2587043], [77.4015518, 23.2587388], [77.4019364, 23.2589691], [77.4023828, 23.2587615], [77.4027344, 23.2587724], [77.4027328, 23.2580398], [77.4037722, 23.258033], [77.4038155, 23.2587668], [77.4055681, 23.2587625], [77.4056613, 23.2593204], [77.4055221, 23.2616787], [77.4054927, 23.2616901], [77.4052315, 23.261791], [77.4049158, 23.2613573], [77.4024527, 23.2614607], [77.4019766, 23.2615906], [77.4018964, 23.2615753], [77.3991255, 23.2614139], [77.3987403, 23.2616275], [77.3982401, 23.2591773], [77.3982797, 23.2590291]]]}, "properties": {"kind": "landuse", "name": "Azad Market", "osm_id": 492977427, "tag": "commercial"}}, {"type": "Feature", "geometry": {"type": "Polygon", "coordinates": [[[77.3991932, 23.2635478], [77.3997689, 23.2634749], [77.400116, 23.2631788], [77.4003569, 23.2630714], [77.400287, 23.2619642], [77.3989393, 23.2615639], [77.3987638, 23.2617461], [77.3991932, 23.2635478]]]}, "properties": {"kind": "landuse", "name": "Aliganj", "osm_id": 492979112, "tag": "residential"}}, {"type": "Feature", "geometry": {"type": "Polygon", "coordinates": [[[77.4127316, 23.2548008], [77.4137259, 23.2542965], [77.4145837, 23.2546162], [77.415792, 23.2547989], [77.4154458, 23.2556875], [77.4146889, 23.2556491], [77.4127316, 23.2548008]]]}, "properties": {"kind": "landuse", "name": "Barkhedi", "osm_id": 492982577, "tag": "residential"}}, {"type": "Feature", "geometry": {"type": "Polygon", "coordinates": [[[77.4153397, 23.251146], [77.4165698, 23.2508329], [77.417638, 23.2506454], [77.4189538, 23.2504718], [77.4189156, 23.2486097], [77.417419, 23.2482396], [77.4155971, 23.2481046], [77.4153397, 23.251146]]]}, "properties": {"kind": "landuse", "name": "Jinsi", "osm_id": 492983332, "tag": "residential"}}, {"type": "Feature", "geometry": {"type": "Polygon", "coordinates": [[[77.4232526, 23.2442111], [77.4204288, 23.2431228], [77.4192189, 23.2432909], [77.4182002, 23.2441742], [77.4181428, 23.2442663], [77.415594, 23.2480835], [77.417429, 23.2482335], [77.4189156, 23.2486097], [77.4189176, 23.2486104], [77.4198609, 23.249021], [77.4220604, 23.250278], [77.4220615, 23.2502786], [77.4236055, 23.2476669], [77.4224468, 23.2477008], [77.4232526, 23.2442111]]]}, "properties": {"kind": "landuse", "name": "C.L.Colony", "osm_id": 492983625, "tag": "residential"}}, {"type": "Feature", "geometry": {"type": "Polygon", "coordinates": [[[77.422118, 23.2501945], [77.4239264, 23.2501163], [77.4263879, 23.2492974], [77.4271789, 23.2475995], [77.423771, 23.2477021], [77.422118, 23.2501945]]]}, "properties": {"kind": "landuse", "name": "Afzal Colony", "osm_id": 492985173, "tag": "residential"}}, {"type": "Feature", "geometry": {"type": "Polygon", "coordinates": [[[77.4307073, 23.2455533], [77.4314823, 23.2447304], [77.431173, 23.2437909], [77.4306563, 23.243859], [77.4298316, 23.2438467], [77.4291995, 23.2434366], [77.4286023, 23.2431745], [77.4277813, 23.2448048], [77.4307073, 23.2455533]]]}, "properties": {"kind": "landuse", "name": "Slums (Arera Hills)", "osm_id": 492985564, "tag": "residential"}}, {"type": "Feature", "geometry": {"type": "Polygon", "coordinates": [[[77.4059944, 23.2334123], [77.405872, 23.234085], [77.4052298, 23.2342138], [77.4040943, 23.2348806], [77.4036881, 23.2358285], [77.4041615, 23.2360195], [77.4049788, 23.2354342], [77.4076878, 23.2362307], [77.4105433, 23.2362617], [77.4112366, 23.2358763], [77.4122167, 23.235566], [77.4122911, 23.2355127], [77.4137153, 23.2346941], [77.4132705, 23.2320692], [77.4090633, 23.233382], [77.405157, 23.2334179], [77.4059944, 23.2334123]]]}, "properties": {"kind": "landuse", "name": "Nishat Colony", "osm_id": 492986541, "tag": "residential"}}, {"type": "Feature", "geometry": {"type": "Polygon", "coordinates": [[[77.4079916, 23.2376311], [77.4117129, 23.2356928], [77.4133677, 23.2346238], [77.4134179, 23.232221], [77.4155263, 23.2316294], [77.4161509, 23.2326188], [77.4167061, 23.233028], [77.4186641, 23.2326312], [77.4185294, 23.233233], [77.418324, 23.2338686], [77.4185694, 23.2349725], [77.4142704, 23.2383411], [77.4134398, 23.2389631], [77.412089, 23.2391163], [77.4108119, 23.2383402], [77.4079916, 23.2376311]]]}, "properties": {"kind": "landuse", "name": "Bhim Nagar Slums", "osm_id": 492987375, "tag": "residential"}}, {"type": "Feature", "geometry": {"type": "Polygon", "coordinates": [[[77.4281348, 23.235119], [77.4302443, 23.2336536], [77.4300729, 23.2353312], [77.4306432, 23.2371131], [77.4308591, 23.2377751], [77.4323436, 23.2429929], [77.4328973, 23.2449458], [77.431996, 23.246113], [77.4244574, 23.2440216], [77.4246401, 23.2434829], [77.4229261, 23.2425759], [77.422725, 23.2427558], [77.4216072, 23.2420176], [77.4217718, 23.2412197], [77.4214618, 23.2414331], [77.4211381, 23.2416672], [77.4182614, 23.2420515], [77.4133566, 23.243133], [77.4114896, 23.2418946], [77.409643, 23.2402433], [77.4084641, 23.233289], [77.4123676, 23.2323017], [77.4186834, 23.2311309], [77.4270582, 23.2309614], [77.4276064, 23.2309864], [77.4281819, 23.2325572], [77.4281348, 23.235119]]]}, "properties": {"kind": "landuse", "name": "Arera Hills", "osm_id": 492988808, "tag": "residential"}}, {"type": "Feature", "geometry": {"type": "Polygon", "coordinates": [[[77.4144735, 23.2579875], [77.4146439, 23.2573768], [77.4153989, 23.2556652], [77.415792, 23.2547989], [77.4153799, 23.2534626], [77.4147111, 23.2523434], [77.4163991, 23.2518604], [77.4190227, 23.251081], [77.4220615, 23.2502786], [77.423011, 23.2525321], [77.4167174, 23.2569886], [77.4156796, 23.2576501], [77.4144735, 23.2579875]]]}, "properties": {"kind": "landuse", "name": "Jr LIG Colony", "osm_id": 492991048, "tag": "residential"}}, {"type": "Feature", "geometry": {"type": "Polygon", "coordinates": [[[77.4280158, 23.2496587], [77.431993, 23.2469917], [77.43221, 23.2473082], [77.4315772, 23.2483217], [77.430729, 23.2522862], [77.4301538, 23.2523335], [77.4300235, 23.2515706], [77.4280158, 23.2496587]]]}, "properties": {"kind": "landuse", "name": "Padmanabh Nagar", "osm_id": 492991976, "tag": "residential"}}, {"type": "Feature", "geometry": {"type": "Polygon", "coordinates": [[[77.4232477, 23.2528495], [77.4316725, 23.2469655], [77.431993, 23.2469917], [77.43221, 23.2473082], [77.432355, 23.2474897], [77.4315601, 23.2480466], [77.4309262, 23.2521397], [77.4287864, 23.2527739], [77.4268768, 23.2531018], [77.4254885, 23.2528621], [77.4232477, 23.2528495]]]}, "properties": {"kind": "landuse", "name": "Old Subhash Nagar", "osm_id": 492992421, "tag": "residential"}}, {"type": "Feature", "geometry": {"type": "Polygon", "coordinates": [[[77.4235648, 23.2542508], [77.4232477, 23.2528495], [77.4248745, 23.2518948], [77.4254887, 23.2528622], [77.4261442, 23.2530756], [77.4253332, 23.253556], [77.4235648, 23.2542508]]]}, "properties": {"kind": "landuse", "name": "Morarji Nagar", "osm_id": 492993118, "tag": "residential"}}, {"type": "Feature", "geometry": {"type": "Polygon", "coordinates": [[[77.4290476, 23.2552864], [77.4274798, 23.2548544], [77.4270093, 23.2542085], [77.4274949, 23.2541034], [77.4295906, 23.254343], [77.4291751, 23.2550956], [77.4290476, 23.2552864]]]}, "properties": {"kind": "landuse", "name": "Tulsi Nagar", "osm_id": 492993260, "tag": "residential"}}, {"type": "Feature", "geometry": {"type": "Polygon", "coordinates": [[[77.4242685, 23.2592977], [77.4239492, 23.2591541], [77.4238995, 23.2591318], [77.420032, 23.2598326], [77.4195358, 23.2597833], [77.419195, 23.2586659], [77.4191335, 23.2577875], [77.4189882, 23.2566172], [77.4185719, 23.2562294], [77.4231522, 23.2529243], [77.4249408, 23.2520382], [77.4258493, 23.253016], [77.4278673, 23.2529468], [77.4285949, 23.2527999], [77.425664, 23.2560856], [77.4253709, 23.2564239], [77.4254615, 23.2573741], [77.4245892, 23.2575202], [77.4239362, 23.2576119], [77.4242685, 23.2592977]]]}, "properties": {"kind": "landuse", "name": "Aish Bagh", "osm_id": 492994656, "tag": "residential"}}, {"type": "Feature", "geometry": {"type": "Polygon", "coordinates": [[[77.4191669, 23.2582189], [77.4179456, 23.258973], [77.4169469, 23.2572796], [77.4185717, 23.2562296], [77.4185718, 23.2562295], [77.4191669, 23.2582189]]]}, "properties": {"kind": "landuse", "name": "Indra Nagar", "osm_id": 492995384, "tag": "residential"}}, {"type": "Feature", "geometry": {"type": "Polygon", "coordinates": [[[77.4188899, 23.256874], [77.419195, 23.2586659], [77.4197996, 23.259653], [77.4200312, 23.2598337], [77.4208083, 23.2597505], [77.4218594, 23.2567929], [77.4214534, 23.256778], [77.4193859, 23.2567495], [77.4192428, 23.2567416], [77.4188899, 23.256874]]]}, "properties": {"kind": "landuse", "name": "Housing Board Colony", "osm_id": 492996335, "tag": "residential"}}, {"type": "Feature", "geometry": {"type": "Polygon", "coordinates": [[[77.4204184, 23.2638472], [77.4223794, 23.2648054], [77.4221791, 23.2640778], [77.4224523, 23.2634874], [77.422702, 23.2634622], [77.4229286, 23.2634394], [77.4231377, 23.2634411], [77.4236399, 23.2634451], [77.4236106, 23.2624829], [77.4241384, 23.2617353], [77.424368, 23.2613295], [77.4246341, 23.2593345], [77.4238995, 23.2591318], [77.4200315, 23.2598337], [77.4196523, 23.2600614], [77.4197877, 23.2618389], [77.4192322, 23.2617092], [77.4195322, 23.2629709], [77.419447, 23.263411], [77.4204184, 23.2638472]]]}, "properties": {"kind": "landuse", "name": "Naveen Nagar", "osm_id": 492996848, "tag": "residential"}}, {"type": "Feature", "geometry": {"type": "Polygon", "coordinates": [[[77.4221457, 23.264755], [77.4221621, 23.2635295], [77.4221793, 23.2632772], [77.4224797, 23.2633876], [77.4227544, 23.2633482], [77.4230376, 23.2628356], [77.4229346, 23.2625281], [77.4234753, 23.2624256], [77.424368, 23.2613295], [77.4248525, 23.2616274], [77.4268978, 23.2623015], [77.4271516, 23.2624757], [77.4269475, 23.2626259], [77.4253256, 23.2639622], [77.4244844, 23.2645047], [77.422808, 23.2647441], [77.4221457, 23.264755]]]}, "properties": {"kind": "landuse", "name": "Bank Nagar", "osm_id": 492997706, "tag": "residential"}}, {"type": "Feature", "geometry": {"type": "Polygon", "coordinates": [[[77.426075, 23.2642282], [77.4256692, 23.2636828], [77.4282394, 23.2617318], [77.4288181, 23.2626839], [77.4289121, 23.2637022], [77.426075, 23.2642282]]]}, "properties": {"kind": "landuse", "name": "Mayur Vihar", "osm_id": 492998199, "tag": "residential"}}, {"type": "Feature", "geometry": {"type": "Polygon", "coordinates": [[[77.4220435, 23.2653795], [77.4221712, 23.2650386], [77.4223101, 23.2647972], [77.4246802, 23.2644564], [77.4250227, 23.2642412], [77.426075, 23.2642282], [77.4280253, 23.2639142], [77.4282334, 23.2669447], [77.4265904, 23.2680978], [77.4247573, 23.2687286], [77.4239103, 23.2688743], [77.4229518, 23.2679512], [77.4230037, 23.2673872], [77.4229608, 23.2667722], [77.4227205, 23.2662044], [77.4220435, 23.2653795]]]}, "properties": {"kind": "landuse", "name": "Krishna Campus", "osm_id": 492998827, "tag": "residential"}}, {"type": "Feature", "geometry": {"type": "Polygon", "coordinates": [[[77.4283121, 23.2685657], [77.4278194, 23.2639492], [77.4287559, 23.2637378], [77.4289121, 23.2637022], [77.4291404, 23.2645098], [77.4294863, 23.2644926], [77.4298135, 23.2644763], [77.4298363, 23.2650628], [77.4294893, 23.2653603], [77.4296057, 23.2657922], [77.4299691, 23.2660755], [77.4300522, 23.2672238], [77.4297304, 23.2676575], [77.4290317, 23.2676686], [77.428674, 23.2677136], [77.4287012, 23.2685465], [77.4283121, 23.2685657]]]}, "properties": {"kind": "landuse", "name": "Verdhman Green Park", "osm_id": 492999183, "tag": "residential"}}, {"type": "Feature", "geometry": {"type": "Polygon", "coordinates": [[[77.4228495, 23.2664209], [77.4230012, 23.2664489], [77.4232654, 23.2664131], [77.4237522, 23.2664883], [77.4239172, 23.2667162], [77.4240808, 23.2667446], [77.4243343, 23.266922], [77.424617, 23.2672087], [77.4253337, 23.2675865], [77.4249869, 23.2677527], [77.425645, 23.2690675], [77.4251901, 23.2692415], [77.4249135, 23.2700501], [77.4243899, 23.2700363], [77.4242686, 23.2695548], [77.4240948, 23.2691251], [77.4232558, 23.2685517], [77.4231353, 23.2680468], [77.4231325, 23.2671928], [77.4229729, 23.2667574], [77.4228495, 23.2664209]]]}, "properties": {"kind": "landuse", "name": "Ekta Colony", "osm_id": 493000014, "tag": "residential"}}, {"type": "Feature", "geometry": {"type": "Polygon", "coordinates": [[[77.4320615, 23.2648987], [77.4321719, 23.2651507], [77.4332953, 23.2652412], [77.4342375, 23.2652736], [77.4347156, 23.2652082], [77.4345996, 23.2645159], [77.434435, 23.2633746], [77.4330007, 23.2635671], [77.4324184, 23.2634062], [77.4324638, 23.2636145], [77.432465, 23.2636202], [77.4319833, 23.2645687], [77.4320615, 23.2648987]]]}, "properties": {"kind": "landuse", "name": "Shanker Garden", "osm_id": 493000632, "tag": "residential"}}, {"type": "Feature", "geometry": {"type": "Polygon", "coordinates": [[[77.4324875, 23.2599164], [77.434693, 23.259674], [77.4347837, 23.25998], [77.4344507, 23.2613556], [77.4343487, 23.261574], [77.4341135, 23.2616261], [77.4344348, 23.2633736], [77.4344349, 23.2633741], [77.4344349, 23.2633742], [77.4330364, 23.2634815], [77.4325288, 23.2634177], [77.4319057, 23.2600817], [77.4324875, 23.2599164]]]}, "properties": {"kind": "landuse", "name": "Sundar Nagar Colony", "osm_id": 493004124, "tag": "residential"}}, {"type": "Feature", "geometry": {"type": "Polygon", "coordinates": [[[77.4343523, 23.2593675], [77.4357142, 23.2581362], [77.436323, 23.2581519], [77.4366224, 23.2581453], [77.4377172, 23.2581214], [77.4382597, 23.2581095], [77.4382156, 23.2600204], [77.437486, 23.2604344], [77.437871, 23.2609928], [77.4379587, 23.26112], [77.4384302, 23.2609469], [77.4383443, 23.2622677], [77.438001, 23.2628591], [77.4379301, 23.2631734], [77.4339662, 23.2633547], [77.4344226, 23.2632941], [77.4341714, 23.2616251], [77.434144, 23.2603534], [77.4343891, 23.2595592], [77.4343523, 23.2593675]]]}, "properties": {"kind": "landuse", "name": "Malik Nagar", "osm_id": 493005172, "tag": "residential"}}, {"type": "Feature", "geometry": {"type": "Polygon", "coordinates": [[[77.4365543, 23.2599668], [77.4365337, 23.2592025], [77.4368574, 23.2591069], [77.4370866, 23.2593008], [77.4379366, 23.2595078], [77.4371858, 23.2596084], [77.4371926, 23.2597188], [77.4372073, 23.2599562], [77.4365543, 23.2599668]]]}, "properties": {"kind": "landuse", "name": "Nawab Colony", "osm_id": 493006632, "tag": "residential"}}, {"type": "Feature", "geometry": {"type": "Polygon", "coordinates": [[[77.4316025, 23.2577383], [77.4324632, 23.2570745], [77.4327956, 23.255908], [77.4338166, 23.2566563], [77.4336974, 23.2572149], [77.435259, 23.2585532], [77.4337716, 23.2578271], [77.4324871, 23.2580894], [77.4322049, 23.2582689], [77.431915, 23.2579379], [77.4318317, 23.2579902], [77.4316025, 23.2577383]]]}, "properties": {"kind": "landuse", "name": "BL Gupta Colony", "osm_id": 493010142, "tag": "residential"}}, {"type": "Feature", "geometry": {"type": "Polygon", "coordinates": [[[77.4337591, 23.2527528], [77.4363929, 23.2531406], [77.4361004, 23.2541929], [77.4366857, 23.2542979], [77.4369301, 23.256506], [77.4370627, 23.2573743], [77.4366255, 23.2573609], [77.436323, 23.2581519], [77.4357142, 23.2581362], [77.435259, 23.2585532], [77.4343969, 23.2578943], [77.4337289, 23.2571316], [77.4338165, 23.2566562], [77.4337591, 23.2527528]]]}, "properties": {"kind": "landuse", "name": "Shanshah Garden", "osm_id": 493011784, "tag": "residential"}}, {"type": "Feature", "geometry": {"type": "Polygon", "coordinates": [[[77.4363821, 23.2531795], [77.4396934, 23.2531254], [77.440881, 23.253102], [77.4418094, 23.2530838], [77.4441156, 23.254852], [77.4444201, 23.2550744], [77.4445933, 23.2555755], [77.4446442, 23.2562809], [77.4446146, 23.2565428], [77.4401506, 23.256676], [77.4399583, 23.256645], [77.4397956, 23.2564261], [77.4372403, 23.2565124], [77.4369301, 23.256506], [77.4368861, 23.2548066], [77.4366857, 23.2542979], [77.4361004, 23.2541929], [77.4363821, 23.2531795]]]}, "properties": {"kind": "landuse", "name": "Bijli Colony", "osm_id": 493012363, "tag": "residential"}}, {"type": "Feature", "geometry": {"type": "Polygon", "coordinates": [[[77.4371279, 23.2568135], [77.4396838, 23.2565516], [77.4399583, 23.256645], [77.4446146, 23.2565428], [77.4448039, 23.2576213], [77.4454707, 23.2593162], [77.4460501, 23.2603699], [77.4456993, 23.2613556], [77.445082, 23.2620241], [77.444509, 23.2632926], [77.4416935, 23.263284], [77.4415372, 23.2633444], [77.4399313, 23.2634893], [77.4381776, 23.2632221], [77.4383443, 23.2622677], [77.4385774, 23.2611887], [77.4386154, 23.2608429], [77.437871, 23.2609928], [77.437486, 23.2604344], [77.4382156, 23.2600204], [77.4382597, 23.2581095], [77.4377172, 23.2581214], [77.4366224, 23.2581453], [77.4371279, 23.2568135]]]}, "properties": {"kind": "landuse", "name": "MPEB Colony", "osm_id": 493012905, "tag": "residential"}}, {"type": "Feature", "geometry": {"type": "Polygon", "coordinates": [[[77.4404021, 23.2666648], [77.4404218, 23.2660059], [77.4401402, 23.2660325], [77.4403827, 23.263522], [77.4339662, 23.2633547], [77.4341865, 23.265045], [77.4336793, 23.2634009], [77.4320615, 23.2648987], [77.4321719, 23.2651507], [77.4332953, 23.2652412], [77.4342375, 23.2652736], [77.4347156, 23.2652082], [77.4348719, 23.2662288], [77.4344722, 23.2662359], [77.4344693, 23.266606], [77.4345855, 23.2669606], [77.4361455, 23.2669234], [77.4404021, 23.2666648]]]}, "properties": {"kind": "landuse", "name": "Subhash Colony", "osm_id": 493014115, "tag": "residential"}}, {"type": "Feature", "geometry": {"type": "Polygon", "coordinates": [[[77.4375172, 23.270512], [77.4374916, 23.2697772], [77.4351201, 23.2699339], [77.4351252, 23.270374], [77.4351285, 23.2706605], [77.4370208, 23.2705172], [77.4375172, 23.270512]]]}, "properties": {"kind": "landuse", "name": "Sector I", "osm_id": 493017762, "tag": "industrial"}}, {"type": "Feature", "geometry": {"type": "Polygon", "coordinates": [[[77.4331055, 23.2699259], [77.4333496, 23.2695685], [77.4336273, 23.2697411], [77.4337892, 23.2698913], [77.4344152, 23.2711925], [77.4331537, 23.2712798], [77.4326408, 23.2712821], [77.4327588, 23.2699085], [77.4331055, 23.2699259]]]}, "properties": {"kind": "landuse", "name": "Phase 2", "osm_id": 493018209, "tag": "residential"}}, {"type": "Feature", "geometry": {"type": "Polygon", "coordinates": [[[77.4235004, 23.2690998], [77.4242311, 23.2696108], [77.4240959, 23.2705071], [77.4232622, 23.2710503], [77.4240423, 23.2718027], [77.4249864, 23.2714085], [77.4268298, 23.2719473], [77.4273672, 23.2711217], [77.4282802, 23.2716504], [77.4285507, 23.2718537], [77.4286473, 23.2722283], [77.4286235, 23.2727542], [77.428996, 23.272795], [77.4291944, 23.2738298], [77.4294788, 23.2738841], [77.4308735, 23.2737609], [77.43119, 23.2745542], [77.4315762, 23.274707], [77.4327993, 23.2741502], [77.4330246, 23.2739925], [77.4331212, 23.2738151], [77.4334538, 23.273682], [77.4336737, 23.2737633], [77.4339178, 23.2739013], [77.4340653, 23.273958], [77.4343282, 23.2739038], [77.4347118, 23.2737756], [77.434878, 23.2738003], [77.4350631, 23.2738791], [77.4351892, 23.2740122], [77.4353045, 23.2741945], [77.4357685, 23.2741797], [77.4359429, 23.2742191], [77.4360126, 23.2744261], [77.4362031, 23.2746947], [77.4365437, 23.2746109], [77.4367529, 23.2744951], [77.4373966, 23.2743768], [77.4373671, 23.2741649], [77.437292, 23.2740787], [77.4370211, 23.2739801], [77.4367931, 23.2738964], [77.4364901, 23.2737387], [77.4362943, 23.2736229], [77.436195, 23.273066], [77.4359643, 23.2729231], [77.4358195, 23.2724007], [77.4356747, 23.2717798], [77.4353582, 23.2707154], [77.4341444, 23.2704389], [77.4336635, 23.2700129], [77.4338272, 23.269014], [77.4337245, 23.2669644], [77.4332779, 23.2647165], [77.4333632, 23.2670718], [77.431655, 23.2668784], [77.4235004, 23.2690998]]]}, "properties": {"kind": "landuse", "name": "Semra", "osm_id": 493018769, "tag": "residential"}}, {"type": "Feature", "geometry": {"type": "Polygon", "coordinates": [[[77.4561194, 23.2516306], [77.4565383, 23.2555952], [77.4538999, 23.2557321], [77.4518741, 23.2558522], [77.4518491, 23.2554586], [77.4513844, 23.2550658], [77.4511273, 23.2547009], [77.4509066, 23.2523612], [77.4561194, 23.2516306]]]}, "properties": {"kind": "landuse", "name": "CPRI Colony", "osm_id": 493182555, "tag": "industrial"}}, {"type": "Feature", "geometry": {"type": "Polygon", "coordinates": [[[77.4443876, 23.2666516], [77.4444195, 23.2660104], [77.451492, 23.266415], [77.4515707, 23.2670681], [77.4449322, 23.2666855], [77.4443876, 23.2666516]]]}, "properties": {"kind": "landuse", "name": "Industrial Area Slums", "osm_id": 493182777, "tag": "industrial"}}, {"type": "Feature", "geometry": {"type": "Polygon", "coordinates": [[[77.4452418, 23.2739691], [77.4453008, 23.2738718], [77.4453203, 23.2738194], [77.4453203, 23.273796], [77.4453008, 23.2737492], [77.4453216, 23.2737289], [77.4453793, 23.2737129], [77.4454215, 23.2737153], [77.4454477, 23.2737147], [77.4454637, 23.2736964], [77.4475063, 23.2736221], [77.4478041, 23.2733143], [77.4488929, 23.2717241], [77.4493342, 23.2714395], [77.4491329, 23.2708686], [77.4488725, 23.2702859], [77.4503524, 23.2701731], [77.4503925, 23.2695489], [77.4470066, 23.2691836], [77.4465408, 23.2696968], [77.4457254, 23.2718947], [77.4449208, 23.272969], [77.4447244, 23.273916], [77.4449851, 23.2739397], [77.4452418, 23.2739691]]]}, "properties": {"kind": "landuse", "name": "New Industrial Area", "osm_id": 493183151, "tag": "industrial"}}, {"type": "Feature", "geometry": {"type": "Polygon", "coordinates": [[[77.4438621, 23.2781786], [77.4438876, 23.2780604], [77.4440256, 23.2777588], [77.4438152, 23.2775824], [77.4433592, 23.2769935], [77.4432439, 23.2769393], [77.4428013, 23.2768802], [77.4423534, 23.2768383], [77.4420154, 23.2767915], [77.4417579, 23.2766264], [77.4414682, 23.2765377], [77.4406099, 23.2762322], [77.4401084, 23.27604], [77.4396846, 23.2759611], [77.4392796, 23.2759685], [77.4385822, 23.2757616], [77.4390943, 23.2751015], [77.4403174, 23.2749734], [77.4404756, 23.2748046], [77.4412775, 23.2748145], [77.4411648, 23.2751549], [77.4416907, 23.2751409], [77.4416049, 23.2748452], [77.4421619, 23.2746253], [77.4436886, 23.2745774], [77.4451943, 23.2743699], [77.4452442, 23.2775051], [77.4447951, 23.2775902], [77.4443921, 23.2783354], [77.444357, 23.2783462], [77.4438621, 23.2781786]]]}, "properties": {"kind": "landuse", "name": "Kolua Kalan", "osm_id": 493189349, "tag": "residential"}}, {"type": "Feature", "geometry": {"type": "Polygon", "coordinates": [[[77.428371, 23.2774715], [77.4276763, 23.277851], [77.4288779, 23.2795658], [77.431183, 23.2786583], [77.4328127, 23.2780062], [77.4343582, 23.2774067], [77.4343899, 23.2774789], [77.4350309, 23.2772498], [77.4349397, 23.2766141], [77.4352348, 23.2765796], [77.4351704, 23.2761065], [77.4353582, 23.2757271], [77.435208, 23.2756236], [77.434752, 23.2754856], [77.4342692, 23.2755152], [77.4337757, 23.275254], [77.4335718, 23.2752786], [77.4329764, 23.2753082], [77.4326384, 23.2754807], [77.4322843, 23.2755152], [77.4315923, 23.2755152], [77.4311256, 23.2755201], [77.4307018, 23.2757764], [77.4301118, 23.2757271], [77.4295217, 23.2756877], [77.4291193, 23.2756532], [77.428835, 23.2756187], [77.4288055, 23.2756445], [77.4287318, 23.2758885], [77.4288203, 23.2764527], [77.4289182, 23.2770342], [77.4289772, 23.2774346], [77.4286285, 23.2773582], [77.4285534, 23.2773779], [77.4284729, 23.277437], [77.428371, 23.2774715]]]}, "properties": {"kind": "landuse", "name": "Karariya Sajidabad", "osm_id": 493190197, "tag": "residential"}}, {"type": "Feature", "geometry": {"type": "Polygon", "coordinates": [[[77.4241324, 23.2751647], [77.4247659, 23.275162], [77.4253993, 23.2751592], [77.4252031, 23.2739732], [77.4248612, 23.2737452], [77.4241995, 23.2737959], [77.4233905, 23.2739564], [77.42388, 23.2751297], [77.4241324, 23.2751647]]]}, "properties": {"kind": "landuse", "name": "Hari Siddhi Campus", "osm_id": 493192466, "tag": "residential"}}, {"type": "Feature", "geometry": {"type": "Polygon", "coordinates": [[[77.4241324, 23.2751647], [77.4233905, 23.2739564], [77.4231711, 23.2736984], [77.4235634, 23.2729757], [77.4234189, 23.2723026], [77.4233186, 23.2720913], [77.4232727, 23.2719943], [77.4226769, 23.2707385], [77.4233956, 23.2705931], [77.4230036, 23.2710227], [77.4236298, 23.2714523], [77.4240423, 23.2718027], [77.4246431, 23.2717554], [77.4249864, 23.2714085], [77.4260421, 23.2718106], [77.4267912, 23.2713239], [77.4275956, 23.2716337], [77.4280247, 23.2723237], [77.4278956, 23.272942], [77.4277029, 23.2729939], [77.4276814, 23.2732895], [77.427896, 23.2734867], [77.4280033, 23.273802], [77.4283167, 23.2740353], [77.4279577, 23.2740947], [77.427314, 23.273984], [77.4269496, 23.2737981], [77.4270377, 23.2741174], [77.4275027, 23.2742939], [77.4272023, 23.2745903], [77.4265454, 23.2745175], [77.4263516, 23.2749382], [77.4259411, 23.2750164], [77.4257472, 23.2754122], [77.4241324, 23.2751647]]]}, "properties": {"kind": "landuse", "name": "Khushipura", "osm_id": 493193080, "tag": "residential"}}, {"type": "Feature", "geometry": {"type": "Polygon", "coordinates": [[[77.4144318, 23.267438], [77.4131036, 23.26376], [77.4148085, 23.2633448], [77.4154742, 23.2631802], [77.4174843, 23.2630092], [77.4185979, 23.2630365], [77.4188, 23.2650151], [77.4182067, 23.2647317], [77.4175861, 23.2644783], [77.4173261, 23.2643372], [77.4168765, 23.2644596], [77.4163406, 23.2651669], [77.4172197, 23.2669451], [77.416504, 23.2672606], [77.4158038, 23.2673368], [77.4144318, 23.267438]]]}, "properties": {"kind": "landuse", "name": "Navbahar Colony", "osm_id": 493204732, "tag": "residential"}}, {"type": "Feature", "geometry": {"type": "Polygon", "coordinates": [[[77.4256603, 23.2684674], [77.428174, 23.2658315], [77.4281309, 23.2688212], [77.4256603, 23.2684674]]]}, "properties": {"kind": "landuse", "name": "Sankar Nagar", "osm_id": 493205863, "tag": "residential"}}, {"type": "Feature", "geometry": {"type": "Polygon", "coordinates": [[[77.4216921, 23.2777671], [77.4223336, 23.2777318], [77.4223451, 23.2775533], [77.4223275, 23.2767358], [77.4223072, 23.2757897], [77.4219039, 23.2759074], [77.4219545, 23.2767483], [77.4216754, 23.2767401], [77.4216921, 23.2777671]]]}, "properties": {"kind": "landuse", "name": "Parshav Stuti Colony", "osm_id": 493206646, "tag": "residential"}}, {"type": "Feature", "geometry": {"type": "Polygon", "coordinates": [[[77.4155782, 23.274739], [77.4154611, 23.2755217], [77.4153915, 23.2759283], [77.4152807, 23.2763878], [77.415112, 23.2769623], [77.4147253, 23.2778095], [77.413642, 23.2794836], [77.4133066, 23.2801162], [77.4119064, 23.2814736], [77.408894, 23.284353], [77.4096944, 23.284989], [77.4106288, 23.2847525], [77.4106659, 23.2847507], [77.4107474, 23.2847485], [77.4107704, 23.2847388], [77.4110548, 23.2846846], [77.4116347, 23.2847595], [77.4117585, 23.2847515], [77.4118379, 23.2845105], [77.4119819, 23.2841343], [77.4120229, 23.2837086], [77.4122268, 23.2835807], [77.4131061, 23.2834438], [77.4158704, 23.2819129], [77.4170241, 23.2812209], [77.4174059, 23.2817349], [77.418849, 23.2806184], [77.4195742, 23.2796637], [77.4164046, 23.2750648], [77.4158804, 23.274514], [77.4155934, 23.2744848], [77.4155782, 23.274739]]]}, "properties": {"kind": "landuse", "name": "Navjivan Colony", "osm_id": 493207302, "tag": "residential"}}, {"type": "Feature", "geometry": {"type": "Polygon", "coordinates": [[[77.4085306, 23.2841876], [77.4068147, 23.285957], [77.406488, 23.2862174], [77.4063228, 23.2863834], [77.4061018, 23.2865572], [77.4057637, 23.28682], [77.405514, 23.2870183], [77.4052857, 23.2871742], [77.405059, 23.287314], [77.4046012, 23.2876118], [77.4032795, 23.2880296], [77.4031718, 23.2864596], [77.4031511, 23.285991], [77.4032007, 23.2855115], [77.4033466, 23.2844992], [77.4034574, 23.2836602], [77.4037711, 23.281696], [77.4037416, 23.2808249], [77.4036311, 23.2788182], [77.4063117, 23.2785419], [77.4063984, 23.2785271], [77.4080137, 23.2782386], [77.4101836, 23.2773984], [77.4148793, 23.2758161], [77.4149875, 23.2766811], [77.4149291, 23.2769535], [77.4146836, 23.2777418], [77.4139973, 23.2788213], [77.4134391, 23.2795475], [77.4122783, 23.2807286], [77.4109027, 23.2820686], [77.4085306, 23.2841876]]]}, "properties": {"kind": "landuse", "name": "Arif Nagar", "osm_id": 493207767, "tag": "residential"}}, {"type": "Feature", "geometry": {"type": "Polygon", "coordinates": [[[77.4019456, 23.2818274], [77.4030779, 23.2816227], [77.4035853, 23.2816031], [77.4037165, 23.281598], [77.4035352, 23.2807948], [77.4022891, 23.2810738], [77.4021733, 23.2806535], [77.4016941, 23.2807756], [77.4019456, 23.2818274]]]}, "properties": {"kind": "landuse", "name": "Sheetal Nagar", "osm_id": 493208074, "tag": "residential"}}, {"type": "Feature", "geometry": {"type": "Polygon", "coordinates": [[[77.4024411, 23.279023], [77.402778, 23.2788772], [77.4033136, 23.2787573], [77.4032804, 23.2776221], [77.4029998, 23.2762869], [77.4021938, 23.2764323], [77.4015565, 23.2773519], [77.4015831, 23.2781363], [77.4016507, 23.278282], [77.401791, 23.2782934], [77.4019324, 23.2787199], [77.4021015, 23.279245], [77.4023996, 23.279052], [77.4024411, 23.279023]]]}, "properties": {"kind": "landuse", "name": "Green Park Colony", "osm_id": 493208780, "tag": "residential"}}, {"type": "Feature", "geometry": {"type": "Polygon", "coordinates": [[[77.4082543, 23.2780682], [77.4116457, 23.2768017], [77.4112797, 23.2760171], [77.4112658, 23.2760234], [77.408007, 23.2775099], [77.4082543, 23.2780682]]]}, "properties": {"kind": "landuse", "name": "JP Nagar Slums", "osm_id": 493209378, "tag": "residential"}}, {"type": "Feature", "geometry": {"type": "Polygon", "coordinates": [[[77.4033322, 23.2787736], [77.4035667, 23.2787554], [77.4062097, 23.278548], [77.4088334, 23.2777302], [77.4118257, 23.2768602], [77.4148793, 23.2758161], [77.4147613, 23.2750822], [77.4147147, 23.2749956], [77.4142706, 23.2741707], [77.4119708, 23.2702976], [77.4114798, 23.2697644], [77.4097702, 23.2686049], [77.4091495, 23.2689177], [77.409021, 23.2689587], [77.4059814, 23.2699287], [77.4036103, 23.2702678], [77.4017609, 23.2701558], [77.4011119, 23.2701783], [77.4011073, 23.2701829], [77.4033322, 23.2787736]]]}, "properties": {"kind": "landuse", "name": "JP Nagar", "osm_id": 493209746, "tag": "residential"}}, {"type": "Feature", "geometry": {"type": "Polygon", "coordinates": [[[77.4030059, 23.2762796], [77.4029286, 23.2759705], [77.4010639, 23.2705258], [77.4012655, 23.2700748], [77.4036113, 23.2702743], [77.4049943, 23.2701504], [77.4067678, 23.269742], [77.407091, 23.2711088], [77.4067622, 23.2714006], [77.4067178, 23.2731511], [77.4067967, 23.2750225], [77.4065952, 23.2756196], [77.4063702, 23.2756425], [77.4057982, 23.2758374], [77.4054739, 23.2757161], [77.4043703, 23.2762216], [77.4038262, 23.2764496], [77.4033161, 23.2763032], [77.4030059, 23.2762796]]]}, "properties": {"kind": "landuse", "name": "Raj Deo Colony", "osm_id": 493210153, "tag": "residential"}}, {"type": "Feature", "geometry": {"type": "Polygon", "coordinates": [[[77.3926825, 23.2775514], [77.3941206, 23.2799322], [77.3961262, 23.2829088], [77.4004119, 23.2769214], [77.4022779, 23.2752686], [77.4022293, 23.2748731], [77.4014175, 23.2747372], [77.4012778, 23.2743909], [77.3999822, 23.2741635], [77.3993358, 23.273142], [77.3936764, 23.2724886], [77.3930925, 23.2749926], [77.3926316, 23.2773089], [77.3926825, 23.2775514]]]}, "properties": {"kind": "landuse", "name": "Teela Jamalpura", "osm_id": 493211049, "tag": "residential"}}, {"type": "Feature", "geometry": {"type": "Polygon", "coordinates": [[[77.39693, 23.2849051], [77.3971607, 23.284715], [77.3963975, 23.2835494], [77.3960837, 23.2836281], [77.3962663, 23.2839377], [77.3966767, 23.284584], [77.3967535, 23.2847069], [77.3968634, 23.2848538], [77.39693, 23.2849051]]]}, "properties": {"kind": "landuse", "name": "LIG Colony", "osm_id": 493211572, "tag": "residential"}}, {"type": "Feature", "geometry": {"type": "Polygon", "coordinates": [[[77.397915, 23.2856785], [77.3984579, 23.2858234], [77.400239, 23.2856714], [77.4005879, 23.2855062], [77.4007466, 23.2856372], [77.4020711, 23.2855797], [77.4024501, 23.2852719], [77.4025906, 23.2851286], [77.4028585, 23.2848729], [77.4031342, 23.2846257], [77.4032671, 23.2846486], [77.4031448, 23.2855232], [77.4031368, 23.28608], [77.4031341, 23.28642], [77.4032314, 23.2876113], [77.4032374, 23.2883962], [77.4017544, 23.2891467], [77.3996944, 23.2897791], [77.3994352, 23.2898526], [77.3992404, 23.2896284], [77.3986956, 23.2880393], [77.3987916, 23.2879549], [77.3985811, 23.2875632], [77.3981713, 23.286763], [77.3979622, 23.2860128], [77.397915, 23.2856785]]]}, "properties": {"kind": "landuse", "name": "Sardanagar", "osm_id": 493212181, "tag": "residential"}}, {"type": "Feature", "geometry": {"type": "Polygon", "coordinates": [[[77.3944846, 23.2881694], [77.3947504, 23.2882216], [77.3946205, 23.2876441], [77.3944994, 23.287144], [77.3942646, 23.2871646], [77.3941424, 23.2871863], [77.3943359, 23.2880132], [77.3944846, 23.2881694]]]}, "properties": {"kind": "landuse", "name": "C Block", "osm_id": 493212322, "tag": "residential"}}, {"type": "Feature", "geometry": {"type": "Polygon", "coordinates": [[[77.3895102, 23.2905901], [77.3932073, 23.2906666], [77.3973529, 23.2901226], [77.399171, 23.2897982], [77.3986502, 23.2880061], [77.3987122, 23.2879196], [77.3987471, 23.2878933], [77.3986876, 23.2877823], [77.398593, 23.2876567], [77.3984304, 23.287437], [77.3982906, 23.2870971], [77.398171, 23.2868116], [77.3981014, 23.2866223], [77.3979298, 23.285997], [77.3978609, 23.2856458], [77.3976222, 23.2851656], [77.3973446, 23.2847875], [77.3971859, 23.284634], [77.3964685, 23.2834627], [77.394056, 23.284303], [77.393644, 23.2842873], [77.3933608, 23.2844686], [77.3929917, 23.2849416], [77.3927943, 23.2855566], [77.3922014, 23.2861004], [77.3912705, 23.2862876], [77.3904184, 23.2868737], [77.3903131, 23.287127], [77.3901453, 23.2874746], [77.3899867, 23.2878779], [77.3896483, 23.2895417], [77.389304, 23.2905957], [77.3895102, 23.2905901]]]}, "properties": {"kind": "landuse", "name": "Nariyalkheda", "osm_id": 493213649, "tag": "residential"}}, {"type": "Feature", "geometry": {"type": "Polygon", "coordinates": [[[77.3894019, 23.2905403], [77.3915054, 23.2904802], [77.392092, 23.290435], [77.3927976, 23.2904847], [77.3927729, 23.2902398], [77.3926415, 23.2898134], [77.3925615, 23.2895578], [77.392265, 23.2881339], [77.3918952, 23.287692], [77.3912523, 23.2878558], [77.3902729, 23.2878896], [77.3896464, 23.2897016], [77.3895135, 23.2901035], [77.3894019, 23.2905403]]]}, "properties": {"kind": "landuse", "name": "Prem Nagar", "osm_id": 493213897, "tag": "residential"}}, {"type": "Feature", "geometry": {"type": "Polygon", "coordinates": [[[77.3970162, 23.2918251], [77.3974818, 23.2918279], [77.3980618, 23.2917896], [77.3985579, 23.2917269], [77.399422, 23.29166], [77.4000027, 23.2916111], [77.4017901, 23.291537], [77.4017063, 23.2906621], [77.4011217, 23.2907039], [77.4011287, 23.2908472], [77.4011458, 23.290975], [77.4009338, 23.2909923], [77.4001067, 23.2910515], [77.4000456, 23.2904835], [77.3998616, 23.2905098], [77.3993271, 23.290548], [77.399015, 23.2905641], [77.3988947, 23.2906418], [77.3977178, 23.2913041], [77.3970162, 23.2918251]]]}, "properties": {"kind": "landuse", "name": "Panna Nagar", "osm_id": 493214468, "tag": "residential"}}, {"type": "Feature", "geometry": {"type": "Polygon", "coordinates": [[[77.4007822, 23.2943789], [77.4004876, 23.2927725], [77.4003437, 23.2916411], [77.4018303, 23.2915763], [77.4034568, 23.2915887], [77.4036315, 23.2946099], [77.4030727, 23.2943417], [77.4007822, 23.2943789]]]}, "properties": {"kind": "landuse", "name": "Sindhi Colony", "osm_id": 493215189, "tag": "residential"}}, {"type": "Feature", "geometry": {"type": "Polygon", "coordinates": [[[77.3951137, 23.2947507], [77.3955633, 23.2947551], [77.3960445, 23.2947456], [77.3966453, 23.2944099], [77.3966433, 23.2932064], [77.3949833, 23.2930924], [77.3950509, 23.2924546], [77.3948195, 23.2924236], [77.3944501, 23.2923853], [77.3940717, 23.2924056], [77.3930274, 23.2925526], [77.3931939, 23.2938187], [77.3933057, 23.2948722], [77.3951137, 23.2947507]]]}, "properties": {"kind": "landuse", "name": "Jain Colony", "osm_id": 493215978, "tag": "residential"}}, {"type": "Feature", "geometry": {"type": "Polygon", "coordinates": [[[77.3891172, 23.2911015], [77.3908697, 23.2911791], [77.3922576, 23.2911246], [77.3928005, 23.2910788], [77.3943866, 23.2909287], [77.3954975, 23.2908203], [77.3966292, 23.2907085], [77.3975901, 23.2905975], [77.3984644, 23.2904449], [77.3992592, 23.2902409], [77.4000578, 23.2900317], [77.4009705, 23.2897256], [77.4018832, 23.289393], [77.4029785, 23.2888789], [77.4034019, 23.2886322], [77.4039552, 23.288316], [77.4040208, 23.2882785], [77.404607, 23.2878903], [77.4047936, 23.2877729], [77.4054741, 23.2873005], [77.4061046, 23.2868671], [77.4066857, 23.2864107], [77.4080489, 23.285137], [77.4086465, 23.2845558], [77.4087037, 23.2844835], [77.4102634, 23.2859421], [77.4105692, 23.2863905], [77.4112746, 23.2873932], [77.4132935, 23.2892811], [77.4142595, 23.2910768], [77.4147897, 23.2922736], [77.4157378, 23.294215], [77.4173208, 23.2948394], [77.4190191, 23.2951249], [77.4194482, 23.2952711], [77.4193483, 23.2969266], [77.4192891, 23.2977692], [77.4191805, 23.2990813], [77.4189308, 23.3027582], [77.4189611, 23.303301], [77.4155237, 23.302983], [77.4128556, 23.3027272], [77.4121077, 23.305692], [77.4092107, 23.3052611], [77.4083761, 23.3049494], [77.4053746, 23.30545], [77.3993383, 23.3057217], [77.3995601, 23.3063904], [77.399923, 23.3076745], [77.4004953, 23.3078238], [77.3998289, 23.3099391], [77.3983477, 23.3099008], [77.3980267, 23.3098959], [77.3977765, 23.3093257], [77.3959353, 23.3092553], [77.3884182, 23.3036845], [77.3844209, 23.3020176], [77.3849546, 23.2999417], [77.3858882, 23.2970762], [77.3864588, 23.2955973], [77.3868488, 23.2949803], [77.3874773, 23.293986], [77.3891172, 23.2911015]]]}, "properties": {"kind": "landuse", "name": "Karond", "osm_id": 493217748, "tag": "residential"}}, {"type": "Feature", "geometry": {"type": "Polygon", "coordinates": [[[77.3845416, 23.3019278], [77.3893035, 23.3024858], [77.3917662, 23.3026451], [77.3909065, 23.3006394], [77.3908521, 23.3004678], [77.3908595, 23.3002489], [77.3905474, 23.298404], [77.3901103, 23.2959233], [77.3869346, 23.2949902], [77.386082, 23.2967796], [77.385799, 23.2972131], [77.3856957, 23.2976775], [77.3854634, 23.298627], [77.3845416, 23.3019278]]]}, "properties": {"kind": "landuse", "name": "Elixir Garden", "osm_id": 493220151, "tag": "residential"}}, {"type": "Feature", "geometry": {"type": "Polygon", "coordinates": [[[77.3920072, 23.3027091], [77.3962888, 23.3032084], [77.4042278, 23.3025268], [77.4041417, 23.301311], [77.4041589, 23.3009688], [77.4038435, 23.2975043], [77.4036984, 23.2959538], [77.4007337, 23.2962156], [77.4007055, 23.2951717], [77.400496, 23.2951949], [77.4003821, 23.2948333], [77.3992838, 23.2950197], [77.3989405, 23.295068], [77.3980587, 23.2952294], [77.3976993, 23.2952583], [77.3973593, 23.2953014], [77.3971172, 23.2953218], [77.3967008, 23.2953433], [77.3962073, 23.2953655], [77.3956145, 23.2954024], [77.3953517, 23.295432], [77.3947005, 23.295429], [77.390318, 23.2957998], [77.3901666, 23.2959011], [77.3905964, 23.2985573], [77.3908654, 23.2995671], [77.3908873, 23.3003895], [77.3910773, 23.3009726], [77.3913499, 23.3014622], [77.3920072, 23.3027091]]]}, "properties": {"kind": "landuse", "name": "Rusalli", "osm_id": 493221262, "tag": "residential"}}, {"type": "Feature", "geometry": {"type": "Polygon", "coordinates": [[[77.4022593, 23.3012968], [77.4020073, 23.3005245], [77.4019807, 23.3003125], [77.4019247, 23.3000485], [77.4018552, 23.2997051], [77.4023162, 23.2996323], [77.4024482, 23.2996108], [77.4024436, 23.2994071], [77.4027174, 23.2993796], [77.4032883, 23.2993653], [77.4036238, 23.2993534], [77.4037376, 23.2995158], [77.4039651, 23.2996293], [77.4041147, 23.3010297], [77.4038978, 23.3010566], [77.4037597, 23.3010852], [77.4036065, 23.3011011], [77.4033588, 23.3011411], [77.4031072, 23.3011918], [77.4028445, 23.3012169], [77.4025359, 23.3012704], [77.4022593, 23.3012968]]]}, "properties": {"kind": "landuse", "name": "Krishna Nagar", "osm_id": 493221754, "tag": "residential"}}, {"type": "Feature", "geometry": {"type": "Polygon", "coordinates": [[[77.4052855, 23.302518], [77.4059964, 23.3024779], [77.4060289, 23.3020312], [77.4060426, 23.301778], [77.4060122, 23.3012034], [77.405737, 23.3012008], [77.4056625, 23.3011599], [77.4054886, 23.3010918], [77.4047441, 23.3012262], [77.4044931, 23.3012978], [77.4043046, 23.3013277], [77.4044008, 23.3024958], [77.4052855, 23.302518]]]}, "properties": {"kind": "landuse", "name": "Braj Colony", "osm_id": 493223255, "tag": "residential"}}, {"type": "Feature", "geometry": {"type": "Polygon", "coordinates": [[[77.4041888, 23.302491], [77.4041641, 23.3019452], [77.4041355, 23.3015486], [77.404116, 23.3010436], [77.4038782, 23.301066], [77.4037423, 23.3010899], [77.4036114, 23.3011081], [77.403567, 23.301117], [77.4033866, 23.3011409], [77.4032411, 23.3011673], [77.4031925, 23.3011796], [77.4030732, 23.3011997], [77.4029718, 23.3012081], [77.4028637, 23.3012208], [77.4027521, 23.3012405], [77.4025412, 23.3012748], [77.4022771, 23.3013083], [77.4025036, 23.3026239], [77.4041888, 23.302491]]]}, "properties": {"kind": "landuse", "name": "", "osm_id": 493227407, "tag": "residential"}}, {"type": "Feature", "geometry": {"type": "Polygon", "coordinates": [[[77.4043831, 23.3025363], [77.4042239, 23.3011187], [77.4036379, 23.2946319], [77.4037876, 23.2945876], [77.4043598, 23.2944533], [77.4049041, 23.2943296], [77.4053365, 23.2942227], [77.4054606, 23.2942204], [77.4056128, 23.2943876], [77.4054236, 23.2945028], [77.4054197, 23.2946862], [77.4054281, 23.2948683], [77.4054763, 23.2953843], [77.4058968, 23.2953827], [77.4060161, 23.2953735], [77.4063005, 23.2953596], [77.4063538, 23.2953593], [77.4064, 23.2954348], [77.4067018, 23.2954335], [77.4069256, 23.2954106], [77.4070244, 23.2953876], [77.4072159, 23.295373], [77.4074497, 23.2953545], [77.4075479, 23.2953425], [77.4078024, 23.2953222], [77.4080515, 23.2953013], [77.4083366, 23.2952709], [77.4085664, 23.2952458], [77.4087846, 23.2952362], [77.4090544, 23.295201], [77.4090466, 23.2950421], [77.4090258, 23.2948465], [77.4090213, 23.2946554], [77.4095821, 23.2944749], [77.409843, 23.2943881], [77.4099959, 23.294324], [77.4100737, 23.2942871], [77.4101615, 23.2943985], [77.4111821, 23.2942784], [77.4108467, 23.2931836], [77.4112378, 23.2930862], [77.4116796, 23.2929519], [77.411845, 23.2928292], [77.4125821, 23.2931199], [77.4146582, 23.2938968], [77.4139787, 23.2955619], [77.4145994, 23.2957404], [77.4152539, 23.2976267], [77.4153835, 23.2978107], [77.4151186, 23.2998705], [77.4149774, 23.3028399], [77.4128663, 23.302654], [77.4094138, 23.3024619], [77.4043831, 23.3025363]]]}, "properties": {"kind": "landuse", "name": "Murli Nagar", "osm_id": 493227408, "tag": "residential"}}, {"type": "Feature", "geometry": {"type": "Polygon", "coordinates": [[[77.415159, 23.3029544], [77.4189396, 23.3033035], [77.4189541, 23.303102], [77.4194773, 23.2957884], [77.4192863, 23.2951595], [77.4183298, 23.2950148], [77.4164241, 23.294654], [77.4143759, 23.2936585], [77.4139029, 23.2955693], [77.41483, 23.2970929], [77.415096, 23.2975275], [77.4153835, 23.2978107], [77.4151186, 23.2998705], [77.4150525, 23.3030265], [77.415159, 23.3029544]]]}, "properties": {"kind": "landuse", "name": "BMHRC Campus", "osm_id": 493230017, "tag": "residential"}}, {"type": "Feature", "geometry": {"type": "Polygon", "coordinates": [[[77.4111546, 23.2967827], [77.4112954, 23.2975953], [77.4117793, 23.2991668], [77.4129344, 23.2988407], [77.4129696, 23.298422], [77.4152405, 23.2977], [77.4145219, 23.2957584], [77.4139887, 23.2955964], [77.4136372, 23.2956608], [77.4137422, 23.2951636], [77.4123358, 23.2955686], [77.412223, 23.2956033], [77.4117359, 23.2957601], [77.4112845, 23.295899], [77.4109803, 23.2959918], [77.4108782, 23.2960449], [77.411092, 23.2965168], [77.4110766, 23.2966042], [77.4111546, 23.2967827]]]}, "properties": {"kind": "landuse", "name": "Surya Nagar", "osm_id": 493231272, "tag": "residential"}}, {"type": "Feature", "geometry": {"type": "Polygon", "coordinates": [[[77.4108001, 23.2960422], [77.4136604, 23.2951223], [77.4137057, 23.2948018], [77.4128457, 23.2947315], [77.4123737, 23.2947896], [77.4123952, 23.2948845], [77.4123194, 23.2949967], [77.4121771, 23.294987], [77.4121185, 23.2950032], [77.4120888, 23.2950403], [77.4112014, 23.2951425], [77.4110454, 23.294691], [77.4108272, 23.2947476], [77.4105559, 23.2948156], [77.4103306, 23.2948536], [77.4108001, 23.2960422]]]}, "properties": {"kind": "landuse", "name": "Janta Nagar", "osm_id": 493231897, "tag": "residential"}}, {"type": "Feature", "geometry": {"type": "Polygon", "coordinates": [[[77.4066527, 23.2961438], [77.4064822, 23.2960623], [77.4054061, 23.2961229], [77.4053284, 23.2954167], [77.4057989, 23.2953987], [77.405988, 23.2953807], [77.4061191, 23.2953729], [77.4061839, 23.2953698], [77.4062842, 23.295365], [77.4063444, 23.2953636], [77.4063621, 23.2953893], [77.406398, 23.2954415], [77.4065375, 23.2954389], [77.4066778, 23.2954425], [77.4067451, 23.295693], [77.4067543, 23.2958381], [77.4066527, 23.2961438]]]}, "properties": {"kind": "landuse", "name": "Haneef Colony", "osm_id": 493232668, "tag": "residential"}}, {"type": "Feature", "geometry": {"type": "Polygon", "coordinates": [[[77.403654, 23.2945998], [77.4035601, 23.292635], [77.4041285, 23.2926066], [77.4044253, 23.2925961], [77.4048859, 23.2925884], [77.4049288, 23.2925681], [77.4051055, 23.2925453], [77.4052562, 23.2925445], [77.4053532, 23.2925429], [77.4055079, 23.2925164], [77.4062955, 23.2924789], [77.4073782, 23.2922543], [77.4075316, 23.2922573], [77.4081467, 23.2923033], [77.4086253, 23.29228], [77.409044, 23.2922495], [77.4091006, 23.2921784], [77.4092482, 23.2921348], [77.4097722, 23.293408], [77.4080841, 23.2938265], [77.4082434, 23.2942193], [77.4088943, 23.2940474], [77.4089876, 23.294464], [77.409001, 23.2946636], [77.409015, 23.2947891], [77.4090397, 23.2951918], [77.408811, 23.2952232], [77.4085793, 23.2952398], [77.4084388, 23.2952546], [77.4079527, 23.2953039], [77.4075175, 23.2953408], [77.407368, 23.2953587], [77.4070307, 23.2953797], [77.4068007, 23.2954049], [77.4066968, 23.2954234], [77.4066589, 23.2954277], [77.4064064, 23.2954308], [77.4063655, 23.2953421], [77.4060114, 23.2953667], [77.4054932, 23.2953712], [77.4054929, 23.2951257], [77.4054774, 23.2950105], [77.4054549, 23.2945107], [77.4056997, 23.2944213], [77.405448, 23.2941735], [77.4052175, 23.2942278], [77.4049996, 23.2942747], [77.403654, 23.2945998]]]}, "properties": {"kind": "landuse", "name": "Viswakarma Nagar", "osm_id": 493234726, "tag": "residential"}}, {"type": "Feature", "geometry": {"type": "Polygon", "coordinates": [[[77.4155342, 23.2939405], [77.4146781, 23.2923279], [77.4129833, 23.2894215], [77.4111476, 23.2873443], [77.410396, 23.2862796], [77.4093464, 23.2851178], [77.4090343, 23.2848228], [77.4086642, 23.284537], [77.4086465, 23.2845558], [77.4082678, 23.2849565], [77.408005, 23.2851859], [77.4076982, 23.2854615], [77.4069185, 23.2861792], [77.4065096, 23.2865492], [77.4060815, 23.2869015], [77.4058406, 23.2870713], [77.4056033, 23.2872355], [77.4053777, 23.2874036], [77.4052725, 23.2874724], [77.4051183, 23.2875916], [77.4047936, 23.2877729], [77.4046697, 23.2878724], [77.4039552, 23.288316], [77.4033164, 23.2886868], [77.4034555, 23.2909507], [77.403509, 23.2918576], [77.4043761, 23.291715], [77.4048885, 23.291586], [77.4049795, 23.2911273], [77.4058456, 23.2915597], [77.4063033, 23.2919778], [77.4066388, 23.2921569], [77.4071356, 23.2921426], [77.4074113, 23.2922334], [77.4082442, 23.292297], [77.4085349, 23.2922704], [77.4090434, 23.2922286], [77.4091019, 23.2921617], [77.4095922, 23.292022], [77.4102645, 23.2921498], [77.4115597, 23.2925201], [77.4123504, 23.2929118], [77.4155433, 23.2940963], [77.4155342, 23.2939405]]]}, "properties": {"kind": "landuse", "name": "Bhopal Mandi", "osm_id": 493235970, "tag": "residential"}}, {"type": "Feature", "geometry": {"type": "Polygon", "coordinates": [[[77.4101963, 23.2861806], [77.4083463, 23.2864909], [77.4080719, 23.2865727], [77.4079978, 23.2863583], [77.4075745, 23.2865327], [77.4073892, 23.2865112], [77.4067325, 23.2866725], [77.4065381, 23.2867949], [77.4064737, 23.287078], [77.4062871, 23.2872966], [77.4060328, 23.2872811], [77.4056785, 23.2875749], [77.4053677, 23.2877416], [77.4045535, 23.2879571], [77.4038392, 23.2883642], [77.4051593, 23.2887497], [77.4061326, 23.2890383], [77.4069627, 23.2890764], [77.4074776, 23.2890215], [77.4077636, 23.2889661], [77.4082657, 23.2888936], [77.4088015, 23.2888363], [77.4093308, 23.2887408], [77.4093516, 23.288337], [77.4092683, 23.2876681], [77.4109608, 23.2873156], [77.4107882, 23.2869626], [77.4101963, 23.2861806]]]}, "properties": {"kind": "landuse", "name": "Nawab Colony", "osm_id": 493236487, "tag": "residential"}}, {"type": "Feature", "geometry": {"type": "Polygon", "coordinates": [[[77.4107972, 23.2859938], [77.41106, 23.2866393], [77.4113846, 23.2871173], [77.4125111, 23.2884778], [77.4127733, 23.288492], [77.4130444, 23.2883406], [77.4133272, 23.2884079], [77.4134948, 23.2884503], [77.4149881, 23.2890276], [77.4151262, 23.2885226], [77.4159066, 23.2886718], [77.4159763, 23.2884414], [77.4159879, 23.2884029], [77.4161367, 23.2879603], [77.4161585, 23.2875476], [77.4129952, 23.2835202], [77.4127927, 23.2835079], [77.4122281, 23.283604], [77.4121408, 23.2836669], [77.4120538, 23.2837555], [77.4119955, 23.2841285], [77.4117847, 23.2847916], [77.4110545, 23.2846921], [77.4109358, 23.2847176], [77.4107555, 23.2847497], [77.410628, 23.2847566], [77.4103425, 23.2848402], [77.4101072, 23.2849011], [77.4097122, 23.2850022], [77.4097002, 23.2850578], [77.4107972, 23.2859938]]]}, "properties": {"kind": "landuse", "name": "Preet Nagar", "osm_id": 493240939, "tag": "residential"}}, {"type": "Feature", "geometry": {"type": "Polygon", "coordinates": [[[77.4164125, 23.2878819], [77.4180839, 23.2883458], [77.4210372, 23.2866844], [77.4218829, 23.2873327], [77.4227086, 23.2874236], [77.4234656, 23.2873063], [77.4239712, 23.2870195], [77.4206984, 23.2829351], [77.4183299, 23.2800618], [77.4168674, 23.2810494], [77.4170241, 23.2812209], [77.4158704, 23.2819129], [77.4129952, 23.2835202], [77.4134064, 23.2837926], [77.4136058, 23.2840626], [77.4146548, 23.2854828], [77.4152467, 23.2863088], [77.415887, 23.2871761], [77.4164125, 23.2878819]]]}, "properties": {"kind": "landuse", "name": "Chola", "osm_id": 493241532, "tag": "residential"}}, {"type": "Feature", "geometry": {"type": "Polygon", "coordinates": [[[77.4419175, 23.2220451], [77.4419021, 23.2238752], [77.4403846, 23.2237988], [77.4404436, 23.223615], [77.4401218, 23.2234424], [77.4403095, 23.2230185], [77.4407387, 23.2216455], [77.4413797, 23.2217564], [77.44131, 23.22203], [77.4419175, 23.2220451]]]}, "properties": {"kind": "landuse", "name": "", "osm_id": 496633851, "tag": "construction"}}, {"type": "Feature", "geometry": {"type": "Polygon", "coordinates": [[[77.4550136, 23.2168036], [77.4549432, 23.2184169], [77.4509294, 23.2182292], [77.4508853, 23.2192913], [77.4498339, 23.2192518], [77.4499573, 23.2176005], [77.4509127, 23.217629], [77.4509754, 23.2176309], [77.4509897, 23.2164801], [77.4510262, 23.2166238], [77.4550136, 23.2168036]]]}, "properties": {"kind": "landuse", "name": "Sector 1 Shakti Nagar", "osm_id": 498575910, "tag": "residential"}}, {"type": "Feature", "geometry": {"type": "Polygon", "coordinates": [[[77.4591282, 23.2185277], [77.4564247, 23.2184611], [77.456499, 23.2168589], [77.4592055, 23.216978], [77.4591282, 23.2185277]]]}, "properties": {"kind": "landuse", "name": "Sector 3A", "osm_id": 498576224, "tag": "residential"}}, {"type": "Feature", "geometry": {"type": "Polygon", "coordinates": [[[77.4544456, 23.2205231], [77.457415, 23.2206038], [77.4576965, 23.2209596], [77.4624897, 23.2241366], [77.4631145, 23.2232471], [77.4625943, 23.2229918], [77.4626199, 23.2227053], [77.4629561, 23.2222298], [77.4626006, 23.2216612], [77.4624827, 23.2193767], [77.4629334, 23.2187693], [77.4633354, 23.217183], [77.4627684, 23.2171451], [77.4546623, 23.2167959], [77.4457679, 23.2161527], [77.4457227, 23.217068], [77.4455632, 23.2196762], [77.4455529, 23.2203307], [77.4544456, 23.2205231]]]}, "properties": {"kind": "landuse", "name": "Shakti Nagar", "osm_id": 498577250, "tag": "residential"}}, {"type": "Feature", "geometry": {"type": "Polygon", "coordinates": [[[77.4628746, 23.2187605], [77.4625211, 23.2188235], [77.4623739, 23.2183825], [77.462356, 23.2183762], [77.462274, 23.2176656], [77.4624907, 23.2171176], [77.4633062, 23.2171799], [77.4633362, 23.2171822], [77.4628746, 23.2187605]]]}, "properties": {"kind": "landuse", "name": "4 C Saket Nagar", "osm_id": 498578156, "tag": "residential"}}, {"type": "Feature", "geometry": {"type": "Polygon", "coordinates": [[[77.4588425, 23.2105025], [77.4583485, 23.2119297], [77.4582964, 23.2120474], [77.4586218, 23.2120195], [77.4648478, 23.2138988], [77.4633382, 23.2171755], [77.4583886, 23.2168068], [77.4554782, 23.21659], [77.454853, 23.2167749], [77.4553697, 23.2113076], [77.4552017, 23.2112796], [77.457658, 23.2062215], [77.4582472, 23.2049579], [77.4586164, 23.2046809], [77.4592304, 23.2048957], [77.4595625, 23.2041399], [77.4606219, 23.2042927], [77.4609089, 23.203706], [77.4617118, 23.2040204], [77.4618356, 23.2037337], [77.4627347, 23.2040841], [77.4624607, 23.2053353], [77.4603261, 23.2076273], [77.4588425, 23.2105025]]]}, "properties": {"kind": "landuse", "name": "Saket Nagar", "osm_id": 498578726, "tag": "residential"}}, {"type": "Feature", "geometry": {"type": "Polygon", "coordinates": [[[77.4583485, 23.2119297], [77.4603261, 23.2076273], [77.4623833, 23.2053098], [77.4629086, 23.2036637], [77.4641595, 23.2042511], [77.4633127, 23.2073323], [77.4644239, 23.2077352], [77.4668632, 23.2100855], [77.468763, 23.2112296], [77.467691, 23.2128855], [77.4669213, 23.2146079], [77.4627247, 23.2134186], [77.4583485, 23.2119297]]]}, "properties": {"kind": "landuse", "name": "Pipalia Pende Khan", "osm_id": 498579486, "tag": "residential"}}, {"type": "Feature", "geometry": {"type": "Polygon", "coordinates": [[[77.4552118, 23.2112082], [77.4524486, 23.2108148], [77.4537973, 23.2062028], [77.457658, 23.2062215], [77.4575328, 23.2064734], [77.455272, 23.2111598], [77.4552118, 23.2112082]]]}, "properties": {"kind": "landuse", "name": "Sector- 9/A Saket Nagar", "osm_id": 498579957, "tag": "residential"}}, {"type": "Feature", "geometry": {"type": "Polygon", "coordinates": [[[77.4486319, 23.2110021], [77.4509155, 23.2110349], [77.4524444, 23.210815], [77.4537973, 23.2062028], [77.4500463, 23.206315], [77.4486319, 23.2110021]]]}, "properties": {"kind": "landuse", "name": "9B Saket Nagar", "osm_id": 498580504, "tag": "residential"}}, {"type": "Feature", "geometry": {"type": "Polygon", "coordinates": [[[77.4509897, 23.2164801], [77.4548335, 23.216702], [77.454849, 23.2165554], [77.4552017, 23.2112796], [77.4529564, 23.2110095], [77.4510012, 23.2110798], [77.4509897, 23.2164801]]]}, "properties": {"kind": "landuse", "name": "Alkapuri", "osm_id": 498580996, "tag": "residential"}}, {"type": "Feature", "geometry": {"type": "Polygon", "coordinates": [[[77.4511143, 23.2111483], [77.4511048, 23.2163905], [77.4428224, 23.2160434], [77.4436204, 23.2124783], [77.4438389, 23.2120512], [77.4445352, 23.2119234], [77.4451261, 23.2126495], [77.4455082, 23.2123105], [77.44583, 23.2118372], [77.4507653, 23.2113837], [77.4511143, 23.2111483]]]}, "properties": {"kind": "landuse", "name": "Railway Colony", "osm_id": 498581474, "tag": "residential"}}, {"type": "Feature", "geometry": {"type": "Polygon", "coordinates": [[[77.4427176, 23.2156888], [77.4428224, 23.2160434], [77.4418587, 23.2160561], [77.4436981, 23.2108431], [77.4437511, 23.2108661], [77.4461479, 23.2109503], [77.4462163, 23.2120739], [77.4449671, 23.2122716], [77.4445821, 23.2120626], [77.443704, 23.2120433], [77.4434508, 23.2130806], [77.4427176, 23.2156888]]]}, "properties": {"kind": "landuse", "name": "Durga Nagar Slums", "osm_id": 498582654, "tag": "residential"}}, {"type": "Feature", "geometry": {"type": "Polygon", "coordinates": [[[77.4583417, 23.2043395], [77.4588504, 23.204137], [77.4592335, 23.2039957], [77.4602826, 23.2036331], [77.4622719, 23.2035465], [77.4629086, 23.2036637], [77.4633605, 23.2025129], [77.4614561, 23.2018033], [77.4583359, 23.2016826], [77.4583417, 23.2043395]]]}, "properties": {"kind": "landuse", "name": "Emerald Park City", "osm_id": 499093660, "tag": "residential"}}, {"type": "Feature", "geometry": {"type": "Polygon", "coordinates": [[[77.4583389, 23.201649], [77.4583883, 23.1988665], [77.4591008, 23.1990277], [77.4630361, 23.1999178], [77.463119, 23.1996011], [77.4633543, 23.1996549], [77.4635482, 23.1988813], [77.4640259, 23.1989095], [77.4636807, 23.2011048], [77.4633587, 23.2025111], [77.4614583, 23.2018176], [77.4583389, 23.201649]]]}, "properties": {"kind": "landuse", "name": "Amrai Housing Board Colony", "osm_id": 499094110, "tag": "residential"}}, {"type": "Feature", "geometry": {"type": "Polygon", "coordinates": [[[77.4481564, 23.1984347], [77.4448916, 23.2070142], [77.4451513, 23.2073491], [77.4454705, 23.2068141], [77.4491031, 23.2063941], [77.4499009, 23.2065587], [77.4499847, 23.2061358], [77.4538114, 23.2061785], [77.457658, 23.2062215], [77.4583428, 23.2047528], [77.4583883, 23.1988665], [77.4582866, 23.1988435], [77.4581881, 23.1973687], [77.4584803, 23.1961032], [77.458, 23.1960376], [77.4580747, 23.1956552], [77.4574183, 23.1955683], [77.4574021, 23.1952375], [77.4573929, 23.1950517], [77.4573832, 23.1948532], [77.4573737, 23.1946592], [77.45736, 23.1943808], [77.4546288, 23.19376], [77.4507426, 23.1923959], [77.4504524, 23.1922997], [77.4503364, 23.1922415], [77.4481564, 23.1984347]]]}, "properties": {"kind": "landuse", "name": "Barkatullah University", "osm_id": 499095452, "tag": "residential"}}, {"type": "Feature", "geometry": {"type": "Polygon", "coordinates": [[[77.467647, 23.1953817], [77.46777, 23.1963686], [77.4663948, 23.1977512], [77.4641666, 23.197906], [77.4641056, 23.1979102], [77.4638507, 23.200103], [77.4581432, 23.1988309], [77.4583889, 23.1965486], [77.458, 23.1960376], [77.4580747, 23.1956552], [77.4574183, 23.1955683], [77.4574021, 23.1952375], [77.4573929, 23.1950517], [77.4573832, 23.1948532], [77.4573737, 23.1946592], [77.45736, 23.1943808], [77.4572758, 23.1929926], [77.4581126, 23.1919721], [77.4615795, 23.1877437], [77.4650135, 23.1885484], [77.4650611, 23.188562], [77.4651074, 23.1885752], [77.4698896, 23.1899742], [77.4697875, 23.1901338], [77.467005, 23.1942348], [77.4662177, 23.1948075], [77.4663327, 23.1948116], [77.4695309, 23.1945036], [77.469547, 23.1951262], [77.4680186, 23.1951933], [77.467647, 23.1953817]]]}, "properties": {"kind": "landuse", "name": "Bagsewaniya", "osm_id": 499096110, "tag": "residential"}}, {"type": "Feature", "geometry": {"type": "Polygon", "coordinates": [[[77.4608828, 23.1907425], [77.4620262, 23.1910661], [77.4639148, 23.1915889], [77.4652763, 23.1887071], [77.4617653, 23.1878299], [77.4611705, 23.1886918], [77.4608828, 23.1907425]]]}, "properties": {"kind": "landuse", "name": "Kunjan Nagar Phase I", "osm_id": 499096316, "tag": "residential"}}, {"type": "Feature", "geometry": {"type": "Polygon", "coordinates": [[[77.4572017, 23.1941813], [77.4607863, 23.1949281], [77.4661192, 23.1953496], [77.4662336, 23.1948075], [77.467005, 23.1942348], [77.4696701, 23.190304], [77.4699605, 23.1898756], [77.4649745, 23.1886416], [77.4616461, 23.1880085], [77.4616109, 23.1896034], [77.4613038, 23.1909955], [77.4612669, 23.1911583], [77.4603263, 23.1919971], [77.4598727, 23.19236], [77.45943, 23.1927142], [77.4577686, 23.1933228], [77.4573459, 23.1935341], [77.4572017, 23.1941813]]]}, "properties": {"kind": "landuse", "name": "BHEL Sangam Colony", "osm_id": 499096468, "tag": "residential"}}, {"type": "Feature", "geometry": {"type": "Polygon", "coordinates": [[[77.46356, 23.1939289], [77.4619881, 23.1937135], [77.4620942, 23.1930837], [77.4620859, 23.192576], [77.4637525, 23.1925254], [77.4636925, 23.1930411], [77.46356, 23.1939289]]]}, "properties": {"kind": "landuse", "name": "Shankaracharya Nagar", "osm_id": 499097213, "tag": "residential"}}, {"type": "Feature", "geometry": {"type": "Polygon", "coordinates": [[[77.4686008, 23.192134], [77.4674716, 23.1921252], [77.4670307, 23.1894248], [77.4671138, 23.1891167], [77.4691285, 23.1894914], [77.4698965, 23.1899731], [77.4687806, 23.1918557], [77.4686008, 23.192134]]]}, "properties": {"kind": "landuse", "name": "Asharam Nagar", "osm_id": 499098552, "tag": "residential"}}, {"type": "Feature", "geometry": {"type": "Polygon", "coordinates": [[[77.4774142, 23.1872058], [77.4790132, 23.1876379], [77.4810593, 23.1884542], [77.4813364, 23.1885544], [77.481888, 23.1906688], [77.4743282, 23.193878], [77.4743338, 23.1943474], [77.4678377, 23.1952732], [77.466121, 23.1953453], [77.4662315, 23.1947367], [77.4670491, 23.1942977], [77.4672186, 23.1941965], [77.4706329, 23.1888848], [77.4713663, 23.1912226], [77.47228, 23.1912388], [77.4746289, 23.1903733], [77.4755336, 23.1902332], [77.4725847, 23.1861258], [77.4774142, 23.1872058]]]}, "properties": {"kind": "landuse", "name": "Parthsarthy Enclave", "osm_id": 499099323, "tag": "residential"}}, {"type": "Feature", "geometry": {"type": "Polygon", "coordinates": [[[77.4641569, 23.1980178], [77.4670564, 23.1982804], [77.4694688, 23.1985187], [77.473258, 23.1991273], [77.4742273, 23.1982193], [77.4743375, 23.198194], [77.477389, 23.1974919], [77.4779226, 23.1974056], [77.477961, 23.1947875], [77.478197, 23.1928743], [77.4743223, 23.1938741], [77.4743137, 23.1938976], [77.4743128, 23.1939254], [77.4743611, 23.1942163], [77.467647, 23.1953817], [77.4675233, 23.1968358], [77.4669239, 23.1974552], [77.4641569, 23.1980178]]]}, "properties": {"kind": "landuse", "name": "Arvind Vihar", "osm_id": 499100301, "tag": "residential"}}, {"type": "Feature", "geometry": {"type": "Polygon", "coordinates": [[[77.4838216, 23.193695], [77.4852137, 23.1940084], [77.4857712, 23.1919588], [77.4852387, 23.1920132], [77.484522, 23.1913589], [77.4838216, 23.193695]]]}, "properties": {"kind": "landuse", "name": "Laharpur", "osm_id": 499100625, "tag": "residential"}}, {"type": "Feature", "geometry": {"type": "Polygon", "coordinates": [[[77.495428, 23.1931678], [77.4960389, 23.1912339], [77.4963474, 23.1849491], [77.4966138, 23.1843428], [77.4927894, 23.1862289], [77.4910799, 23.1869543], [77.4872151, 23.1885449], [77.4866007, 23.1894532], [77.4861254, 23.1899503], [77.4862452, 23.1902748], [77.4855272, 23.1917577], [77.4851802, 23.1922284], [77.4848885, 23.193174], [77.4826456, 23.1984685], [77.4790487, 23.2045869], [77.4881104, 23.2068674], [77.4881436, 23.2068373], [77.4917264, 23.203555], [77.4938169, 23.202622], [77.4957494, 23.2017595], [77.4957088, 23.2017029], [77.4934105, 23.1985053], [77.493963, 23.1965516], [77.495428, 23.1931678]]]}, "properties": {"kind": "landuse", "name": "Katara Hills", "osm_id": 499101291, "tag": "residential"}}, {"type": "Feature", "geometry": {"type": "Polygon", "coordinates": [[[77.4866007, 23.1894532], [77.4889244, 23.1891582], [77.4895305, 23.1888771], [77.4920591, 23.186788], [77.4931692, 23.1860126], [77.4915222, 23.1838899], [77.4918539, 23.1826999], [77.4896779, 23.1850727], [77.4888689, 23.1863677], [77.4866007, 23.1894532]]]}, "properties": {"kind": "landuse", "name": "Swarna Kunj Colony", "osm_id": 499101909, "tag": "residential"}}, {"type": "Feature", "geometry": {"type": "Polygon", "coordinates": [[[77.4853209, 23.1837519], [77.4908284, 23.1839233], [77.4918601, 23.1826988], [77.4938036, 23.1803051], [77.4926804, 23.1798308], [77.4915913, 23.1790506], [77.4910229, 23.176729], [77.4895157, 23.1750729], [77.4889224, 23.1740826], [77.4878322, 23.1734602], [77.4870296, 23.1730418], [77.4868642, 23.1741209], [77.4878459, 23.1748616], [77.4875898, 23.1759946], [77.4880327, 23.1783392], [77.4883368, 23.1781871], [77.4887263, 23.1787953], [77.4877659, 23.1794133], [77.4871416, 23.1795654], [77.4868488, 23.1803082], [77.4861226, 23.1802275], [77.4853209, 23.1837519]]]}, "properties": {"kind": "landuse", "name": "Katara", "osm_id": 499102385, "tag": "residential"}}, {"type": "Feature", "geometry": {"type": "Polygon", "coordinates": [[[77.4781925, 23.1860838], [77.4796521, 23.1867522], [77.480137, 23.1858294], [77.4786486, 23.1851567], [77.4781925, 23.1860838]]]}, "properties": {"kind": "landuse", "name": "Meenakshi Planet City", "osm_id": 499102968, "tag": "residential"}}, {"type": "Feature", "geometry": {"type": "Polygon", "coordinates": [[[77.4750502, 23.1876746], [77.4753587, 23.1875507], [77.4756672, 23.1874268], [77.4757737, 23.187001], [77.4748333, 23.1871306], [77.4750502, 23.1876746]]]}, "properties": {"kind": "landuse", "name": "Silver Estate", "osm_id": 499103136, "tag": "residential"}}, {"type": "Feature", "geometry": {"type": "Polygon", "coordinates": [[[77.4689782, 23.1872028], [77.4684273, 23.1869839], [77.4681339, 23.1879614], [77.468703, 23.1895046], [77.4691124, 23.1896114], [77.4691189, 23.189456], [77.4690748, 23.1891766], [77.4695169, 23.1891794], [77.4700944, 23.188889], [77.4696683, 23.1881239], [77.4692226, 23.1881143], [77.4689782, 23.1872028]]]}, "properties": {"kind": "landuse", "name": "Sikshak Congress", "osm_id": 499104012, "tag": "residential"}}, {"type": "Feature", "geometry": {"type": "Polygon", "coordinates": [[[77.4624129, 23.1879638], [77.4650603, 23.1886673], [77.465346, 23.1886274], [77.4669118, 23.1867444], [77.4688198, 23.1858688], [77.4694193, 23.1854085], [77.46519, 23.1845465], [77.4648654, 23.1844486], [77.4645611, 23.1848911], [77.4637631, 23.1848377], [77.4636015, 23.1846752], [77.4626318, 23.1852161], [77.4625131, 23.1857338], [77.4622454, 23.186089], [77.4625484, 23.1865254], [77.4626924, 23.1864232], [77.4631267, 23.186725], [77.4629676, 23.187122], [77.4629601, 23.1874794], [77.4624222, 23.1876141], [77.4624191, 23.1877108], [77.4624129, 23.1879638]]]}, "properties": {"kind": "landuse", "name": "Surendra Vihar", "osm_id": 499104746, "tag": "residential"}}, {"type": "Feature", "geometry": {"type": "Polygon", "coordinates": [[[77.4569266, 23.1858457], [77.4584038, 23.1862956], [77.4617656, 23.1878285], [77.4624092, 23.1879612], [77.4624191, 23.1877108], [77.4629601, 23.1874794], [77.4629676, 23.187122], [77.4629193, 23.1865413], [77.4625611, 23.1865846], [77.4623363, 23.1863141], [77.4625453, 23.1859106], [77.4626318, 23.1852161], [77.4632631, 23.1850629], [77.4634626, 23.1846544], [77.4637631, 23.1848377], [77.4641975, 23.1848052], [77.4645611, 23.1848911], [77.4649724, 23.1840498], [77.4603688, 23.1831919], [77.4596153, 23.1829796], [77.4556283, 23.1821418], [77.4555398, 23.1822882], [77.4535098, 23.1854711], [77.4542982, 23.185834], [77.4550318, 23.1858148], [77.4557723, 23.1856167], [77.4570432, 23.1857767], [77.4569266, 23.1858457]]]}, "properties": {"kind": "landuse", "name": "Danish Nagar", "osm_id": 499105090, "tag": "residential"}}, {"type": "Feature", "geometry": {"type": "Polygon", "coordinates": [[[77.4542687, 23.1873882], [77.4540346, 23.186295], [77.4542974, 23.1858403], [77.4549869, 23.185892], [77.4557721, 23.1856204], [77.4563216, 23.1858313], [77.4569233, 23.1858469], [77.4563822, 23.1865557], [77.4556725, 23.18668], [77.4553143, 23.187451], [77.4547456, 23.1873748], [77.4542687, 23.1873882]]]}, "properties": {"kind": "landuse", "name": "Kunjan Nagar Phase 2", "osm_id": 499105488, "tag": "residential"}}, {"type": "Feature", "geometry": {"type": "Polygon", "coordinates": [[[77.4523675, 23.1872593], [77.4547417, 23.1873721], [77.4561262, 23.1857107], [77.4557745, 23.1855984], [77.4550246, 23.185817], [77.4542997, 23.18582], [77.4535098, 23.1854711], [77.4523675, 23.1872593]]]}, "properties": {"kind": "landuse", "name": "Kunjan Nagar", "osm_id": 499105762, "tag": "residential"}}, {"type": "Feature", "geometry": {"type": "Polygon", "coordinates": [[[77.4615447, 23.1881684], [77.461762, 23.1878324], [77.4584038, 23.1862956], [77.4561289, 23.185713], [77.455469, 23.1871399], [77.4566739, 23.186831], [77.4571222, 23.187742], [77.4577532, 23.1881137], [77.458014, 23.1887942], [77.4588612, 23.1883656], [77.4590517, 23.1887419], [77.4595509, 23.1886754], [77.4599965, 23.1883713], [77.4600754, 23.1883175], [77.4615447, 23.1881684]]]}, "properties": {"kind": "landuse", "name": "Rajat Bihar Colony", "osm_id": 499106000, "tag": "residential"}}, {"type": "Feature", "geometry": {"type": "Polygon", "coordinates": [[[77.4525746, 23.1914304], [77.4507, 23.190566], [77.4517388, 23.1883483], [77.4523671, 23.1872607], [77.4546196, 23.1873762], [77.4553137, 23.1874535], [77.4566693, 23.186837], [77.4571345, 23.1877307], [77.4577532, 23.1881137], [77.45732, 23.1889827], [77.4590584, 23.1887191], [77.4599965, 23.1883713], [77.4616904, 23.1881916], [77.4616058, 23.1894029], [77.4614806, 23.1911965], [77.4598727, 23.19236], [77.4594414, 23.1927296], [77.4571352, 23.1941591], [77.4570508, 23.194125], [77.454231, 23.1922973], [77.4525746, 23.1914304]]]}, "properties": {"kind": "landuse", "name": "Ahmedpur Kalan", "osm_id": 499106580, "tag": "residential"}}, {"type": "Feature", "geometry": {"type": "Polygon", "coordinates": [[[77.4560415, 23.2754448], [77.4594805, 23.2752913], [77.4606396, 23.2752399], [77.4611892, 23.2751199], [77.4615553, 23.2750507], [77.4624565, 23.2751431], [77.4625102, 23.2747686], [77.4625558, 23.2746553], [77.461366, 23.2739142], [77.4610564, 23.27365], [77.4601772, 23.2726041], [77.4581033, 23.2727063], [77.4582052, 23.2746035], [77.4568292, 23.2741526], [77.4562553, 23.2739814], [77.4559414, 23.2739087], [77.4560415, 23.2754448]]]}, "properties": {"kind": "landuse", "name": "Sector E", "osm_id": 499559704, "tag": "residential"}}, {"type": "Feature", "geometry": {"type": "Polygon", "coordinates": [[[77.4435709, 23.278688], [77.4437567, 23.279161], [77.4439935, 23.2791422], [77.4471453, 23.2789324], [77.4472203, 23.2799835], [77.4441335, 23.2810153], [77.4435115, 23.2819725], [77.443127, 23.2823227], [77.4410905, 23.2811573], [77.4413855, 23.2807696], [77.4412513, 23.2798541], [77.441429, 23.279402], [77.4421313, 23.2793133], [77.4425716, 23.2792522], [77.443405, 23.2786122], [77.4435709, 23.278688]]]}, "properties": {"kind": "landuse", "name": "Eco Green City", "osm_id": 499559706, "tag": "residential"}}, {"type": "Feature", "geometry": {"type": "Polygon", "coordinates": [[[77.4188321, 23.2778192], [77.4191655, 23.2776373], [77.4193949, 23.277519], [77.4195677, 23.2774181], [77.4196488, 23.2773722], [77.4197603, 23.2773229], [77.4201289, 23.2772981], [77.4202031, 23.2772921], [77.4203323, 23.2772412], [77.4204374, 23.2771935], [77.4204536, 23.2771157], [77.4205131, 23.2768339], [77.4206414, 23.2766407], [77.4210881, 23.2762843], [77.4212733, 23.2769223], [77.4213924, 23.2769223], [77.4215303, 23.2768148], [77.4216487, 23.2766959], [77.421885, 23.276684], [77.4218342, 23.2758466], [77.4221979, 23.2757353], [77.422332, 23.2756961], [77.4223725, 23.2762712], [77.4226694, 23.2762564], [77.4227281, 23.2766708], [77.4231478, 23.2765827], [77.4244462, 23.2761736], [77.4245699, 23.276152], [77.424632, 23.2762679], [77.425493, 23.277506], [77.4256808, 23.2779766], [77.4254876, 23.2780826], [77.4244483, 23.2785014], [77.4238005, 23.2787934], [77.422725, 23.2792578], [77.4226606, 23.2792652], [77.4226445, 23.2792184], [77.4226713, 23.2786505], [77.4227196, 23.2781269], [77.4222395, 23.2780801], [77.4221724, 23.278701], [77.4220464, 23.2788611], [77.421754, 23.2790435], [77.4210218, 23.2794401], [77.4206972, 23.2795116], [77.4201527, 23.2795609], [77.420072, 23.2794863], [77.4198359, 23.2791684], [77.4193025, 23.2784645], [77.4188321, 23.2778192]]]}, "properties": {"kind": "landuse", "name": "Indus City Campus", "osm_id": 499559708, "tag": "residential"}}, {"type": "Feature", "geometry": {"type": "Polygon", "coordinates": [[[77.4186775, 23.277612], [77.4180928, 23.2769024], [77.4175402, 23.2762051], [77.417146, 23.275594], [77.4170119, 23.2753895], [77.4167946, 23.274983], [77.41647, 23.2743694], [77.4162045, 23.2738569], [77.4160221, 23.2734997], [77.4161106, 23.2731917], [77.4161863, 23.2730931], [77.4167964, 23.2729642], [77.4172613, 23.2732804], [77.4175644, 23.2733814], [77.4178272, 23.2734947], [77.4179828, 23.2739062], [77.4181759, 23.2739875], [77.4183208, 23.2739259], [77.4183181, 23.2738225], [77.4184415, 23.2737485], [77.4186158, 23.2739013], [77.4187392, 23.2741009], [77.4190798, 23.2738545], [77.4193722, 23.2739407], [77.4195828, 23.2740122], [77.4198456, 23.274038], [77.4201299, 23.2740972], [77.4202064, 23.2741575], [77.4202305, 23.2742327], [77.4202359, 23.2743879], [77.4201272, 23.274399], [77.4201192, 23.2745382], [77.4200347, 23.2745604], [77.4200454, 23.2748056], [77.4200964, 23.274808], [77.4201098, 23.275116], [77.4202037, 23.2753353], [77.4202815, 23.2756014], [77.4204907, 23.2755423], [77.4205551, 23.275764], [77.4207857, 23.2757271], [77.420826, 23.2758158], [77.4210781, 23.2758084], [77.4211358, 23.2759993], [77.4211518, 23.2762051], [77.4209198, 23.2763357], [77.4205577, 23.2765894], [77.420378, 23.2770255], [77.4203324, 23.277129], [77.4200213, 23.2772399], [77.4197155, 23.2772769], [77.4193963, 23.2773853], [77.419045, 23.2775257], [77.4189028, 23.2775479], [77.4186775, 23.277612]]]}, "properties": {"kind": "landuse", "name": "Dwarka Nagar", "osm_id": 499559709, "tag": "residential"}}, {"type": "Feature", "geometry": {"type": "Polygon", "coordinates": [[[77.4521366, 23.2735336], [77.451936, 23.2699997], [77.4554913, 23.2690703], [77.4558279, 23.2739647], [77.4558353, 23.274134], [77.4521366, 23.2735336]]]}, "properties": {"kind": "landuse", "name": "Bagsevania", "osm_id": 499560150, "tag": "industrial"}}, {"type": "Feature", "geometry": {"type": "Polygon", "coordinates": [[[77.4613425, 23.2772051], [77.4567043, 23.278244], [77.4562248, 23.2783514], [77.4562013, 23.2778599], [77.4560415, 23.2754448], [77.4594805, 23.2752913], [77.4606396, 23.2752399], [77.4611892, 23.2751199], [77.4615192, 23.2764639], [77.4614392, 23.2771737], [77.4613425, 23.2772051]]]}, "properties": {"kind": "landuse", "name": "Sagar Estates", "osm_id": 499560151, "tag": "residential"}}, {"type": "Feature", "geometry": {"type": "Polygon", "coordinates": [[[77.4411328, 23.2699157], [77.4424965, 23.2697762], [77.4424328, 23.268151], [77.4421424, 23.2681641], [77.440995, 23.2682157], [77.4410149, 23.2684618], [77.4411328, 23.2699157]]]}, "properties": {"kind": "landuse", "name": "137-H Sector", "osm_id": 499560294, "tag": "residential"}}, {"type": "Feature", "geometry": {"type": "Polygon", "coordinates": [[[77.444423, 23.2696683], [77.4445839, 23.271853], [77.4447164, 23.2731734], [77.4440005, 23.2730941], [77.4429242, 23.2730064], [77.442595, 23.2717001], [77.4425943, 23.2698188], [77.4425884, 23.2695027], [77.4433563, 23.2694724], [77.4434034, 23.2693885], [77.4438873, 23.2693668], [77.4444119, 23.2693625], [77.444423, 23.2696683]]]}, "properties": {"kind": "landuse", "name": "Sector H", "osm_id": 499560295, "tag": "residential"}}, {"type": "Feature", "geometry": {"type": "Polygon", "coordinates": [[[77.431183, 23.2786583], [77.4328127, 23.2780062], [77.4343582, 23.2774067], [77.4343899, 23.2774789], [77.4353331, 23.2794703], [77.4321967, 23.2804295], [77.431183, 23.2786583]]]}, "properties": {"kind": "landuse", "name": "Coach Factory Colony", "osm_id": 499560343, "tag": "residential"}}, {"type": "Feature", "geometry": {"type": "Polygon", "coordinates": [[[77.4572746, 23.1791695], [77.4556329, 23.1821344], [77.4558173, 23.1821659], [77.4649414, 23.184097], [77.4643995, 23.1848888], [77.4635383, 23.1846335], [77.4626823, 23.1851117], [77.462609, 23.1855992], [77.4624092, 23.1879612], [77.4652764, 23.1887016], [77.4666038, 23.1888964], [77.467193, 23.1865353], [77.4694348, 23.1853673], [77.4728756, 23.1859529], [77.4786935, 23.1874899], [77.4810628, 23.1884021], [77.4827865, 23.1855427], [77.4846761, 23.1838752], [77.484797, 23.1802206], [77.485311, 23.17708], [77.4785266, 23.1750636], [77.4700735, 23.1721049], [77.4636345, 23.1692981], [77.4572746, 23.1791695]]]}, "properties": {"kind": "landuse", "name": "Shri Rameshwaram", "osm_id": 506899799, "tag": "residential"}}, {"type": "Feature", "geometry": {"type": "Polygon", "coordinates": [[[77.4586288, 23.177505], [77.4615067, 23.1773932], [77.4624457, 23.176797], [77.4640363, 23.1758901], [77.4647723, 23.1758064], [77.464973, 23.1727684], [77.4646899, 23.1721293], [77.462728, 23.1727458], [77.4616344, 23.1726551], [77.458353, 23.1774672], [77.4585222, 23.1774904], [77.4586288, 23.177505]]]}, "properties": {"kind": "landuse", "name": "Aryan Wings Colony", "osm_id": 506901234, "tag": "residential"}}, {"type": "Feature", "geometry": {"type": "Polygon", "coordinates": [[[77.4697648, 23.1712556], [77.4696157, 23.1685017], [77.4694364, 23.1674576], [77.4705813, 23.1665685], [77.4712215, 23.1678989], [77.4716862, 23.1694216], [77.4719193, 23.1708941], [77.4703507, 23.1710977], [77.4697648, 23.1712556]]]}, "properties": {"kind": "landuse", "name": "Golden City", "osm_id": 506902963, "tag": "residential"}}, {"type": "Feature", "geometry": {"type": "Polygon", "coordinates": [[[77.4901447, 23.1685515], [77.4896971, 23.168363], [77.4892991, 23.1681329], [77.4888113, 23.1677592], [77.4886324, 23.1673405], [77.4886812, 23.1669817], [77.4885999, 23.1664585], [77.4886486, 23.1658903], [77.4886864, 23.1655258], [77.4887137, 23.1650232], [77.488795, 23.1645747], [77.4889576, 23.1639019], [77.4890877, 23.1634085], [77.4892341, 23.1630347], [77.4894455, 23.1628852], [77.4898194, 23.1628102], [77.4900959, 23.1627656], [77.4904049, 23.1627656], [77.4908115, 23.1628553], [77.4912505, 23.1630497], [77.4915758, 23.1633935], [77.4920799, 23.1639168], [77.4922913, 23.1643654], [77.4925515, 23.1648438], [77.4927141, 23.1651727], [77.4931694, 23.1659053], [77.4936085, 23.1665332], [77.4935975, 23.1669676], [77.4937223, 23.167505], [77.4936085, 23.1680881], [77.4901447, 23.1685515]]]}, "properties": {"kind": "landuse", "name": "Sahu Colony", "osm_id": 506907590, "tag": "residential"}}, {"type": "Feature", "geometry": {"type": "Polygon", "coordinates": [[[77.4775836, 23.1500489], [77.4762344, 23.1479638], [77.4759309, 23.1479025], [77.4757118, 23.1491841], [77.4774478, 23.1501698], [77.4775836, 23.1500489]]]}, "properties": {"kind": "landuse", "name": "Nirmal Estate \u0928\u093f\u0930\u094d\u092e\u0932 \u090f\u0938\u094d\u091f\u0947\u091f", "osm_id": 512965798, "tag": "residential"}}, {"type": "Feature", "geometry": {"type": "Polygon", "coordinates": [[[77.4807373, 23.1562928], [77.47603, 23.1550733], [77.4765343, 23.1529264], [77.4777299, 23.1512432], [77.4794111, 23.1501096], [77.4816526, 23.149955], [77.4829602, 23.1508653], [77.4835206, 23.1526688], [77.483502, 23.1546611], [77.4826053, 23.1557947], [77.4807373, 23.1562928]]]}, "properties": {"kind": "landuse", "name": "Bhairopur \u092d\u0948\u0930\u094b\u092a\u0941\u0930", "osm_id": 512966301, "tag": "residential"}}, {"type": "Feature", "geometry": {"type": "Polygon", "coordinates": [[[77.4891316, 23.1322135], [77.4859966, 23.1320832], [77.4853029, 23.1316992], [77.4858177, 23.1309323], [77.4876081, 23.1277144], [77.4880802, 23.1294707], [77.4889937, 23.13021], [77.4883608, 23.13113], [77.4892818, 23.1319372], [77.4891316, 23.1322135]]]}, "properties": {"kind": "landuse", "name": "Shavoy Savan Colony", "osm_id": 512966812, "tag": "residential"}}, {"type": "Feature", "geometry": {"type": "Polygon", "coordinates": [[[77.4914722, 23.1291988], [77.4898454, 23.1283487], [77.4913736, 23.1261273], [77.4940973, 23.1266827], [77.4930374, 23.1287908], [77.4914722, 23.1291988]]]}, "properties": {"kind": "landuse", "name": "Anuja", "osm_id": 512967236, "tag": "residential"}}, {"type": "Feature", "geometry": {"type": "Polygon", "coordinates": [[[77.4950471, 23.1168853], [77.50059, 23.1187946], [77.501132, 23.1189451], [77.5001722, 23.120151], [77.4996798, 23.1207697], [77.4974401, 23.1237512], [77.4915393, 23.1219078], [77.4950471, 23.1168853]]]}, "properties": {"kind": "landuse", "name": "Srikrishnapuram \u0936\u094d\u0930\u0940\u0915\u0943\u0937\u094d\u0923\u092a\u0941\u0930\u092e", "osm_id": 512967298, "tag": "residential"}}, {"type": "Feature", "geometry": {"type": "Polygon", "coordinates": [[[77.4856619, 23.2294699], [77.485551, 23.2283749], [77.4854838, 23.2278896], [77.4862209, 23.226917], [77.4867969, 23.2268829], [77.4868011, 23.2271478], [77.4875114, 23.2271718], [77.4879004, 23.2273458], [77.4881947, 23.2274825], [77.4887568, 23.2275024], [77.4888853, 23.2293245], [77.4856619, 23.2294699]]]}, "properties": {"kind": "landuse", "name": "Samanvay Nagar", "osm_id": 512971642, "tag": "residential"}}, {"type": "Feature", "geometry": {"type": "Polygon", "coordinates": [[[77.4891329, 23.227508], [77.4900639, 23.2276783], [77.4911963, 23.2281682], [77.4922097, 23.2281981], [77.4922016, 23.2278287], [77.4920512, 23.2273281], [77.4922844, 23.2263113], [77.4916058, 23.2260071], [77.4915484, 23.2261743], [77.4899974, 23.2263963], [77.4890465, 23.226575], [77.4891329, 23.227508]]]}, "properties": {"kind": "landuse", "name": "Vallabh Nagar", "osm_id": 512972170, "tag": "residential"}}, {"type": "Feature", "geometry": {"type": "Polygon", "coordinates": [[[77.4858756, 23.2256257], [77.4862209, 23.226917], [77.4872743, 23.2261866], [77.4873398, 23.2260962], [77.4876872, 23.2259083], [77.4881911, 23.2257218], [77.488396, 23.2257494], [77.4898623, 23.2245905], [77.4889363, 23.2243011], [77.4883521, 23.224335], [77.4862921, 23.2249078], [77.4860089, 23.2248584], [77.4858756, 23.2256257]]]}, "properties": {"kind": "landuse", "name": "New Fort Colony \u0928\u094d\u092f\u0942 \u092b\u094b\u0930\u094d\u091f \u0915\u0949\u0932\u094b\u0928\u0940", "osm_id": 512973369, "tag": "residential"}}, {"type": "Feature", "geometry": {"type": "Polygon", "coordinates": [[[77.4920627, 23.2236239], [77.4919679, 23.2234743], [77.4897783, 23.2200202], [77.4945551, 23.2182272], [77.4963987, 23.2208348], [77.4947013, 23.2217178], [77.4920627, 23.2236239]]]}, "properties": {"kind": "landuse", "name": "Usha Prabha Colony \u0909\u0937\u093e \u092a\u094d\u0930\u092d\u093e \u0915\u0949\u0932\u094b\u0928\u0940", "osm_id": 512974051, "tag": "residential"}}, {"type": "Feature", "geometry": {"type": "Polygon", "coordinates": [[[77.4905701, 23.2247062], [77.4919679, 23.2234743], [77.4910055, 23.222429], [77.4884349, 23.2240457], [77.4886595, 23.2242839], [77.4894235, 23.2244457], [77.4898827, 23.2245884], [77.4905701, 23.2247062]]]}, "properties": {"kind": "landuse", "name": "Yugantar Colony \u092f\u0941\u0917\u093e\u0902\u0924\u0930 \u0915\u0949\u0932\u094b\u0928\u0940", "osm_id": 512974501, "tag": "residential"}}, {"type": "Feature", "geometry": {"type": "Polygon", "coordinates": [[[77.4975979, 23.2246395], [77.4978884, 23.2251093], [77.4985843, 23.2249908], [77.4986311, 23.2244738], [77.5006389, 23.2239147], [77.5003868, 23.2233991], [77.4987769, 23.2236382], [77.4986842, 23.2240244], [77.4984681, 23.2243933], [77.4975979, 23.2246395]]]}, "properties": {"kind": "landuse", "name": "Shivlok Phase V \u0936\u093f\u0935\u0932\u094b\u0915 \u092b\u0947\u0938 V", "osm_id": 512975293, "tag": "residential"}}, {"type": "Feature", "geometry": {"type": "Polygon", "coordinates": [[[77.4973303, 23.2202112], [77.496899, 23.2192347], [77.4972232, 23.2190911], [77.4973838, 23.2188745], [77.4976018, 23.2185827], [77.4986117, 23.2181207], [77.4989217, 23.2180011], [77.5015539, 23.216986], [77.5040257, 23.2160594], [77.5040277, 23.2161024], [77.5041138, 23.2179939], [77.504172, 23.2192725], [77.5044322, 23.2230983], [77.5041924, 23.2230938], [77.5012577, 23.2230391], [77.4998464, 23.2226799], [77.4987583, 23.2214568], [77.4973303, 23.2202112]]]}, "properties": {"kind": "landuse", "name": "Vardhaman Colony \u0935\u0930\u094d\u0927\u092e\u093e\u0928 \u0915\u0949\u0932\u094b\u0928\u0940", "osm_id": 512975754, "tag": "residential"}}, {"type": "Feature", "geometry": {"type": "Polygon", "coordinates": [[[77.5041138, 23.2179939], [77.5041769, 23.2246482], [77.5019951, 23.2247478], [77.5013779, 23.2241538], [77.4998464, 23.2226799], [77.4987633, 23.2214571], [77.4973303, 23.2202112], [77.496899, 23.2192347], [77.4962474, 23.2194718], [77.4958028, 23.2184328], [77.4951056, 23.2170293], [77.4936705, 23.2179033], [77.4906337, 23.2178476], [77.4931134, 23.2177658], [77.4901115, 23.2125611], [77.4893069, 23.2116936], [77.4949392, 23.2104421], [77.4989314, 23.2090769], [77.502939, 23.2087498], [77.5040277, 23.2161024], [77.5041138, 23.2179939]]]}, "properties": {"kind": "landuse", "name": "BDA Colony BDA \u0915\u0949\u0932\u094b\u0928\u0940", "osm_id": 512976233, "tag": "residential"}}, {"type": "Feature", "geometry": {"type": "Polygon", "coordinates": [[[77.498949, 23.2046593], [77.5005619, 23.2124087], [77.4907412, 23.2128221], [77.4847794, 23.2152989], [77.4848811, 23.2148571], [77.4862086, 23.2090879], [77.4917264, 23.203555], [77.4938169, 23.202622], [77.4957088, 23.2017029], [77.498949, 23.2046593]]]}, "properties": {"kind": "landuse", "name": "Amrawad Khurd Village \u0905\u092e\u094d\u0930\u0935\u093e\u0926 \u0916\u0941\u0930\u094d\u0926 \u0917\u093e\u0901\u0935", "osm_id": 512976749, "tag": "residential"}}, {"type": "Feature", "geometry": {"type": "Polygon", "coordinates": [[[77.4800138, 23.2172958], [77.4802399, 23.2165144], [77.480847, 23.2162947], [77.4810149, 23.215271], [77.4848811, 23.2148571], [77.4854819, 23.2105353], [77.4862086, 23.2090879], [77.4881432, 23.2068366], [77.4790474, 23.2045857], [77.4816319, 23.1997476], [77.4795798, 23.1970093], [77.4788853, 23.1967497], [77.4782336, 23.1967238], [77.4777476, 23.1980034], [77.4743375, 23.198194], [77.4730703, 23.1993531], [77.4693796, 23.1988995], [77.4642624, 23.1982464], [77.4639517, 23.200164], [77.4652382, 23.2004182], [77.4648735, 23.2028834], [77.4633615, 23.2025066], [77.4630245, 23.2035385], [77.4644658, 23.2042048], [77.4634999, 23.2072789], [77.4663755, 23.2102987], [77.4676415, 23.211482], [77.4692079, 23.2126258], [77.4669213, 23.2146079], [77.4680144, 23.2150449], [77.4686116, 23.2142846], [77.4778989, 23.2167361], [77.4800138, 23.2172958]]]}, "properties": {"kind": "landuse", "name": "Barkhera Pathani \u092c\u093e\u0930\u0916\u0947\u095c\u093e \u092a\u0920\u093e\u0928\u0940", "osm_id": 512977850, "tag": "residential"}}, {"type": "Feature", "geometry": {"type": "Polygon", "coordinates": [[[77.4810481, 23.2250057], [77.4819672, 23.2250008], [77.4817553, 23.222742], [77.4807007, 23.2228601], [77.4810481, 23.2250057]]]}, "properties": {"kind": "landuse", "name": "Rishipuram \u0930\u093f\u0936\u093f\u092a\u0941\u0930\u092e", "osm_id": 512978917, "tag": "residential"}}, {"type": "Feature", "geometry": {"type": "Polygon", "coordinates": [[[77.4759338, 23.2184749], [77.4774312, 23.2185998], [77.4789019, 23.2188801], [77.4785006, 23.2195826], [77.4780454, 23.219475], [77.4780237, 23.2197141], [77.4781191, 23.219734], [77.4780237, 23.2199811], [77.4777635, 23.2198257], [77.4775857, 23.2199532], [77.4771305, 23.2201205], [77.476921, 23.2201936], [77.4770592, 23.2204279], [77.4768983, 23.2206843], [77.4771565, 23.2206784], [77.4771639, 23.220877], [77.4769093, 23.221296], [77.4766535, 23.2216945], [77.4766708, 23.222097], [77.4764497, 23.2221846], [77.4760556, 23.221811], [77.4760083, 23.2217105], [77.475866, 23.221474], [77.4759338, 23.2184749]]]}, "properties": {"kind": "landuse", "name": "Pakshi Vihar \u092a\u0915\u094d\u0937\u0940 \u0935\u093f\u0939\u093e\u0930", "osm_id": 512979262, "tag": "residential"}}, {"type": "Feature", "geometry": {"type": "Polygon", "coordinates": [[[77.4737767, 23.2221986], [77.4725269, 23.2214139], [77.4733068, 23.2203237], [77.4745654, 23.2210678], [77.4737767, 23.2221986]]]}, "properties": {"kind": "landuse", "name": "Azad Nagar \u0906\u091c\u093e\u0926 \u0928\u0917\u0930", "osm_id": 512979507, "tag": "residential"}}, {"type": "Feature", "geometry": {"type": "Polygon", "coordinates": [[[77.4675909, 23.2272485], [77.4696095, 23.2284485], [77.4707423, 23.2266453], [77.4727286, 23.2239547], [77.4730146, 23.2241369], [77.4733184, 23.223686], [77.4715542, 23.2225955], [77.4711414, 23.2222462], [77.4675909, 23.2272485]]]}, "properties": {"kind": "landuse", "name": "Sector-D \u0938\u0947\u0915\u094d\u091f\u0930-D", "osm_id": 512979744, "tag": "residential"}}, {"type": "Feature", "geometry": {"type": "Polygon", "coordinates": [[[77.4688319, 23.2255049], [77.4697098, 23.2242314], [77.4667841, 23.2224713], [77.465903, 23.223656], [77.4688319, 23.2255049]]]}, "properties": {"kind": "landuse", "name": "Sector-E", "osm_id": 512979793, "tag": "residential"}}, {"type": "Feature", "geometry": {"type": "Polygon", "coordinates": [[[77.4597512, 23.2317516], [77.4593925, 23.2319597], [77.453985, 23.2318586], [77.4485611, 23.231702], [77.4463288, 23.2317249], [77.4461912, 23.2307047], [77.4468928, 23.2304107], [77.446763, 23.2299082], [77.4479571, 23.2285336], [77.4488727, 23.2291188], [77.449914, 23.2286755], [77.4497595, 23.2273978], [77.450635, 23.2262462], [77.4512811, 23.2260977], [77.4521092, 23.2249883], [77.4520083, 23.2244558], [77.4528494, 23.2241876], [77.4529953, 23.2235014], [77.4511447, 23.2224025], [77.4513295, 23.2204752], [77.457415, 23.2206038], [77.4594111, 23.2221725], [77.4624897, 23.2241366], [77.4675909, 23.2272485], [77.4700842, 23.2287448], [77.4720589, 23.2300975], [77.4720086, 23.2320256], [77.4597512, 23.2317516]]]}, "properties": {"kind": "landuse", "name": "Sector A, Berkheda", "osm_id": 512980874, "tag": "residential"}}, {"type": "Feature", "geometry": {"type": "Polygon", "coordinates": [[[77.4597122, 23.2305907], [77.4626024, 23.2307628], [77.4633996, 23.2305882], [77.4661121, 23.2306482], [77.4660388, 23.2296893], [77.4602042, 23.2295616], [77.460194, 23.2305782], [77.4597122, 23.2305907]]]}, "properties": {"kind": "landuse", "name": "Kanchan Nagar", "osm_id": 512980984, "tag": "residential"}}, {"type": "Feature", "geometry": {"type": "Polygon", "coordinates": [[[77.4726488, 23.2354032], [77.475142, 23.2353312], [77.4750682, 23.2332812], [77.4730064, 23.2331938], [77.4722949, 23.2331102], [77.4726488, 23.2354032]]]}, "properties": {"kind": "landuse", "name": "Sector C", "osm_id": 512981852, "tag": "residential"}}, {"type": "Feature", "geometry": {"type": "Polygon", "coordinates": [[[77.4401818, 23.2416951], [77.4503203, 23.2357431], [77.4503176, 23.2335622], [77.4415685, 23.233424], [77.4416927, 23.2336608], [77.4410269, 23.2375083], [77.4399289, 23.2403084], [77.4400289, 23.2417464], [77.4401818, 23.2416951]]]}, "properties": {"kind": "landuse", "name": "Bharati Niketan", "osm_id": 512982281, "tag": "residential"}}, {"type": "Feature", "geometry": {"type": "Polygon", "coordinates": [[[77.4477523, 23.2395498], [77.4476434, 23.237605], [77.4496815, 23.2376367], [77.4496453, 23.240222], [77.4483586, 23.240232], [77.4477523, 23.2395498]]]}, "properties": {"kind": "landuse", "name": "D Sector", "osm_id": 512982694, "tag": "residential"}}, {"type": "Feature", "geometry": {"type": "Polygon", "coordinates": [[[77.4501788, 23.2424873], [77.4502844, 23.2358047], [77.441662, 23.240875], [77.4428766, 23.2426657], [77.4427265, 23.244919], [77.4427262, 23.2449232], [77.4457024, 23.2450028], [77.4491368, 23.2450597], [77.4501788, 23.2424873]]]}, "properties": {"kind": "landuse", "name": "Sector C", "osm_id": 512982900, "tag": "residential"}}, {"type": "Feature", "geometry": {"type": "Polygon", "coordinates": [[[77.4378548, 23.2456684], [77.4368223, 23.2437368], [77.441662, 23.240875], [77.4428605, 23.2426263], [77.442373, 23.2467397], [77.4420644, 23.2466902], [77.4410501, 23.2489632], [77.4405483, 23.2498671], [77.4404834, 23.250978], [77.441093, 23.2509452], [77.4413075, 23.2528188], [77.4387724, 23.2501214], [77.4366781, 23.248134], [77.4368307, 23.2480302], [77.4363636, 23.2473285], [77.4378548, 23.2456684]]]}, "properties": {"kind": "landuse", "name": "Sector A", "osm_id": 512983540, "tag": "residential"}}, {"type": "Feature", "geometry": {"type": "Polygon", "coordinates": [[[77.4499305, 23.2525258], [77.4500814, 23.2450808], [77.442726, 23.2449248], [77.442373, 23.2467397], [77.4420644, 23.2466902], [77.4404288, 23.2501086], [77.4404834, 23.250978], [77.441093, 23.2509452], [77.4412256, 23.2530595], [77.4499305, 23.2525258]]]}, "properties": {"kind": "landuse", "name": "Sector B", "osm_id": 512983576, "tag": "residential"}}, {"type": "Feature", "geometry": {"type": "Polygon", "coordinates": [[[77.4410861, 23.2529036], [77.4390644, 23.2506428], [77.4387453, 23.2508456], [77.4389, 23.2529597], [77.4410861, 23.2529036]]]}, "properties": {"kind": "landuse", "name": "Ward 44", "osm_id": 512983608, "tag": "residential"}}, {"type": "Feature", "geometry": {"type": "Polygon", "coordinates": [[[77.4670611, 23.2497826], [77.4661423, 23.2498896], [77.4661763, 23.2474005], [77.4711093, 23.247623], [77.4707753, 23.2491909], [77.471368, 23.2490895], [77.471449, 23.2501701], [77.4731943, 23.2504307], [77.4734403, 23.2537515], [77.4712292, 23.2543951], [77.4708029, 23.2541181], [77.4702029, 23.2541405], [77.4691034, 23.2549323], [77.468007, 23.2544455], [77.4672487, 23.2541964], [77.4670611, 23.2497826]]]}, "properties": {"kind": "landuse", "name": "Sonagiri", "osm_id": 513225772, "tag": "residential"}}, {"type": "Feature", "geometry": {"type": "Polygon", "coordinates": [[[77.4734403, 23.2537515], [77.4731693, 23.2500633], [77.4737806, 23.2500254], [77.4737506, 23.2491104], [77.475817, 23.2493053], [77.4774214, 23.2500191], [77.479575, 23.2509593], [77.4794834, 23.2513178], [77.478588, 23.2548221], [77.4784746, 23.2541712], [77.4771163, 23.2544371], [77.4765103, 23.2545462], [77.4753042, 23.254896], [77.4744119, 23.2543783], [77.4740312, 23.2538858], [77.4734403, 23.2537515]]]}, "properties": {"kind": "landuse", "name": "Kalpana Nagar", "osm_id": 513226122, "tag": "residential"}}, {"type": "Feature", "geometry": {"type": "Polygon", "coordinates": [[[77.4878798, 23.2575822], [77.4842273, 23.2586646], [77.4844226, 23.2578284], [77.482976, 23.2577444], [77.4822999, 23.2569638], [77.4810969, 23.2563818], [77.4802715, 23.2562083], [77.4801863, 23.2560544], [77.4801253, 23.255478], [77.4792939, 23.2554416], [77.4788371, 23.2549883], [77.4785212, 23.2550715], [77.4794834, 23.2513178], [77.479575, 23.2509593], [77.479921, 23.2511006], [77.4803931, 23.2512686], [77.4807977, 23.2512704], [77.4810991, 23.2443211], [77.4833442, 23.2439365], [77.4855605, 23.2436384], [77.4863161, 23.2459937], [77.4872995, 23.2460469], [77.4875575, 23.2464831], [77.4895431, 23.246323], [77.4907262, 23.2539693], [77.4878798, 23.2575822]]]}, "properties": {"kind": "landuse", "name": "Anand Nagar", "osm_id": 513227278, "tag": "residential"}}, {"type": "Feature", "geometry": {"type": "Polygon", "coordinates": [[[77.5009397, 23.2496014], [77.5035855, 23.2524392], [77.5030437, 23.252839], [77.5013047, 23.2529026], [77.5006823, 23.2540701], [77.4966927, 23.2546815], [77.4963906, 23.2524983], [77.4940808, 23.2523345], [77.493381, 23.2520875], [77.4945072, 23.2493829], [77.496879, 23.2493713], [77.5005353, 23.249492], [77.5006779, 23.2494967], [77.5031584, 23.2521942], [77.5009397, 23.2496014]]]}, "properties": {"kind": "landuse", "name": "Manak Vihar", "osm_id": 513228053, "tag": "residential"}}, {"type": "Feature", "geometry": {"type": "Polygon", "coordinates": [[[77.4936267, 23.2492585], [77.4955346, 23.249323], [77.5005353, 23.249492], [77.5006779, 23.2494967], [77.506929, 23.2492714], [77.5112048, 23.2484542], [77.5110702, 23.2527714], [77.513784, 23.2585285], [77.5139228, 23.2588204], [77.5048605, 23.2644737], [77.4998481, 23.2641267], [77.499224, 23.2640835], [77.494229, 23.2582986], [77.4932481, 23.2566306], [77.4902403, 23.2548117], [77.4936267, 23.2492585]]]}, "properties": {"kind": "landuse", "name": "Patel Nagar", "osm_id": 513228343, "tag": "residential"}}, {"type": "Feature", "geometry": {"type": "Polygon", "coordinates": [[[77.5110851, 23.2479472], [77.5104641, 23.2482848], [77.5006933, 23.2494253], [77.4932923, 23.2494013], [77.4896841, 23.2487727], [77.4895431, 23.246323], [77.4875575, 23.2464831], [77.4865997, 23.2459477], [77.4855495, 23.2436206], [77.4891076, 23.2423541], [77.4919882, 23.2405853], [77.4927321, 23.2404988], [77.4997018, 23.2369022], [77.5062808, 23.2365655], [77.5068005, 23.2370157], [77.5085172, 23.2375646], [77.5085192, 23.2375651], [77.5104968, 23.2375828], [77.5116147, 23.2374901], [77.5113948, 23.2434779], [77.5113197, 23.2463533], [77.5110431, 23.2486314], [77.5107158, 23.2485963], [77.5110851, 23.2479472]]]}, "properties": {"kind": "landuse", "name": "Gopal Nagar", "osm_id": 513228756, "tag": "residential"}}, {"type": "Feature", "geometry": {"type": "Polygon", "coordinates": [[[77.4892748, 23.2422011], [77.488654, 23.2426016], [77.485923, 23.2433336], [77.4859472, 23.236705], [77.4869106, 23.2365849], [77.4869768, 23.2371875], [77.4873528, 23.2371698], [77.4879622, 23.2370492], [77.488543, 23.2393799], [77.4886546, 23.2399599], [77.4882183, 23.2404021], [77.489048, 23.2415844], [77.4892427, 23.2420453], [77.4892748, 23.2422011]]]}, "properties": {"kind": "landuse", "name": "Phase 3", "osm_id": 513229392, "tag": "residential"}}, {"type": "Feature", "geometry": {"type": "Polygon", "coordinates": [[[77.4893472, 23.2422183], [77.4889444, 23.2409083], [77.4884847, 23.2406038], [77.4879283, 23.2370701], [77.4886195, 23.2369529], [77.4889422, 23.2367342], [77.4899522, 23.2367427], [77.4900833, 23.2369246], [77.4909976, 23.2369019], [77.4912283, 23.2374145], [77.4916154, 23.2372665], [77.4920905, 23.2365837], [77.4919138, 23.2363542], [77.4927179, 23.2364213], [77.4927666, 23.2368215], [77.4930641, 23.2377865], [77.4931906, 23.2381795], [77.4931996, 23.2382074], [77.4937152, 23.2383065], [77.4945687, 23.2394795], [77.4933014, 23.2401953], [77.4927298, 23.2404866], [77.4919861, 23.2405836], [77.4893472, 23.2422183]]]}, "properties": {"kind": "landuse", "name": "Shivlok Phase 3", "osm_id": 513229703, "tag": "residential"}}, {"type": "Feature", "geometry": {"type": "Polygon", "coordinates": [[[77.4859629, 23.2350058], [77.4887488, 23.2349919], [77.4888563, 23.2342245], [77.488154, 23.2341735], [77.4881434, 23.2338699], [77.4866912, 23.2337866], [77.4860241, 23.23388], [77.4859629, 23.2350058]]]}, "properties": {"kind": "landuse", "name": "Crystal Campus", "osm_id": 513230448, "tag": "residential"}}, {"type": "Feature", "geometry": {"type": "Polygon", "coordinates": [[[77.4892973, 23.2335506], [77.4898584, 23.2340735], [77.4913121, 23.2334185], [77.4907199, 23.2330486], [77.4892654, 23.2335213], [77.4892973, 23.2335506]]]}, "properties": {"kind": "landuse", "name": "Shriram Parisar", "osm_id": 513231051, "tag": "residential"}}, {"type": "Feature", "geometry": {"type": "Polygon", "coordinates": [[[77.5029096, 23.2343813], [77.4983596, 23.2360211], [77.4984094, 23.2375163], [77.4945687, 23.2394795], [77.4938602, 23.2383484], [77.4932116, 23.2381982], [77.492462, 23.2363318], [77.4919138, 23.2363542], [77.4914052, 23.2369699], [77.4911813, 23.2365248], [77.4920226, 23.2360417], [77.4919349, 23.2357035], [77.4912558, 23.2355827], [77.4906642, 23.2349022], [77.4902529, 23.234625], [77.4900034, 23.2351632], [77.4895775, 23.2349988], [77.489376, 23.2350109], [77.4887327, 23.2346258], [77.4881458, 23.234177], [77.4863733, 23.2340028], [77.4858757, 23.2329212], [77.488149, 23.2328854], [77.4893799, 23.233791], [77.489659, 23.233996], [77.4901993, 23.2338134], [77.4913315, 23.2334212], [77.4913456, 23.2323957], [77.4940598, 23.2319614], [77.4935501, 23.2310624], [77.4940822, 23.2297826], [77.4952135, 23.2298237], [77.4924693, 23.2257228], [77.4906996, 23.2248486], [77.4934414, 23.2226272], [77.4989217, 23.2180011], [77.5013779, 23.2241538], [77.5019951, 23.2247478], [77.5041769, 23.2246482], [77.5042257, 23.2288279], [77.5004921, 23.2337377], [77.4996465, 23.2340058], [77.5029096, 23.2343813]]]}, "properties": {"kind": "landuse", "name": "Regal Town", "osm_id": 513231417, "tag": "residential"}}, {"type": "Feature", "geometry": {"type": "Polygon", "coordinates": [[[77.4000849, 23.1590616], [77.4005569, 23.1599543], [77.4007179, 23.1599], [77.4011095, 23.1606645], [77.4009914, 23.1606842], [77.4007125, 23.1604672], [77.4004014, 23.1604524], [77.400117, 23.1600578], [77.4000419, 23.1600825], [77.399999, 23.160048], [77.3993767, 23.1604425], [77.3990602, 23.1598803], [77.3989438, 23.1598662], [77.3984219, 23.1589284], [77.3983092, 23.1586966], [77.3982073, 23.1585881], [77.3979552, 23.1580258], [77.3978157, 23.1577101], [77.3977084, 23.1574635], [77.3979874, 23.15736], [77.3982019, 23.1572712], [77.3984112, 23.1572021], [77.3985506, 23.157138], [77.3987759, 23.1575868], [77.3989422, 23.1574882], [77.3992534, 23.1580603], [77.3990871, 23.1581244], [77.399366, 23.1586325], [77.3996718, 23.1592293], [77.3997201, 23.1593476], [77.4000849, 23.1590616]]]}, "properties": {"kind": "landuse", "name": "Delhi Public School, Kolar", "osm_id": 544286750, "tag": "commercial"}}, {"type": "Feature", "geometry": {"type": "Polygon", "coordinates": [[[77.3543072, 23.2019949], [77.35452, 23.2021565], [77.3546542, 23.2022225], [77.3549619, 23.2020566], [77.3552825, 23.2019072], [77.3548526, 23.2014819], [77.3543072, 23.2019949]]]}, "properties": {"kind": "landuse", "name": "SPS Petroleum Bharat Petroleum", "osm_id": 544829800, "tag": "commercial"}}, {"type": "Feature", "geometry": {"type": "Polygon", "coordinates": [[[77.3432571, 23.1997389], [77.3466709, 23.1997123], [77.3466776, 23.1991759], [77.343286, 23.1991539], [77.3432571, 23.1997389]]]}, "properties": {"kind": "landuse", "name": "", "osm_id": 547795542, "tag": "farmland"}}, {"type": "Feature", "geometry": {"type": "Polygon", "coordinates": [[[77.3174572, 23.2319574], [77.3181341, 23.232742], [77.317911, 23.233311], [77.3167149, 23.2336609], [77.3164995, 23.2349721], [77.3156572, 23.2344067], [77.3146226, 23.2347318], [77.3142956, 23.2338624], [77.3143764, 23.2333287], [77.314861, 23.2330636], [77.3154457, 23.2324381], [77.3142803, 23.2323179], [77.3140149, 23.2316358], [77.3143572, 23.2309042], [77.3151764, 23.2310632], [77.3157764, 23.2318231], [77.316311, 23.2320811], [77.3174572, 23.2319574]]]}, "properties": {"kind": "landuse", "name": "", "osm_id": 626118833, "tag": "residential"}}, {"type": "Feature", "geometry": {"type": "Polygon", "coordinates": [[[77.3409965, 23.2278173], [77.3400859, 23.2274095], [77.339987, 23.2267565], [77.3403503, 23.2261901], [77.3411644, 23.2255498], [77.3421234, 23.2253807], [77.3420314, 23.2263338], [77.3415416, 23.2262768], [77.341622, 23.2266466], [77.3420866, 23.2265832], [77.3422774, 23.227475], [77.3416036, 23.227475], [77.3409965, 23.2278173]]]}, "properties": {"kind": "landuse", "name": "", "osm_id": 626118834, "tag": "residential"}}, {"type": "Feature", "geometry": {"type": "Polygon", "coordinates": [[[77.3402682, 23.2779016], [77.3422439, 23.278025], [77.3423046, 23.2771918], [77.339508, 23.2770248], [77.3394965, 23.2776224], [77.3402782, 23.2777322], [77.3402682, 23.2779016]]]}, "properties": {"kind": "landuse", "name": "Sarvodaya Colony", "osm_id": 635748487, "tag": "residential"}}, {"type": "Feature", "geometry": {"type": "Polygon", "coordinates": [[[77.426877, 23.2930226], [77.4263996, 23.292121], [77.4265055, 23.2919941], [77.4274068, 23.2915026], [77.4278922, 23.2924831], [77.426877, 23.2930226]]]}, "properties": {"kind": "landuse", "name": "", "osm_id": 664324293, "tag": "industrial"}}, {"type": "Feature", "geometry": {"type": "Polygon", "coordinates": [[[77.4365543, 23.2599668], [77.4371042, 23.2601639], [77.4355157, 23.2602983], [77.4358259, 23.2599787], [77.4365543, 23.2599668]]]}, "properties": {"kind": "landuse", "name": "Nawab Colony", "osm_id": 671617441, "tag": "residential"}}, {"type": "Feature", "geometry": {"type": "Polygon", "coordinates": [[[77.5305023, 23.1001728], [77.5278783, 23.0985971], [77.5289354, 23.0970882], [77.5299156, 23.0976345], [77.5300679, 23.0974181], [77.530913, 23.0978739], [77.530971, 23.0977691], [77.5317394, 23.0982569], [77.5305023, 23.1001728]]]}, "properties": {"kind": "landuse", "name": "Mandideep Graphite Power Station", "osm_id": 837683587, "tag": "industrial"}}, {"type": "Feature", "geometry": {"type": "Polygon", "coordinates": [[[77.4281294, 23.2209632], [77.4285073, 23.2216428], [77.4301846, 23.2210573], [77.429789, 23.2203856], [77.429674, 23.220412], [77.4288688, 23.2206989], [77.4285854, 23.2208046], [77.4282239, 23.2209179], [77.4281294, 23.2209632]]]}, "properties": {"kind": "landuse", "name": "RBI Colony", "osm_id": 874013870, "tag": "residential"}}, {"type": "Feature", "geometry": {"type": "Polygon", "coordinates": [[[77.268099, 23.2663243], [77.2679776, 23.2653634], [77.2679347, 23.2650283], [77.267586, 23.2640427], [77.2677201, 23.2633626], [77.2683799, 23.2635597], [77.2689646, 23.2638702], [77.2710729, 23.2639737], [77.2713143, 23.2650579], [77.2712821, 23.2652008], [77.2714859, 23.2657084], [77.2714966, 23.266078], [77.271384, 23.266216], [77.2714376, 23.2667088], [77.268099, 23.2663243]]]}, "properties": {"kind": "landuse", "name": "", "osm_id": 891790257, "tag": "industrial"}}, {"type": "Feature", "geometry": {"type": "Polygon", "coordinates": [[[77.2723925, 23.2764958], [77.2712445, 23.2767422], [77.2713303, 23.2771167], [77.2699571, 23.2766338], [77.2679293, 23.2731153], [77.2676718, 23.2721691], [77.2654617, 23.2716172], [77.2652578, 23.2702472], [77.2644102, 23.2691335], [77.2647428, 23.2686012], [77.2643888, 23.2671425], [77.2649038, 23.2672608], [77.2650164, 23.2669109], [77.2673821, 23.2671376], [77.267248, 23.2679557], [77.2673339, 23.2681331], [77.2688734, 23.2724993], [77.2692168, 23.2723022], [77.2707242, 23.2742832], [77.2723925, 23.2764958]]]}, "properties": {"kind": "landuse", "name": "", "osm_id": 891790258, "tag": "industrial"}}, {"type": "Feature", "geometry": {"type": "Polygon", "coordinates": [[[77.2547114, 23.2624508], [77.2557306, 23.2630028], [77.257753, 23.2632739], [77.2578657, 23.2634267], [77.2627044, 23.2651121], [77.2630155, 23.2650875], [77.2633535, 23.2614159], [77.2576994, 23.2594495], [77.257399, 23.2601986], [77.2568089, 23.2608787], [77.2547114, 23.2624508]]]}, "properties": {"kind": "landuse", "name": "", "osm_id": 891790259, "tag": "industrial"}}, {"type": "Feature", "geometry": {"type": "Polygon", "coordinates": [[[77.3760428, 23.2162626], [77.3760756, 23.2163064], [77.3760667, 23.2163352], [77.376086, 23.2163366], [77.3761024, 23.2163557], [77.3761233, 23.2163639], [77.3761531, 23.2163722], [77.376171, 23.2163722], [77.3761889, 23.2163817], [77.3762187, 23.2163859], [77.3762321, 23.2163502], [77.3762578, 23.2163763], [77.3762939, 23.2163722], [77.3763189, 23.2163475], [77.376309, 23.2162859], [77.3763205, 23.2162386], [77.3763083, 23.2162], [77.3762382, 23.2161929], [77.3761882, 23.2161716], [77.3761632, 23.2161815], [77.3761581, 23.2162001], [77.3761258, 23.2162054], [77.3760992, 23.2162203], [77.3760949, 23.2162469], [77.3760428, 23.2162626]]]}, "properties": {"kind": "landuse", "name": "", "osm_id": 920186503, "tag": "retail"}}, {"type": "Feature", "geometry": {"type": "Polygon", "coordinates": [[[77.3765156, 23.2164087], [77.3765156, 23.2163147], [77.3765942, 23.2163093], [77.3766001, 23.2163979], [77.3765156, 23.2164087]]]}, "properties": {"kind": "landuse", "name": "", "osm_id": 920186504, "tag": "retail"}}, {"type": "Feature", "geometry": {"type": "Polygon", "coordinates": [[[77.4566036, 23.1927981], [77.4564769, 23.1924894], [77.4564029, 23.1921935], [77.4570798, 23.1919012], [77.4575636, 23.1917431], [77.4578916, 23.191703], [77.4580268, 23.19169], [77.4581126, 23.1919721], [77.4583543, 23.1919078], [77.4585204, 23.192446], [77.4581795, 23.1925786], [77.4580397, 23.1926589], [77.4580354, 23.1927472], [77.4581009, 23.1929159], [77.4580932, 23.1930089], [77.4579305, 23.1930123], [77.4577819, 23.1930284], [77.4576552, 23.1930565], [77.4574499, 23.1930967], [77.4574936, 23.1928557], [77.4573887, 23.1927272], [77.4571615, 23.1925786], [77.457026, 23.1926388], [77.4569649, 23.1927031], [77.4569037, 23.1928316], [77.45686, 23.1928958], [77.4567377, 23.1928958], [77.4566036, 23.1927981]]]}, "properties": {"kind": "landuse", "name": "Barfani Dham", "osm_id": 1070695526, "tag": "residential"}}, {"type": "Feature", "geometry": {"type": "Polygon", "coordinates": [[[77.2672537, 23.2958722], [77.2672682, 23.2958729], [77.2672697, 23.2958973], [77.267344, 23.2959085], [77.2673584, 23.295891], [77.2673653, 23.2958374], [77.2673524, 23.2958339], [77.2673516, 23.2958534], [77.2672894, 23.2958471], [77.2672894, 23.2958632], [77.2672803, 23.2958632], [77.2672788, 23.2958353], [77.2672568, 23.2958353], [77.2672537, 23.2958722]]]}, "properties": {"kind": "landuse", "name": "", "osm_id": 1086175151, "tag": "residential"}}, {"type": "Feature", "geometry": {"type": "Polygon", "coordinates": [[[77.3778481, 23.3048747], [77.3776363, 23.3015479], [77.3791827, 23.3016841], [77.3797758, 23.3048358], [77.3778481, 23.3048747]]]}, "properties": {"kind": "landuse", "name": "Maple Tree", "osm_id": 1096867114, "tag": "residential"}}, {"type": "Feature", "geometry": {"type": "Polygon", "coordinates": [[[77.2744026, 23.2866091], [77.2751391, 23.2867436], [77.2752964, 23.2860171], [77.2745599, 23.2858826], [77.2744026, 23.2866091]]]}, "properties": {"kind": "landuse", "name": "", "osm_id": 1170502568, "tag": "meadow"}}, {"type": "Feature", "geometry": {"type": "Polygon", "coordinates": [[[77.2734096, 23.2836819], [77.2742171, 23.2837794], [77.2742425, 23.2836019], [77.273435, 23.2835043], [77.2734096, 23.2836819]]]}, "properties": {"kind": "landuse", "name": "Duplex Houses - D-6 to D-10", "osm_id": 1170502572, "tag": "residential"}}, {"type": "Feature", "geometry": {"type": "Polygon", "coordinates": [[[77.2739658, 23.2834813], [77.2742825, 23.2835244], [77.2743222, 23.2832779], [77.2740056, 23.2832348], [77.2739658, 23.2834813]]]}, "properties": {"kind": "landuse", "name": "Duplex Houses - D-11 to D-12", "osm_id": 1170502573, "tag": "residential"}}, {"type": "Feature", "geometry": {"type": "Polygon", "coordinates": [[[77.2739636, 23.2813774], [77.2741768, 23.2814039], [77.2742004, 23.2812438], [77.2739872, 23.2812172], [77.2739636, 23.2813774]]]}, "properties": {"kind": "landuse", "name": "Single Bed Residential Accomodation", "osm_id": 1170502575, "tag": "residential"}}, {"type": "Feature", "geometry": {"type": "Polygon", "coordinates": [[[77.3935711, 23.2254274], [77.3955913, 23.22518], [77.3972965, 23.2246691], [77.3983388, 23.2243867], [77.3985183, 23.2243422], [77.4021056, 23.2244529], [77.4026821, 23.2234495], [77.4017787, 23.2235374], [77.400183, 23.2238377], [77.4000026, 23.2228257], [77.3988612, 23.2229385], [77.3990844, 23.2218973], [77.3996794, 23.2205874], [77.3987545, 23.2211187], [77.3978778, 23.2218783], [77.3971789, 23.2219604], [77.396577, 23.221729], [77.3960631, 23.2222917], [77.3951058, 23.2235096], [77.3938659, 23.2242321], [77.3935711, 23.2254274]]]}, "properties": {"kind": "landuse", "name": "Group 1", "osm_id": 1200842017, "tag": "residential"}}, {"type": "Feature", "geometry": {"type": "Polygon", "coordinates": [[[77.4027684, 23.2223438], [77.4027561, 23.2220352], [77.4031782, 23.2222263], [77.4030595, 23.2224613], [77.4028978, 23.2224103], [77.4027684, 23.2223438]]]}, "properties": {"kind": "landuse", "name": "", "osm_id": 1201512019, "tag": "forest"}}, {"type": "Feature", "geometry": {"type": "Polygon", "coordinates": [[[77.4006207, 23.2226348], [77.4023443, 23.2224494], [77.4029566, 23.2226348], [77.4027089, 23.2231357], [77.4017497, 23.2230837], [77.4017356, 23.2232203], [77.4012932, 23.2232203], [77.4012719, 23.2234935], [77.4009499, 23.2235097], [77.4009216, 23.2232853], [77.4004438, 23.2232983], [77.4005606, 23.2226446], [77.4006207, 23.2226348]]]}, "properties": {"kind": "landuse", "name": "", "osm_id": 1201512020, "tag": "construction"}}, {"type": "Feature", "geometry": {"type": "Polygon", "coordinates": [[[77.3970287, 23.2026412], [77.3970405, 23.2025245], [77.3971344, 23.2015956], [77.3978446, 23.2019682], [77.3983524, 23.2023753], [77.398715, 23.2027647], [77.3975147, 23.203026], [77.3970287, 23.2026412]]]}, "properties": {"kind": "landuse", "name": "JJ", "osm_id": 1214469672, "tag": "residential"}}, {"type": "Feature", "geometry": {"type": "Polygon", "coordinates": [[[77.4825506, 23.1108063], [77.4851336, 23.1129131], [77.4864934, 23.1151679], [77.4884407, 23.1132338], [77.4908815, 23.1115464], [77.4879016, 23.1075006], [77.4825506, 23.1108063]]]}, "properties": {"kind": "landuse", "name": "Shree Shiva Dham", "osm_id": 1220175151, "tag": "residential"}}, {"type": "Feature", "geometry": {"type": "Polygon", "coordinates": [[[77.4591116, 23.2628698], [77.4591958, 23.2628646], [77.4591931, 23.26272], [77.4591047, 23.2627208], [77.4591116, 23.2628698]]]}, "properties": {"kind": "landuse", "name": "", "osm_id": 1261364801, "tag": "residential"}}, {"type": "Feature", "geometry": {"type": "Polygon", "coordinates": [[[77.4584043, 23.262705], [77.4588025, 23.262666], [77.4587523, 23.2624176], [77.4583755, 23.2624492], [77.4584043, 23.262705]]]}, "properties": {"kind": "landuse", "name": "", "osm_id": 1261364802, "tag": "industrial"}}, {"type": "Feature", "geometry": {"type": "Polygon", "coordinates": [[[77.4575834, 23.262972], [77.4577289, 23.2629623], [77.4577104, 23.2628151], [77.4575693, 23.2628181], [77.4575834, 23.262972]]]}, "properties": {"kind": "landuse", "name": "", "osm_id": 1261364803, "tag": "industrial"}}, {"type": "Feature", "geometry": {"type": "Polygon", "coordinates": [[[77.4575784, 23.2627981], [77.4579144, 23.2627564], [77.4578944, 23.2624751], [77.4575477, 23.262488], [77.4575784, 23.2627981]]]}, "properties": {"kind": "landuse", "name": "", "osm_id": 1261364804, "tag": "industrial"}}, {"type": "Feature", "geometry": {"type": "Polygon", "coordinates": [[[77.4579554, 23.2635876], [77.4582489, 23.2635743], [77.4582522, 23.2633368], [77.457951, 23.2633487], [77.4579554, 23.2635876]]]}, "properties": {"kind": "landuse", "name": "", "osm_id": 1261364805, "tag": "industrial"}}, {"type": "Feature", "geometry": {"type": "Polygon", "coordinates": [[[77.4576826, 23.2636085], [77.4579211, 23.2635909], [77.4579154, 23.2634742], [77.457681, 23.2634889], [77.4576826, 23.2636085]]]}, "properties": {"kind": "landuse", "name": "", "osm_id": 1261364806, "tag": "industrial"}}, {"type": "Feature", "geometry": {"type": "Polygon", "coordinates": [[[77.457688, 23.2634655], [77.4578962, 23.263451], [77.4578952, 23.2633434], [77.4576754, 23.2633557], [77.457688, 23.2634655]]]}, "properties": {"kind": "landuse", "name": "", "osm_id": 1261364807, "tag": "industrial"}}, {"type": "Feature", "geometry": {"type": "Polygon", "coordinates": [[[77.4576693, 23.2633294], [77.457896, 23.2633096], [77.4578918, 23.2632254], [77.4576595, 23.2632401], [77.4576693, 23.2633294]]]}, "properties": {"kind": "landuse", "name": "", "osm_id": 1261364808, "tag": "industrial"}}, {"type": "Feature", "geometry": {"type": "Polygon", "coordinates": [[[77.4576554, 23.2632251], [77.4578924, 23.2632039], [77.4578907, 23.2629798], [77.4576313, 23.2629897], [77.4576554, 23.2632251]]]}, "properties": {"kind": "landuse", "name": "", "osm_id": 1261364809, "tag": "industrial"}}, {"type": "Feature", "geometry": {"type": "Polygon", "coordinates": [[[77.4582751, 23.2635735], [77.4584793, 23.263563], [77.4584895, 23.2634911], [77.4582722, 23.2635009], [77.4582751, 23.2635735]]]}, "properties": {"kind": "landuse", "name": "", "osm_id": 1261364810, "tag": "industrial"}}, {"type": "Feature", "geometry": {"type": "Polygon", "coordinates": [[[77.4553935, 23.2656028], [77.455487, 23.2655949], [77.4556235, 23.2655834], [77.4556712, 23.2649197], [77.4554206, 23.2649135], [77.4553935, 23.2656028]]]}, "properties": {"kind": "landuse", "name": "", "osm_id": 1261364811, "tag": "industrial"}}, {"type": "Feature", "geometry": {"type": "Polygon", "coordinates": [[[77.4556975, 23.2655643], [77.4560016, 23.2656332], [77.4560436, 23.2649711], [77.4557237, 23.2649302], [77.4556975, 23.2655643]]]}, "properties": {"kind": "landuse", "name": "", "osm_id": 1261364812, "tag": "industrial"}}, {"type": "Feature", "geometry": {"type": "Polygon", "coordinates": [[[77.4560326, 23.265634], [77.4563011, 23.2656899], [77.4563963, 23.2649739], [77.4560868, 23.2649605], [77.4560326, 23.265634]]]}, "properties": {"kind": "landuse", "name": "", "osm_id": 1261364813, "tag": "industrial"}}, {"type": "Feature", "geometry": {"type": "Polygon", "coordinates": [[[77.4563263, 23.2656984], [77.4565677, 23.2657537], [77.4566413, 23.2649964], [77.4564225, 23.2649722], [77.4563263, 23.2656984]]]}, "properties": {"kind": "landuse", "name": "", "osm_id": 1261364814, "tag": "industrial"}}, {"type": "Feature", "geometry": {"type": "Polygon", "coordinates": [[[77.4566034, 23.2657604], [77.4568074, 23.2658016], [77.4568972, 23.2650059], [77.4566629, 23.2649866], [77.4566034, 23.2657604]]]}, "properties": {"kind": "landuse", "name": "", "osm_id": 1261364815, "tag": "industrial"}}, {"type": "Feature", "geometry": {"type": "Polygon", "coordinates": [[[77.4568415, 23.2657978], [77.4571171, 23.2658418], [77.457204, 23.2650272], [77.4569221, 23.2650155], [77.4568415, 23.2657978]]]}, "properties": {"kind": "landuse", "name": "", "osm_id": 1261364816, "tag": "industrial"}}, {"type": "Feature", "geometry": {"type": "Polygon", "coordinates": [[[77.4571599, 23.2658443], [77.4575713, 23.2659311], [77.4574946, 23.2650782], [77.4572561, 23.2650242], [77.4571599, 23.2658443]]]}, "properties": {"kind": "landuse", "name": "", "osm_id": 1261364817, "tag": "commercial"}}, {"type": "Feature", "geometry": {"type": "Polygon", "coordinates": [[[77.4549245, 23.2648489], [77.4552919, 23.2648841], [77.4553288, 23.2644194], [77.4549334, 23.2644031], [77.4549245, 23.2648489]]]}, "properties": {"kind": "landuse", "name": "", "osm_id": 1261364818, "tag": "industrial"}}, {"type": "Feature", "geometry": {"type": "Polygon", "coordinates": [[[77.4553219, 23.264882], [77.4556705, 23.264884], [77.4557187, 23.2644269], [77.4553636, 23.2644076], [77.4553219, 23.264882]]]}, "properties": {"kind": "landuse", "name": "", "osm_id": 1261364819, "tag": "industrial"}}, {"type": "Feature", "geometry": {"type": "Polygon", "coordinates": [[[77.4556705, 23.264884], [77.4559585, 23.2649095], [77.4559993, 23.2644507], [77.4557187, 23.2644269], [77.4556705, 23.264884]]]}, "properties": {"kind": "landuse", "name": "", "osm_id": 1261364820, "tag": "industrial"}}, {"type": "Feature", "geometry": {"type": "Polygon", "coordinates": [[[77.4559585, 23.2649095], [77.4562475, 23.264926], [77.4562947, 23.2644743], [77.4559993, 23.2644507], [77.4559585, 23.2649095]]]}, "properties": {"kind": "landuse", "name": "", "osm_id": 1261364821, "tag": "industrial"}}, {"type": "Feature", "geometry": {"type": "Polygon", "coordinates": [[[77.4562475, 23.264926], [77.4565423, 23.2649425], [77.4565836, 23.2644749], [77.4562947, 23.2644743], [77.4562475, 23.264926]]]}, "properties": {"kind": "landuse", "name": "", "osm_id": 1261364822, "tag": "industrial"}}, {"type": "Feature", "geometry": {"type": "Polygon", "coordinates": [[[77.4565423, 23.2649425], [77.4568537, 23.2649734], [77.4568962, 23.2644953], [77.4565836, 23.2644749], [77.4565423, 23.2649425]]]}, "properties": {"kind": "landuse", "name": "", "osm_id": 1261364823, "tag": "industrial"}}, {"type": "Feature", "geometry": {"type": "Polygon", "coordinates": [[[77.4568537, 23.2649734], [77.4574183, 23.2650166], [77.4573731, 23.2644789], [77.4568962, 23.2644953], [77.4568537, 23.2649734]]]}, "properties": {"kind": "landuse", "name": "", "osm_id": 1261364824, "tag": "industrial"}}, {"type": "Feature", "geometry": {"type": "Polygon", "coordinates": [[[77.457334, 23.2641443], [77.4569557, 23.2641554], [77.4568962, 23.2644953], [77.4573731, 23.2644789], [77.457334, 23.2641443]]]}, "properties": {"kind": "landuse", "name": "", "osm_id": 1261364825, "tag": "industrial"}}, {"type": "Feature", "geometry": {"type": "Polygon", "coordinates": [[[77.4568962, 23.2644953], [77.4565836, 23.2644749], [77.4566281, 23.2641415], [77.4569557, 23.2641554], [77.4568962, 23.2644953]]]}, "properties": {"kind": "landuse", "name": "", "osm_id": 1261364826, "tag": "industrial"}}, {"type": "Feature", "geometry": {"type": "Polygon", "coordinates": [[[77.4565836, 23.2644749], [77.4566281, 23.2641415], [77.4562946, 23.2641233], [77.4562947, 23.2644743], [77.4565836, 23.2644749]]]}, "properties": {"kind": "landuse", "name": "", "osm_id": 1261364827, "tag": "industrial"}}, {"type": "Feature", "geometry": {"type": "Polygon", "coordinates": [[[77.4562947, 23.2644743], [77.4559993, 23.2644507], [77.4560171, 23.2641277], [77.4562946, 23.2641233], [77.4562947, 23.2644743]]]}, "properties": {"kind": "landuse", "name": "", "osm_id": 1261364828, "tag": "industrial"}}, {"type": "Feature", "geometry": {"type": "Polygon", "coordinates": [[[77.4557187, 23.2644269], [77.4559993, 23.2644507], [77.4560171, 23.2641277], [77.4557175, 23.2641199], [77.4557187, 23.2644269]]]}, "properties": {"kind": "landuse", "name": "", "osm_id": 1261364829, "tag": "industrial"}}, {"type": "Feature", "geometry": {"type": "Polygon", "coordinates": [[[77.4553636, 23.2644076], [77.4557187, 23.2644269], [77.4557175, 23.2641199], [77.4553683, 23.2641013], [77.4553636, 23.2644076]]]}, "properties": {"kind": "landuse", "name": "", "osm_id": 1261364830, "tag": "industrial"}}, {"type": "Feature", "geometry": {"type": "Polygon", "coordinates": [[[77.4553636, 23.2644076], [77.4549334, 23.2644031], [77.4549411, 23.2640709], [77.4553683, 23.2641013], [77.4553636, 23.2644076]]]}, "properties": {"kind": "landuse", "name": "", "osm_id": 1261364831, "tag": "industrial"}}, {"type": "Feature", "geometry": {"type": "Polygon", "coordinates": [[[77.4549411, 23.2640709], [77.4553683, 23.2641013], [77.4553688, 23.2637926], [77.4549376, 23.2637716], [77.4549411, 23.2640709]]]}, "properties": {"kind": "landuse", "name": "", "osm_id": 1261364832, "tag": "industrial"}}, {"type": "Feature", "geometry": {"type": "Polygon", "coordinates": [[[77.4553683, 23.2641013], [77.4557175, 23.2641199], [77.4557105, 23.263811], [77.4553688, 23.2637926], [77.4553683, 23.2641013]]]}, "properties": {"kind": "landuse", "name": "", "osm_id": 1261364833, "tag": "industrial"}}, {"type": "Feature", "geometry": {"type": "Polygon", "coordinates": [[[77.4557175, 23.2641199], [77.4562946, 23.2641233], [77.4562968, 23.2638393], [77.4557105, 23.263811], [77.4557175, 23.2641199]]]}, "properties": {"kind": "landuse", "name": "", "osm_id": 1261364834, "tag": "industrial"}}, {"type": "Feature", "geometry": {"type": "Polygon", "coordinates": [[[77.4562946, 23.2641233], [77.4569557, 23.2641554], [77.4569702, 23.2638481], [77.4562968, 23.2638393], [77.4562946, 23.2641233]]]}, "properties": {"kind": "landuse", "name": "", "osm_id": 1261364835, "tag": "industrial"}}, {"type": "Feature", "geometry": {"type": "Polygon", "coordinates": [[[77.4569557, 23.2641554], [77.457334, 23.2641443], [77.4572188, 23.2631005], [77.457005, 23.2631081], [77.4569557, 23.2641554]]]}, "properties": {"kind": "landuse", "name": "", "osm_id": 1261364836, "tag": "industrial"}}, {"type": "Feature", "geometry": {"type": "Polygon", "coordinates": [[[77.4562968, 23.2638393], [77.4569702, 23.2638481], [77.457005, 23.2631081], [77.4562704, 23.2631265], [77.4562968, 23.2638393]]]}, "properties": {"kind": "landuse", "name": "", "osm_id": 1261364837, "tag": "industrial"}}, {"type": "Feature", "geometry": {"type": "Polygon", "coordinates": [[[77.455323, 23.263793], [77.4562968, 23.2638393], [77.4562704, 23.2631265], [77.4553586, 23.2630929], [77.455323, 23.263793]]]}, "properties": {"kind": "landuse", "name": "", "osm_id": 1261364838, "tag": "industrial"}}, {"type": "Feature", "geometry": {"type": "Polygon", "coordinates": [[[77.455323, 23.263793], [77.4549376, 23.2637716], [77.4549547, 23.2630685], [77.4553586, 23.2630929], [77.455323, 23.263793]]]}, "properties": {"kind": "landuse", "name": "", "osm_id": 1261364839, "tag": "industrial"}}, {"type": "Feature", "geometry": {"type": "Polygon", "coordinates": [[[77.4528136, 23.2666801], [77.4533518, 23.2667083], [77.4534246, 23.266215], [77.4528485, 23.2661685], [77.4528136, 23.2666801]]]}, "properties": {"kind": "landuse", "name": "", "osm_id": 1261364840, "tag": "industrial"}}, {"type": "Feature", "geometry": {"type": "Polygon", "coordinates": [[[77.4528485, 23.2661685], [77.4534246, 23.266215], [77.4534575, 23.2656563], [77.4528853, 23.2656138], [77.4528485, 23.2661685]]]}, "properties": {"kind": "landuse", "name": "", "osm_id": 1261364841, "tag": "industrial"}}, {"type": "Feature", "geometry": {"type": "Polygon", "coordinates": [[[77.4528853, 23.2656138], [77.4534575, 23.2656563], [77.4534998, 23.2652961], [77.4529086, 23.2652621], [77.4528853, 23.2656138]]]}, "properties": {"kind": "landuse", "name": "", "osm_id": 1261364842, "tag": "industrial"}}, {"type": "Feature", "geometry": {"type": "Polygon", "coordinates": [[[77.4529086, 23.2652621], [77.4534998, 23.2652961], [77.4535093, 23.2648522], [77.4527389, 23.2647974], [77.4529086, 23.2652621]]]}, "properties": {"kind": "landuse", "name": "", "osm_id": 1261364843, "tag": "industrial"}}, {"type": "Feature", "geometry": {"type": "Polygon", "coordinates": [[[77.4527389, 23.2647974], [77.4535093, 23.2648522], [77.4535133, 23.2648187], [77.4535473, 23.2645306], [77.4526936, 23.264458], [77.4527389, 23.2647974]]]}, "properties": {"kind": "landuse", "name": "", "osm_id": 1261364844, "tag": "industrial"}}, {"type": "Feature", "geometry": {"type": "Polygon", "coordinates": [[[77.4526936, 23.264458], [77.4535473, 23.2645306], [77.453568, 23.2641962], [77.4527197, 23.2641036], [77.4526936, 23.264458]]]}, "properties": {"kind": "landuse", "name": "", "osm_id": 1261364845, "tag": "industrial"}}, {"type": "Feature", "geometry": {"type": "Polygon", "coordinates": [[[77.4527197, 23.2641036], [77.453568, 23.2641962], [77.4536015, 23.2629868], [77.4527577, 23.2629358], [77.4527197, 23.2641036]]]}, "properties": {"kind": "landuse", "name": "", "osm_id": 1261364846, "tag": "industrial"}}, {"type": "Feature", "geometry": {"type": "Polygon", "coordinates": [[[77.4534111, 23.2667114], [77.4551691, 23.2667748], [77.4553081, 23.2649187], [77.454922, 23.2648972], [77.4535133, 23.2648187], [77.4534111, 23.2667114]]]}, "properties": {"kind": "landuse", "name": "", "osm_id": 1261364847, "tag": "industrial"}}, {"type": "Feature", "geometry": {"type": "Polygon", "coordinates": [[[77.4535133, 23.2648187], [77.454922, 23.2648972], [77.4549547, 23.2630685], [77.4536015, 23.2629868], [77.4535133, 23.2648187]]]}, "properties": {"kind": "landuse", "name": "", "osm_id": 1261364848, "tag": "industrial"}}, {"type": "Feature", "geometry": {"type": "Polygon", "coordinates": [[[77.4571599, 23.2658443], [77.4575713, 23.2659311], [77.4574507, 23.2650619], [77.4572561, 23.2650242], [77.4571599, 23.2658443]]]}, "properties": {"kind": "landuse", "name": "", "osm_id": 1261364849, "tag": "industrial"}}, {"type": "Feature", "geometry": {"type": "Polygon", "coordinates": [[[77.4568197, 23.2661617], [77.4576771, 23.2663297], [77.4576412, 23.2660056], [77.4568503, 23.2658466], [77.4568197, 23.2661617]]]}, "properties": {"kind": "landuse", "name": "", "osm_id": 1261364850, "tag": "commercial"}}, {"type": "Feature", "geometry": {"type": "Polygon", "coordinates": [[[77.4574305, 23.2672915], [77.4577859, 23.2674012], [77.4577309, 23.2668179], [77.457729, 23.2667973], [77.4573686, 23.266814], [77.4574305, 23.2672915]]]}, "properties": {"kind": "landuse", "name": "", "osm_id": 1261364851, "tag": "residential"}}, {"type": "Feature", "geometry": {"type": "Polygon", "coordinates": [[[77.4567628, 23.2670598], [77.4574305, 23.2672915], [77.4573686, 23.266814], [77.4568363, 23.2667281], [77.4567628, 23.2670598]]]}, "properties": {"kind": "landuse", "name": "", "osm_id": 1261364852, "tag": "residential"}}, {"type": "Feature", "geometry": {"type": "Polygon", "coordinates": [[[77.4568363, 23.2667281], [77.4573686, 23.266814], [77.4573248, 23.266427], [77.4569153, 23.2663443], [77.4568363, 23.2667281]]]}, "properties": {"kind": "landuse", "name": "", "osm_id": 1261364853, "tag": "residential"}}, {"type": "Feature", "geometry": {"type": "Polygon", "coordinates": [[[77.4565044, 23.2669465], [77.4567628, 23.2670598], [77.4569153, 23.2663443], [77.4567894, 23.2663193], [77.4566555, 23.2662927], [77.4565044, 23.2669465]]]}, "properties": {"kind": "landuse", "name": "", "osm_id": 1261364854, "tag": "residential"}}, {"type": "Feature", "geometry": {"type": "Polygon", "coordinates": [[[77.456286, 23.2668636], [77.4565044, 23.2669465], [77.4566555, 23.2662927], [77.4564196, 23.2662502], [77.456286, 23.2668636]]]}, "properties": {"kind": "landuse", "name": "", "osm_id": 1261364855, "tag": "residential"}}, {"type": "Feature", "geometry": {"type": "Polygon", "coordinates": [[[77.456286, 23.2668636], [77.4560541, 23.2667729], [77.4559593, 23.2667077], [77.4559461, 23.2665047], [77.4559897, 23.2662431], [77.4560185, 23.2661745], [77.4560916, 23.2661717], [77.4564196, 23.2662502], [77.456286, 23.2668636]]]}, "properties": {"kind": "landuse", "name": "", "osm_id": 1261364856, "tag": "residential"}}, {"type": "Feature", "geometry": {"type": "Polygon", "coordinates": [[[77.4560185, 23.2661745], [77.4560916, 23.2661717], [77.4564196, 23.2662502], [77.4566555, 23.2662927], [77.4567894, 23.2663193], [77.4568503, 23.2658466], [77.4560856, 23.2657023], [77.4560185, 23.2661745]]]}, "properties": {"kind": "landuse", "name": "", "osm_id": 1261364857, "tag": "commercial"}}, {"type": "Feature", "geometry": {"type": "Polygon", "coordinates": [[[77.4552955, 23.2667085], [77.4559289, 23.2667413], [77.4560856, 23.2657023], [77.455487, 23.2655949], [77.4552955, 23.2667085]]]}, "properties": {"kind": "landuse", "name": "", "osm_id": 1261364858, "tag": "commercial"}}, {"type": "Feature", "geometry": {"type": "Polygon", "coordinates": [[[77.4590137, 23.2631076], [77.4596011, 23.2630757], [77.4595524, 23.2626706], [77.4589641, 23.2627245], [77.4590137, 23.2631076]]]}, "properties": {"kind": "landuse", "name": "", "osm_id": 1261364860, "tag": "residential"}}, {"type": "Feature", "geometry": {"type": "Polygon", "coordinates": [[[77.4596011, 23.2630757], [77.4599898, 23.2630545], [77.4598587, 23.2616687], [77.4594281, 23.2616378], [77.4596011, 23.2630757]]]}, "properties": {"kind": "landuse", "name": "", "osm_id": 1261364861, "tag": "residential"}}, {"type": "Feature", "geometry": {"type": "Polygon", "coordinates": [[[77.4589174, 23.262197], [77.4594805, 23.2620731], [77.4594281, 23.2616378], [77.4587215, 23.2615009], [77.4589174, 23.262197]]]}, "properties": {"kind": "landuse", "name": "", "osm_id": 1261364862, "tag": "residential"}}, {"type": "Feature", "geometry": {"type": "Polygon", "coordinates": [[[77.4590632, 23.2627154], [77.4595524, 23.2626706], [77.4594805, 23.2620731], [77.4589174, 23.262197], [77.4590632, 23.2627154]]]}, "properties": {"kind": "landuse", "name": "", "osm_id": 1261364863, "tag": "residential"}}, {"type": "Feature", "geometry": {"type": "Polygon", "coordinates": [[[77.4600517, 23.2634915], [77.4605527, 23.2634557], [77.4603795, 23.262013], [77.4598976, 23.2620568], [77.4600517, 23.2634915]]]}, "properties": {"kind": "landuse", "name": "", "osm_id": 1261364864, "tag": "residential"}}, {"type": "Feature", "geometry": {"type": "Polygon", "coordinates": [[[77.4604301, 23.2624144], [77.461733, 23.2622735], [77.4616754, 23.2618815], [77.460804, 23.2619699], [77.4603795, 23.262013], [77.4604301, 23.2624144]]]}, "properties": {"kind": "landuse", "name": "", "osm_id": 1261364865, "tag": "residential"}}, {"type": "Feature", "geometry": {"type": "Polygon", "coordinates": [[[77.4605116, 23.2630608], [77.4608666, 23.2630423], [77.4608005, 23.2623872], [77.4604301, 23.2624144], [77.4605116, 23.2630608]]]}, "properties": {"kind": "landuse", "name": "", "osm_id": 1261364866, "tag": "residential"}}, {"type": "Feature", "geometry": {"type": "Polygon", "coordinates": [[[77.4605527, 23.2634557], [77.4616543, 23.2634402], [77.4616967, 23.2630033], [77.4605116, 23.2630608], [77.4605527, 23.2634557]]]}, "properties": {"kind": "landuse", "name": "", "osm_id": 1261364867, "tag": "residential"}}, {"type": "Feature", "geometry": {"type": "Polygon", "coordinates": [[[77.4608666, 23.2630423], [77.4611323, 23.2630298], [77.4610701, 23.2627061], [77.4608347, 23.262726], [77.4608666, 23.2630423]]]}, "properties": {"kind": "landuse", "name": "", "osm_id": 1261364868, "tag": "residential"}}, {"type": "Feature", "geometry": {"type": "Polygon", "coordinates": [[[77.4611323, 23.2630298], [77.4622672, 23.2629692], [77.4622137, 23.262589], [77.4610701, 23.2627061], [77.4611323, 23.2630298]]]}, "properties": {"kind": "landuse", "name": "", "osm_id": 1261364869, "tag": "residential"}}, {"type": "Feature", "geometry": {"type": "Polygon", "coordinates": [[[77.4587215, 23.2615009], [77.4598587, 23.2616687], [77.459799, 23.261401], [77.4586625, 23.2612911], [77.4587215, 23.2615009]]]}, "properties": {"kind": "landuse", "name": "", "osm_id": 1261364870, "tag": "residential"}}, {"type": "Feature", "geometry": {"type": "Polygon", "coordinates": [[[77.4586625, 23.2612911], [77.4598249, 23.2613882], [77.4597695, 23.2609285], [77.4597391, 23.2609312], [77.4585904, 23.2610348], [77.4586625, 23.2612911]]]}, "properties": {"kind": "landuse", "name": "", "osm_id": 1261364871, "tag": "industrial"}}, {"type": "Feature", "geometry": {"type": "Polygon", "coordinates": [[[77.4572226, 23.2611242], [77.4597391, 23.2609312], [77.4597447, 23.2605773], [77.4571839, 23.2607587], [77.4572226, 23.2611242]]]}, "properties": {"kind": "landuse", "name": "", "osm_id": 1261364872, "tag": "industrial"}}, {"type": "Feature", "geometry": {"type": "Polygon", "coordinates": [[[77.4583344, 23.2606966], [77.4597447, 23.2605773], [77.4596745, 23.2599484], [77.4582419, 23.2601013], [77.4583344, 23.2606966]]]}, "properties": {"kind": "landuse", "name": "", "osm_id": 1261364873, "tag": "industrial"}}, {"type": "Feature", "geometry": {"type": "Polygon", "coordinates": [[[77.4544395, 23.2615672], [77.4571463, 23.2613312], [77.4570866, 23.2607669], [77.4543657, 23.2609793], [77.4544395, 23.2615672]]]}, "properties": {"kind": "landuse", "name": "", "osm_id": 1261364874, "tag": "industrial"}}, {"type": "Feature", "geometry": {"type": "Polygon", "coordinates": [[[77.4543966, 23.2609801], [77.4570384, 23.2607459], [77.4570351, 23.2602803], [77.4543368, 23.2603943], [77.4543966, 23.2609801]]]}, "properties": {"kind": "landuse", "name": "", "osm_id": 1261364875, "tag": "industrial"}}, {"type": "Feature", "geometry": {"type": "Polygon", "coordinates": [[[77.454334, 23.2603675], [77.4570318, 23.2602491], [77.4569448, 23.2594273], [77.4542507, 23.2595765], [77.454334, 23.2603675]]]}, "properties": {"kind": "landuse", "name": "", "osm_id": 1261364876, "tag": "industrial"}}, {"type": "Feature", "geometry": {"type": "Polygon", "coordinates": [[[77.4563307, 23.2526993], [77.4572055, 23.2526183], [77.4570768, 23.2514967], [77.4562164, 23.2516192], [77.4562304, 23.2517512], [77.4563307, 23.2526993]]]}, "properties": {"kind": "landuse", "name": "", "osm_id": 1261364877, "tag": "commercial"}}, {"type": "Feature", "geometry": {"type": "Polygon", "coordinates": [[[77.4572055, 23.2526183], [77.4585439, 23.2524944], [77.4582233, 23.2513349], [77.4570768, 23.2514967], [77.4572055, 23.2526183]]]}, "properties": {"kind": "landuse", "name": "", "osm_id": 1261364879, "tag": "commercial"}}, {"type": "Feature", "geometry": {"type": "Polygon", "coordinates": [[[77.4585439, 23.2524944], [77.4599141, 23.2524235], [77.4597142, 23.2511376], [77.4582233, 23.2513349], [77.4585439, 23.2524944]]]}, "properties": {"kind": "landuse", "name": "", "osm_id": 1261364880, "tag": "commercial"}}, {"type": "Feature", "geometry": {"type": "Polygon", "coordinates": [[[77.4819642, 23.1387273], [77.4817751, 23.1386049], [77.4831091, 23.1385737], [77.4834046, 23.1386768], [77.4826888, 23.1396319], [77.4824756, 23.1393668], [77.4819642, 23.1387273]]]}, "properties": {"kind": "landuse", "name": "Deep Mohini Victory Park", "osm_id": 1267570418, "tag": "residential"}}, {"type": "Feature", "geometry": {"type": "Polygon", "coordinates": [[[77.2732331, 23.2726225], [77.2733168, 23.2728452], [77.2733781, 23.2728867], [77.2734933, 23.2729297], [77.2735572, 23.2729706], [77.2736197, 23.273052], [77.2736636, 23.2730745], [77.2737373, 23.2730978], [77.2739622, 23.2730996], [77.2741006, 23.2731542], [77.2743012, 23.2731624], [77.2743227, 23.2731004], [77.2742833, 23.2730775], [77.2742348, 23.2729173], [77.274233, 23.2727004], [77.2741737, 23.2726089], [77.2740164, 23.2725133], [77.2739554, 23.2724638], [77.2739264, 23.2723778], [77.273883, 23.2723308], [77.2735772, 23.2721693], [77.2734649, 23.2721619], [77.2733981, 23.2722678], [77.2733673, 23.2723009], [77.2732454, 23.272541], [77.2732331, 23.2726225]]]}, "properties": {"kind": "landuse", "name": "", "osm_id": 1305766394, "tag": "meadow"}}, {"type": "Feature", "geometry": {"type": "Polygon", "coordinates": [[[77.3423871, 23.2865005], [77.342752, 23.2867376], [77.3425302, 23.2870255], [77.3421654, 23.2867885], [77.3422068, 23.2867346], [77.3423635, 23.2865312], [77.3423871, 23.2865005]]]}, "properties": {"kind": "landuse", "name": "", "osm_id": 1412653987, "tag": "industrial"}}, {"type": "Feature", "geometry": {"type": "Polygon", "coordinates": [[[77.3513105, 23.2908813], [77.3514095, 23.2908685], [77.3515912, 23.2908769], [77.3516467, 23.2909618], [77.3517237, 23.2909788], [77.3517761, 23.2909873], [77.35185, 23.2910666], [77.3519055, 23.291126], [77.352038, 23.2911232], [77.3520965, 23.291092], [77.3521335, 23.2911062], [77.3522167, 23.2912279], [77.3522444, 23.2912873], [77.3523369, 23.2913411], [77.3524262, 23.2913892], [77.3525186, 23.2914797], [77.3525803, 23.2916297], [77.3526326, 23.2915986], [77.3527405, 23.2917627], [77.3527928, 23.2918674], [77.3528483, 23.2919297], [77.3528853, 23.2919438], [77.3529068, 23.2920316], [77.3529315, 23.2921306], [77.3529068, 23.2921504], [77.3528606, 23.2921589], [77.3528298, 23.2921363], [77.3527928, 23.2921108], [77.3527528, 23.2921504], [77.3528083, 23.2921929], [77.3528175, 23.2922749], [77.3528144, 23.2923514], [77.3528545, 23.2924136], [77.352876, 23.2924334], [77.3529192, 23.2924023], [77.3529654, 23.292374], [77.3530085, 23.2923712], [77.3530517, 23.2923966], [77.353088, 23.2924348], [77.3531347, 23.2924906], [77.3531557, 23.292512], [77.3531884, 23.2925271], [77.3532188, 23.2925507], [77.3532818, 23.2926193], [77.3533005, 23.2926579], [77.3533425, 23.2927136], [77.3534126, 23.2927994], [77.3534546, 23.2928552], [77.3534733, 23.2929174], [77.3534616, 23.2929946], [77.3534102, 23.2930868], [77.3533682, 23.2931705], [77.3533449, 23.2932112], [77.3533122, 23.2932262], [77.3532771, 23.2932005], [77.3532445, 23.2931855], [77.3531908, 23.2932005], [77.3531557, 23.2932305], [77.3531137, 23.2932434], [77.353011, 23.2932412], [77.3529783, 23.2932112], [77.3529549, 23.2931447], [77.3529199, 23.293134], [77.3527961, 23.293149], [77.3527308, 23.2931833], [77.3526911, 23.2932284], [77.3526397, 23.2932498], [77.3525766, 23.2933013], [77.3525159, 23.2933678], [77.3525011, 23.2934217], [77.3524716, 23.2934316], [77.3524153, 23.2934341], [77.3523965, 23.2934144], [77.3523965, 23.29337], [77.3523965, 23.2933257], [77.3523884, 23.2933035], [77.3523643, 23.2932936], [77.352308, 23.293301], [77.3522731, 23.2932986], [77.3522516, 23.2933158], [77.3522302, 23.2933626], [77.3522275, 23.2933946], [77.352198, 23.2935104], [77.3521712, 23.2936041], [77.3521417, 23.2936188], [77.3520612, 23.2936188], [77.3519298, 23.2935917], [77.3517742, 23.2936016], [77.3516776, 23.2936582], [77.351616, 23.2937174], [77.3515811, 23.2938529], [77.3515516, 23.2939169], [77.3514497, 23.2939563], [77.3513746, 23.2939908], [77.3513316, 23.2940229], [77.351329, 23.2940697], [77.3513638, 23.2940992], [77.3513611, 23.2941411], [77.3513182, 23.2941978], [77.3512217, 23.2942791], [77.3510471, 23.2944715], [77.3509793, 23.2945932], [77.3508961, 23.2947064], [77.3507482, 23.2948507], [77.350699, 23.2948734], [77.3506158, 23.2948507], [77.350397, 23.2946951], [77.35032, 23.2946187], [77.3502676, 23.2945196], [77.350243, 23.2944206], [77.3502183, 23.2943612], [77.3501721, 23.2943244], [77.3501166, 23.2943272], [77.3500766, 23.2943442], [77.3499626, 23.29433], [77.3499164, 23.2942904], [77.3498147, 23.2942904], [77.34975, 23.2942933], [77.3496884, 23.2942904], [77.3496483, 23.2942734], [77.349636, 23.2942451], [77.3496113, 23.2942084], [77.3496021, 23.2941631], [77.3496422, 23.2941319], [77.3497407, 23.2941291], [77.349904, 23.2941037], [77.3499441, 23.2940754], [77.3500119, 23.2940527], [77.3501875, 23.2940442], [77.3503662, 23.2940725], [77.3505788, 23.2941178], [77.3507791, 23.2941121], [77.3508468, 23.2940895], [77.350813, 23.2939735], [77.3507544, 23.2938659], [77.3507421, 23.2937924], [77.3507359, 23.2937131], [77.3507113, 23.2936367], [77.3506897, 23.293549], [77.3506404, 23.2934556], [77.3505572, 23.2933933], [77.3504401, 23.2932886], [77.350243, 23.2931019], [77.3502091, 23.2931047], [77.3501813, 23.2930736], [77.3501444, 23.293017], [77.3501259, 23.2929717], [77.3500458, 23.2929066], [77.3499472, 23.2928528], [77.3498578, 23.2928217], [77.34979, 23.2927453], [77.3497757, 23.2926873], [77.3497828, 23.2926321], [77.3497615, 23.2925735], [77.3497084, 23.292554], [77.3496695, 23.292528], [77.3496341, 23.2924923], [77.3497332, 23.2923752], [77.3497458, 23.292362], [77.349758, 23.2923492], [77.3497403, 23.2923297], [77.3497261, 23.2922615], [77.3497261, 23.2921997], [77.3497403, 23.2921152], [77.349758, 23.2920664], [77.3497757, 23.2920209], [77.3498005, 23.2920079], [77.3498323, 23.2920047], [77.3498642, 23.2920079], [77.3498925, 23.2919884], [77.3499526, 23.2919364], [77.3500057, 23.2918616], [77.3500199, 23.2918129], [77.3500659, 23.2917966], [77.3501473, 23.2917999], [77.3502429, 23.2917771], [77.3502676, 23.2917283], [77.3502676, 23.2916926], [77.3503136, 23.2916633], [77.3503349, 23.2916568], [77.3503667, 23.2916796], [77.3504092, 23.2917153], [77.3504269, 23.2917186], [77.3504588, 23.2916991], [77.3504764, 23.2916438], [77.3505685, 23.2915626], [77.3506605, 23.291491], [77.3507171, 23.291439], [77.3507702, 23.2913643], [77.350795, 23.291387], [77.3508268, 23.2914], [77.3508905, 23.2913805], [77.3509295, 23.2913513], [77.3509224, 23.291322], [77.3508976, 23.2912895], [77.3508941, 23.291257], [77.3509153, 23.291218], [77.3509188, 23.2911595], [77.3509011, 23.2910684], [77.3509436, 23.2910327], [77.351071, 23.2909514], [77.3511984, 23.2909059], [77.3513105, 23.2908813]]]}, "properties": {"kind": "landuse", "name": "", "osm_id": 1412678516, "tag": "quarry"}}, {"type": "Feature", "geometry": {"type": "Polygon", "coordinates": [[[77.3466734, 23.2889457], [77.3474604, 23.289455], [77.3468218, 23.29026], [77.3464416, 23.2907393], [77.3456975, 23.2902529], [77.346071, 23.2897532], [77.3461186, 23.2896895], [77.3461662, 23.2896264], [77.3465467, 23.2891219], [77.3466734, 23.2889457]]]}, "properties": {"kind": "landuse", "name": "", "osm_id": 1412678606, "tag": "construction"}}, {"type": "Feature", "geometry": {"type": "Polygon", "coordinates": [[[77.4240925, 23.2454542], [77.4240832, 23.2454274], [77.4240671, 23.245381], [77.4240487, 23.2453281], [77.4240278, 23.2452679], [77.4240093, 23.2452145], [77.4239892, 23.2451565], [77.4239684, 23.2450967], [77.4223321, 23.245576], [77.4224563, 23.2459337], [77.4240925, 23.2454542]]]}, "properties": {"kind": "landuse", "name": "", "osm_id": 1418637293, "tag": "industrial"}}, {"type": "Feature", "geometry": {"type": "Polygon", "coordinates": [[[77.4239444, 23.2458483], [77.4239266, 23.2457963], [77.4239033, 23.2457287], [77.4238872, 23.2456822], [77.4238684, 23.2456274], [77.4238533, 23.2455839], [77.4223585, 23.2460189], [77.4224495, 23.246283], [77.4239444, 23.2458483]]]}, "properties": {"kind": "landuse", "name": "", "osm_id": 1418637294, "tag": "industrial"}}, {"type": "Feature", "geometry": {"type": "Polygon", "coordinates": [[[77.4239385, 23.2464846], [77.4239202, 23.2464306], [77.4239055, 23.2463882], [77.4238664, 23.2462786], [77.4238409, 23.2461961], [77.4238102, 23.2461061], [77.4238018, 23.2460811], [77.4224694, 23.2464623], [77.422606, 23.2468656], [77.4234899, 23.2466129], [77.4238791, 23.2465016], [77.4239385, 23.2464846]]]}, "properties": {"kind": "landuse", "name": "", "osm_id": 1418637298, "tag": "industrial"}}, {"type": "Feature", "geometry": {"type": "Polygon", "coordinates": [[[77.436021, 23.2394527], [77.4357219, 23.2408726], [77.4356393, 23.2411783], [77.4353095, 23.2428005], [77.4353193, 23.2433052], [77.4353282, 23.2433692], [77.4353728, 23.2433947], [77.4354226, 23.2434021], [77.4354777, 23.2433824], [77.4356874, 23.2432325], [77.4362755, 23.2439975], [77.436898, 23.243583], [77.4378295, 23.2429996], [77.438385, 23.2426559], [77.439242, 23.2421775], [77.4388593, 23.2417216], [77.4388805, 23.2411607], [77.4388723, 23.24103], [77.4388911, 23.2408488], [77.4389486, 23.2403771], [77.4390002, 23.2400659], [77.4387834, 23.2400188], [77.4377171, 23.2397472], [77.4360286, 23.2393207], [77.436021, 23.2394527]]]}, "properties": {"kind": "landuse", "name": "Rachna Nagar", "osm_id": 1428227559, "tag": "residential"}}, {"type": "Feature", "geometry": {"type": "Polygon", "coordinates": [[[77.4690934, 23.2686122], [77.4701084, 23.2672876], [77.4716929, 23.265261], [77.4720431, 23.2658631], [77.4720331, 23.2666468], [77.4720714, 23.2669815], [77.4721396, 23.2670433], [77.4720283, 23.2671554], [77.4715861, 23.2678322], [77.471763, 23.2684785], [77.4738365, 23.2688608], [77.4739187, 23.2694696], [77.4723573, 23.2695296], [77.4719892, 23.269513], [77.4715353, 23.2694135], [77.4711561, 23.2693071], [77.4708479, 23.269223], [77.4707115, 23.2691921], [77.4705341, 23.2691252], [77.4701231, 23.2689914], [77.4692862, 23.2687151], [77.4690934, 23.2686122]]]}, "properties": {"kind": "landuse", "name": "Ahinsa Vihar Colony", "osm_id": 1436657690, "tag": "residential"}}, {"type": "Feature", "geometry": {"type": "Polygon", "coordinates": [[[77.3630674, 23.3012523], [77.3622174, 23.3011953], [77.3614228, 23.3009702], [77.3612591, 23.2998987], [77.3612472, 23.2993662], [77.3622951, 23.2989737], [77.362681, 23.2988802], [77.3630793, 23.2997723], [77.3646083, 23.29964], [77.3652231, 23.300319], [77.3652383, 23.3011042], [77.3633979, 23.3012421], [77.3630674, 23.3012523]]]}, "properties": {"kind": "landuse", "name": "Technology Park", "osm_id": 1527712071, "tag": "residential"}}, {"type": "Feature", "geometry": {"type": "Polygon", "coordinates": [[[77.4310671, 23.2144406], [77.4310046, 23.2135144], [77.4296204, 23.2137126], [77.4298119, 23.2147347], [77.4310671, 23.2144406]]]}, "properties": {"kind": "landuse", "name": "Bagheera Apartment", "osm_id": 1527955541, "tag": "residential"}}, {"type": "Feature", "geometry": {"type": "Polygon", "coordinates": [[[77.3922043, 23.2245992], [77.3918808, 23.2232103], [77.392854, 23.2228506], [77.3931963, 23.2241202], [77.3928569, 23.2242279], [77.3928521, 23.2244056], [77.3922043, 23.2245992]]]}, "properties": {"kind": "landuse", "name": "Annapurna Parisar", "osm_id": 1527955544, "tag": "residential"}}, {"type": "Feature", "geometry": {"type": "Polygon", "coordinates": [[[77.4513805, 23.2524761], [77.4530358, 23.2522275], [77.4531152, 23.2532406], [77.4523498, 23.2541349], [77.4518062, 23.2535532], [77.4517508, 23.2532436], [77.4514949, 23.2531907], [77.4513805, 23.2524761]]]}, "properties": {"kind": "landuse", "name": "ITI Staff Colony", "osm_id": 1528105667, "tag": "residential"}}, {"type": "Feature", "geometry": {"type": "Polygon", "coordinates": [[[77.411087, 23.2451892], [77.4104784, 23.2443155], [77.4091935, 23.2447429], [77.4094506, 23.2455375], [77.411087, 23.2451892]]]}, "properties": {"kind": "landuse", "name": "Police Residential Colony", "osm_id": 1528479763, "tag": "residential"}}, {"type": "Feature", "geometry": {"type": "Polygon", "coordinates": [[[77.4549749, 23.2520382], [77.4532392, 23.2520361], [77.4531338, 23.2536913], [77.4526985, 23.2543852], [77.4531497, 23.2553142], [77.4562877, 23.2551185], [77.4561764, 23.2540889], [77.4555705, 23.2531771], [77.4554552, 23.2526731], [77.4549749, 23.2520382]]]}, "properties": {"kind": "landuse", "name": "CPRI Colony", "osm_id": 1528479769, "tag": "residential"}}, {"type": "Feature", "geometry": {"type": "Polygon", "coordinates": [[[77.401915, 23.2258752], [77.4017964, 23.2271719], [77.4009659, 23.2271268], [77.4010983, 23.2258269], [77.401915, 23.2258752]]]}, "properties": {"kind": "landuse", "name": "Platinum Plaza", "osm_id": 1528762567, "tag": "residential"}}, {"type": "Feature", "geometry": {"type": "Polygon", "coordinates": [[[77.4008518, 23.2197042], [77.4005027, 23.2204557], [77.3999344, 23.2203342], [77.3996775, 23.2204947], [77.3993838, 23.2211247], [77.399406, 23.2212093], [77.3992201, 23.2215306], [77.399136, 23.2217317], [77.3990605, 23.2218216], [77.3989265, 23.2226754], [77.3987866, 23.2228006], [77.3987524, 23.2229925], [77.3994758, 23.2230212], [77.3995045, 23.2230476], [77.3997073, 23.2230465], [77.4002941, 23.2230596], [77.4003236, 23.2228117], [77.4005286, 23.2226078], [77.4013658, 23.2224968], [77.402239, 23.2224221], [77.4025491, 23.2224844], [77.4029839, 23.2226244], [77.4030769, 23.2224543], [77.4032707, 23.2220174], [77.4035283, 23.221339], [77.4035646, 23.2210533], [77.4034106, 23.220914], [77.4026654, 23.2205256], [77.4020024, 23.2201941], [77.4008518, 23.2197042]]]}, "properties": {"kind": "landuse", "name": "Riviera Towne", "osm_id": 1528829284, "tag": "residential"}}, {"type": "Feature", "geometry": {"type": "Polygon", "coordinates": [[[77.4374555, 23.2835969], [77.4363834, 23.2847763], [77.4356472, 23.285651], [77.4350341, 23.2864301], [77.4349766, 23.2873843], [77.4352563, 23.2889179], [77.4357737, 23.2891284], [77.4363384, 23.2890817], [77.4368971, 23.2890593], [77.4373103, 23.2890485], [77.4378771, 23.2883056], [77.438703, 23.2871271], [77.4399427, 23.2858601], [77.4393083, 23.2857038], [77.4380447, 23.2857735], [77.4374555, 23.2835969]]]}, "properties": {"kind": "landuse", "name": "Balaji Parisar", "osm_id": 1529001892, "tag": "residential"}}, {"type": "Feature", "geometry": {"type": "Polygon", "coordinates": [[[77.4452192, 23.2807714], [77.4449237, 23.2797647], [77.4460272, 23.279517], [77.4465199, 23.2803239], [77.4452192, 23.2807714]]]}, "properties": {"kind": "landuse", "name": "Tirupati ML High Rise", "osm_id": 1529001894, "tag": "residential"}}, {"type": "Feature", "geometry": {"type": "Polygon", "coordinates": [[[77.4169884, 23.2269664], [77.416751, 23.2263522], [77.4168473, 23.2257838], [77.4182855, 23.2260891], [77.418005, 23.2270808], [77.4169884, 23.2269664]]]}, "properties": {"kind": "landuse", "name": "Tulsi Apartments", "osm_id": 1529001897, "tag": "residential"}}, {"type": "Feature", "geometry": {"type": "Polygon", "coordinates": [[[77.3936245, 23.2768123], [77.3943575, 23.2769546], [77.3949153, 23.2778805], [77.3942445, 23.2780933], [77.3934122, 23.2780531], [77.3936245, 23.2768123]]]}, "properties": {"kind": "landuse", "name": "Bhopal Development Authority Colony", "osm_id": 1529001899, "tag": "residential"}}, {"type": "Feature", "geometry": {"type": "Polygon", "coordinates": [[[77.4630232, 23.253896], [77.4630232, 23.2540025], [77.4631133, 23.254038], [77.4630747, 23.2542765], [77.463006, 23.2542844], [77.462991, 23.2543771], [77.4630146, 23.2544362], [77.4630639, 23.2545723], [77.4631154, 23.2546866], [77.4631133, 23.2547852], [77.4628258, 23.2547714], [77.4626412, 23.2547635], [77.4623515, 23.25473], [77.4622721, 23.2547162], [77.4622271, 23.2543416], [77.4621734, 23.2543022], [77.4621563, 23.2543475], [77.4621756, 23.2544283], [77.462182, 23.2545703], [77.4622185, 23.2547517], [77.4621949, 23.255004], [77.4620404, 23.2550533], [77.461946, 23.2549784], [77.4620254, 23.2548167], [77.4621091, 23.2547359], [77.4620726, 23.254657], [77.4619159, 23.2546689], [77.4618194, 23.2546689], [77.461755, 23.2546314], [77.4617872, 23.2543101], [77.461755, 23.2540873], [77.4617743, 23.2540281], [77.4617743, 23.2539453], [77.4622035, 23.2539039], [77.4622271, 23.2539611], [77.4622421, 23.2540873], [77.4623623, 23.2541661], [77.462491, 23.2541504], [77.4625575, 23.2540774], [77.4625747, 23.2539453], [77.4625275, 23.253902], [77.4626004, 23.2538803], [77.4627743, 23.2538546], [77.4629395, 23.2538704], [77.4630232, 23.253896]]]}, "properties": {"kind": "landuse", "name": "", "osm_id": 1536084073, "tag": "residential"}}], "properties": {"source": "OpenStreetMap via Overpass", "retrieved": "2026-09-18"}}